Entity,Code,Year,Annual CO₂ emissions (per capita),Primary energy consumption per capita (kWh/person),Population (historical),World regions according to OWID,time,time
Afghanistan,AFG,1985,0.30642176,1067.0709,11426806,Asia,1985,2023
Afghanistan,AFG,1986,0.27439904,1097.0397,11420029,Asia,1986,2023
Afghanistan,AFG,1987,0.27343583,1790.467,11387776,Asia,1987,2023
Afghanistan,AFG,1988,0.24792463,3139.1848,11523244,Asia,1988,2023
Afghanistan,AFG,1989,0.23284891,3003.0044,11874030,Asia,1989,2023
Afghanistan,AFG,1990,0.16805492,2968.316,12045622,Asia,1990,2023
Afghanistan,AFG,1991,0.15641208,1293.8619,12238831,Asia,1991,2023
Afghanistan,AFG,1992,0.111609384,760.34247,13278937,Asia,1992,2023
Afghanistan,AFG,1993,0.09950683,650.20715,14943125,Asia,1993,2023
Afghanistan,AFG,1994,0.08946224,570.4033,16250755,Asia,1994,2023
Afghanistan,AFG,1995,0.08305075,452.4602,17065794,Asia,1995,2023
Afghanistan,AFG,1996,0.07713151,425.90646,17763221,Asia,1996,2023
Afghanistan,AFG,1997,0.0706779,390.01947,18452049,Asia,1997,2023
Afghanistan,AFG,1998,0.06672792,365.12076,19159955,Asia,1998,2023
Afghanistan,AFG,1999,0.054890107,350.34662,19887737,Asia,1999,2023
Afghanistan,AFG,2000,0.05201756,302.59482,20130279,Asia,2000,2023
Afghanistan,AFG,2001,0.052705813,236.89185,20284252,Asia,2001,2023
Afghanistan,AFG,2002,0.06272756,210.86215,21378081,Asia,2002,2023
Afghanistan,AFG,2003,0.06860518,229.96822,22733007,Asia,2003,2023
Afghanistan,AFG,2004,0.052513395,204.23125,23560598,Asia,2004,2023
Afghanistan,AFG,2005,0.07742447,252.06912,24404520,Asia,2005,2023
Afghanistan,AFG,2006,0.084932104,304.4209,25424050,Asia,2006,2023
Afghanistan,AFG,2007,0.10806375,354.2799,25909790,Asia,2007,2023
Afghanistan,AFG,2008,0.16065192,607.8335,26482577,Asia,2008,2023
Afghanistan,AFG,2009,0.23271954,975.04816,27466056,Asia,2009,2023
Afghanistan,AFG,2010,0.29574293,1182.892,28284036,Asia,2010,2023
Afghanistan,AFG,2011,0.40338182,1436.1143,29347668,Asia,2011,2023
Afghanistan,AFG,2012,0.32838082,1324.1211,30559988,Asia,2012,2023
Afghanistan,AFG,2013,0.2918324,1060.7926,31622662,Asia,2013,2023
Afghanistan,AFG,2014,0.27707693,868.5762,32792472,Asia,2014,2023
Afghanistan,AFG,2015,0.2858318,970.0803,33831716,Asia,2015,2023
Afghanistan,AFG,2016,0.25666383,862.79114,34700565,Asia,2016,2023
Afghanistan,AFG,2017,0.27116117,829.31195,35688889,Asia,2017,2023
Afghanistan,AFG,2018,0.28854162,924.25085,36742997,Asia,2018,2023
Afghanistan,AFG,2019,0.2859553,802.61255,37856071,Asia,2019,2023
Afghanistan,AFG,2020,0.29706287,702.888,39068933,Asia,2020,2023
Afghanistan,AFG,2021,0.25679472,676.6956,40000360,Asia,2021,2023
Africa,,1985,1.1920006,4023.185,559661317,,1985,1985
Africa,,1986,1.2000421,3990.7017,575964511,,1986,1986
Africa,,1987,1.1665303,4004.2095,592598524,,1987,1987
Africa,,1988,1.1920556,4169.531,609384898,,1988,1988
Africa,,1989,1.1169164,4063.964,626356339,,1989,1989
Africa,,1990,1.0241004,4086.7883,643772468,,1990,1990
Africa,,1991,1.0416783,3977.031,661100942,,1991,1991
Africa,,1992,0.98387396,3935.4902,678555268,,1992,1992
Africa,,1993,1.0155475,3847.7883,696618934,,1993,1993
Africa,,1994,1.1075711,3879.7673,714499876,,1994,1994
Africa,,1995,1.1543082,3937.2075,732692671,,1995,1995
Africa,,1996,1.1624287,3937.3643,751470975,,1996,1996
Africa,,1997,1.1620485,3923.2903,770381870,,1997,1997
Africa,,1998,1.1567322,3888.7034,789978931,,1998,1998
Africa,,1999,1.1124536,3911.6365,810076989,,1999,1999
Africa,,2000,1.1223339,3902.616,830579986,,2000,2000
Africa,,2001,1.0824655,3943.5332,851687592,,2001,2001
Africa,,2002,1.031915,3896.3618,873408538,,2002,2002
Africa,,2003,1.1064186,3984.036,895731600,,2003,2003
Africa,,2004,1.1397824,4171.859,918775571,,2004,2004
Africa,,2005,1.1255245,4079.6245,942543827,,2005,2005
Africa,,2006,1.1300666,4054.0193,966929552,,2006,2006
Africa,,2007,1.1274111,4102.9673,992053036,,2007,2007
Africa,,2008,1.1555102,4237.09,1018062641,,2008,2008
Africa,,2009,1.1197219,4199.224,1044774894,,2009,2009
Africa,,2010,1.1362749,4221.057,1072213852,,2010,2010
Africa,,2011,1.1445029,4149.5293,1100146103,,2011,2011
Africa,,2012,1.1256168,4207.916,1128840888,,2012,2012
Africa,,2013,1.1082705,4216.218,1158777742,,2013,2013
Africa,,2014,1.1428853,4220.6875,1189217775,,2014,2014
Africa,,2015,1.0937117,4200.331,1220072887,,2015,2015
Africa,,2016,1.1004683,4209.2603,1251205849,,2016,2016
Africa,,2017,1.0873774,4242.3955,1282899522,,2017,2017
Africa,,2018,1.0554894,4239.753,1315407108,,2018,2018
Africa,,2019,1.098846,4225.526,1348002902,,2019,2019
Africa,,2020,0.9830754,3908.335,1380818597,,2020,2020
Africa,,2021,1.0208951,4136.617,1413750475,,2021,2021
Africa,,2022,0.99125856,4079.04,1446880936,,2022,2022
Africa,,2023,0.9592574,3969.2842,1480767898,,2023,2023
Albania,ALB,1985,2.6044364,15713.386,3026198,Europe,1985,2023
Albania,ALB,1986,2.6098063,15176.156,3087615,Europe,1986,2023
Albania,ALB,1987,2.3650544,15084.123,3148799,Europe,1987,2023
Albania,ALB,1988,2.2812014,15142.1455,3212878,Europe,1988,2023
Albania,ALB,1989,2.756218,14317.034,3260326,Europe,1989,2023
Albania,ALB,1990,1.684179,10214.598,3277919,Europe,1990,2023
Albania,ALB,1991,1.3069752,8549.045,3282561,Europe,1991,2023
Albania,ALB,1992,0.7668397,7468.515,3282454,Europe,1992,2023
Albania,ALB,1993,0.7132882,6555.686,3277776,Europe,1993,2023
Albania,ALB,1994,0.5884345,6243.8374,3269363,Europe,1994,2023
Albania,ALB,1995,0.641109,6919.9175,3258518,Europe,1995,2023
Albania,ALB,1996,0.6216071,7645.6396,3245632,Europe,1996,2023
Albania,ALB,1997,0.47776946,7020.859,3229610,Europe,1997,2023
Albania,ALB,1998,0.54662454,7602.231,3210081,Europe,1998,2023
Albania,ALB,1999,0.93653786,6892.834,3188548,Europe,1999,2023
Albania,ALB,2000,0.9554095,9029.4375,3166104,Europe,2000,2023
Albania,ALB,2001,1.0231152,8635.532,3147892,Europe,2001,2023
Albania,ALB,2002,1.1959839,9443.555,3134049,Europe,2002,2023
Albania,ALB,2003,1.3801945,10756.612,3118038,Europe,2003,2023
Albania,ALB,2004,1.3479205,11586.951,3098613,Europe,2004,2023
Albania,ALB,2005,1.3853261,11545.616,3076108,Europe,2005,2023
Albania,ALB,2006,1.2818848,10976.728,3050754,Europe,2006,2023
Albania,ALB,2007,1.3063761,9534.874,3022843,Europe,2007,2023
Albania,ALB,2008,1.4691683,10499.328,2992879,Europe,2008,2023
Albania,ALB,2009,1.4879781,11524.428,2961436,Europe,2009,2023
Albania,ALB,2010,1.6334537,12377.504,2928681,Europe,2010,2023
Albania,ALB,2011,1.8254421,10854.649,2911446,Europe,2011,2023
Albania,ALB,2012,1.6667176,10652.809,2909947,Europe,2012,2023
Albania,ALB,2013,1.8185531,13392.774,2907512,Europe,2013,2023
Albania,ALB,2014,2.0662165,11809.461,2903689,Europe,2014,2023
Albania,ALB,2015,1.6256682,11824.314,2898589,Europe,2015,2023
Albania,ALB,2016,1.5984385,13823.748,2897815,Europe,2016,2023
Albania,ALB,2017,1.8263237,12802.36,2898198,Europe,2017,2023
Albania,ALB,2018,1.6913085,14609.701,2894181,Europe,2018,2023
Albania,ALB,2019,1.6731355,11585.555,2884969,Europe,2019,2023
Albania,ALB,2020,1.640428,11158.003,2871900,Europe,2020,2023
Albania,ALB,2021,1.8017042,14100.432,2849591,Europe,2021,2023
Algeria,DZA,1985,3.2991388,11850.976,22008492,Africa,1985,2023
Algeria,DZA,1986,3.3448615,12126.727,22745453,Africa,1986,2023
Algeria,DZA,1987,3.578101,12090.516,23443581,Africa,1987,2023
Algeria,DZA,1988,3.471996,12598.338,24109485,Africa,1988,2023
Algeria,DZA,1989,3.223998,11935.4795,24754440,Africa,1989,2023
Algeria,DZA,1990,3.0240524,12343.162,25375759,Africa,1990,2023
Algeria,DZA,1991,3.0324442,11942.152,25987891,Africa,1991,2023
Algeria,DZA,1992,2.9999158,11971.857,26628518,Africa,1992,2023
Algeria,DZA,1993,3.004142,10893.888,27276996,Africa,1993,2023
Algeria,DZA,1994,3.1773827,10807.21,27887227,Africa,1994,2023
Algeria,DZA,1995,3.3992414,10996.017,28470152,Africa,1995,2023
Algeria,DZA,1996,3.4457152,10692.724,29032996,Africa,1996,2023
Algeria,DZA,1997,2.9875476,10105.152,29579249,Africa,1997,2023
Algeria,DZA,1998,3.5448265,10304.176,30054098,Africa,1998,2023
Algeria,DZA,1999,3.0008588,10262.746,30474312,Africa,1999,2023
Algeria,DZA,2000,2.7633646,9746.524,30903850,Africa,2000,2023
Algeria,DZA,2001,2.7716565,9961.64,31331173,Africa,2001,2023
Algeria,DZA,2002,2.856382,10180.35,31750790,Africa,2002,2023
Algeria,DZA,2003,2.939499,10510.461,32175762,Africa,2003,2023
Algeria,DZA,2004,2.8108854,10759.022,32628233,Africa,2004,2023
Algeria,DZA,2005,3.3523152,11113.723,33109211,Africa,2005,2023
Algeria,DZA,2006,3.149473,11341.98,33623459,Africa,2006,2023
Algeria,DZA,2007,3.2141402,11759.701,34189375,Africa,2007,2023
Algeria,DZA,2008,3.1906164,12252.297,34816912,Africa,2008,2023
Algeria,DZA,2009,3.3489714,12753.12,35490399,Africa,2009,2023
Algeria,DZA,2010,3.2704937,12243.156,36188192,Africa,2010,2023
Algeria,DZA,2011,3.389791,12710.541,36903328,Africa,2011,2023
Algeria,DZA,2012,3.603938,13624.909,37646120,Africa,2012,2023
Algeria,DZA,2013,3.664963,14130.735,38414134,Africa,2013,2023
Algeria,DZA,2014,3.8587632,15108.635,39204992,Africa,2014,2023
Algeria,DZA,2015,4.000239,15616.312,40019473,Africa,2015,2023
Algeria,DZA,2016,3.8795354,15295.143,40850673,Africa,2016,2023
Algeria,DZA,2017,3.9620245,15164,41689261,Africa,2017,2023
Algeria,DZA,2018,4.0631776,15971.084,42504975,Africa,2018,2023
Algeria,DZA,2019,4.1554136,16259.053,43294503,Africa,2019,2023
Algeria,DZA,2020,3.8185754,14933.807,44042041,Africa,2020,2023
Algeria,DZA,2021,4.012335,16017.653,44761051,Africa,2021,2023
Algeria,DZA,2022,4.058243,16350.52,45477339,Africa,2022,2023
Algeria,DZA,2023,3.8586802,15458.39,46164169,Africa,2023,2023
Angola,AGO,1985,0.4781752,2168.2563,9779081,Africa,1985,2023
Angola,AGO,1986,0.4570126,2066.3948,10139414,Africa,1986,2023
Angola,AGO,1987,0.5511651,2059.0903,10497814,Africa,1987,2023
Angola,AGO,1988,0.46489167,2053.4426,10861253,Africa,1988,2023
Angola,AGO,1989,0.43802524,1921.0167,11238508,Africa,1989,2023
Angola,AGO,1990,0.43778852,1972.4146,11626308,Africa,1990,2023
Angola,AGO,1991,0.42118028,1999.7367,12023483,Africa,1991,2023
Angola,AGO,1992,0.4156943,1964.2823,12423671,Africa,1992,2023
Angola,AGO,1993,0.44814467,1868.4213,12827083,Africa,1993,2023
Angola,AGO,1994,0.85686773,1765.6033,13249709,Africa,1994,2023
Angola,AGO,1995,0.920941,1832.5981,13699738,Africa,1995,2023
Angola,AGO,1996,1.0760739,1703.6484,14170920,Africa,1996,2023
Angola,AGO,1997,1.0834817,1850.8456,14660376,Africa,1997,2023
Angola,AGO,1998,1.0893161,1612.08,15159322,Africa,1998,2023
Angola,AGO,1999,1.1017474,1742.2544,15667183,Africa,1999,2023
Angola,AGO,2000,0.9876686,1979.2562,16194813,Africa,2000,2023
Angola,AGO,2001,0.94992006,2079.732,16747158,Africa,2001,2023
Angola,AGO,2002,0.9279965,2143.528,17327653,Africa,2002,2023
Angola,AGO,2003,0.97440666,2298.9023,17943666,Africa,2003,2023
Angola,AGO,2004,0.9148033,2454.67,18600378,Africa,2004,2023
Angola,AGO,2005,0.7976115,2016.8517,19291121,Africa,2005,2023
Angola,AGO,2006,0.85658926,2453.2468,20015238,Africa,2006,2023
Angola,AGO,2007,0.846448,2719.0603,20778519,Africa,2007,2023
Angola,AGO,2008,0.86892325,3072.024,21578610,Africa,2008,2023
Angola,AGO,2009,0.92208767,3368.8357,22414715,Africa,2009,2023
Angola,AGO,2010,0.9866296,3560.0942,23294781,Africa,2010,2023
Angola,AGO,2011,0.9660887,3594.49,24218306,Africa,2011,2023
Angola,AGO,2012,1.0303292,3615.5242,25177351,Africa,2012,2023
Angola,AGO,2013,0.98257923,3897.9126,26165566,Africa,2013,2023
Angola,AGO,2014,0.96059424,4135.0474,27160719,Africa,2014,2023
Angola,AGO,2015,0.9768872,4159.5776,28157754,Africa,2015,2023
Angola,AGO,2016,0.8726181,3661.5513,29183023,Africa,2016,2023
Angola,AGO,2017,0.78040284,3370.8962,30234791,Africa,2017,2023
Angola,AGO,2018,0.74464995,3366.3933,31297103,Africa,2018,2023
Angola,AGO,2019,0.68097985,3667.4238,32375581,Africa,2019,2023
Angola,AGO,2020,0.49424374,3527.16,33451100,Africa,2020,2023
Angola,AGO,2021,0.55587184,2791.3318,34532382,Africa,2021,2023
Antigua and Barbuda,ATG,1985,3.8592916,20486.762,64559,North America,1985,2023
Antigua and Barbuda,ATG,1986,3.8780332,20936.727,64247,North America,1986,2023
Antigua and Barbuda,ATG,1987,4.299191,26204.977,63919,North America,1987,2023
Antigua and Barbuda,ATG,1988,4.494433,26427.367,63588,North America,1988,2023
Antigua and Barbuda,ATG,1989,4.515595,26499.725,63290,North America,1989,2023
Antigua and Barbuda,ATG,1990,3.8365276,27613.479,63032,North America,1990,2023
Antigua and Barbuda,ATG,1991,3.9326336,27384.174,63355,North America,1991,2023
Antigua and Barbuda,ATG,1992,3.8704426,27023.164,64373,North America,1992,2023
Antigua and Barbuda,ATG,1993,3.913037,26470.938,65545,North America,1993,2023
Antigua and Barbuda,ATG,1994,4.0034723,27813.684,66810,North America,1994,2023
Antigua and Barbuda,ATG,1995,3.9774675,29078.92,68168,North America,1995,2023
Antigua and Barbuda,ATG,1996,4.159568,28572.307,69588,North America,1996,2023
Antigua and Barbuda,ATG,1997,4.3845644,28780.83,71031,North America,1997,2023
Antigua and Barbuda,ATG,1998,4.45465,28243.19,72381,North America,1998,2023
Antigua and Barbuda,ATG,1999,4.6774044,27767.398,73634,North America,1999,2023
Antigua and Barbuda,ATG,2000,4.746304,28457.223,74881,North America,2000,2023
Antigua and Barbuda,ATG,2001,4.86715,28025.29,76033,North America,2001,2023
Antigua and Barbuda,ATG,2002,5.281733,29660.344,77002,North America,2002,2023
Antigua and Barbuda,ATG,2003,5.506943,30824.252,77845,North America,2003,2023
Antigua and Barbuda,ATG,2004,5.728129,31622.059,78677,North America,2004,2023
Antigua and Barbuda,ATG,2005,6.031541,31734.295,79579,North America,2005,2023
Antigua and Barbuda,ATG,2006,6.4124317,32290.607,80566,North America,2006,2023
Antigua and Barbuda,ATG,2007,6.5493455,33375.836,81679,North America,2007,2023
Antigua and Barbuda,ATG,2008,6.4986486,33637.074,82880,North America,2008,2023
Antigua and Barbuda,ATG,2009,6.6192207,34709.18,84138,North America,2009,2023
Antigua and Barbuda,ATG,2010,6.4441996,33104.54,85286,North America,2010,2023
Antigua and Barbuda,ATG,2011,6.3263187,32616.084,86296,North America,2011,2023
Antigua and Barbuda,ATG,2012,6.384739,33159.37,87228,North America,2012,2023
Antigua and Barbuda,ATG,2013,6.327433,32853.875,88018,North America,2013,2023
Antigua and Barbuda,ATG,2014,6.400541,33313,88730,North America,2014,2023
Antigua and Barbuda,ATG,2015,6.5189166,33830.76,89367,North America,2015,2023
Antigua and Barbuda,ATG,2016,6.6411505,34089.41,89929,North America,2016,2023
Antigua and Barbuda,ATG,2017,6.6850224,32233.041,90435,North America,2017,2023
Antigua and Barbuda,ATG,2018,6.7725687,33026.227,90889,North America,2018,2023
Antigua and Barbuda,ATG,2019,7.020848,33027.516,91328,North America,2019,2023
Antigua and Barbuda,ATG,2020,6.74395,27785.227,91818,North America,2020,2023
Antigua and Barbuda,ATG,2021,6.9060183,29464.332,92316,North America,2021,2023
Argentina,ARG,1985,3.3138804,15901.774,30336405,South America,1985,2023
Argentina,ARG,1986,3.3801858,16549.99,30811934,South America,1986,2023
Argentina,ARG,1987,3.671171,17037.08,31291711,South America,1987,2023
Argentina,ARG,1988,3.820104,17062.936,31780481,South America,1988,2023
Argentina,ARG,1989,3.6261888,16211.047,32270914,South America,1989,2023
Argentina,ARG,1990,3.4237754,15718.703,32755859,South America,1990,2023
Argentina,ARG,1991,3.5436058,15747.927,33230247,South America,1991,2023
Argentina,ARG,1992,3.6070678,16661.842,33693487,South America,1992,2023
Argentina,ARG,1993,3.4551055,16981.766,34152666,South America,1993,2023
Argentina,ARG,1994,3.4226422,17651.035,34613440,South America,1994,2023
Argentina,ARG,1995,3.5721915,17977.29,35069968,South America,1995,2023
Argentina,ARG,1996,3.6929224,18568.533,35513745,South America,1996,2023
Argentina,ARG,1997,3.798655,18560.299,35947739,South America,1997,2023
Argentina,ARG,1998,3.8303359,18999.846,36372814,South America,1998,2023
Argentina,ARG,1999,4.030584,18990.684,36794636,South America,1999,2023
Argentina,ARG,2000,3.8552415,18849.81,37213933,South America,2000,2023
Argentina,ARG,2001,3.5916998,18210.12,37624762,South America,2001,2023
Argentina,ARG,2002,3.2851255,17275.256,38029300,South America,2002,2023
Argentina,ARG,2003,3.499908,18326.521,38424224,South America,2003,2023
Argentina,ARG,2004,4.046011,19261.457,38815865,South America,2004,2023
Argentina,ARG,2005,4.1203976,20232.844,39216734,South America,2005,2023
Argentina,ARG,2006,4.39929,21038.723,39622060,South America,2006,2023
Argentina,ARG,2007,4.3377132,21708.37,40016709,South America,2007,2023
Argentina,ARG,2008,4.634423,21780.38,40424101,South America,2008,2023
Argentina,ARG,2009,4.361317,20954.273,40854783,South America,2009,2023
Argentina,ARG,2010,4.5035615,21507.703,41288642,South America,2010,2023
Argentina,ARG,2011,4.5476246,21894.867,41730610,South America,2011,2023
Argentina,ARG,2012,4.53876,22494.715,42161676,South America,2012,2023
Argentina,ARG,2013,4.451081,23152.588,42582408,South America,2013,2023
Argentina,ARG,2014,4.3788686,22881.006,43024021,South America,2014,2023
Argentina,ARG,2015,4.41024,23046.873,43476961,South America,2015,2023
Argentina,ARG,2016,4.32618,22726.455,43900264,South America,2016,2023
Argentina,ARG,2017,4.219999,22503.818,44288844,South America,2017,2023
Argentina,ARG,2018,4.0443406,22163.16,44654822,South America,2018,2023
Argentina,ARG,2019,3.969191,20725.168,44973412,South America,2019,2023
Argentina,ARG,2020,3.65377,19314.059,45191917,South America,2020,2023
Argentina,ARG,2021,4.217578,21168.963,45312226,South America,2021,2023
Argentina,ARG,2022,4.4943905,22618.625,45407866,South America,2022,2023
Argentina,ARG,2023,4.2998033,22277.793,45538356,South America,2023,2023
Armenia,ARM,1992,1.6024567,16157.746,3571827,Asia,1992,2023
Armenia,ARM,1993,0.7269142,12714.077,3453292,Asia,1993,2023
Armenia,ARM,1994,0.7979322,11647.73,3364574,Asia,1994,2023
Armenia,ARM,1995,1.0166768,11600.216,3307535,Asia,1995,2023
Armenia,ARM,1996,0.76259595,14956.918,3278685,Asia,1996,2023
Armenia,ARM,1997,1.0020076,12710.774,3246244,Asia,1997,2023
Armenia,ARM,1998,1.0656891,13636.756,3208341,Asia,1998,2023
Armenia,ARM,1999,0.95989335,8518.906,3167231,Asia,1999,2023
Armenia,ARM,2000,1.1170479,9270.454,3125566,Asia,2000,2023
Armenia,ARM,2001,1.1453818,9219.866,3084300,Asia,2001,2023
Armenia,ARM,2002,1.0069385,8911.608,3055592,Asia,2002,2023
Armenia,ARM,2003,1.1370969,9866.072,3038932,Asia,2003,2023
Armenia,ARM,2004,1.2212437,10294.192,3022490,Asia,2004,2023
Armenia,ARM,2005,1.4556637,11997.367,3006305,Asia,2005,2023
Armenia,ARM,2006,1.4719477,12061.231,2990317,Asia,2006,2023
Armenia,ARM,2007,1.7144848,13633.888,2974777,Asia,2007,2023
Armenia,ARM,2008,1.8834113,13250.285,2959943,Asia,2008,2023
Armenia,ARM,2009,1.4813764,11915.396,2945458,Asia,2009,2023
Armenia,ARM,2010,1.450935,13351.512,2931041,Asia,2010,2023
Armenia,ARM,2011,1.6997997,14139.787,2923214,Asia,2011,2023
Armenia,ARM,2012,1.966913,15057.879,2922474,Asia,2012,2023
Armenia,ARM,2013,1.8939363,14838.981,2922487,Asia,2013,2023
Armenia,ARM,2014,1.9176472,15185.13,2922390,Asia,2014,2023
Armenia,ARM,2015,1.8723351,14124.947,2921124,Asia,2015,2023
Armenia,ARM,2016,1.7826151,14289.046,2918753,Asia,2016,2023
Armenia,ARM,2017,1.9006206,15302.439,2914918,Asia,2017,2023
Armenia,ARM,2018,2.0008378,15133.982,2909917,Asia,2018,2023
Armenia,ARM,2019,2.164008,16179.096,2903922,Asia,2019,2023
Armenia,ARM,2020,2.3506444,17086.047,2890849,Asia,2020,2023
Armenia,ARM,2021,2.5840976,17684.547,2870293,Asia,2021,2023
Aruba,ABW,1986,2.8230262,6598.8335,63597,North America,1986,2023
Aruba,ABW,1987,7.0541596,6609.7866,63368,North America,1987,2023
Aruba,ABW,1988,9.685451,25365.943,63176,North America,1988,2023
Aruba,ABW,1989,10.234637,33583.184,63366,North America,1989,2023
Aruba,ABW,1990,7.5657816,34868.008,64410,North America,1990,2023
Aruba,ABW,1991,7.986531,36834.355,66522,North America,1991,2023
Aruba,ABW,1992,7.8238287,39116.55,68842,North America,1992,2023
Aruba,ABW,1993,9.128411,38555.004,71045,North America,1993,2023
Aruba,ABW,1994,8.98186,40968.72,73428,North America,1994,2023
Aruba,ABW,1995,9.319346,44960.535,75880,North America,1995,2023
Aruba,ABW,1996,9.248161,28751.375,78445,North America,1996,2023
Aruba,ABW,1997,9.355124,45111.688,81073,North America,1997,2023
Aruba,ABW,1998,9.62679,43778.63,83733,North America,1998,2023
Aruba,ABW,1999,9.367808,42512.855,86439,North America,1999,2023
Aruba,ABW,2000,26.799986,49568.207,88729,North America,2000,2023
Aruba,ABW,2001,26.665426,50392.613,90276,North America,2001,2023
Aruba,ABW,2002,26.673382,51469.32,91348,North America,2002,2023
Aruba,ABW,2003,27.753666,56750.387,92281,North America,2003,2023
Aruba,ABW,2004,28.077833,58649.285,93173,North America,2004,2023
Aruba,ABW,2005,28.86142,62704.926,94198,North America,2005,2023
Aruba,ABW,2006,28.472801,61848.48,95355,North America,2006,2023
Aruba,ABW,2007,29.220015,62959.137,96553,North America,2007,2023
Aruba,ABW,2008,27.169333,58413.715,97772,North America,2008,2023
Aruba,ABW,2009,26.538923,57522.297,98990,North America,2009,2023
Aruba,ABW,2010,25.041225,53389.605,100082,North America,2010,2023
Aruba,ABW,2011,24.753323,42076.207,100950,North America,2011,2023
Aruba,ABW,2012,13.255916,52292.04,101717,North America,2012,2023
Aruba,ABW,2013,8.398506,50264.645,102523,North America,2013,2023
Aruba,ABW,2014,8.438394,50628.816,103341,North America,2014,2023
Aruba,ABW,2015,8.618858,51778.613,104153,North America,2015,2023
Aruba,ABW,2016,8.414,50017.652,104947,North America,2016,2023
Aruba,ABW,2017,8.424184,51509.81,105690,North America,2017,2023
Aruba,ABW,2018,8.195481,49515.113,106404,North America,2018,2023
Aruba,ABW,2019,7.735446,51107.844,107048,North America,2019,2023
Aruba,ABW,2020,7.6447096,43496.94,107360,North America,2020,2023
Aruba,ABW,2021,7.9738107,46090.324,107524,North America,2021,2023
Asia,,1985,1.8133175,6884.742,2906230245,,1985,1985
Asia,,1986,1.85344,7027.5,2964895798,,1986,1986
Asia,,1987,1.8939921,7314.745,3025639326,,1987,1987
Asia,,1988,2.0053086,7658.7246,3086640461,,1988,1988
Asia,,1989,2.0350626,7859.5938,3147691342,,1989,1989
Asia,,1990,2.0517666,7996.1274,3209092004,,1990,1990
Asia,,1991,2.2523487,8174.055,3268205168,,1991,1991
Asia,,1992,2.1685016,8397.544,3324809895,,1992,1992
Asia,,1993,2.2310138,8614.821,3380037536,,1993,1993
Asia,,1994,2.2995043,8918.158,3433677775,,1994,1994
Asia,,1995,2.370519,9145.206,3486815483,,1995,1995
Asia,,1996,2.4308996,9410.756,3539847378,,1996,1996
Asia,,1997,2.4282768,9549.788,3592365502,,1997,1997
Asia,,1998,2.3271873,9435.3955,3644339290,,1998,1998
Asia,,1999,2.4276426,9604.105,3695618072,,1999,1999
Asia,,2000,2.4919295,9869.218,3746830370,,2000,2000
Asia,,2001,2.507038,10069.09,3797951672,,2001,2001
Asia,,2002,2.6097386,10425.784,3847357208,,2002,2002
Asia,,2003,2.8354273,11100.21,3895797033,,2003,2003
Asia,,2004,2.9661937,12032.002,3944375963,,2004,2004
Asia,,2005,3.1437452,12800.296,3992888145,,2005,2005
Asia,,2006,3.316451,13374.49,4041768964,,2006,2006
Asia,,2007,3.4557939,14019.443,4090561916,,2007,2007
Asia,,2008,3.5896242,14313.37,4139265006,,2008,2008
Asia,,2009,3.6750493,14453.721,4188826983,,2009,2009
Asia,,2010,3.9055123,15216.922,4238692440,,2010,2010
Asia,,2011,4.1478496,15809.137,4288347510,,2011,2011
Asia,,2012,4.2539334,16176.462,4338441067,,2012,2012
Asia,,2013,4.2600403,16412.87,4387754932,,2013,2013
Asia,,2014,4.2698703,16686.832,4435742151,,2014,2014
Asia,,2015,4.2496924,16821.53,4482085971,,2015,2015
Asia,,2016,4.2394433,16899.965,4527175741,,2016,2016
Asia,,2017,4.3177776,17389.35,4571222239,,2017,2017
Asia,,2018,4.408929,17861.273,4612350382,,2018,2018
Asia,,2019,4.4912305,18234.492,4651096247,,2019,2019
Asia,,2020,4.402751,18019.92,4686808823,,2020,2020
Asia,,2021,4.587749,18822.35,4716996761,,2021,2021
Asia,,2022,4.596345,19219.635,4746327240,,2022,2022
Asia,,2023,4.7313886,19917.422,4776657166,,2023,2023
Australia,AUS,1985,14.180364,56778.85,15835693,Oceania,1985,2023
Australia,AUS,1986,13.941887,56981.902,16069581,Oceania,1986,2023
Australia,AUS,1987,14.373031,57661.83,16322225,Oceania,1987,2023
Australia,AUS,1988,14.507429,59380.375,16594053,Oceania,1988,2023
Australia,AUS,1989,15.225086,61304.89,16869306,Oceania,1989,2023
Australia,AUS,1990,16.241764,61654.105,17126249,Oceania,1990,2023
Australia,AUS,1991,16.10857,60444.344,17353139,Oceania,1991,2023
Australia,AUS,1992,16.213186,60725.57,17549234,Oceania,1992,2023
Australia,AUS,1993,16.299492,61505.934,17722869,Oceania,1993,2023
Australia,AUS,1994,16.410282,63213.67,17897388,Oceania,1994,2023
Australia,AUS,1995,16.858295,64117.02,18095295,Oceania,1995,2023
Australia,AUS,1996,17.04104,65239.766,18305265,Oceania,1996,2023
Australia,AUS,1997,17.310747,66120.11,18504864,Oceania,1997,2023
Australia,AUS,1998,17.86664,67001.016,18701660,Oceania,1998,2023
Australia,AUS,1999,18.189354,69004.56,18909934,Oceania,1999,2023
Australia,AUS,2000,18.293966,68632.96,19132426,Oceania,2000,2023
Australia,AUS,2001,18.475426,68338.28,19365383,Oceania,2001,2023
Australia,AUS,2002,18.501194,68892.78,19595306,Oceania,2002,2023
Australia,AUS,2003,18.649893,69082.79,19819398,Oceania,2003,2023
Australia,AUS,2004,19.113388,70486.32,20046631,Oceania,2004,2023
Australia,AUS,2005,19.02867,69917.164,20294430,Oceania,2005,2023
Australia,AUS,2006,19.055374,71863.76,20590515,Oceania,2006,2023
Australia,AUS,2007,19.063927,72304.695,20954497,Oceania,2007,2023
Australia,AUS,2008,18.943853,72089.34,21370545,Oceania,2008,2023
Australia,AUS,2009,18.688644,69689.84,21782958,Oceania,2009,2023
Australia,AUS,2010,18.297338,68523.875,22141527,Oceania,2010,2023
Australia,AUS,2011,17.965439,69714.19,22479723,Oceania,2011,2023
Australia,AUS,2012,17.77464,67583.03,22852597,Oceania,2012,2023
Australia,AUS,2013,17.17437,67307.04,23236224,Oceania,2013,2023
Australia,AUS,2014,16.644192,66744.195,23595552,Oceania,2014,2023
Australia,AUS,2015,16.76538,67223.11,23947955,Oceania,2015,2023
Australia,AUS,2016,16.867634,66396.19,24329914,Oceania,2016,2023
Australia,AUS,2017,16.732754,65133.145,24730998,Oceania,2017,2023
Australia,AUS,2018,16.544464,65053.54,25119651,Oceania,2018,2023
Australia,AUS,2019,16.315792,66247.3,25482660,Oceania,2019,2023
Australia,AUS,2020,15.506062,61750.023,25743732,Oceania,2020,2023
Australia,AUS,2021,14.987446,61304.32,25956358,Oceania,2021,2023
Australia,AUS,2022,14.66979,63452.266,26200929,Oceania,2022,2023
Australia,AUS,2023,14.478505,63256.88,26451074,Oceania,2023,2023
Austria,AUT,1985,7.187259,41761.547,7564263,Europe,1985,2023
Austria,AUT,1986,7.098163,41816.344,7569357,Europe,1986,2023
Austria,AUT,1987,7.574843,44110.18,7574271,Europe,1987,2023
Austria,AUT,1988,6.9789314,43399.54,7585290,Europe,1988,2023
Austria,AUT,1989,7.046423,43438.27,7620361,Europe,1989,2023
Austria,AUT,1990,8.097303,43473.848,7679582,Europe,1990,2023
Austria,AUT,1991,8.480295,45051.105,7757088,Europe,1991,2023
Austria,AUT,1992,7.686531,43974.008,7842667,Europe,1992,2023
Austria,AUT,1993,7.6774416,44583.27,7907434,Europe,1993,2023
Austria,AUT,1994,7.694959,44031.754,7938100,Europe,1994,2023
Austria,AUT,1995,8.057677,46262.477,7950275,Europe,1995,2023
Austria,AUT,1996,8.467072,47209.656,7960868,Europe,1996,2023
Austria,AUT,1997,8.44466,47767.598,7969749,Europe,1997,2023
Austria,AUT,1998,8.3897295,48803.195,7978413,Europe,1998,2023
Austria,AUT,1999,8.214791,49153.414,7993849,Europe,1999,2023
Austria,AUT,2000,8.258849,49332.055,8012872,Europe,2000,2023
Austria,AUT,2001,8.724688,50573.637,8042189,Europe,2001,2023
Austria,AUT,2002,8.905346,50356.29,8081595,Europe,2002,2023
Austria,AUT,2003,9.528542,50209.152,8122551,Europe,2003,2023
Austria,AUT,2004,9.505598,51700.69,8173453,Europe,2004,2023
Austria,AUT,2005,9.611182,52430.82,8229148,Europe,2005,2023
Austria,AUT,2006,9.288154,51509.01,8269852,Europe,2006,2023
Austria,AUT,2007,8.932517,50642.53,8296906,Europe,2007,2023
Austria,AUT,2008,8.829531,51021.918,8323196,Europe,2008,2023
Austria,AUT,2009,8.065482,49116.08,8345019,Europe,2009,2023
Austria,AUT,2010,8.608234,50408.58,8365050,Europe,2010,2023
Austria,AUT,2011,8.328318,47176.66,8393226,Europe,2011,2023
Austria,AUT,2012,7.9788947,49160.137,8431540,Europe,2012,2023
Austria,AUT,2013,7.990079,48452.184,8481365,Europe,2013,2023
Austria,AUT,2014,7.5067415,46207.137,8547760,Europe,2014,2023
Austria,AUT,2015,7.6767244,45864.832,8643981,Europe,2015,2023
Austria,AUT,2016,7.6926365,46889.66,8737874,Europe,2016,2023
Austria,AUT,2017,7.910056,47464.48,8798734,Europe,2017,2023
Austria,AUT,2018,7.528234,46196.625,8841608,Europe,2018,2023
Austria,AUT,2019,7.650861,48194.07,8880830,Europe,2019,2023
Austria,AUT,2020,6.9693084,44920.742,8921362,Europe,2020,2023
Austria,AUT,2021,7.333269,45508.77,8967006,Europe,2021,2023
Austria,AUT,2022,6.783409,42481.58,9064633,Europe,2022,2023
Austria,AUT,2023,6.415725,42952.613,9130386,Europe,2023,2023
Azerbaijan,AZE,1985,7.5320907,34094.56,6799771,Asia,1985,2023
Azerbaijan,AZE,1986,7.7400107,36072.14,6891297,Asia,1986,2023
Azerbaijan,AZE,1987,7.245911,34352.094,6977603,Asia,1987,2023
Azerbaijan,AZE,1988,7.282229,33769.35,7081352,Asia,1988,2023
Azerbaijan,AZE,1989,7.193513,34025.863,7167525,Asia,1989,2023
Azerbaijan,AZE,1990,7.0969553,35077.656,7231035,Asia,1990,2023
Azerbaijan,AZE,1991,6.8423724,33210.72,7314263,Asia,1991,2023
Azerbaijan,AZE,1992,7.5852575,28049.744,7405734,Asia,1992,2023
Azerbaijan,AZE,1993,6.4506516,24028.104,7504063,Asia,1993,2023
Azerbaijan,AZE,1994,5.5126452,21844.428,7608844,Asia,1994,2023
Azerbaijan,AZE,1995,4.3151097,20362.68,7719236,Asia,1995,2023
Azerbaijan,AZE,1996,3.989601,16573.02,7830936,Asia,1996,2023
Azerbaijan,AZE,1997,3.760362,15769.196,7936177,Asia,1997,2023
Azerbaijan,AZE,1998,3.9603546,15749.731,8025764,Asia,1998,2023
Azerbaijan,AZE,1999,3.5580401,15596.4,8100413,Asia,1999,2023
Azerbaijan,AZE,2000,3.641134,16123.289,8174736,Asia,2000,2023
Azerbaijan,AZE,2001,3.4435794,15361.87,8251722,Asia,2001,2023
Azerbaijan,AZE,2002,3.4314227,15003.191,8326090,Asia,2002,2023
Azerbaijan,AZE,2003,3.6292644,16075.374,8400486,Asia,2003,2023
Azerbaijan,AZE,2004,3.7990203,17986.783,8489831,Asia,2004,2023
Azerbaijan,AZE,2005,3.977288,19273.648,8597205,Asia,2005,2023
Azerbaijan,AZE,2006,3.9628658,18724.746,8711329,Asia,2006,2023
Azerbaijan,AZE,2007,3.4023411,17015.564,8828270,Asia,2007,2023
Azerbaijan,AZE,2008,3.6942854,16796.51,8942598,Asia,2008,2023
Azerbaijan,AZE,2009,3.2170706,14273.418,9046297,Asia,2009,2023
Azerbaijan,AZE,2010,3.0118763,13904.573,9146807,Asia,2010,2023
Azerbaijan,AZE,2011,3.263773,15572.064,9256100,Asia,2011,2023
Azerbaijan,AZE,2012,3.4954014,15823.058,9376131,Asia,2012,2023
Azerbaijan,AZE,2013,3.5305033,16039.534,9504374,Asia,2013,2023
Azerbaijan,AZE,2014,3.566412,16140.756,9631088,Asia,2014,2023
Azerbaijan,AZE,2015,3.5561998,17420.43,9752813,Asia,2015,2023
Azerbaijan,AZE,2016,3.519045,17059.744,9868395,Asia,2016,2023
Azerbaijan,AZE,2017,3.4808419,16576.758,9968463,Asia,2017,2023
Azerbaijan,AZE,2018,3.4431703,17352.01,10039730,Asia,2018,2023
Azerbaijan,AZE,2019,3.7333274,18166.22,10110446,Asia,2019,2023
Azerbaijan,AZE,2020,3.5586586,17980.494,10181688,Asia,2020,2023
Azerbaijan,AZE,2021,3.7416196,19155.395,10234332,Asia,2021,2023
Azerbaijan,AZE,2022,3.9233098,20301.668,10295256,Asia,2022,2023
Azerbaijan,AZE,2023,4.2582173,21881.906,10318161,Asia,2023,2023
Bahamas,BHS,1985,5.9639373,38396.613,253116,North America,1985,2023
Bahamas,BHS,1986,5.478405,37902.086,257491,North America,1986,2023
Bahamas,BHS,1987,5.4281273,41496.19,261901,North America,1987,2023
Bahamas,BHS,1988,5.7764897,37907.95,266404,North America,1988,2023
Bahamas,BHS,1989,7.17557,42524.87,271140,North America,1989,2023
Bahamas,BHS,1990,7.33039,44375.27,275910,North America,1990,2023
Bahamas,BHS,1991,7.113904,38593.03,280701,North America,1991,2023
Bahamas,BHS,1992,6.5365176,31967.479,285877,North America,1992,2023
Bahamas,BHS,1993,5.9870515,33030.215,291306,North America,1993,2023
Bahamas,BHS,1994,5.969339,35966.133,296467,North America,1994,2023
Bahamas,BHS,1995,6.1021285,42184.473,301424,North America,1995,2023
Bahamas,BHS,1996,5.922472,46717.66,306237,North America,1996,2023
Bahamas,BHS,1997,5.174309,44765.137,310862,North America,1997,2023
Bahamas,BHS,1998,6.3094683,49993.695,315328,North America,1998,2023
Bahamas,BHS,1999,6.363221,43303.824,319574,North America,1999,2023
Bahamas,BHS,2000,6.2574644,50650.19,323804,North America,2000,2023
Bahamas,BHS,2001,5.9353137,50899.527,327798,North America,2001,2023
Bahamas,BHS,2002,6.1439614,52098.81,331575,North America,2002,2023
Bahamas,BHS,2003,6.1690297,35908.117,335573,North America,2003,2023
Bahamas,BHS,2004,6.028604,39267.47,339743,North America,2004,2023
Bahamas,BHS,2005,5.540908,37244.637,343857,North America,2005,2023
Bahamas,BHS,2006,5.3224473,42663.53,348333,North America,2006,2023
Bahamas,BHS,2007,5.2996387,48444.41,353289,North America,2007,2023
Bahamas,BHS,2008,5.3514743,46670.273,358083,North America,2008,2023
Bahamas,BHS,2009,5.9392304,34584.957,362746,North America,2009,2023
Bahamas,BHS,2010,6.0629234,35531.06,367432,North America,2010,2023
Bahamas,BHS,2011,5.687987,30982.486,371683,North America,2011,2023
Bahamas,BHS,2012,5.465409,35422.555,375423,North America,2012,2023
Bahamas,BHS,2013,5.250794,32656.572,378905,North America,2013,2023
Bahamas,BHS,2014,5.405967,31772.066,382262,North America,2014,2023
Bahamas,BHS,2015,5.7817297,30096.48,385302,North America,2015,2023
Bahamas,BHS,2016,5.7603827,31247.096,388002,North America,2016,2023
Bahamas,BHS,2017,6.343549,36977.28,390454,North America,2017,2023
Bahamas,BHS,2018,6.20514,39876.79,392668,North America,2018,2023
Bahamas,BHS,2019,6.3506823,39636.066,394631,North America,2019,2023
Bahamas,BHS,2020,5.137396,33301.77,395827,North America,2020,2023
Bahamas,BHS,2021,6.2495623,35447.574,396326,North America,2021,2023
Bahrain,BHR,1985,23.670845,137633.36,430315,Asia,1985,2023
Bahrain,BHR,1986,24.656897,143857.92,446244,Asia,1986,2023
Bahrain,BHR,1987,24.676573,166970.44,462815,Asia,1987,2023
Bahrain,BHR,1988,25.1655,138824.1,479884,Asia,1988,2023
Bahrain,BHR,1989,23.430313,137123.16,497284,Asia,1989,2023
Bahrain,BHR,1990,22.329006,145128.42,514755,Asia,1990,2023
Bahrain,BHR,1991,21.301645,156980.11,531841,Asia,1991,2023
Bahrain,BHR,1992,18.992125,127168.414,547704,Asia,1992,2023
Bahrain,BHR,1993,29.760405,146765.97,562766,Asia,1993,2023
Bahrain,BHR,1994,24.83421,139849.06,577908,Asia,1994,2023
Bahrain,BHR,1995,24.855879,135597.83,593177,Asia,1995,2023
Bahrain,BHR,1996,26.197018,131670.08,608545,Asia,1996,2023
Bahrain,BHR,1997,27.598692,150403.06,623971,Asia,1997,2023
Bahrain,BHR,1998,28.585556,153224.42,639345,Asia,1998,2023
Bahrain,BHR,1999,27.886997,152743.7,654572,Asia,1999,2023
Bahrain,BHR,2000,28.67532,157253.03,669543,Asia,2000,2023
Bahrain,BHR,2001,28.116322,158559.69,699926,Asia,2001,2023
Bahrain,BHR,2002,26.739264,165096.56,752141,Asia,2002,2023
Bahrain,BHR,2003,25.857557,165859.02,811229,Asia,2003,2023
Bahrain,BHR,2004,24.33265,160432.52,871404,Asia,2004,2023
Bahrain,BHR,2005,26.256994,166315.33,932571,Asia,2005,2023
Bahrain,BHR,2006,24.166994,164833.39,994573,Asia,2006,2023
Bahrain,BHR,2007,25.181618,157924.5,1057370,Asia,2007,2023
Bahrain,BHR,2008,26.345459,154979.23,1120668,Asia,2008,2023
Bahrain,BHR,2009,23.73996,144448.34,1183577,Asia,2009,2023
Bahrain,BHR,2010,23.965885,141914.1,1213201,Asia,2010,2023
Bahrain,BHR,2011,23.591457,140596.47,1206693,Asia,2011,2023
Bahrain,BHR,2012,22.29712,149451.38,1216256,Asia,2012,2023
Bahrain,BHR,2013,24.7843,161365.53,1257153,Asia,2013,2023
Bahrain,BHR,2014,23.537216,153929.6,1312803,Asia,2014,2023
Bahrain,BHR,2015,23.699976,149472.8,1369607,Asia,2015,2023
Bahrain,BHR,2016,22.076391,144113.94,1429559,Asia,2016,2023
Bahrain,BHR,2017,22.156622,143466.25,1481958,Asia,2017,2023
Bahrain,BHR,2018,21.790699,142291.5,1497582,Asia,2018,2023
Bahrain,BHR,2019,25.295322,155398.47,1485632,Asia,2019,2023
Bahrain,BHR,2020,25.215979,156095.8,1483026,Asia,2020,2023
Bahrain,BHR,2021,24.10311,161111.2,1501708,Asia,2021,2023
Bangladesh,BGD,1985,0.10163369,503.06952,100253773,Asia,1985,2023
Bangladesh,BGD,1986,0.11112923,534.60504,102635523,Asia,1986,2023
Bangladesh,BGD,1987,0.11242199,577.0166,104959246,Asia,1987,2023
Bangladesh,BGD,1988,0.125713,628.85486,107215958,Asia,1988,2023
Bangladesh,BGD,1989,0.12228734,663.66486,109433756,Asia,1989,2023
Bangladesh,BGD,1990,0.12614112,689.29553,111633674,Asia,1990,2023
Bangladesh,BGD,1991,0.12965424,652.2589,113787065,Asia,1991,2023
Bangladesh,BGD,1992,0.1327349,698.3831,115952146,Asia,1992,2023
Bangladesh,BGD,1993,0.13606708,753.27704,118132306,Asia,1993,2023
Bangladesh,BGD,1994,0.14585541,784.41504,120343133,Asia,1994,2023
Bangladesh,BGD,1995,0.17174809,909.2928,122600315,Asia,1995,2023
Bangladesh,BGD,1996,0.17224976,935.9809,124862131,Asia,1996,2023
Bangladesh,BGD,1997,0.1819534,966.00745,127198029,Asia,1997,2023
Bangladesh,BGD,1998,0.17910594,1009.7201,129622282,Asia,1998,2023
Bangladesh,BGD,1999,0.18994538,1001.8188,132108017,Asia,1999,2023
Bangladesh,BGD,2000,0.19725306,1053.6215,134544254,Asia,2000,2023
Bangladesh,BGD,2001,0.22706808,1181.6241,136805753,Asia,2001,2023
Bangladesh,BGD,2002,0.23037542,1163.1378,138933610,Asia,2002,2023
Bangladesh,BGD,2003,0.2376082,1208.1456,140970309,Asia,2003,2023
Bangladesh,BGD,2004,0.25179237,1263.5472,142902810,Asia,2004,2023
Bangladesh,BGD,2005,0.26062736,1349.2928,144715747,Asia,2005,2023
Bangladesh,BGD,2006,0.2850008,1442.4889,146405934,Asia,2006,2023
Bangladesh,BGD,2007,0.28836748,1467.894,147989238,Asia,2007,2023
Bangladesh,BGD,2008,0.3033399,1531.9243,149474218,Asia,2008,2023
Bangladesh,BGD,2009,0.3260236,1671.7556,150873661,Asia,2009,2023
Bangladesh,BGD,2010,0.35502523,1691.5333,152201922,Asia,2010,2023
Bangladesh,BGD,2011,0.36195287,1807.5925,153591029,Asia,2011,2023
Bangladesh,BGD,2012,0.38501218,1939.3217,155070060,Asia,2012,2023
Bangladesh,BGD,2013,0.41373494,1989.6167,156532092,Asia,2013,2023
Bangladesh,BGD,2014,0.42763647,2041.6583,157964878,Asia,2014,2023
Bangladesh,BGD,2015,0.482795,2439.447,159383130,Asia,2015,2023
Bangladesh,BGD,2016,0.5084299,2419.747,160811890,Asia,2016,2023
Bangladesh,BGD,2017,0.53352576,2489.824,162186094,Asia,2017,2023
Bangladesh,BGD,2018,0.52965784,2628.2427,163523054,Asia,2018,2023
Bangladesh,BGD,2019,0.5748978,2914.8943,164913011,Asia,2019,2023
Bangladesh,BGD,2020,0.57399553,2731.3882,166297978,Asia,2020,2023
Bangladesh,BGD,2021,0.64190555,2907.366,167658798,Asia,2021,2023
Bangladesh,BGD,2022,0.67221427,3025.794,169384838,Asia,2022,2023
Bangladesh,BGD,2023,0.6615086,2940.0205,171466945,Asia,2023,2023
Barbados,BRB,1985,3.3062708,19674.043,255790,North America,1985,2023
Barbados,BRB,1986,3.5676143,20597.217,256588,North America,1986,2023
Barbados,BRB,1987,3.6583383,19589.445,257234,North America,1987,2023
Barbados,BRB,1988,3.6657588,18438.674,257733,North America,1988,2023
Barbados,BRB,1989,3.8312402,20068.867,258059,North America,1989,2023
Barbados,BRB,1990,3.9689405,21252.285,258536,North America,1990,2023
Barbados,BRB,1991,4.564215,21444.262,259339,North America,1991,2023
Barbados,BRB,1992,4.473044,22581.994,260219,North America,1992,2023
Barbados,BRB,1993,3.5709217,21941.893,260992,North America,1993,2023
Barbados,BRB,1994,3.5655077,20752.266,261588,North America,1994,2023
Barbados,BRB,1995,3.8898447,21489.178,262002,North America,1995,2023
Barbados,BRB,1996,3.9747105,19257.598,262246,North America,1996,2023
Barbados,BRB,1997,4.3911314,23147.008,262357,North America,1997,2023
Barbados,BRB,1998,4.6663566,23473.729,262382,North America,1998,2023
Barbados,BRB,1999,4.9313083,24525.236,262477,North America,1999,2023
Barbados,BRB,2000,4.9822154,26318.064,262028,North America,2000,2023
Barbados,BRB,2001,4.969235,26262.209,262376,North America,2001,2023
Barbados,BRB,2002,4.9859185,26331.5,264107,North America,2002,2023
Barbados,BRB,2003,5.1134253,26508.63,265735,North America,2003,2023
Barbados,BRB,2004,5.175377,26606.236,267247,North America,2004,2023
Barbados,BRB,2005,5.3190207,26715.06,268672,North America,2005,2023
Barbados,BRB,2006,5.4354105,26681.957,269966,North America,2006,2023
Barbados,BRB,2007,5.4293237,25360.926,271250,North America,2007,2023
Barbados,BRB,2008,6.356104,29773.459,272679,North America,2008,2023
Barbados,BRB,2009,6.20155,27941.865,274081,North America,2009,2023
Barbados,BRB,2010,5.6794176,26839.543,275193,North America,2010,2023
Barbados,BRB,2011,5.8908668,28088.297,276094,North America,2011,2023
Barbados,BRB,2012,5.5996013,26331.783,276904,North America,2012,2023
Barbados,BRB,2013,5.520587,26676.488,277625,North America,2013,2023
Barbados,BRB,2014,4.9668345,23147.074,278302,North America,2014,2023
Barbados,BRB,2015,4.9028974,24569.877,278942,North America,2015,2023
Barbados,BRB,2016,5.0363,25016.707,279556,North America,2016,2023
Barbados,BRB,2017,4.9557066,23670.777,280132,North America,2017,2023
Barbados,BRB,2018,5.25944,25095.537,280674,North America,2018,2023
Barbados,BRB,2019,5.0809,25172.027,281162,North America,2019,2023
Barbados,BRB,2020,4.3926697,21577.828,281654,North America,2020,2023
Barbados,BRB,2021,4.16765,23025.998,282111,North America,2021,2023
Belarus,BLR,1985,10.759363,40267.93,9944137,Europe,1985,2023
Belarus,BLR,1986,12.136771,45662.93,10004246,Europe,1986,2023
Belarus,BLR,1987,11.112336,46016.68,10057565,Europe,1987,2023
Belarus,BLR,1988,11.357396,46393.35,10107584,Europe,1988,2023
Belarus,BLR,1989,10.740536,44635.926,10158729,Europe,1989,2023
Belarus,BLR,1990,10.636445,44682.48,10186209,Europe,1990,2023
Belarus,BLR,1991,10.209272,44456.22,10193837,Europe,1991,2023
Belarus,BLR,1992,9.149283,38484.066,10217518,Europe,1992,2023
Belarus,BLR,1993,7.86639,32165.705,10241269,Europe,1993,2023
Belarus,BLR,1994,6.635238,26902.42,10230138,Europe,1994,2023
Belarus,BLR,1995,5.9726515,23964.195,10197421,Europe,1995,2023
Belarus,BLR,1996,6.0738835,24638.46,10163972,Europe,1996,2023
Belarus,BLR,1997,6.0844197,25007.492,10122315,Europe,1997,2023
Belarus,BLR,1998,5.959356,24557.22,10080527,Europe,1998,2023
Belarus,BLR,1999,5.77393,24001.736,10039177,Europe,1999,2023
Belarus,BLR,2000,5.4954047,24862.215,9991254,Europe,2000,2023
Belarus,BLR,2001,5.433976,24302.158,9938024,Europe,2001,2023
Belarus,BLR,2002,5.4534535,25305.004,9873403,Europe,2002,2023
Belarus,BLR,2003,5.619438,25288.58,9803112,Europe,2003,2023
Belarus,BLR,2004,5.9839034,28504.162,9735039,Europe,2004,2023
Belarus,BLR,2005,6.134842,28595.994,9667778,Europe,2005,2023
Belarus,BLR,2006,6.426269,30594.541,9607999,Europe,2006,2023
Belarus,BLR,2007,6.2969413,29994.607,9563078,Europe,2007,2023
Belarus,BLR,2008,6.5940113,30508.727,9529315,Europe,2008,2023
Belarus,BLR,2009,6.371716,28953.04,9507289,Europe,2009,2023
Belarus,BLR,2010,6.579608,31465.19,9490705,Europe,2010,2023
Belarus,BLR,2011,6.472042,30976.078,9472681,Europe,2011,2023
Belarus,BLR,2012,6.6094365,33551.12,9463025,Europe,2012,2023
Belarus,BLR,2013,6.775445,30358.176,9464405,Europe,2013,2023
Belarus,BLR,2014,6.7192183,30417.848,9472660,Europe,2014,2023
Belarus,BLR,2015,6.1976867,27520.088,9487235,Europe,2015,2023
Belarus,BLR,2016,6.120052,28099.965,9499018,Europe,2016,2023
Belarus,BLR,2017,6.2535276,28620.06,9495737,Europe,2017,2023
Belarus,BLR,2018,6.5566535,31686.135,9479978,Europe,2018,2023
Belarus,BLR,2019,6.5812345,31919.717,9435364,Europe,2019,2023
Belarus,BLR,2020,6.315496,29743.822,9350896,Europe,2020,2023
Belarus,BLR,2021,6.586977,31953.428,9251315,Europe,2021,2023
Belarus,BLR,2022,6.4736867,30868.787,9173190,Europe,2022,2023
Belarus,BLR,2023,6.197136,31170.637,9115626,Europe,2023,2023
Belgium,BEL,1985,10.526467,55094.99,9880285,Europe,1985,2023
Belgium,BEL,1986,10.35375,56809.66,9886926,Europe,1986,2023
Belgium,BEL,1987,10.363438,58451.152,9899101,Europe,1987,2023
Belgium,BEL,1988,10.05826,59508.434,9916509,Europe,1988,2023
Belgium,BEL,1989,10.747425,59832.984,9936527,Europe,1989,2023
Belgium,BEL,1990,12.076926,62387.53,9960924,Europe,1990,2023
Belgium,BEL,1991,12.338012,64371.195,9998909,Europe,1991,2023
Belgium,BEL,1992,12.193221,64045.54,10045947,Europe,1992,2023
Belgium,BEL,1993,12.040531,62843.426,10084882,Europe,1993,2023
Belgium,BEL,1994,12.336953,65934.66,10115950,Europe,1994,2023
Belgium,BEL,1995,12.423456,66578.13,10137211,Europe,1995,2023
Belgium,BEL,1996,12.748075,70519.13,10156921,Europe,1996,2023
Belgium,BEL,1997,12.178345,71026.164,10181406,Europe,1997,2023
Belgium,BEL,1998,12.763272,72177.8,10203130,Europe,1998,2023
Belgium,BEL,1999,12.1919775,71412.86,10226629,Europe,1999,2023
Belgium,BEL,2000,12.361207,72420.41,10251672,Europe,2000,2023
Belgium,BEL,2001,12.255029,71475.5,10286956,Europe,2001,2023
Belgium,BEL,2002,12.277599,70828.99,10332929,Europe,2002,2023
Belgium,BEL,2003,12.359873,73221.56,10376207,Europe,2003,2023
Belgium,BEL,2004,12.357613,73126.234,10421247,Europe,2004,2023
Belgium,BEL,2005,11.989851,71894.96,10478829,Europe,2005,2023
Belgium,BEL,2006,11.744368,71647.29,10548397,Europe,2006,2023
Belgium,BEL,2007,11.338945,71662.34,10625433,Europe,2007,2023
Belgium,BEL,2008,11.221604,72317.91,10709668,Europe,2008,2023
Belgium,BEL,2009,9.967752,66274,10812883,Europe,2009,2023
Belgium,BEL,2010,10.468512,70300.14,10936569,Europe,2010,2023
Belgium,BEL,2011,9.520968,65134.08,11038580,Europe,2011,2023
Belgium,BEL,2012,9.222125,62090.016,11107477,Europe,2012,2023
Belgium,BEL,2013,9.207837,63218.38,11160227,Europe,2013,2023
Belgium,BEL,2014,8.6559305,58234.56,11210070,Europe,2014,2023
Belgium,BEL,2015,8.982039,58448.71,11275281,Europe,2015,2023
Belgium,BEL,2016,8.801254,62694.617,11332652,Europe,2016,2023
Belgium,BEL,2017,8.718997,62897.684,11376542,Europe,2017,2023
Belgium,BEL,2018,8.763881,62385.402,11428564,Europe,2018,2023
Belgium,BEL,2019,8.675304,64152.695,11490570,Europe,2019,2023
Belgium,BEL,2020,7.9053583,57431.945,11540055,Europe,2020,2023
Belgium,BEL,2021,8.200483,63587.875,11570794,Europe,2021,2023
Belgium,BEL,2022,7.6450696,59582.27,11641759,Europe,2022,2023
Belgium,BEL,2023,7.1177025,54942.24,11712836,Europe,2023,2023
Belize,BLZ,1985,1.1634659,6074.397,163759,North America,1985,2023
Belize,BLZ,1986,1.224789,7228.5444,167526,North America,1986,2023
Belize,BLZ,1987,1.3260639,5785.2188,171310,North America,1987,2023
Belize,BLZ,1988,1.4225308,4331.1753,175147,North America,1988,2023
Belize,BLZ,1989,1.677815,6095.8384,179071,North America,1989,2023
Belize,BLZ,1990,1.7014023,7848.883,183049,North America,1990,2023
Belize,BLZ,1991,2.1748064,8707.274,187007,North America,1991,2023
Belize,BLZ,1992,1.8612427,7151.608,190952,North America,1992,2023
Belize,BLZ,1993,1.9366943,6990.5894,194864,North America,1993,2023
Belize,BLZ,1994,1.8775773,6527.682,199048,North America,1994,2023
Belize,BLZ,1995,1.848828,7869.031,204125,North America,1995,2023
Belize,BLZ,1996,1.4637041,6818.0015,210272,North America,1996,2023
Belize,BLZ,1997,1.7863553,10178.639,217417,North America,1997,2023
Belize,BLZ,1998,1.6436769,9663.354,225144,North America,1998,2023
Belize,BLZ,1999,1.4937581,9712.191,233023,North America,1999,2023
Belize,BLZ,2000,1.6435338,10038.552,240769,North America,2000,2023
Belize,BLZ,2001,1.7999984,10707.64,248338,North America,2001,2023
Belize,BLZ,2002,1.6890597,10042.477,255972,North America,2002,2023
Belize,BLZ,2003,1.6392928,9553.475,263743,North America,2003,2023
Belize,BLZ,2004,1.4432312,8929.1455,271646,North America,2004,2023
Belize,BLZ,2005,1.506482,9279.945,279698,North America,2005,2023
Belize,BLZ,2006,1.5402392,10366.804,287841,North America,2006,2023
Belize,BLZ,2007,1.6088141,9503.804,296069,North America,2007,2023
Belize,BLZ,2008,1.4327503,8935.545,304321,North America,2008,2023
Belize,BLZ,2009,1.6528264,9060.757,312570,North America,2009,2023
Belize,BLZ,2010,1.6820829,10492.445,320203,North America,2010,2023
Belize,BLZ,2011,1.6906308,8946.38,327253,North America,2011,2023
Belize,BLZ,2012,1.3478364,9087.132,334367,North America,2012,2023
Belize,BLZ,2013,1.2871345,9683.304,341596,North America,2013,2023
Belize,BLZ,2014,1.3442441,9421.46,348889,North America,2014,2023
Belize,BLZ,2015,1.7996273,10197.744,356296,North America,2015,2023
Belize,BLZ,2016,1.7181311,10002.819,364666,North America,2016,2023
Belize,BLZ,2017,1.6494907,10896.961,373177,North America,2017,2023
Belize,BLZ,2018,1.5901606,9546.048,380188,North America,2018,2023
Belize,BLZ,2019,1.8330257,9883.737,385784,North America,2019,2023
Belize,BLZ,2020,1.4945173,7226.4336,390775,North America,2020,2023
Belize,BLZ,2021,1.5507295,7437.5713,395312,North America,2021,2023
Benin,BEN,1985,0.15125135,510.5261,4537963,Africa,1985,2023
Benin,BEN,1986,0.13346565,483.0052,4675383,Africa,1986,2023
Benin,BEN,1987,0.09830916,371.42502,4818432,Africa,1987,2023
Benin,BEN,1988,0.10227905,446.92502,4967293,Africa,1988,2023
Benin,BEN,1989,0.11132513,446.85068,5121611,Africa,1989,2023
Benin,BEN,1990,0.10969491,498.0654,5281430,Africa,1990,2023
Benin,BEN,1991,0.11376239,564.57263,5446879,Africa,1991,2023
Benin,BEN,1992,0.11943218,608.3543,5617799,Africa,1992,2023
Benin,BEN,1993,0.13748822,639.8307,5872663,Africa,1993,2023
Benin,BEN,1994,0.14951728,644.8848,6096466,Africa,1994,2023
Benin,BEN,1995,0.1535746,681.8462,6226726,Africa,1995,2023
Benin,BEN,1996,0.18520646,725.445,6391818,Africa,1996,2023
Benin,BEN,1997,0.18592057,762.2585,6583322,Africa,1997,2023
Benin,BEN,1998,0.16405697,797.1201,6789446,Africa,1998,2023
Benin,BEN,1999,0.20876506,379.54037,7002781,Africa,1999,2023
Benin,BEN,2000,0.2039623,980.96387,7221570,Africa,2000,2023
Benin,BEN,2001,0.22686094,1083.3461,7445548,Africa,2001,2023
Benin,BEN,2002,0.27491206,1204.5461,7675382,Africa,2002,2023
Benin,BEN,2003,0.30253926,1357.0039,7913016,Africa,2003,2023
Benin,BEN,2004,0.31788033,1388.154,8159045,Africa,2004,2023
Benin,BEN,2005,0.29547822,1262.3934,8426103,Africa,2005,2023
Benin,BEN,2006,0.38548616,1672.0192,8693194,Africa,2006,2023
Benin,BEN,2007,0.43902123,1918.3821,8953918,Africa,2007,2023
Benin,BEN,2008,0.42466575,1904.8895,9228420,Africa,2008,2023
Benin,BEN,2009,0.44424736,2054.215,9509380,Africa,2009,2023
Benin,BEN,2010,0.47761324,2287.7693,9797446,Africa,2010,2023
Benin,BEN,2011,0.4438187,2071.1877,10093579,Africa,2011,2023
Benin,BEN,2012,0.4234182,1909.2642,10397614,Africa,2012,2023
Benin,BEN,2013,0.426377,1889.7343,10708774,Africa,2013,2023
Benin,BEN,2014,0.43481556,1940.2653,11029964,Africa,2014,2023
Benin,BEN,2015,0.46938777,2083.4993,11360628,Africa,2015,2023
Benin,BEN,2016,0.45617047,2467.0088,11697798,Africa,2016,2023
Benin,BEN,2017,0.46351933,2540.225,12039735,Africa,2017,2023
Benin,BEN,2018,0.4577955,2736.8003,12383302,Africa,2018,2023
Benin,BEN,2019,0.41347355,2416.162,12726713,Africa,2019,2023
Benin,BEN,2020,0.42215323,2518.621,13070131,Africa,2020,2023
Benin,BEN,2021,0.42936745,2484.8179,13413371,Africa,2021,2023
Bermuda,BMU,1985,8.11773,38601.09,55517,North America,1985,2023
Bermuda,BMU,1986,7.5426035,36096.062,55864,North America,1986,2023
Bermuda,BMU,1987,10.163119,51699.355,56241,North America,1987,2023
Bermuda,BMU,1988,11.379886,56055.496,56667,North America,1988,2023
Bermuda,BMU,1989,13.665178,67292.586,57111,North America,1989,2023
Bermuda,BMU,1990,8.723962,47463.18,57539,North America,1990,2023
Bermuda,BMU,1991,9.292433,41290.523,57962,North America,1991,2023
Bermuda,BMU,1992,7.9081845,32011.799,58378,North America,1992,2023
Bermuda,BMU,1993,9.163428,36931.12,58778,North America,1993,2023
Bermuda,BMU,1994,8.980999,35364.73,59156,North America,1994,2023
Bermuda,BMU,1995,8.927425,36060.49,59511,North America,1995,2023
Bermuda,BMU,1996,8.825666,36976.926,59782,North America,1996,2023
Bermuda,BMU,1997,8.711336,36638.637,60146,North America,1997,2023
Bermuda,BMU,1998,8.583769,36411.4,60613,North America,1998,2023
Bermuda,BMU,1999,8.3955555,36184.664,61099,North America,1999,2023
Bermuda,BMU,2000,8.396567,39297.88,61528,North America,2000,2023
Bermuda,BMU,2001,8.531954,39604.938,61840,North America,2001,2023
Bermuda,BMU,2002,8.965646,41429.88,62118,North America,2002,2023
Bermuda,BMU,2003,8.9886,41114.773,62367,North America,2003,2023
Bermuda,BMU,2004,9.31585,42390.04,62536,North America,2004,2023
Bermuda,BMU,2005,9.292965,44480.98,62690,North America,2005,2023
Bermuda,BMU,2006,10.384231,50145.137,62806,North America,2006,2023
Bermuda,BMU,2007,11.576344,58163.746,62985,North America,2007,2023
Bermuda,BMU,2008,10.24968,55556.035,63273,North America,2008,2023
Bermuda,BMU,2009,7.4963803,43647.02,63540,North America,2009,2023
Bermuda,BMU,2010,9.547058,51318.156,63708,North America,2010,2023
Bermuda,BMU,2011,6.959328,33119.836,63705,North America,2011,2023
Bermuda,BMU,2012,5.7594666,35803.332,63617,North America,2012,2023
Bermuda,BMU,2013,8.417952,35994.32,63548,North America,2013,2023
Bermuda,BMU,2014,10.55941,46727.742,63499,North America,2014,2023
Bermuda,BMU,2015,8.48977,39425.17,63442,North America,2015,2023
Bermuda,BMU,2016,9.76358,50238.902,63421,North America,2016,2023
Bermuda,BMU,2017,9.97501,49395.46,63546,North America,2017,2023
Bermuda,BMU,2018,10.909888,50863.38,63810,North America,2018,2023
Bermuda,BMU,2019,9.262487,50639.293,64083,North America,2019,2023
Bermuda,BMU,2020,6.7752743,46161.586,64354,North America,2020,2023
Bermuda,BMU,2021,7.9945526,46490.223,64622,North America,2021,2023
Bhutan,BTN,1985,0.23554313,338.1183,508357,Asia,1985,2023
Bhutan,BTN,1986,0.21442918,1600.5055,524271,Asia,1986,2023
Bhutan,BTN,1987,0.29611987,5357.044,540521,Asia,1987,2023
Bhutan,BTN,1988,0.30055878,6572.8003,556946,Asia,1988,2023
Bhutan,BTN,1989,0.20882516,6500.1846,573542,Asia,1989,2023
Bhutan,BTN,1990,0.31519246,6680.068,589259,Asia,1990,2023
Bhutan,BTN,1991,0.309696,6690.798,599743,Asia,1991,2023
Bhutan,BTN,1992,0.3722403,7066.251,577737,Asia,1992,2023
Bhutan,BTN,1993,0.32775554,7435.9053,554639,Asia,1993,2023
Bhutan,BTN,1994,0.38308725,7941.4434,554469,Asia,1994,2023
Bhutan,BTN,1995,0.45435813,8379.913,547951,Asia,1995,2023
Bhutan,BTN,1996,0.54355794,9016.825,548740,Asia,1996,2023
Bhutan,BTN,1997,0.69829196,8929.931,558656,Asia,1997,2023
Bhutan,BTN,1998,0.6712406,8571.275,569386,Asia,1998,2023
Bhutan,BTN,1999,0.66238487,8449.229,582545,Asia,1999,2023
Bhutan,BTN,2000,0.6649816,8469.052,596815,Asia,2000,2023
Bhutan,BTN,2001,0.760877,9100.751,610761,Asia,2001,2023
Bhutan,BTN,2002,0.79619426,9810.103,624369,Asia,2002,2023
Bhutan,BTN,2003,0.773911,10658.221,637625,Asia,2003,2023
Bhutan,BTN,2004,0.67610586,10014.694,650515,Asia,2004,2023
Bhutan,BTN,2005,0.8251159,11119.834,661827,Asia,2005,2023
Bhutan,BTN,2006,0.6194423,17746.78,670755,Asia,2006,2023
Bhutan,BTN,2007,0.5853021,21903.543,678600,Asia,2007,2023
Bhutan,BTN,2008,0.9417728,22370.271,686312,Asia,2008,2023
Bhutan,BTN,2009,0.9789367,22935.088,693954,Asia,2009,2023
Bhutan,BTN,2010,1.2905977,24284.154,701585,Asia,2010,2023
Bhutan,BTN,2011,1.4618721,23369.613,709337,Asia,2011,2023
Bhutan,BTN,2012,1.6544545,22460.117,717237,Asia,2012,2023
Bhutan,BTN,2013,1.8255049,24615.076,725241,Asia,2013,2023
Bhutan,BTN,2014,1.8923628,23328.47,733102,Asia,2014,2023
Bhutan,BTN,2015,2.005466,24203.82,740573,Asia,2015,2023
Bhutan,BTN,2016,2.17215,24692.543,747831,Asia,2016,2023
Bhutan,BTN,2017,2.2691145,24327.346,754292,Asia,2017,2023
Bhutan,BTN,2018,2.2825263,23138.41,759710,Asia,2018,2023
Bhutan,BTN,2019,2.1169295,27251.602,764777,Asia,2019,2023
Bhutan,BTN,2020,1.6237977,26593.059,769966,Asia,2020,2023
Bhutan,BTN,2021,2.058052,27785.357,775407,Asia,2021,2023
Bolivia,BOL,1985,0.64053303,3082.092,6416153,South America,1985,2023
Bolivia,BOL,1986,0.5743947,3063.4624,6552428,South America,1986,2023
Bolivia,BOL,1987,0.59948105,2949.4075,6692123,South America,1987,2023
Bolivia,BOL,1988,0.6271382,3317.092,6835460,South America,1988,2023
Bolivia,BOL,1989,0.71163565,3679.7522,6981727,South America,1989,2023
Bolivia,BOL,1990,1.4034711,3810.2156,7130085,South America,1990,2023
Bolivia,BOL,1991,1.4415994,3672.283,7280258,South America,1991,2023
Bolivia,BOL,1992,1.4823433,3885.0464,7430292,South America,1992,2023
Bolivia,BOL,1993,1.5239594,3756.717,7579145,South America,1993,2023
Bolivia,BOL,1994,1.247304,4114.7227,7727273,South America,1994,2023
Bolivia,BOL,1995,1.1450123,4626.537,7874632,South America,1995,2023
Bolivia,BOL,1996,1.2486322,4448.006,8021698,South America,1996,2023
Bolivia,BOL,1997,1.435035,4897.6914,8167859,South America,1997,2023
Bolivia,BOL,1998,1.3535174,4461.145,8313355,South America,1998,2023
Bolivia,BOL,1999,1.2931223,4920.966,8459762,South America,1999,2023
Bolivia,BOL,2000,0.97996825,5072.6533,8606277,South America,2000,2023
Bolivia,BOL,2001,0.9988706,4264.8857,8752692,South America,2001,2023
Bolivia,BOL,2002,1.1688838,4571.173,8900306,South America,2002,2023
Bolivia,BOL,2003,1.2118468,6038.8374,9050652,South America,2003,2023
Bolivia,BOL,2004,1.1985703,6154.9224,9204246,South America,2004,2023
Bolivia,BOL,2005,1.3153518,5926.305,9360702,South America,2005,2023
Bolivia,BOL,2006,1.2951919,6410.1855,9521625,South America,2006,2023
Bolivia,BOL,2007,1.3107055,6767.9814,9685913,South America,2007,2023
Bolivia,BOL,2008,1.3161584,6827.641,9850806,South America,2008,2023
Bolivia,BOL,2009,1.3516202,6614.823,10016233,South America,2009,2023
Bolivia,BOL,2010,1.4455271,6598.9834,10182290,South America,2010,2023
Bolivia,BOL,2011,1.5411018,6716.6226,10348877,South America,2011,2023
Bolivia,BOL,2012,1.6675287,7838.919,10515765,South America,2012,2023
Bolivia,BOL,2013,1.663367,7813.6904,10682555,South America,2013,2023
Bolivia,BOL,2014,1.8331811,7770.6777,10848842,South America,2014,2023
Bolivia,BOL,2015,1.8054603,8018.6577,11014657,South America,2015,2023
Bolivia,BOL,2016,1.8997626,8176.835,11179968,South America,2016,2023
Bolivia,BOL,2017,1.9543539,7938.3027,11344540,South America,2017,2023
Bolivia,BOL,2018,1.9549538,8088.3423,11508320,South America,2018,2023
Bolivia,BOL,2019,1.9368082,7903.12,11671329,South America,2019,2023
Bolivia,BOL,2020,1.5497013,6540.533,11816245,South America,2020,2023
Bolivia,BOL,2021,1.8225433,7062.148,11937318,South America,2021,2023
Bosnia and Herzegovina,BIH,1992,3.5490513,10196.318,4234572,Europe,1992,2023
Bosnia and Herzegovina,BIH,1993,3.222123,7986.918,3904437,Europe,1993,2023
Bosnia and Herzegovina,BIH,1994,0.8603062,8805.4375,3725362,Europe,1994,2023
Bosnia and Herzegovina,BIH,1995,0.9156288,14646.124,3715510,Europe,1995,2023
Bosnia and Herzegovina,BIH,1996,1.0940088,8743.871,3875200,Europe,1996,2023
Bosnia and Herzegovina,BIH,1997,2.0819776,12041.526,4018182,Europe,1997,2023
Bosnia and Herzegovina,BIH,1998,2.580046,13988.424,4089306,Europe,1998,2023
Bosnia and Herzegovina,BIH,1999,2.5018342,14060.222,4130270,Europe,1999,2023
Bosnia and Herzegovina,BIH,2000,3.2940066,15474.596,4159737,Europe,2000,2023
Bosnia and Herzegovina,BIH,2001,3.1733813,15337.629,4179394,Europe,2001,2023
Bosnia and Herzegovina,BIH,2002,3.3841307,15402.803,4187959,Europe,2002,2023
Bosnia and Herzegovina,BIH,2003,3.4362016,13485.733,4178486,Europe,2003,2023
Bosnia and Herzegovina,BIH,2004,3.734038,14065.254,4140947,Europe,2004,2023
Bosnia and Herzegovina,BIH,2005,3.9170587,13151.445,4096437,Europe,2005,2023
Bosnia and Herzegovina,BIH,2006,4.2790723,13561.985,4063222,Europe,2006,2023
Bosnia and Herzegovina,BIH,2007,4.3540244,13117.112,4013375,Europe,2007,2023
Bosnia and Herzegovina,BIH,2008,5.0560236,15073.022,3947499,Europe,2008,2023
Bosnia and Herzegovina,BIH,2009,5.2934146,18430.324,3879744,Europe,2009,2023
Bosnia and Herzegovina,BIH,2010,5.5479813,20074.406,3811423,Europe,2010,2023
Bosnia and Herzegovina,BIH,2011,6.35032,19803.19,3741747,Europe,2011,2023
Bosnia and Herzegovina,BIH,2012,6.0310183,19624.715,3670056,Europe,2012,2023
Bosnia and Herzegovina,BIH,2013,6.03771,20242.201,3610814,Europe,2013,2023
Bosnia and Herzegovina,BIH,2014,5.41739,19855.676,3564777,Europe,2014,2023
Bosnia and Herzegovina,BIH,2015,5.246716,20149.87,3518485,Europe,2015,2023
Bosnia and Herzegovina,BIH,2016,6.257046,20852.678,3472950,Europe,2016,2023
Bosnia and Herzegovina,BIH,2017,6.462092,20939.965,3428638,Europe,2017,2023
Bosnia and Herzegovina,BIH,2018,6.517693,21542.352,3386940,Europe,2018,2023
Bosnia and Herzegovina,BIH,2019,6.220446,20694.338,3345480,Europe,2019,2023
Bosnia and Herzegovina,BIH,2020,6.3140154,19464.836,3299297,Europe,2020,2023
Bosnia and Herzegovina,BIH,2021,6.553135,23013.498,3244869,Europe,2021,2023
Botswana,BWA,1985,1.477684,4855.5483,1121907,Africa,1985,2023
Botswana,BWA,1986,1.3494904,4985.5093,1160604,Africa,1986,2023
Botswana,BWA,1987,1.5331318,5077.798,1199135,Africa,1987,2023
Botswana,BWA,1988,1.6194445,5686.4976,1235436,Africa,1988,2023
Botswana,BWA,1989,1.7547592,6224.8037,1270237,Africa,1989,2023
Botswana,BWA,1990,2.0682206,6672.773,1305648,Africa,1990,2023
Botswana,BWA,1991,1.9634662,6786.519,1341717,Africa,1991,2023
Botswana,BWA,1992,2.0125742,7999.798,1379980,Africa,1992,2023
Botswana,BWA,1993,2.249898,7541.652,1420068,Africa,1993,2023
Botswana,BWA,1994,2.0754528,7301.1577,1459984,Africa,1994,2023
Botswana,BWA,1995,2.0314934,7197.2627,1498791,Africa,1995,2023
Botswana,BWA,1996,1.7939851,6652.957,1535870,Africa,1996,2023
Botswana,BWA,1997,1.7811112,6699.427,1571657,Africa,1997,2023
Botswana,BWA,1998,2.0795665,7024.5474,1606858,Africa,1998,2023
Botswana,BWA,1999,1.92354,6505.0327,1641956,Africa,1999,2023
Botswana,BWA,2000,2.2521331,8308.661,1677336,Africa,2000,2023
Botswana,BWA,2001,2.2469115,8561.099,1712217,Africa,2001,2023
Botswana,BWA,2002,2.2785535,8817.649,1744721,Africa,2002,2023
Botswana,BWA,2003,2.154215,8856.523,1775689,Africa,2003,2023
Botswana,BWA,2004,2.1552858,8571.5,1807107,Africa,2004,2023
Botswana,BWA,2005,2.2244887,8948.104,1839833,Africa,2005,2023
Botswana,BWA,2006,2.2048738,9380.948,1874480,Africa,2006,2023
Botswana,BWA,2007,2.212411,9445.073,1911153,Africa,2007,2023
Botswana,BWA,2008,2.309352,9627.653,1949922,Africa,2008,2023
Botswana,BWA,2009,1.9368095,8820.0205,1990616,Africa,2009,2023
Botswana,BWA,2010,2.2317412,8901.267,2033065,Africa,2010,2023
Botswana,BWA,2011,1.9430156,9151.255,2073479,Africa,2011,2023
Botswana,BWA,2012,2.4076638,8872.199,2108563,Africa,2012,2023
Botswana,BWA,2013,2.6454976,8641.081,2140639,Africa,2013,2023
Botswana,BWA,2014,3.1538363,8513.395,2172010,Africa,2014,2023
Botswana,BWA,2015,2.458906,10171.935,2203232,Africa,2015,2023
Botswana,BWA,2016,2.8390572,10964.355,2234732,Africa,2016,2023
Botswana,BWA,2017,3.1190739,9879.757,2266701,Africa,2017,2023
Botswana,BWA,2018,3.3229713,9597.184,2299095,Africa,2018,2023
Botswana,BWA,2019,2.884646,9467.984,2332038,Africa,2019,2023
Botswana,BWA,2020,2.3462896,8843.107,2365846,Africa,2020,2023
Botswana,BWA,2021,2.5022633,9385.398,2401410,Africa,2021,2023
Brazil,BRA,1985,1.3290781,10027.937,135515541,South America,1985,2023
Brazil,BRA,1986,1.425789,10361.041,138336321,South America,1986,2023
Brazil,BRA,1987,1.4596778,10437.202,141104892,South America,1987,2023
Brazil,BRA,1988,1.44407,10552.992,143826311,South America,1988,2023
Brazil,BRA,1989,1.4475551,10650.324,146502923,South America,1989,2023
Brazil,BRA,1990,1.4660945,10391.007,149143183,South America,1990,2023
Brazil,BRA,1991,1.5119144,10542.793,151724204,South America,1991,2023
Brazil,BRA,1992,1.5141854,10515.058,154275022,South America,1992,2023
Brazil,BRA,1993,1.5581285,10825.511,156794519,South America,1993,2023
Brazil,BRA,1994,1.5948392,11174.377,159264962,South America,1994,2023
Brazil,BRA,1995,1.6612233,11697.941,161735036,South America,1995,2023
Brazil,BRA,1996,1.761916,12198.168,164202497,South America,1996,2023
Brazil,BRA,1997,1.8417498,12775.408,166661609,South America,1997,2023
Brazil,BRA,1998,1.8760923,13032.864,169159594,South America,1998,2023
Brazil,BRA,1999,1.9066253,12995.942,171641487,South America,1999,2023
Brazil,BRA,2000,1.95487,13400.32,174018229,South America,2000,2023
Brazil,BRA,2001,1.9634924,12893.828,176301154,South America,2001,2023
Brazil,BRA,2002,1.9482261,13021.791,178503419,South America,2002,2023
Brazil,BRA,2003,1.908094,13111.923,180622646,South America,2003,2023
Brazil,BRA,2004,1.978562,13593.7,182675086,South America,2004,2023
Brazil,BRA,2005,1.9728998,13792.465,184688047,South America,2005,2023
Brazil,BRA,2006,1.9762388,14020.683,186653053,South America,2006,2023
Brazil,BRA,2007,2.071431,14770.351,188552256,South America,2007,2023
Brazil,BRA,2008,2.1675894,15255.087,190367242,South America,2008,2023
Brazil,BRA,2009,2.0292337,15004.24,192079912,South America,2009,2023
Brazil,BRA,2010,2.2729208,16220.931,193701879,South America,2010,2023
Brazil,BRA,2011,2.368747,16629.84,195284687,South America,2011,2023
Brazil,BRA,2012,2.5310798,16963.494,196876061,South America,2012,2023
Brazil,BRA,2013,2.6825008,17221.44,198478236,South America,2013,2023
Brazil,BRA,2014,2.7883189,17519.043,200085074,South America,2014,2023
Brazil,BRA,2015,2.6247764,17140.15,201675482,South America,2015,2023
Brazil,BRA,2016,2.4247255,16591.764,203218058,South America,2016,2023
Brazil,BRA,2017,2.4340897,16608.686,204703394,South America,2017,2023
Brazil,BRA,2018,2.3210206,16539.11,206107217,South America,2018,2023
Brazil,BRA,2019,2.281887,16681.945,207455405,South America,2019,2023
Brazil,BRA,2020,2.1336453,15921.327,208660785,South America,2020,2023
Brazil,BRA,2021,2.3765988,16659.977,209550238,South America,2021,2023
Brazil,BRA,2022,2.3006465,17333.797,210306358,South America,2022,2023
Brazil,BRA,2023,2.3040092,17806.445,211140678,South America,2023,2023
British Virgin Islands,VGB,1985,3.593783,9380.051,13254,North America,1985,2023
British Virgin Islands,VGB,1986,4.0125575,5493.072,13697,North America,1986,2023
British Virgin Islands,VGB,1987,4.3929753,13695.412,14179,North America,1987,2023
British Virgin Islands,VGB,1988,4.4981585,13279.979,14662,North America,1988,2023
British Virgin Islands,VGB,1989,4.3503957,12809.44,15160,North America,1989,2023
British Virgin Islands,VGB,1990,4.2039776,12377.165,15688,North America,1990,2023
British Virgin Islands,VGB,1991,4.5310082,12019.932,16173,North America,1991,2023
British Virgin Islands,VGB,1992,4.8620543,11769.005,16579,North America,1992,2023
British Virgin Islands,VGB,1993,4.9671106,11475.74,16966,North America,1993,2023
British Virgin Islands,VGB,1994,4.8460035,11210.021,17390,North America,1994,2023
British Virgin Islands,VGB,1995,4.93468,10945.183,17820,North America,1995,2023
British Virgin Islands,VGB,1996,5.4162607,13806.164,18265,North America,1996,2023
British Virgin Islands,VGB,1997,5.4756618,13425.307,18736,North America,1997,2023
British Virgin Islands,VGB,1998,5.3366623,13080.203,19224,North America,1998,2023
British Virgin Islands,VGB,1999,5.7618833,12740.941,19713,North America,1999,2023
British Virgin Islands,VGB,2000,5.7983284,21736.926,20221,North America,2000,2023
British Virgin Islands,VGB,2001,5.9978814,21645.822,20770,North America,2001,2023
British Virgin Islands,VGB,2002,6.6711483,22226.912,21420,North America,2002,2023
British Virgin Islands,VGB,2003,6.628375,22993.805,22111,North America,2003,2023
British Virgin Islands,VGB,2004,6.7317586,23387.111,22860,North America,2004,2023
British Virgin Islands,VGB,2005,6.969902,23259.297,23656,North America,2005,2023
British Virgin Islands,VGB,2006,7.3351855,24482.652,24476,North America,2006,2023
British Virgin Islands,VGB,2007,7.374561,24503.428,25339,North America,2007,2023
British Virgin Islands,VGB,2008,7.396382,25397.865,26255,North America,2008,2023
British Virgin Islands,VGB,2009,7.139937,25707.512,27198,North America,2009,2023
British Virgin Islands,VGB,2010,7.6871767,26000.848,27645,North America,2010,2023
British Virgin Islands,VGB,2011,7.4071803,26247.3,28690,North America,2011,2023
British Virgin Islands,VGB,2012,7.008971,25734.096,30320,North America,2012,2023
British Virgin Islands,VGB,2013,6.708504,25516.426,31678,North America,2013,2023
British Virgin Islands,VGB,2014,6.5627203,25639.906,32940,North America,2014,2023
British Virgin Islands,VGB,2015,6.5887814,25398.59,34478,North America,2015,2023
British Virgin Islands,VGB,2016,6.8160396,25417.586,33866,North America,2016,2023
British Virgin Islands,VGB,2017,5.495439,23629.582,32670,North America,2017,2023
British Virgin Islands,VGB,2018,4.6541758,29075.836,34639,North America,2018,2023
British Virgin Islands,VGB,2019,5.0373955,23027.121,36368,North America,2019,2023
British Virgin Islands,VGB,2020,4.836377,19221.441,37122,North America,2020,2023
British Virgin Islands,VGB,2021,4.847843,20316.45,37790,North America,2021,2023
Brunei,BRN,1985,11.851809,101527.69,218879,Asia,1985,2023
Brunei,BRN,1986,10.144834,65020.742,226453,Asia,1986,2023
Brunei,BRN,1987,14.18084,100390.95,233831,Asia,1987,2023
Brunei,BRN,1988,23.713093,84126.48,240887,Asia,1988,2023
Brunei,BRN,1989,25.571138,95691.67,248029,Asia,1989,2023
Brunei,BRN,1990,21.373428,78462.11,255256,Asia,1990,2023
Brunei,BRN,1991,27.464195,60861.88,262551,Asia,1991,2023
Brunei,BRN,1992,25.517817,57892.043,269798,Asia,1992,2023
Brunei,BRN,1993,22.955238,53614.46,276932,Asia,1993,2023
Brunei,BRN,1994,19.549812,50252.98,284042,Asia,1994,2023
Brunei,BRN,1995,20.0074,60665.79,291159,Asia,1995,2023
Brunei,BRN,1996,19.711641,55188.805,298236,Asia,1996,2023
Brunei,BRN,1997,19.93792,57698.684,305310,Asia,1997,2023
Brunei,BRN,1998,17.91309,51055.582,312357,Asia,1998,2023
Brunei,BRN,1999,18.719257,58967.64,319353,Asia,1999,2023
Brunei,BRN,2000,16.326294,58884.86,326390,Asia,2000,2023
Brunei,BRN,2001,15.5697975,65610.27,333313,Asia,2001,2023
Brunei,BRN,2002,13.73254,75133.31,340059,Asia,2002,2023
Brunei,BRN,2003,16.150925,76284.74,346597,Asia,2003,2023
Brunei,BRN,2004,15.984768,83202.56,352872,Asia,2004,2023
Brunei,BRN,2005,15.126363,92130.18,358878,Asia,2005,2023
Brunei,BRN,2006,19.592522,139666.8,364613,Asia,2006,2023
Brunei,BRN,2007,21.779644,144318.16,370837,Asia,2007,2023
Brunei,BRN,2008,24.263243,145980.9,377755,Asia,2008,2023
Brunei,BRN,2009,20.121027,95420.39,384917,Asia,2009,2023
Brunei,BRN,2010,20.437696,107111.19,392284,Asia,2010,2023
Brunei,BRN,2011,23.928259,108531.15,399337,Asia,2011,2023
Brunei,BRN,2012,23.426346,104173.734,405519,Asia,2012,2023
Brunei,BRN,2013,18.547974,95693.625,411153,Asia,2013,2023
Brunei,BRN,2014,21.192278,106339.25,416708,Asia,2014,2023
Brunei,BRN,2015,16.422749,116170.31,422176,Asia,2015,2023
Brunei,BRN,2016,17.85392,120051.6,427520,Asia,2016,2023
Brunei,BRN,2017,21.5125,119337.055,432743,Asia,2017,2023
Brunei,BRN,2018,21.34535,122979.12,437775,Asia,2018,2023
Brunei,BRN,2019,24.247364,120314.98,442636,Asia,2019,2023
Brunei,BRN,2020,24.939121,125303.02,447365,Asia,2020,2023
Brunei,BRN,2021,25.931751,103268.1,451676,Asia,2021,2023
Bulgaria,BGR,1985,9.959073,37779.035,8958799,Europe,1985,2023
Bulgaria,BGR,1986,10.171591,38644.914,8963423,Europe,1986,2023
Bulgaria,BGR,1987,10.168392,39059.8,8976164,Europe,1987,2023
Bulgaria,BGR,1988,9.977689,40105.89,8985672,Europe,1988,2023
Bulgaria,BGR,1989,9.870467,39898.98,8936335,Europe,1989,2023
Bulgaria,BGR,1990,8.698534,37000.043,8822320,Europe,1990,2023
Bulgaria,BGR,1991,7.0865617,30108.7,8695748,Europe,1991,2023
Bulgaria,BGR,1992,6.712946,28504.32,8559045,Europe,1992,2023
Bulgaria,BGR,1993,6.9086657,30610.23,8466479,Europe,1993,2023
Bulgaria,BGR,1994,6.7079387,29659.102,8416871,Europe,1994,2023
Bulgaria,BGR,1995,6.939603,32162.408,8357522,Europe,1995,2023
Bulgaria,BGR,1996,7.0604463,32364.475,8291353,Europe,1996,2023
Bulgaria,BGR,1997,6.8018622,30910.658,8217060,Europe,1997,2023
Bulgaria,BGR,1998,6.5385485,30025.781,8138142,Europe,1998,2023
Bulgaria,BGR,1999,5.760335,26617.078,8067415,Europe,1999,2023
Bulgaria,BGR,2000,5.698653,26844.336,8000476,Europe,2000,2023
Bulgaria,BGR,2001,6.195104,27949.117,7928407,Europe,2001,2023
Bulgaria,BGR,2002,5.880953,27315.826,7861901,Europe,2002,2023
Bulgaria,BGR,2003,6.481881,28461.709,7804359,Europe,2003,2023
Bulgaria,BGR,2004,6.4036465,27705.828,7749383,Europe,2004,2023
Bulgaria,BGR,2005,6.5867257,30208.428,7695001,Europe,2005,2023
Bulgaria,BGR,2006,6.7958155,30994.041,7640243,Europe,2006,2023
Bulgaria,BGR,2007,7.3483434,30138.438,7586847,Europe,2007,2023
Bulgaria,BGR,2008,7.180506,29996.916,7535541,Europe,2008,2023
Bulgaria,BGR,2009,6.1214066,26471.965,7487966,Europe,2009,2023
Bulgaria,BGR,2010,6.4403195,27853.473,7437542,Europe,2010,2023
Bulgaria,BGR,2011,7.2093797,29776.332,7379973,Europe,2011,2023
Bulgaria,BGR,2012,6.609469,28501.373,7316974,Europe,2012,2023
Bulgaria,BGR,2013,5.8814645,26659.102,7264556,Europe,2013,2023
Bulgaria,BGR,2014,6.264565,28695.912,7223406,Europe,2014,2023
Bulgaria,BGR,2015,6.7159996,30739.168,7177463,Europe,2015,2023
Bulgaria,BGR,2016,6.372504,29411.8,7127389,Europe,2016,2023
Bulgaria,BGR,2017,6.7161274,30376.139,7075586,Europe,2017,2023
Bulgaria,BGR,2018,6.203401,30743.451,7024687,Europe,2018,2023
Bulgaria,BGR,2019,6.0594864,29996.502,6975420,Europe,2019,2023
Bulgaria,BGR,2020,5.285019,27993.812,6933606,Europe,2020,2023
Bulgaria,BGR,2021,6.168972,32224.797,6877173,Europe,2021,2023
Bulgaria,BGR,2022,6.8806005,33836.168,6825817,Europe,2022,2023
Bulgaria,BGR,2023,5.311196,29796.03,6795757,Europe,2023,2023
Burkina Faso,BFA,1985,0.05954085,213.73402,7999886,Africa,1985,2023
Burkina Faso,BFA,1986,0.05832977,245.88113,8228800,Africa,1986,2023
Burkina Faso,BFA,1987,0.061087877,249.86325,8457062,Africa,1987,2023
Burkina Faso,BFA,1988,0.06368583,255.1158,8687396,Africa,1988,2023
Burkina Faso,BFA,1989,0.09199915,222.68916,8921126,Africa,1989,2023
Burkina Faso,BFA,1990,0.06440483,223.28703,9159313,Africa,1990,2023
Burkina Faso,BFA,1991,0.06786208,251.87816,9394584,Africa,1991,2023
Burkina Faso,BFA,1992,0.06544738,248.54262,9629232,Africa,1992,2023
Burkina Faso,BFA,1993,0.06421125,269.01355,9871666,Africa,1993,2023
Burkina Faso,BFA,1994,0.0651458,292.5326,10123754,Africa,1994,2023
Burkina Faso,BFA,1995,0.063615106,291.54324,10386684,Africa,1995,2023
Burkina Faso,BFA,1996,0.06785166,302.27756,10655892,Africa,1996,2023
Burkina Faso,BFA,1997,0.06951044,465.06854,10934171,Africa,1997,2023
Burkina Faso,BFA,1998,0.07576217,406.44928,11240624,Africa,1998,2023
Burkina Faso,BFA,1999,0.090181984,406.48276,11574884,Africa,1999,2023
Burkina Faso,BFA,2000,0.078356996,358.42392,11925495,Africa,2000,2023
Burkina Faso,BFA,2001,0.08627211,386.41492,12294946,Africa,2001,2023
Burkina Faso,BFA,2002,0.08445241,392.5639,12680857,Africa,2002,2023
Burkina Faso,BFA,2003,0.09081831,421.1035,13082483,Africa,2003,2023
Burkina Faso,BFA,2004,0.081760705,367.58755,13500483,Africa,2004,2023
Burkina Faso,BFA,2005,0.07975033,378.25854,13932081,Africa,2005,2023
Burkina Faso,BFA,2006,0.08443007,361.50507,14373659,Africa,2006,2023
Burkina Faso,BFA,2007,0.10934675,496.80994,14816271,Africa,2007,2023
Burkina Faso,BFA,2008,0.11913826,526.8172,15258045,Africa,2008,2023
Burkina Faso,BFA,2009,0.116887465,480.64005,15710025,Africa,2009,2023
Burkina Faso,BFA,2010,0.1227139,509.41,16176456,Africa,2010,2023
Burkina Faso,BFA,2011,0.1289924,563.3461,16661858,Africa,2011,2023
Burkina Faso,BFA,2012,0.15229523,644.37476,17172238,Africa,2012,2023
Burkina Faso,BFA,2013,0.1587353,749.67834,17695371,Africa,2013,2023
Burkina Faso,BFA,2014,0.15710077,677.6461,18229421,Africa,2014,2023
Burkina Faso,BFA,2015,0.19937594,836.0298,18777451,Africa,2015,2023
Burkina Faso,BFA,2016,0.20608406,780.0771,19334810,Africa,2016,2023
Burkina Faso,BFA,2017,0.2323365,878.57794,19894368,Africa,2017,2023
Burkina Faso,BFA,2018,0.25570914,950.3871,20438245,Africa,2018,2023
Burkina Faso,BFA,2019,0.2681528,946.95734,20961910,Africa,2019,2023
Burkina Faso,BFA,2020,0.25035635,878.9815,21478640,Africa,2020,2023
Burkina Faso,BFA,2021,0.28593773,904.72614,21995205,Africa,2021,2023
Burundi,BDI,1985,0.04585458,158.48936,5034001,Africa,1985,2023
Burundi,BDI,1986,0.045716275,162.95457,5129377,Africa,1986,2023
Burundi,BDI,1987,0.047477826,183.78932,5247755,Africa,1987,2023
Burundi,BDI,1988,0.042340286,258.15503,5365292,Africa,1988,2023
Burundi,BDI,1989,0.048883244,281.16873,5471650,Africa,1989,2023
Burundi,BDI,1990,0.037380997,290.10657,5587010,Africa,1990,2023
Burundi,BDI,1991,0.041754518,320.63177,5703814,Africa,1991,2023
Burundi,BDI,1992,0.03690045,288.59033,5858357,Africa,1992,2023
Burundi,BDI,1993,0.04001689,334.3736,5676803,Africa,1993,2023
Burundi,BDI,1994,0.04104021,348.37958,5713811,Africa,1994,2023
Burundi,BDI,1995,0.0392597,316.6834,6066272,Africa,1995,2023
Burundi,BDI,1996,0.039836176,330.0235,6070462,Africa,1996,2023
Burundi,BDI,1997,0.04104651,330.46896,6069992,Africa,1997,2023
Burundi,BDI,1998,0.04026977,328.15482,6187073,Africa,1998,2023
Burundi,BDI,1999,0.03989459,315.766,6337100,Africa,1999,2023
Burundi,BDI,2000,0.041905668,261.95847,6470151,Africa,2000,2023
Burundi,BDI,2001,0.030927656,217.60869,6634321,Africa,2001,2023
Burundi,BDI,2002,0.03114146,200.19261,6824086,Africa,2002,2023
Burundi,BDI,2003,0.024450583,157.22882,7043104,Africa,2003,2023
Burundi,BDI,2004,0.027565438,174.65433,7310604,Africa,2004,2023
Burundi,BDI,2005,0.021731146,145.98683,7587267,Africa,2005,2023
Burundi,BDI,2006,0.023757419,163.21136,7865501,Africa,2006,2023
Burundi,BDI,2007,0.02289486,246.2004,8161832,Africa,2007,2023
Burundi,BDI,2008,0.023261875,155.42688,8505591,Africa,2008,2023
Burundi,BDI,2009,0.023750706,149.19579,8947608,Africa,2009,2023
Burundi,BDI,2010,0.035169173,199.67647,9376393,Africa,2010,2023
Burundi,BDI,2011,0.04260499,226.62114,9717923,Africa,2011,2023
Burundi,BDI,2012,0.038953602,205.98769,10070981,Africa,2012,2023
Burundi,BDI,2013,0.042117808,216.88063,10439290,Africa,2013,2023
Burundi,BDI,2014,0.03223039,196.12764,10799746,Africa,2014,2023
Burundi,BDI,2015,0.0321708,193.7544,11047534,Africa,2015,2023
Burundi,BDI,2016,0.038141485,208.42976,11239416,Africa,2016,2023
Burundi,BDI,2017,0.044579167,246.89967,11506721,Africa,2017,2023
Burundi,BDI,2018,0.05439388,290.7686,11859386,Africa,2018,2023
Burundi,BDI,2019,0.05620691,309.34055,12255290,Africa,2019,2023
Burundi,BDI,2020,0.058575917,289.06625,12616994,Africa,2020,2023
Burundi,BDI,2021,0.059800673,293.8886,12965439,Africa,2021,2023
Cambodia,KHM,1985,0.06911237,248.37184,6043723,Asia,1985,2023
Cambodia,KHM,1986,0.068783924,241.1216,6285655,Asia,1986,2023
Cambodia,KHM,1987,0.066486835,233.49458,6557930,Asia,1987,2023
Cambodia,KHM,1988,0.06615894,242.94678,6811959,Asia,1988,2023
Cambodia,KHM,1989,0.06371347,235.42989,7073418,Asia,1989,2023
Cambodia,KHM,1990,0.17091073,229.13377,7374704,Asia,1990,2023
Cambodia,KHM,1991,0.16969118,234.03383,7686811,Asia,1991,2023
Cambodia,KHM,1992,0.16619585,224.29364,8113030,Asia,1992,2023
Cambodia,KHM,1993,0.16074014,212.7902,8616342,Asia,1993,2023
Cambodia,KHM,1994,0.15426768,205.51372,9239109,Asia,1994,2023
Cambodia,KHM,1995,0.14958154,568.51733,10018456,Asia,1995,2023
Cambodia,KHM,1996,0.14043753,610.1345,10801215,Asia,1996,2023
Cambodia,KHM,1997,0.12666214,702.9782,11570940,Asia,1997,2023
Cambodia,KHM,1998,0.15557702,804.9414,12058131,Asia,1998,2023
Cambodia,KHM,1999,0.15443803,812.65686,12265683,Asia,1999,2023
Cambodia,KHM,2000,0.16052763,739.4555,12462304,Asia,2000,2023
Cambodia,KHM,2001,0.17656529,769.4097,12658434,Asia,2001,2023
Cambodia,KHM,2002,0.1673072,754.1447,12855203,Asia,2002,2023
Cambodia,KHM,2003,0.17265914,803.81635,13050916,Asia,2003,2023
Cambodia,KHM,2004,0.16930318,813.56445,13244689,Asia,2004,2023
Cambodia,KHM,2005,0.16439965,909.82135,13439152,Asia,2005,2023
Cambodia,KHM,2006,0.20873478,967.99585,13638973,Asia,2006,2023
Cambodia,KHM,2007,0.2520972,1116.1547,13841733,Asia,2007,2023
Cambodia,KHM,2008,0.2800757,1152.201,14053432,Asia,2008,2023
Cambodia,KHM,2009,0.3207576,1399.9335,14276762,Asia,2009,2023
Cambodia,KHM,2010,0.34920588,1591.3198,14500683,Asia,2010,2023
Cambodia,KHM,2011,0.3582737,1623.9176,14722537,Asia,2011,2023
Cambodia,KHM,2012,0.37308356,1783.7217,14945041,Asia,2012,2023
Cambodia,KHM,2013,0.37084213,1866.1189,15170170,Asia,2013,2023
Cambodia,KHM,2014,0.43509176,2031.7474,15396720,Asia,2014,2023
Cambodia,KHM,2015,0.524184,2299.249,15623205,Asia,2015,2023
Cambodia,KHM,2016,0.671632,2828.744,15852754,Asia,2016,2023
Cambodia,KHM,2017,0.7520279,2950.2996,16073324,Asia,2017,2023
Cambodia,KHM,2018,0.8561779,3674.9282,16274473,Asia,2018,2023
Cambodia,KHM,2019,1.1303334,4069.4607,16481244,Asia,2019,2023
Cambodia,KHM,2020,1.1380401,3918.6375,16725440,Asia,2020,2023
Cambodia,KHM,2021,1.1339663,4035.0813,16974258,Asia,2021,2023
Cameroon,CMR,1985,0.6628601,1948.5703,9761674,Africa,1985,2023
Cameroon,CMR,1986,0.19812684,2023.6652,10060303,Africa,1986,2023
Cameroon,CMR,1987,0.17771146,1861.7336,10370699,Africa,1987,2023
Cameroon,CMR,1988,0.20158885,1807.5314,10684921,Africa,1988,2023
Cameroon,CMR,1989,0.6887121,2035.6035,11002700,Africa,1989,2023
Cameroon,CMR,1990,0.22986639,1992.55,11331770,Africa,1990,2023
Cameroon,CMR,1991,0.22871427,1951.4609,11667134,Africa,1991,2023
Cameroon,CMR,1992,0.22590597,1903.3473,12006318,Africa,1992,2023
Cameroon,CMR,1993,0.23199089,1635.6674,12353076,Africa,1993,2023
Cameroon,CMR,1994,0.38408658,1696.9604,12704854,Africa,1994,2023
Cameroon,CMR,1995,0.41158506,1690.0479,13058470,Africa,1995,2023
Cameroon,CMR,1996,0.44538093,1637.8937,13414719,Africa,1996,2023
Cameroon,CMR,1997,0.39046934,1675.2683,13775169,Africa,1997,2023
Cameroon,CMR,1998,0.37986887,1631.682,14144808,Africa,1998,2023
Cameroon,CMR,1999,0.35934025,1557.3041,14525091,Africa,1999,2023
Cameroon,CMR,2000,0.37475514,1575.576,14912588,Africa,2000,2023
Cameroon,CMR,2001,0.363333,1529.8099,15309439,Africa,2001,2023
Cameroon,CMR,2002,0.34025288,1467.4718,15725487,Africa,2002,2023
Cameroon,CMR,2003,0.35300222,1529.6643,16160301,Africa,2003,2023
Cameroon,CMR,2004,0.34306493,1551.4,16610427,Africa,2004,2023
Cameroon,CMR,2005,0.31765744,1456.8976,17074551,Africa,2005,2023
Cameroon,CMR,2006,0.31258148,1606.5828,17550365,Africa,2006,2023
Cameroon,CMR,2007,0.4104949,1647.3816,18049854,Africa,2007,2023
Cameroon,CMR,2008,0.39413244,1625.477,18574008,Africa,2008,2023
Cameroon,CMR,2009,0.4475776,1695.7526,19113922,Africa,2009,2023
Cameroon,CMR,2010,0.42624137,1886.1508,19668016,Africa,2010,2023
Cameroon,CMR,2011,0.40059838,1931.2103,20232269,Africa,2011,2023
Cameroon,CMR,2012,0.36538035,1873.3829,20809477,Africa,2012,2023
Cameroon,CMR,2013,0.36675993,1600.2953,21402330,Africa,2013,2023
Cameroon,CMR,2014,0.39762333,1941.542,22059848,Africa,2014,2023
Cameroon,CMR,2015,0.43274176,1888.3931,22763375,Africa,2015,2023
Cameroon,CMR,2016,0.42486885,1785.7306,23454117,Africa,2016,2023
Cameroon,CMR,2017,0.39728317,1763.4426,24128563,Africa,2017,2023
Cameroon,CMR,2018,0.3969762,1746.7549,24806341,Africa,2018,2023
Cameroon,CMR,2019,0.37661535,1720.2494,25506047,Africa,2019,2023
Cameroon,CMR,2020,0.37067682,1758.1206,26210514,Africa,2020,2023
Cameroon,CMR,2021,0.35686532,1593.6196,26915707,Africa,2021,2023
Canada,CAN,1985,16.265356,110558.88,25927419,North America,1985,2023
Canada,CAN,1986,15.440394,110465.45,26210985,North America,1986,2023
Canada,CAN,1987,16.238434,112631.016,26540862,North America,1987,2023
Canada,CAN,1988,16.921827,115489.02,26927889,North America,1988,2023
Canada,CAN,1989,16.91461,114790.24,27365995,North America,1989,2023
Canada,CAN,1990,16.48165,108781.125,27789386,North America,1990,2023
Canada,CAN,1991,15.973096,107826,28157104,North America,1991,2023
Canada,CAN,1992,16.263037,109417.39,28500013,North America,1992,2023
Canada,CAN,1993,16.099571,110924.66,28830582,North America,1993,2023
Canada,CAN,1994,16.42108,113906.836,29147326,North America,1994,2023
Canada,CAN,1995,16.681225,115464.414,29459088,North America,1995,2023
Canada,CAN,1996,17.056673,117390.445,29767159,North America,1996,2023
Canada,CAN,1997,17.36656,116831.45,30059030,North America,1997,2023
Canada,CAN,1998,17.462479,114154.59,30329929,North America,1998,2023
Canada,CAN,1999,17.773731,116807.08,30599404,North America,1999,2023
Canada,CAN,2000,18.330502,118875.336,30891756,North America,2000,2023
Canada,CAN,2001,17.888409,115218.68,31213533,North America,2001,2023
Canada,CAN,2002,17.87598,117915.38,31535531,North America,2002,2023
Canada,CAN,2003,18.243011,117365.12,31836434,North America,2003,2023
Canada,CAN,2004,18.024137,118078.05,32132620,North America,2004,2023
Canada,CAN,2005,17.658834,117744.77,32440126,North America,2005,2023
Canada,CAN,2006,17.343971,115946.31,32759122,North America,2006,2023
Canada,CAN,2007,17.88609,119158.6,33092121,North America,2007,2023
Canada,CAN,2008,17.213346,116479.15,33449040,North America,2008,2023
Canada,CAN,2009,16.046993,110665.805,33826322,North America,2009,2023
Canada,CAN,2010,16.221796,110485.93,34196847,North America,2010,2023
Canada,CAN,2011,16.301949,113449.32,34555403,North America,2011,2023
Canada,CAN,2012,16.156395,112586.7,34922466,North America,2012,2023
Canada,CAN,2013,16.117868,114051.086,35293366,North America,2013,2023
Canada,CAN,2014,15.896765,113198.414,35634224,North America,2014,2023
Canada,CAN,2015,15.728859,112484.586,35962183,North America,2015,2023
Canada,CAN,2016,15.3733425,110318.586,36353292,North America,2016,2023
Canada,CAN,2017,15.474789,110470.54,36808448,North America,2017,2023
Canada,CAN,2018,15.527008,110439.84,37294942,North America,2018,2023
Canada,CAN,2019,15.404461,108410.72,37782884,North America,2019,2023
Canada,CAN,2020,13.795024,100866.02,38171851,North America,2020,2023
Canada,CAN,2021,14.050852,101349.1,38454011,North America,2021,2023
Canada,CAN,2022,14.183269,103290.68,38821209,North America,2022,2023
Canada,CAN,2023,13.977411,99916.4,39299053,North America,2023,2023
Cape Verde,CPV,1985,0.24263154,1844.1821,347325,Africa,1985,2023
Cape Verde,CPV,1986,0.16642112,558.9215,352263,Africa,1986,2023
Cape Verde,CPV,1987,0.22562839,585.9082,357260,Africa,1987,2023
Cape Verde,CPV,1988,0.20226946,798.8228,362289,Africa,1988,2023
Cape Verde,CPV,1989,0.21918523,960.03894,367762,Africa,1989,2023
Cape Verde,CPV,1990,0.478264,943.154,375391,Africa,1990,2023
Cape Verde,CPV,1991,0.42875642,922.5036,384554,Africa,1991,2023
Cape Verde,CPV,1992,0.4563933,1065.922,393380,Africa,1992,2023
Cape Verde,CPV,1993,0.42845058,1052.1656,401932,Africa,1993,2023
Cape Verde,CPV,1994,0.4287637,1220.7037,410184,Africa,1994,2023
Cape Verde,CPV,1995,0.47326386,1167.6123,418067,Africa,1995,2023
Cape Verde,CPV,1996,0.5080004,1286.9749,425543,Africa,1996,2023
Cape Verde,CPV,1997,0.52493685,1254.6431,432753,Africa,1997,2023
Cape Verde,CPV,1998,0.5499237,1234.1079,439741,Africa,1998,2023
Cape Verde,CPV,1999,0.6483053,1208.4539,446481,Africa,1999,2023
Cape Verde,CPV,2000,0.65473896,2981.49,453286,Africa,2000,2023
Cape Verde,CPV,2001,0.7562715,3263.9941,460258,Africa,2001,2023
Cape Verde,CPV,2002,0.8159465,3492.702,467011,Africa,2002,2023
Cape Verde,CPV,2003,0.8747087,3421.961,473337,Africa,2003,2023
Cape Verde,CPV,2004,0.88670063,3692.0017,479332,Africa,2004,2023
Cape Verde,CPV,2005,0.9215159,5685.298,485079,Africa,2005,2023
Cape Verde,CPV,2006,1.0080683,5967.698,490681,Africa,2006,2023
Cape Verde,CPV,2007,1.0191132,6573.914,496149,Africa,2007,2023
Cape Verde,CPV,2008,0.9355254,6589.2246,501314,Africa,2008,2023
Cape Verde,CPV,2009,1.0280461,6177.154,506094,Africa,2009,2023
Cape Verde,CPV,2010,1.0925491,6542.746,509751,Africa,2010,2023
Cape Verde,CPV,2011,1.2036511,7692.8916,511404,Africa,2011,2023
Cape Verde,CPV,2012,0.98056144,6820.0537,511919,Africa,2012,2023
Cape Verde,CPV,2013,0.96574855,6636.519,512183,Africa,2013,2023
Cape Verde,CPV,2014,0.9512592,7077.2563,512281,Africa,2014,2023
Cape Verde,CPV,2015,0.95827305,6915.403,512355,Africa,2015,2023
Cape Verde,CPV,2016,1.0437748,7142.143,512509,Africa,2016,2023
Cape Verde,CPV,2017,1.1216735,7489.2803,512848,Africa,2017,2023
Cape Verde,CPV,2018,1.113411,7495.767,513363,Africa,2018,2023
Cape Verde,CPV,2019,1.2259234,7383.928,514068,Africa,2019,2023
Cape Verde,CPV,2020,1.0038707,6949.681,514632,Africa,2020,2023
Cape Verde,CPV,2021,1.0567663,7249.497,516610,Africa,2021,2023
Central African Republic,CAF,1985,0.06198484,401.9314,2600894,Africa,1985,2023
Central African Republic,CAF,1986,0.061201032,486.00226,2634204,Africa,1986,2023
Central African Republic,CAF,1987,0.097465135,444.54547,2669098,Africa,1987,2023
Central African Republic,CAF,1988,0.085055076,438.8887,2713912,Africa,1988,2023
Central African Republic,CAF,1989,0.0894965,428.0613,2783930,Africa,1989,2023
Central African Republic,CAF,1990,0.06379112,441.40274,2871873,Africa,1990,2023
Central African Republic,CAF,1991,0.064299166,448.57892,2963149,Africa,1991,2023
Central African Republic,CAF,1992,0.06348648,417.9706,3058793,Africa,1992,2023
Central African Republic,CAF,1993,0.06265644,441.51712,3157792,Africa,1993,2023
Central African Republic,CAF,1994,0.064105175,448.81924,3257896,Africa,1994,2023
Central African Republic,CAF,1995,0.062379796,437.50137,3348007,Africa,1995,2023
Central African Republic,CAF,1996,0.061849903,446.845,3435931,Africa,1996,2023
Central African Republic,CAF,1997,0.061211064,434.48816,3531649,Africa,1997,2023
Central African Republic,CAF,1998,0.06058208,420.89172,3628796,Africa,1998,2023
Central African Republic,CAF,1999,0.06189521,409.53317,3729400,Africa,1999,2023
Central African Republic,CAF,2000,0.061172124,384.72043,3833380,Africa,2000,2023
Central African Republic,CAF,2001,0.06263337,386.3453,3919444,Africa,2001,2023
Central African Republic,CAF,2002,0.060364924,373.5856,4006035,Africa,2002,2023
Central African Republic,CAF,2003,0.054472808,342.82562,4103038,Africa,2003,2023
Central African Republic,CAF,2004,0.052432917,359.33325,4192786,Africa,2004,2023
Central African Republic,CAF,2005,0.050405223,352.1099,4288762,Africa,2005,2023
Central African Republic,CAF,2006,0.05189414,358.04587,4377527,Africa,2006,2023
Central African Republic,CAF,2007,0.051724393,349.30215,4462730,Africa,2007,2023
Central African Republic,CAF,2008,0.036166295,276.59943,4558941,Africa,2008,2023
Central African Republic,CAF,2009,0.035596307,260.59473,4529009,Africa,2009,2023
Central African Republic,CAF,2010,0.037512958,260.0182,4492954,Africa,2010,2023
Central African Republic,CAF,2011,0.04093419,279.48138,4564986,Africa,2011,2023
Central African Republic,CAF,2012,0.041322067,282.5135,4610805,Africa,2012,2023
Central African Republic,CAF,2013,0.025255984,206.79347,4642385,Africa,2013,2023
Central African Republic,CAF,2014,0.026946153,238.23833,4623146,Africa,2014,2023
Central African Republic,CAF,2015,0.038782712,297.00418,4629279,Africa,2015,2023
Central African Republic,CAF,2016,0.04197548,307.3053,4713609,Africa,2016,2023
Central African Republic,CAF,2017,0.045098074,301.66687,4793464,Africa,2017,2023
Central African Republic,CAF,2018,0.045061998,302.45892,4878612,Africa,2018,2023
Central African Republic,CAF,2019,0.045942098,299.18008,4944659,Africa,2019,2023
Central African Republic,CAF,2020,0.047380097,280.73853,5026583,Africa,2020,2023
Central African Republic,CAF,2021,0.04730473,286.1319,5112047,Africa,2021,2023
Chad,TCD,1985,0.035229206,133.38351,5096226,Africa,1985,2023
Chad,TCD,1986,0.035586156,223.6119,5251031,Africa,1986,2023
Chad,TCD,1987,0.036382172,191.76591,5438268,Africa,1987,2023
Chad,TCD,1988,0.011723648,112.62509,5625553,Africa,1988,2023
Chad,TCD,1989,0.017628876,119.4148,5819543,Africa,1989,2023
Chad,TCD,1990,0.063079566,243.53957,5982793,Africa,1990,2023
Chad,TCD,1991,0.06199531,229.64354,6205631,Africa,1991,2023
Chad,TCD,1992,0.06281519,220.75551,6474612,Africa,1992,2023
Chad,TCD,1993,0.0607986,103.54233,6629100,Africa,1993,2023
Chad,TCD,1994,0.06075192,110.72046,6783407,Africa,1994,2023
Chad,TCD,1995,0.06029205,105.96531,7089011,Africa,1995,2023
Chad,TCD,1996,0.059812866,101.65981,7410061,Africa,1996,2023
Chad,TCD,1997,0.059071407,106.112656,7670327,Africa,1997,2023
Chad,TCD,1998,0.058426905,102.55824,7938791,Africa,1998,2023
Chad,TCD,1999,0.058040258,99.053375,8222655,Africa,1999,2023
Chad,TCD,2000,0.057273246,124.966064,8512037,Africa,2000,2023
Chad,TCD,2001,0.057427317,116.015,8804068,Africa,2001,2023
Chad,TCD,2002,0.05786974,110.641914,9116146,Africa,2002,2023
Chad,TCD,2003,0.0930054,105.11012,9487772,Africa,2003,2023
Chad,TCD,2004,0.090981185,105.9355,9919974,Africa,2004,2023
Chad,TCD,2005,0.08962992,109.55552,10328047,Africa,2005,2023
Chad,TCD,2006,0.08975495,107.3414,10706385,Africa,2006,2023
Chad,TCD,2007,0.09826687,114.514046,11081609,Africa,2007,2023
Chad,TCD,2008,0.07602337,116.01666,11476247,Africa,2008,2023
Chad,TCD,2009,0.102242775,122.113625,11893711,Africa,2009,2023
Chad,TCD,2010,0.100385986,130.90942,12312535,Africa,2010,2023
Chad,TCD,2011,0.09980041,180.9343,12754948,Africa,2011,2023
Chad,TCD,2012,0.13193196,302.57126,13210954,Africa,2012,2023
Chad,TCD,2013,0.15181446,302.8611,13691034,Africa,2013,2023
Chad,TCD,2014,0.15383999,303.73856,14188639,Africa,2014,2023
Chad,TCD,2015,0.16055205,298.34583,14647574,Africa,2015,2023
Chad,TCD,2016,0.15709619,286.59064,15114606,Africa,2016,2023
Chad,TCD,2017,0.15004851,446.25546,15622715,Africa,2017,2023
Chad,TCD,2018,0.14752656,457.11847,16156480,Africa,2018,2023
Chad,TCD,2019,0.13781506,458.18085,16685179,Africa,2019,2023
Chad,TCD,2020,0.13680673,372.5109,17224636,Africa,2020,2023
Chad,TCD,2021,0.14977048,361.1612,17828225,Africa,2021,2023
Chile,CHL,1985,1.7177767,8915.816,12395228,South America,1985,2023
Chile,CHL,1986,1.7493569,9122.625,12588885,South America,1986,2023
Chile,CHL,1987,1.7521499,9426.156,12790094,South America,1987,2023
Chile,CHL,1988,2.0462496,10350.882,12999380,South America,1988,2023
Chile,CHL,1989,2.422847,11259.547,13214962,South America,1989,2023
Chile,CHL,1990,2.449042,11667.694,13437138,South America,1990,2023
Chile,CHL,1991,2.2610767,12901.113,13662434,South America,1991,2023
Chile,CHL,1992,2.3047705,14090.1,13884526,South America,1992,2023
Chile,CHL,1993,2.4179065,14660.837,14102219,South America,1993,2023
Chile,CHL,1994,2.6525784,15163.331,14316210,South America,1994,2023
Chile,CHL,1995,2.8609893,16108.677,14527329,South America,1995,2023
Chile,CHL,1996,3.2731285,16820.854,14734005,South America,1996,2023
Chile,CHL,1997,3.7463524,18978.543,14932385,South America,1997,2023
Chile,CHL,1998,3.7849958,18769.127,15127752,South America,1998,2023
Chile,CHL,1999,4.008547,19313.86,15319256,South America,1999,2023
Chile,CHL,2000,3.7734895,20023.135,15503580,South America,2000,2023
Chile,CHL,2001,3.3740773,20184.58,15683809,South America,2001,2023
Chile,CHL,2002,3.457938,20441.285,15857882,South America,2002,2023
Chile,CHL,2003,3.4384542,20334.662,16024700,South America,2003,2023
Chile,CHL,2004,3.658951,21494.553,16187270,South America,2004,2023
Chile,CHL,2005,3.7389753,22090.879,16348730,South America,2005,2023
Chile,CHL,2006,3.8797834,22631.893,16509144,South America,2006,2023
Chile,CHL,2007,4.227355,22387.78,16671520,South America,2007,2023
Chile,CHL,2008,4.189846,22165.26,16838934,South America,2008,2023
Chile,CHL,2009,3.8777807,21051.678,17009684,South America,2009,2023
Chile,CHL,2010,4.1525984,21403.44,17181416,South America,2010,2023
Chile,CHL,2011,4.499339,22459.62,17351762,South America,2011,2023
Chile,CHL,2012,4.54481,23224.074,17519067,South America,2012,2023
Chile,CHL,2013,4.6213045,23629.986,17686958,South America,2013,2023
Chile,CHL,2014,4.3433294,23154.375,17864143,South America,2014,2023
Chile,CHL,2015,4.5314765,23180.021,18047575,South America,2015,2023
Chile,CHL,2016,4.612125,23993.93,18267176,South America,2016,2023
Chile,CHL,2017,4.5336003,24517.238,18558817,South America,2017,2023
Chile,CHL,2018,4.4692864,25039.64,18893141,South America,2018,2023
Chile,CHL,2019,4.791046,24894.514,19197702,South America,2019,2023
Chile,CHL,2020,4.1391754,22925.926,19370563,South America,2020,2023
Chile,CHL,2021,4.29965,24462.756,19456275,South America,2021,2023
Chile,CHL,2022,4.221193,25684.15,19552984,South America,2022,2023
Chile,CHL,2023,3.9314575,25678.967,19658791,South America,2023,2023
China,CHN,1985,1.8853258,5800.9233,1059807770,Asia,1985,2023
China,CHN,1986,1.9533492,5979.108,1077233559,Asia,1986,2023
China,CHN,1987,2.059572,6336.5337,1096217389,Asia,1987,2023
China,CHN,1988,2.175213,6691.621,1115244112,Asia,1988,2023
China,CHN,1989,2.172552,6907.9116,1133990957,Asia,1989,2023
China,CHN,1990,2.1540327,6880.6626,1153582668,Asia,1990,2023
China,CHN,1991,2.2259326,7122.351,1170788481,Asia,1991,2023
China,CHN,1992,2.3052905,7411.3945,1184574195,Asia,1992,2023
China,CHN,1993,2.4401822,7908.6753,1197308522,Asia,1993,2023
China,CHN,1994,2.5671887,8323.468,1209003049,Asia,1994,2023
China,CHN,1995,2.755138,8498.712,1220133877,Asia,1995,2023
China,CHN,1996,2.8505082,8880.126,1230944759,Asia,1996,2023
China,CHN,1997,2.8325536,8871.482,1241139564,Asia,1997,2023
China,CHN,1998,2.6898472,8822.785,1250847078,Asia,1998,2023
China,CHN,1999,2.822838,9069.433,1260176600,Asia,1999,2023
China,CHN,2000,2.8743548,9334.936,1269581120,Asia,2000,2023
China,CHN,2001,2.9158025,9797.812,1278725010,Asia,2001,2023
China,CHN,2002,3.1884003,10602.087,1286866794,Asia,2002,2023
China,CHN,2003,3.7397096,12273.32,1294517277,Asia,2003,2023
China,CHN,2004,4.0068736,14272.745,1302100264,Asia,2004,2023
China,CHN,2005,4.4900646,16114.158,1310027084,Asia,2005,2023
China,CHN,2006,4.9272113,17552.79,1318053984,Asia,2006,2023
China,CHN,2007,5.267368,18955.223,1325813524,Asia,2007,2023
China,CHN,2008,5.6240664,19561.799,1333820960,Asia,2008,2023
China,CHN,2009,5.877799,20281.068,1342522666,Asia,2009,2023
China,CHN,2010,6.3782344,21551.547,1351561462,Asia,2010,2023
China,CHN,2011,7.0077763,23090.885,1360250601,Asia,2011,2023
China,CHN,2012,7.140667,23873.2,1369520822,Asia,2012,2023
China,CHN,2013,7.2199216,24600.36,1379007984,Asia,2013,2023
China,CHN,2014,7.1978407,25071.705,1387951920,Asia,2014,2023
China,CHN,2015,7.0648346,25210.303,1396134112,Asia,2015,2023
China,CHN,2016,6.9532394,25164.398,1404052581,Asia,2016,2023
China,CHN,2017,7.084865,25987.383,1412354694,Asia,2017,2023
China,CHN,2018,7.2818375,27104.984,1419008910,Asia,2018,2023
China,CHN,2019,7.5264006,28264.688,1423520298,Asia,2019,2023
China,CHN,2020,7.6471825,29119.828,1426106040,Asia,2020,2023
China,CHN,2021,8.025529,30750.547,1426437224,Asia,2021,2023
China,CHN,2022,7.964287,31220.076,1425179509,Asia,2022,2023
China,CHN,2023,8.366814,33266.83,1422584878,Asia,2023,2023
Colombia,COL,1985,1.642709,7483.1655,29268416,South America,1985,2023
Colombia,COL,1986,1.6317208,7675.6514,29879060,South America,1986,2023
Colombia,COL,1987,1.6434406,8210.648,30499419,South America,1987,2023
Colombia,COL,1988,1.6747142,8033.2227,31130481,South America,1988,2023
Colombia,COL,1989,1.6705023,8285.066,31776227,South America,1989,2023
Colombia,COL,1990,1.7539368,7744.489,32440020,South America,1990,2023
Colombia,COL,1991,1.7116902,7789.251,33098327,South America,1991,2023
Colombia,COL,1992,1.8214965,7911.416,33760526,South America,1992,2023
Colombia,COL,1993,1.8390003,8441.098,34441431,South America,1993,2023
Colombia,COL,1994,1.908409,8964.032,35127363,South America,1994,2023
Colombia,COL,1995,1.6595831,8999.828,35804622,South America,1995,2023
Colombia,COL,1996,1.6431228,9188.513,36462687,South America,1996,2023
Colombia,COL,1997,1.7579273,9175.434,37121106,South America,1997,2023
Colombia,COL,1998,1.7410719,9132.335,37792117,South America,1998,2023
Colombia,COL,1999,1.4426227,8367.868,38454817,South America,1999,2023
Colombia,COL,2000,1.4477241,8011.8135,39089879,South America,2000,2023
Colombia,COL,2001,1.4316118,7953.855,39709209,South America,2001,2023
Colombia,COL,2002,1.3862796,7834.47,40324632,South America,2002,2023
Colombia,COL,2003,1.4016063,7863.652,40937378,South America,2003,2023
Colombia,COL,2004,1.3154225,8152.3345,41543134,South America,2004,2023
Colombia,COL,2005,1.4280355,7917.907,42128928,South America,2005,2023
Colombia,COL,2006,1.4594254,9024.093,42691022,South America,2006,2023
Colombia,COL,2007,1.3991219,9058.002,43235327,South America,2007,2023
Colombia,COL,2008,1.5302994,9322.767,43758748,South America,2008,2023
Colombia,COL,2009,1.6367329,9111.861,44271496,South America,2009,2023
Colombia,COL,2010,1.7032403,9474.296,44777278,South America,2010,2023
Colombia,COL,2011,1.6841562,9794.911,45259560,South America,2011,2023
Colombia,COL,2012,1.7555273,10308.172,45715766,South America,2012,2023
Colombia,COL,2013,1.90903,10490.081,46151536,South America,2013,2023
Colombia,COL,2014,2.0203397,10938.481,46565374,South America,2014,2023
Colombia,COL,2015,2.0877993,10259.04,46969894,South America,2015,2023
Colombia,COL,2016,1.9859419,11435.303,47437468,South America,2016,2023
Colombia,COL,2017,1.7994725,11368.834,48131023,South America,2017,2023
Colombia,COL,2018,1.7691385,11332.247,49024413,South America,2018,2023
Colombia,COL,2019,1.893445,11221.787,49907932,South America,2019,2023
Colombia,COL,2020,1.7723011,10064.389,50629945,South America,2020,2023
Colombia,COL,2021,1.842679,11156.515,51188120,South America,2021,2023
Colombia,COL,2022,1.8998168,11760.556,51737891,South America,2022,2023
Colombia,COL,2023,2.0114,12028.095,52321104,South America,2023,2023
Comoros,COM,1985,0.122661404,508.76382,388321,Africa,1985,2023
Comoros,COM,1986,0.110117935,277.0622,399281,Africa,1986,2023
Comoros,COM,1987,0.116065204,567.8705,410390,Africa,1987,2023
Comoros,COM,1988,0.12165655,553.02325,421646,Africa,1988,2023
Comoros,COM,1989,0.11845119,537.17206,433056,Africa,1989,2023
Comoros,COM,1990,0.14835477,618.34906,444556,Africa,1990,2023
Comoros,COM,1991,0.14478366,581.8266,455521,Africa,1991,2023
Comoros,COM,1992,0.14968768,569.0778,465075,Africa,1992,2023
Comoros,COM,1993,0.15471862,555.246,473634,Africa,1993,2023
Comoros,COM,1994,0.15200292,543.34015,482096,Africa,1994,2023
Comoros,COM,1995,0.15685444,531.4235,490544,Africa,1995,2023
Comoros,COM,1996,0.16151674,521.5357,499069,Africa,1996,2023
Comoros,COM,1997,0.16597831,509.2716,507729,Africa,1997,2023
Comoros,COM,1998,0.17732625,607.3668,516562,Africa,1998,2023
Comoros,COM,1999,0.18116331,595.3226,525846,Africa,1999,2023
Comoros,COM,2000,0.19139013,816.7021,536036,Africa,2000,2023
Comoros,COM,2001,0.19419193,835.32465,547170,Africa,2001,2023
Comoros,COM,2002,0.19012447,823.61163,558876,Africa,2002,2023
Comoros,COM,2003,0.23794003,1032.1368,569757,Africa,2003,2023
Comoros,COM,2004,0.25240114,1111.6262,580663,Africa,2004,2023
Comoros,COM,2005,0.241123,1046.9846,592627,Africa,2005,2023
Comoros,COM,2006,0.27266142,1194.3715,604706,Africa,2006,2023
Comoros,COM,2007,0.1722466,773.59,616883,Africa,2007,2023
Comoros,COM,2008,0.17467915,772.8585,629268,Africa,2008,2023
Comoros,COM,2009,0.21119833,923.4804,641899,Africa,2009,2023
Comoros,COM,2010,0.24620949,1074.1965,654792,Africa,2010,2023
Comoros,COM,2011,0.21390848,944.7761,668024,Africa,2011,2023
Comoros,COM,2012,0.22577664,961.3801,681594,Africa,2012,2023
Comoros,COM,2013,0.26315904,1122.8319,696157,Africa,2013,2023
Comoros,COM,2014,0.22659819,981.591,711462,Africa,2014,2023
Comoros,COM,2015,0.24708104,1036.3783,726628,Africa,2015,2023
Comoros,COM,2016,0.2815828,1189.0542,741693,Africa,2016,2023
Comoros,COM,2017,0.3438211,1492.4838,756626,Africa,2017,2023
Comoros,COM,2018,0.37041378,1593.2856,771548,Africa,2018,2023
Comoros,COM,2019,0.3959646,1685.7296,786535,Africa,2019,2023
Comoros,COM,2020,0.46592182,1578.0629,802126,Africa,2020,2023
Comoros,COM,2021,0.6090746,1633.7837,818133,Africa,2021,2023
Congo,COG,1985,0.6192584,2362.8037,2059276,Africa,1985,2023
Congo,COG,1986,0.50098985,2105.7915,2120548,Africa,1986,2023
Congo,COG,1987,0.6045969,2475.496,2183425,Africa,1987,2023
Congo,COG,1988,0.6642358,1945.4266,2247607,Africa,1988,2023
Congo,COG,1989,0.6464736,2190.059,2313516,Africa,1989,2023
Congo,COG,1990,0.42339945,2366.1453,2380511,Africa,1990,2023
Congo,COG,1991,0.44210425,2105.0857,2449187,Africa,1991,2023
Congo,COG,1992,0.51168936,1959.0256,2519425,Africa,1992,2023
Congo,COG,1993,0.4471718,1715.5283,2595072,Africa,1993,2023
Congo,COG,1994,1.2659019,1580.9585,2673098,Africa,1994,2023
Congo,COG,1995,1.1728568,1573.03,2749415,Africa,1995,2023
Congo,COG,1996,1.4282908,1628.3007,2826743,Africa,1996,2023
Congo,COG,1997,1.672744,1556.0985,2887813,Africa,1997,2023
Congo,COG,1998,1.3107198,1419.1056,2952019,Africa,1998,2023
Congo,COG,1999,1.2910635,1156.2103,3032832,Africa,1999,2023
Congo,COG,2000,1.3595166,1227.4918,3151304,Africa,2000,2023
Congo,COG,2001,1.2766454,1451.1962,3272488,Africa,2001,2023
Congo,COG,2002,0.81184644,1311.9222,3350736,Africa,2002,2023
Congo,COG,2003,0.9455596,1459.1665,3445696,Africa,2003,2023
Congo,COG,2004,0.9952582,1496.1375,3565514,Africa,2004,2023
Congo,COG,2005,1.1774173,1950.9672,3696336,Africa,2005,2023
Congo,COG,2006,1.247178,2240.8157,3837364,Africa,2006,2023
Congo,COG,2007,1.0700765,2657.6838,3980380,Africa,2007,2023
Congo,COG,2008,1.0381178,2926.5042,4113468,Africa,2008,2023
Congo,COG,2009,1.1547453,3411.898,4281163,Africa,2009,2023
Congo,COG,2010,1.2325504,4460.019,4462246,Africa,2010,2023
Congo,COG,2011,1.0947438,5186.757,4609682,Africa,2011,2023
Congo,COG,2012,1.0585629,5174.5054,4740414,Africa,2012,2023
Congo,COG,2013,1.2127465,6385.8984,4857053,Africa,2013,2023
Congo,COG,2014,1.0995314,5931.7676,4975835,Africa,2014,2023
Congo,COG,2015,1.1057667,5841.056,5097532,Africa,2015,2023
Congo,COG,2016,1.0970358,5449.973,5222495,Africa,2016,2023
Congo,COG,2017,1.0563734,3985.2053,5350964,Africa,2017,2023
Congo,COG,2018,1.1939441,3605.2744,5483090,Africa,2018,2023
Congo,COG,2019,1.2985791,2873.82,5616598,Africa,2019,2023
Congo,COG,2020,1.334546,2379.556,5752741,Africa,2020,2023
Congo,COG,2021,1.2583876,2348.0115,5892137,Africa,2021,2023
Cook Islands,COK,1985,1.3074042,14680.148,16815,Oceania,1985,2023
Cook Islands,COK,1986,1.3248961,11116.093,16593,Oceania,1986,2023
Cook Islands,COK,1987,1.3280976,11076.529,16553,Oceania,1987,2023
Cook Islands,COK,1988,1.3139681,10988.224,16731,Oceania,1988,2023
Cook Islands,COK,1989,1.2991372,10837.8955,16922,Oceania,1989,2023
Cook Islands,COK,1990,2.5704765,10708.323,17105,Oceania,1990,2023
Cook Islands,COK,1991,2.5429728,7285.417,17290,Oceania,1991,2023
Cook Islands,COK,1992,2.5195117,10549.842,17451,Oceania,1992,2023
Cook Islands,COK,1993,2.7109847,10459.976,17570,Oceania,1993,2023
Cook Islands,COK,1994,2.6967106,10401.423,17663,Oceania,1994,2023
Cook Islands,COK,1995,2.6831906,10356.9,17752,Oceania,1995,2023
Cook Islands,COK,1996,2.8761425,10347.4,17835,Oceania,1996,2023
Cook Islands,COK,1997,2.9143798,10446.15,17601,Oceania,1997,2023
Cook Islands,COK,1998,2.7931743,10760.266,17053,Oceania,1998,2023
Cook Islands,COK,1999,3.1164033,11130.868,16460,Oceania,1999,2023
Cook Islands,COK,2000,3.2389972,17201.518,15837,Oceania,2000,2023
Cook Islands,COK,2001,3.3727398,17050.652,15209,Oceania,2001,2023
Cook Islands,COK,2002,2.942578,9404.955,14942,Oceania,2002,2023
Cook Islands,COK,2003,3.4190495,8645.277,15003,Oceania,2003,2023
Cook Islands,COK,2004,3.6501296,14629.907,15057,Oceania,2004,2023
Cook Islands,COK,2005,4.1236677,23369.021,15105,Oceania,2005,2023
Cook Islands,COK,2006,4.3398037,24806.082,15197,Oceania,2006,2023
Cook Islands,COK,2007,4.2623925,20515.166,15473,Oceania,2007,2023
Cook Islands,COK,2008,4.1333666,20346.406,15956,Oceania,2008,2023
Cook Islands,COK,2009,4.008509,18107.172,16453,Oceania,2009,2023
Cook Islands,COK,2010,4.3222837,20785.795,16954,Oceania,2010,2023
Cook Islands,COK,2011,4.6241393,22592.518,17432,Oceania,2011,2023
Cook Islands,COK,2012,4.777866,23641.826,17638,Oceania,2012,2023
Cook Islands,COK,2013,4.7958117,23739.312,17572,Oceania,2013,2023
Cook Islands,COK,2014,4.602752,25269.025,17513,Oceania,2014,2023
Cook Islands,COK,2015,4.415218,23834.23,17427,Oceania,2015,2023
Cook Islands,COK,2016,4.0217214,25052.822,17310,Oceania,2016,2023
Cook Islands,COK,2017,4.5184097,27209.463,17029,Oceania,2017,2023
Cook Islands,COK,2018,4.6390934,28924.502,16586,Oceania,2018,2023
Cook Islands,COK,2019,4.77735,29246.834,16106,Oceania,2019,2023
Cook Islands,COK,2020,4.222279,27636.979,15620,Oceania,2020,2023
Cook Islands,COK,2021,4.5926905,28943.293,15158,Oceania,2021,2023
Costa Rica,CRI,1985,0.81785965,6311.7964,2741858,North America,1985,2023
Costa Rica,CRI,1986,0.914938,5994.962,2817168,North America,1986,2023
Costa Rica,CRI,1987,0.9416526,6458.797,2892639,North America,1987,2023
Costa Rica,CRI,1988,0.9790674,6807.6157,2968051,North America,1988,2023
Costa Rica,CRI,1989,0.96371937,7222.24,3043775,North America,1989,2023
Costa Rica,CRI,1990,0.93316454,6896.66,3121652,North America,1990,2023
Costa Rica,CRI,1991,1.0267868,7176.9844,3202139,North America,1991,2023
Costa Rica,CRI,1992,1.1393496,8265.608,3284214,North America,1992,2023
Costa Rica,CRI,1993,1.1554636,8771.873,3367386,North America,1993,2023
Costa Rica,CRI,1994,1.5067313,8673.12,3451080,North America,1994,2023
Costa Rica,CRI,1995,1.3580168,8610.148,3535133,North America,1995,2023
Costa Rica,CRI,1996,1.2949463,8493.361,3618974,North America,1996,2023
Costa Rica,CRI,1997,1.3281016,9324.7295,3701661,North America,1997,2023
Costa Rica,CRI,1998,1.3836629,9361.015,3782786,North America,1998,2023
Costa Rica,CRI,1999,1.4079974,10529.213,3862057,North America,1999,2023
Costa Rica,CRI,2000,1.3698102,10699.309,3937679,North America,2000,2023
Costa Rica,CRI,2001,1.4134953,10693.142,4008904,North America,2001,2023
Costa Rica,CRI,2002,1.5323646,10944.455,4075662,North America,2002,2023
Costa Rica,CRI,2003,1.590468,10991.341,4138747,North America,2003,2023
Costa Rica,CRI,2004,1.628959,11161.785,4200031,North America,2004,2023
Costa Rica,CRI,2005,1.577824,11431.702,4261187,North America,2005,2023
Costa Rica,CRI,2006,1.6214393,11759.994,4321299,North America,2006,2023
Costa Rica,CRI,2007,1.817438,12253.692,4380199,North America,2007,2023
Costa Rica,CRI,2008,1.7995332,12241.504,4440009,North America,2008,2023
Costa Rica,CRI,2009,1.721821,11747.936,4499743,North America,2009,2023
Costa Rica,CRI,2010,1.6445944,11786.667,4555924,North America,2010,2023
Costa Rica,CRI,2011,1.5859368,11703.091,4609777,North America,2011,2023
Costa Rica,CRI,2012,1.5566587,11673.354,4663890,North America,2012,2023
Costa Rica,CRI,2013,1.6181831,11618.479,4716102,North America,2013,2023
Costa Rica,CRI,2014,1.6253791,11726.931,4767078,North America,2014,2023
Costa Rica,CRI,2015,1.537158,12110.349,4817996,North America,2015,2023
Costa Rica,CRI,2016,1.6141378,12301.996,4866954,North America,2016,2023
Costa Rica,CRI,2017,1.6341954,12649.783,4913126,North America,2017,2023
Costa Rica,CRI,2018,1.6161269,12802.764,4957764,North America,2018,2023
Costa Rica,CRI,2019,1.5398297,13012.45,4999502,North America,2019,2023
Costa Rica,CRI,2020,1.344883,11486.324,5034273,North America,2020,2023
Costa Rica,CRI,2021,1.5113176,11957.598,5059939,North America,2021,2023
Cote d'Ivoire,CIV,1985,0.69554603,2271.855,10040434,Africa,1985,2023
Cote d'Ivoire,CIV,1986,0.53411275,2236.5427,10440882,Africa,1986,2023
Cote d'Ivoire,CIV,1987,0.6773285,2373.7676,10851431,Africa,1987,2023
Cote d'Ivoire,CIV,1988,0.78088534,2378.4932,11275141,Africa,1988,2023
Cote d'Ivoire,CIV,1989,0.70530576,2298.5596,11719717,Africa,1989,2023
Cote d'Ivoire,CIV,1990,0.3922582,1906.4135,12189726,Africa,1990,2023
Cote d'Ivoire,CIV,1991,0.33971348,1552.1063,12683818,Africa,1991,2023
Cote d'Ivoire,CIV,1992,0.2911712,1451.9905,13200262,Africa,1992,2023
Cote d'Ivoire,CIV,1993,0.37077698,1573.744,13735912,Africa,1993,2023
Cote d'Ivoire,CIV,1994,0.28928006,1566.4491,14287165,Africa,1994,2023
Cote d'Ivoire,CIV,1995,0.41905874,1649.6793,14855524,Africa,1995,2023
Cote d'Ivoire,CIV,1996,0.4873639,1852.8447,15442278,Africa,1996,2023
Cote d'Ivoire,CIV,1997,0.4493789,1826.5453,16047122,Africa,1997,2023
Cote d'Ivoire,CIV,1998,0.4053965,1782.8949,16663896,Africa,1998,2023
Cote d'Ivoire,CIV,1999,0.35385394,2235.8508,17215892,Africa,1999,2023
Cote d'Ivoire,CIV,2000,0.37480024,2188.067,17698956,Africa,2000,2023
Cote d'Ivoire,CIV,2001,0.42080086,2111.73,18178863,Africa,2001,2023
Cote d'Ivoire,CIV,2002,0.39937147,2001.7079,18654725,Africa,2002,2023
Cote d'Ivoire,CIV,2003,0.27714443,1761.555,19125498,Africa,2003,2023
Cote d'Ivoire,CIV,2004,0.37694725,1840.8789,19594946,Africa,2004,2023
Cote d'Ivoire,CIV,2005,0.3769282,1998.9595,20068424,Africa,2005,2023
Cote d'Ivoire,CIV,2006,0.33519825,1668.9751,20546760,Africa,2006,2023
Cote d'Ivoire,CIV,2007,0.3163626,1748.4128,21030520,Africa,2007,2023
Cote d'Ivoire,CIV,2008,0.31200534,1882.8339,21514392,Africa,2008,2023
Cote d'Ivoire,CIV,2009,0.2572949,1799.5533,21997883,Africa,2009,2023
Cote d'Ivoire,CIV,2010,0.27680278,1801.9209,22488019,Africa,2010,2023
Cote d'Ivoire,CIV,2011,0.28383884,1642.3796,22981949,Africa,2011,2023
Cote d'Ivoire,CIV,2012,0.3639151,1962.973,23467041,Africa,2012,2023
Cote d'Ivoire,CIV,2013,0.40433925,2129.4614,23939724,Africa,2013,2023
Cote d'Ivoire,CIV,2014,0.40376273,2198.2737,24527339,Africa,2014,2023
Cote d'Ivoire,CIV,2015,0.3784612,2129.5317,25246300,Africa,2015,2023
Cote d'Ivoire,CIV,2016,0.46106344,2356.6304,25989364,Africa,2016,2023
Cote d'Ivoire,CIV,2017,0.4489491,2288.7317,26733332,Africa,2017,2023
Cote d'Ivoire,CIV,2018,0.37922928,2235.9863,27464125,Africa,2018,2023
Cote d'Ivoire,CIV,2019,0.37367776,2360.1208,28192957,Africa,2019,2023
Cote d'Ivoire,CIV,2020,0.38095695,2282.348,28915402,Africa,2020,2023
Cote d'Ivoire,CIV,2021,0.46117318,2370.5964,29639680,Africa,2021,2023
Croatia,HRV,1990,4.730995,20686.525,4835027,Europe,1990,2023
Croatia,HRV,1991,3.521719,17295.715,4825112,Europe,1991,2023
Croatia,HRV,1992,3.424156,16781.605,4782191,Europe,1992,2023
Croatia,HRV,1993,3.5536728,17528.975,4729691,Europe,1993,2023
Croatia,HRV,1994,3.433139,17608.57,4675467,Europe,1994,2023
Croatia,HRV,1995,3.6393602,18274.979,4619314,Europe,1995,2023
Croatia,HRV,1996,3.7998693,19804.262,4562239,Europe,1996,2023
Croatia,HRV,1997,4.1217732,19815.602,4504575,Europe,1997,2023
Croatia,HRV,1998,4.282578,21187.268,4445622,Europe,1998,2023
Croatia,HRV,1999,4.5787673,22173.107,4385771,Europe,1999,2023
Croatia,HRV,2000,4.5427685,21227.025,4326056,Europe,2000,2023
Croatia,HRV,2001,4.8304753,22525.262,4301031,Europe,2001,2023
Croatia,HRV,2002,5.089973,22668.963,4305729,Europe,2002,2023
Croatia,HRV,2003,5.3933907,23832.379,4306636,Europe,2003,2023
Croatia,HRV,2004,5.302659,24877.861,4310013,Europe,2004,2023
Croatia,HRV,2005,5.400675,24671.021,4313901,Europe,2005,2023
Croatia,HRV,2006,5.4449663,24436.512,4315751,Europe,2006,2023
Croatia,HRV,2007,5.7472677,24617.822,4315907,Europe,2007,2023
Croatia,HRV,2008,5.4513054,24549.996,4314591,Europe,2008,2023
Croatia,HRV,2009,5.0473332,24300.623,4310491,Europe,2009,2023
Croatia,HRV,2010,4.8792653,24781.908,4301108,Europe,2010,2023
Croatia,HRV,2011,4.817025,21703.076,4280782,Europe,2011,2023
Croatia,HRV,2012,4.47417,20222.29,4259181,Europe,2012,2023
Croatia,HRV,2013,4.3386483,22296.646,4242353,Europe,2013,2023
Croatia,HRV,2014,4.184725,22411.174,4219439,Europe,2014,2023
Croatia,HRV,2015,4.255345,21392.176,4183681,Europe,2015,2023
Croatia,HRV,2016,4.373376,22428.08,4136388,Europe,2016,2023
Croatia,HRV,2017,4.5889683,22608.02,4079152,Europe,2017,2023
Croatia,HRV,2018,4.39835,23593.492,4024820,Europe,2018,2023
Croatia,HRV,2019,4.472901,23200.729,3986292,Europe,2019,2023
Croatia,HRV,2020,4.2696104,22304.447,3953898,Europe,2020,2023
Croatia,HRV,2021,4.436339,24213.969,3924558,Europe,2021,2023
Croatia,HRV,2022,4.5068507,23116.37,3906988,Europe,2022,2023
Croatia,HRV,2023,4.497998,25236.2,3895973,Europe,2023,2023
Cuba,CUB,1985,3.205225,14021.914,10157180,North America,1985,2023
Cuba,CUB,1986,3.2747066,14268.7295,10244201,North America,1986,2023
Cuba,CUB,1987,3.2832427,13930.179,10335288,North America,1987,2023
Cuba,CUB,1988,3.413976,13997.797,10432542,North America,1988,2023
Cuba,CUB,1989,3.3910933,14136.041,10533199,North America,1989,2023
Cuba,CUB,1990,2.7886682,13711.038,10631749,North America,1990,2023
Cuba,CUB,1991,2.5351033,12654.743,10717592,North America,1991,2023
Cuba,CUB,1992,1.9092884,11187.328,10785760,North America,1992,2023
Cuba,CUB,1993,1.8285018,10875.773,10840991,North America,1993,2023
Cuba,CUB,1994,1.9642097,10947.53,10885965,North America,1994,2023
Cuba,CUB,1995,2.0901103,11120.69,10925320,North America,1995,2023
Cuba,CUB,1996,2.1285377,11429.737,10961962,North America,1996,2023
Cuba,CUB,1997,2.2557955,12538.545,10997881,North America,1997,2023
Cuba,CUB,1998,2.201603,11889.271,11034670,North America,1998,2023
Cuba,CUB,1999,2.2097824,10253.048,11072180,North America,1999,2023
Cuba,CUB,2000,2.2760184,9883.993,11109058,North America,2000,2023
Cuba,CUB,2001,2.2147143,9075.244,11144073,North America,2001,2023
Cuba,CUB,2002,2.2504017,9158.403,11177376,North America,2002,2023
Cuba,CUB,2003,2.2810478,9271.938,11209330,North America,2003,2023
Cuba,CUB,2004,2.1841457,9365.984,11238704,North America,2004,2023
Cuba,CUB,2005,2.2798462,9199.146,11262507,North America,2005,2023
Cuba,CUB,2006,2.3748877,8954.739,11278506,North America,2006,2023
Cuba,CUB,2007,2.2790558,9036.614,11287227,North America,2007,2023
Cuba,CUB,2008,2.4565086,10330.99,11291718,North America,2008,2023
Cuba,CUB,2009,2.4632046,10402.473,11294665,North America,2009,2023
Cuba,CUB,2010,2.9244342,11812.895,11297363,North America,2010,2023
Cuba,CUB,2011,2.5720735,10603.101,11301523,North America,2011,2023
Cuba,CUB,2012,2.607758,11529.463,11303128,North America,2012,2023
Cuba,CUB,2013,2.4692397,11073.984,11298111,North America,2013,2023
Cuba,CUB,2014,2.4251842,11257.336,11285740,North America,2014,2023
Cuba,CUB,2015,2.580158,11280.011,11275017,North America,2015,2023
Cuba,CUB,2016,2.464907,8800.3,11265570,North America,2016,2023
Cuba,CUB,2017,2.18412,9358.279,11247779,North America,2017,2023
Cuba,CUB,2018,2.0503552,9819.157,11227064,North America,2018,2023
Cuba,CUB,2019,2.0079126,9606.213,11202800,North America,2019,2023
Cuba,CUB,2020,1.9037757,9007.181,11176301,North America,2020,2023
Cuba,CUB,2021,2.027723,9229.538,11122126,North America,2021,2023
Cyprus,CYP,1985,4.3009405,18540.295,731234,Europe,1985,2023
Cyprus,CYP,1986,4.85295,19024.035,743067,Europe,1986,2023
Cyprus,CYP,1987,5.54491,22887.57,754738,Europe,1987,2023
Cyprus,CYP,1988,5.478476,23283.676,766191,Europe,1988,2023
Cyprus,CYP,1989,5.698317,23549.455,777376,Europe,1989,2023
Cyprus,CYP,1990,5.890969,24444.53,788307,Europe,1990,2023
Cyprus,CYP,1991,6.4238877,24418.672,798903,Europe,1991,2023
Cyprus,CYP,1992,6.792791,28128.943,810293,Europe,1992,2023
Cyprus,CYP,1993,6.958514,28680.846,825997,Europe,1993,2023
Cyprus,CYP,1994,7.091893,28103.857,844610,Europe,1994,2023
Cyprus,CYP,1995,6.7932563,29255.701,862642,Europe,1995,2023
Cyprus,CYP,1996,7.0548854,29094.268,880238,Europe,1996,2023
Cyprus,CYP,1997,7.015059,28804.803,897532,Europe,1997,2023
Cyprus,CYP,1998,7.2063613,30007.21,914503,Europe,1998,2023
Cyprus,CYP,1999,7.3630276,31000.758,931194,Europe,1999,2023
Cyprus,CYP,2000,7.494742,31912.982,947619,Europe,2000,2023
Cyprus,CYP,2001,7.2359786,31725.172,964078,Europe,2001,2023
Cyprus,CYP,2002,7.3029137,30732.92,981398,Europe,2002,2023
Cyprus,CYP,2003,7.56069,32076.912,999549,Europe,2003,2023
Cyprus,CYP,2004,7.6503687,30655.473,1017824,Europe,2004,2023
Cyprus,CYP,2005,7.68084,33741.973,1036110,Europe,2005,2023
Cyprus,CYP,2006,7.7637644,32604.191,1054370,Europe,2006,2023
Cyprus,CYP,2007,7.928219,32579.771,1072674,Europe,2007,2023
Cyprus,CYP,2008,7.989783,32822.43,1090985,Europe,2008,2023
Cyprus,CYP,2009,7.636368,31506.953,1109330,Europe,2009,2023
Cyprus,CYP,2010,7.184269,30146.273,1127771,Europe,2010,2023
Cyprus,CYP,2011,6.7939243,29451.955,1146448,Europe,2011,2023
Cyprus,CYP,2012,6.2332525,27326.793,1165359,Europe,2012,2023
Cyprus,CYP,2013,5.561407,24232.332,1183847,Europe,2013,2023
Cyprus,CYP,2014,5.7849126,24039.48,1201763,Europe,2014,2023
Cyprus,CYP,2015,5.718032,24580.83,1219450,Europe,2015,2023
Cyprus,CYP,2016,5.9616704,26494.055,1237065,Europe,2016,2023
Cyprus,CYP,2017,5.9838886,26971.416,1254213,Europe,2017,2023
Cyprus,CYP,2018,5.7629395,26633.77,1270700,Europe,2018,2023
Cyprus,CYP,2019,5.70816,26442.418,1286615,Europe,2019,2023
Cyprus,CYP,2020,5.3869967,22852.852,1302202,Europe,2020,2023
Cyprus,CYP,2021,5.443375,23985.012,1317269,Europe,2021,2023
Cyprus,CYP,2022,5.40629,25309.33,1331324,Europe,2022,2023
Cyprus,CYP,2023,5.3342433,25469.945,1344937,Europe,2023,2023
Czechia,CZE,1985,17.913465,61297.793,10305087,Europe,1985,2023
Czechia,CZE,1986,18.036556,61979.355,10304323,Europe,1986,2023
Czechia,CZE,1987,17.823423,63410.016,10303375,Europe,1987,2023
Czechia,CZE,1988,17.526455,63674.707,10305395,Europe,1988,2023
Czechia,CZE,1989,16.722105,61720.62,10305562,Europe,1989,2023
Czechia,CZE,1990,15.943648,53075.812,10301937,Europe,1990,2023
Czechia,CZE,1991,14.448567,48298.723,10304363,Europe,1991,2023
Czechia,CZE,1992,14.129174,46841.38,10312408,Europe,1992,2023
Czechia,CZE,1993,13.577452,46412.75,10320353,Europe,1993,2023
Czechia,CZE,1994,12.852591,45199.21,10322286,Europe,1994,2023
Czechia,CZE,1995,12.764021,47151.668,10311979,Europe,1995,2023
Czechia,CZE,1996,13.113599,48847.99,10296088,Europe,1996,2023
Czechia,CZE,1997,12.737529,46922.652,10279996,Europe,1997,2023
Czechia,CZE,1998,12.246591,45623.383,10265381,Europe,1998,2023
Czechia,CZE,1999,11.381155,43807.26,10251335,Europe,1999,2023
Czechia,CZE,2000,12.429346,46362.2,10236753,Europe,2000,2023
Czechia,CZE,2001,12.42629,47434.9,10231897,Europe,2001,2023
Czechia,CZE,2002,12.106914,47543.316,10239426,Europe,2002,2023
Czechia,CZE,2003,12.447432,50209.617,10248852,Europe,2003,2023
Czechia,CZE,2004,12.502356,51439.855,10261411,Europe,2004,2023
Czechia,CZE,2005,12.226614,50547.258,10280103,Europe,2005,2023
Czechia,CZE,2006,12.27974,51379.383,10304542,Europe,2006,2023
Czechia,CZE,2007,12.4175625,50659.105,10337488,Europe,2007,2023
Czechia,CZE,2008,11.845438,49488.312,10378248,Europe,2008,2023
Czechia,CZE,2009,11.033807,47287.844,10420931,Europe,2009,2023
Czechia,CZE,2010,11.2267275,49083.73,10463981,Europe,2010,2023
Czechia,CZE,2011,10.975148,47823.707,10495455,Europe,2011,2023
Czechia,CZE,2012,10.591444,47515.48,10507287,Europe,2012,2023
Czechia,CZE,2013,10.153296,46623.125,10511117,Europe,2013,2023
Czechia,CZE,2014,9.911981,45633.617,10517176,Europe,2014,2023
Czechia,CZE,2015,9.976934,44728.72,10524367,Europe,2015,2023
Czechia,CZE,2016,10.126231,44110.242,10531895,Europe,2016,2023
Czechia,CZE,2017,10.221304,46583.156,10541301,Europe,2017,2023
Czechia,CZE,2018,10.080272,46420.777,10548878,Europe,2018,2023
Czechia,CZE,2019,9.569924,45355.47,10554819,Europe,2019,2023
Czechia,CZE,2020,8.689388,42025.414,10550083,Europe,2020,2023
Czechia,CZE,2021,9.17754,44374.195,10530619,Europe,2021,2023
Czechia,CZE,2022,8.91092,43427.824,10673169,Europe,2022,2023
Czechia,CZE,2023,7.92107,40339.277,10809674,Europe,2023,2023
Democratic Republic of Congo,COD,1985,0.115526475,925.08673,31264765,Africa,1985,2023
Democratic Republic of Congo,COD,1986,0.10369277,949.0628,32265151,Africa,1986,2023
Democratic Republic of Congo,COD,1987,0.11459441,876.50793,33298859,Africa,1987,2023
Democratic Republic of Congo,COD,1988,0.115697466,931.8505,34382706,Africa,1988,2023
Democratic Republic of Congo,COD,1989,0.12263689,935.613,35486810,Africa,1989,2023
Democratic Republic of Congo,COD,1990,0.11582604,866.57385,36684021,Africa,1990,2023
Democratic Republic of Congo,COD,1991,0.08259828,778.16797,37925779,Africa,1991,2023
Democratic Republic of Congo,COD,1992,0.07158563,832.92316,39228862,Africa,1992,2023
Democratic Republic of Congo,COD,1993,0.06548383,775.91815,40656298,Africa,1993,2023
Democratic Republic of Congo,COD,1994,0.06453639,647.667,42626833,Africa,1994,2023
Democratic Republic of Congo,COD,1995,0.069680795,679.45386,44433665,Africa,1995,2023
Democratic Republic of Congo,COD,1996,0.07666508,682.0072,45296084,Africa,1996,2023
Democratic Republic of Congo,COD,1997,0.06711756,603.9926,46029863,Africa,1997,2023
Democratic Republic of Congo,COD,1998,0.05778858,556.12683,47297545,Africa,1998,2023
Democratic Republic of Congo,COD,1999,0.04496637,587.06055,48912931,Africa,1999,2023
Democratic Republic of Congo,COD,2000,0.03375211,438.73956,50507393,Africa,2000,2023
Democratic Republic of Congo,COD,2001,0.031601284,418.63083,52132600,Africa,2001,2023
Democratic Republic of Congo,COD,2002,0.03226193,417.3248,53750475,Africa,2002,2023
Democratic Republic of Congo,COD,2003,0.03787386,421.6945,55343820,Africa,2003,2023
Democratic Republic of Congo,COD,2004,0.035578515,463.92627,56997687,Africa,2004,2023
Democratic Republic of Congo,COD,2005,0.038917396,487.92645,58775669,Africa,2005,2023
Democratic Republic of Congo,COD,2006,0.038797222,498.6664,60615860,Africa,2006,2023
Democratic Republic of Congo,COD,2007,0.04198259,497.54398,62477704,Africa,2007,2023
Democratic Republic of Congo,COD,2008,0.04170049,456.02924,64390611,Africa,2008,2023
Democratic Republic of Congo,COD,2009,0.0368302,432.15683,66411991,Africa,2009,2023
Democratic Republic of Congo,COD,2010,0.039896343,462.69284,68562998,Africa,2010,2023
Democratic Republic of Congo,COD,2011,0.042922746,484.2046,70849263,Africa,2011,2023
Democratic Republic of Congo,COD,2012,0.038186423,460.75424,73254570,Africa,2012,2023
Democratic Republic of Congo,COD,2013,0.051736675,538.1601,75789348,Africa,2013,2023
Democratic Republic of Congo,COD,2014,0.06461416,622.8517,78403201,Africa,2014,2023
Democratic Republic of Congo,COD,2015,0.040406745,464.34442,81035481,Africa,2015,2023
Democratic Republic of Congo,COD,2016,0.031676028,413.59628,83956362,Africa,2016,2023
Democratic Republic of Congo,COD,2017,0.03349793,434.75296,87083355,Africa,2017,2023
Democratic Republic of Congo,COD,2018,0.041907594,444.56985,90047595,Africa,2018,2023
Democratic Republic of Congo,COD,2019,0.044339374,443.11774,92947398,Africa,2019,2023
Democratic Republic of Congo,COD,2020,0.04481212,443.81158,95989947,Africa,2020,2023
Democratic Republic of Congo,COD,2021,0.043051984,410.8872,99148879,Africa,2021,2023
Denmark,DNK,1985,11.729101,42546.676,5113823,Europe,1985,2023
Denmark,DNK,1986,11.483299,43490.426,5120640,Europe,1986,2023
Denmark,DNK,1987,11.359712,41909.617,5127093,Europe,1987,2023
Denmark,DNK,1988,10.724834,41416.664,5129588,Europe,1988,2023
Denmark,DNK,1989,9.485337,38141.203,5132673,Europe,1989,2023
Denmark,DNK,1990,10.3996,39256.695,5140973,Europe,1990,2023
Denmark,DNK,1991,12.434776,45141.34,5154296,Europe,1991,2023
Denmark,DNK,1992,11.276528,42148.24,5171320,Europe,1992,2023
Denmark,DNK,1993,11.672107,44534.79,5188587,Europe,1993,2023
Denmark,DNK,1994,12.420087,47576.793,5206148,Europe,1994,2023
Denmark,DNK,1995,11.778546,46534.887,5233317,Europe,1995,2023
Denmark,DNK,1996,14.228813,55153.883,5263020,Europe,1996,2023
Denmark,DNK,1997,12.379391,49834.9,5284984,Europe,1997,2023
Denmark,DNK,1998,11.542956,47875.4,5304222,Europe,1998,2023
Denmark,DNK,1999,11.019202,46251.04,5321759,Europe,1999,2023
Denmark,DNK,2000,10.168523,44286.53,5339614,Europe,2000,2023
Denmark,DNK,2001,10.428898,44250.59,5358777,Europe,2001,2023
Denmark,DNK,2002,10.33208,44017.227,5375919,Europe,2002,2023
Denmark,DNK,2003,11.248856,47297.21,5390562,Europe,2003,2023
Denmark,DNK,2004,10.193794,44621.56,5404551,Europe,2004,2023
Denmark,DNK,2005,9.50771,42973.39,5419506,Europe,2005,2023
Denmark,DNK,2006,10.941338,46809.78,5437380,Europe,2006,2023
Denmark,DNK,2007,10.015147,44418.504,5461554,Europe,2007,2023
Denmark,DNK,2008,9.328067,42682.66,5493714,Europe,2008,2023
Denmark,DNK,2009,8.842789,39954.535,5523119,Europe,2009,2023
Denmark,DNK,2010,8.864642,42511.805,5547824,Europe,2010,2023
Denmark,DNK,2011,7.9390264,39629.48,5570801,Europe,2011,2023
Denmark,DNK,2012,7.1270123,36644.37,5591867,Europe,2012,2023
Denmark,DNK,2013,7.436014,37633.344,5615285,Europe,2013,2023
Denmark,DNK,2014,6.656015,36024.77,5643742,Europe,2014,2023
Denmark,DNK,2015,6.17604,35044.344,5683641,Europe,2015,2023
Denmark,DNK,2016,6.4428453,35326.188,5728150,Europe,2016,2023
Denmark,DNK,2017,6.010725,35380.04,5765108,Europe,2017,2023
Denmark,DNK,2018,5.972235,34702.457,5793761,Europe,2018,2023
Denmark,DNK,2019,5.3214316,33825.047,5814566,Europe,2019,2023
Denmark,DNK,2020,4.8519464,30294.584,5831483,Europe,2020,2023
Denmark,DNK,2021,5.051886,32358.58,5856724,Europe,2021,2023
Denmark,DNK,2022,4.816581,33537.797,5902846,Europe,2022,2023
Denmark,DNK,2023,4.5837965,33078.332,5948078,Europe,2023,2023
Djibouti,DJI,1985,0.89179415,7895.8433,402640,Africa,1985,2023
Djibouti,DJI,1986,0.8852878,6711.412,426293,Africa,1986,2023
Djibouti,DJI,1987,0.8547766,6433.19,454369,Africa,1987,2023
Djibouti,DJI,1988,0.71845806,5909.0117,484482,Africa,1988,2023
Djibouti,DJI,1989,0.7421681,12853.945,523310,Africa,1989,2023
Djibouti,DJI,1990,0.5121398,11923.405,579498,Africa,1990,2023
Djibouti,DJI,1991,0.4761058,10949.371,631053,Africa,1991,2023
Djibouti,DJI,1992,0.48582366,11181.304,625972,Africa,1992,2023
Djibouti,DJI,1993,0.49513432,11470.606,614201,Africa,1993,2023
Djibouti,DJI,1994,0.47943804,11550.45,626667,Africa,1994,2023
Djibouti,DJI,1995,0.49197757,11330.889,633037,Africa,1995,2023
Djibouti,DJI,1996,0.47473806,11097.016,648307,Africa,1996,2023
Djibouti,DJI,1997,0.49633506,10784.026,671772,Africa,1997,2023
Djibouti,DJI,1998,0.55014306,10362.8955,699309,Africa,1998,2023
Djibouti,DJI,1999,0.53124696,10010.687,724183,Africa,1999,2023
Djibouti,DJI,2000,0.49031547,4762.17,747274,Africa,2000,2023
Djibouti,DJI,2001,0.47506124,4599.132,771269,Africa,2001,2023
Djibouti,DJI,2002,0.5020219,4474.387,795535,Africa,2002,2023
Djibouti,DJI,2003,0.5179658,4541.9604,813490,Africa,2003,2023
Djibouti,DJI,2004,0.4923199,4353.0415,826097,Africa,2004,2023
Djibouti,DJI,2005,0.49340862,4054.5566,839126,Africa,2005,2023
Djibouti,DJI,2006,0.4838439,3716.954,855714,Africa,2006,2023
Djibouti,DJI,2007,0.5279249,3787.3547,874488,Africa,2007,2023
Djibouti,DJI,2008,0.5582,4150.3564,892698,Africa,2008,2023
Djibouti,DJI,2009,0.4864012,3531.1523,911478,Africa,2009,2023
Djibouti,DJI,2010,0.5553848,3942.1558,930209,Africa,2010,2023
Djibouti,DJI,2011,0.33220455,2921.8823,948524,Africa,2011,2023
Djibouti,DJI,2012,0.3070051,3784.8132,966707,Africa,2012,2023
Djibouti,DJI,2013,0.3904211,3836.7073,984788,Africa,2013,2023
Djibouti,DJI,2014,0.4128488,4183.972,1002677,Africa,2014,2023
Djibouti,DJI,2015,0.49489447,3626.9648,1020260,Africa,2015,2023
Djibouti,DJI,2016,0.4122581,3409.7095,1037617,Africa,2016,2023
Djibouti,DJI,2017,0.39224893,3036.1372,1054797,Africa,2017,2023
Djibouti,DJI,2018,0.44332924,3133.4805,1071849,Africa,2018,2023
Djibouti,DJI,2019,0.49899417,2848.7866,1088656,Africa,2019,2023
Djibouti,DJI,2020,0.41900718,2701.7908,1105141,Africa,2020,2023
Djibouti,DJI,2021,0.47408453,2785.0718,1121203,Africa,2021,2023
Dominica,DMA,1985,0.66415685,3107.0562,71718,North America,1985,2023
Dominica,DMA,1986,0.6672737,2629.01,71383,North America,1986,2023
Dominica,DMA,1987,0.670911,3479.2546,70996,North America,1987,2023
Dominica,DMA,1988,0.778735,3731.5913,70576,North America,1988,2023
Dominica,DMA,1989,0.8359929,3753.9065,70125,North America,1989,2023
Dominica,DMA,1990,0.84232306,3778.6187,69598,North America,1990,2023
Dominica,DMA,1991,0.8462749,3799.0051,69273,North America,1991,2023
Dominica,DMA,1992,0.8460917,3801.5227,69288,North America,1992,2023
Dominica,DMA,1993,0.8974699,3788.9714,69404,North America,1993,2023
Dominica,DMA,1994,1.0025201,4829.25,69441,North America,1994,2023
Dominica,DMA,1995,1.1608462,5999.0825,69439,North America,1995,2023
Dominica,DMA,1996,1.0562274,6019.151,69379,North America,1996,2023
Dominica,DMA,1997,1.163628,6048.0903,69273,North America,1997,2023
Dominica,DMA,1998,1.1135489,6362.287,69098,North America,1998,2023
Dominica,DMA,1999,1.1712193,6606.403,68824,North America,1999,2023
Dominica,DMA,2000,1.4981308,7741.9917,68480,North America,2000,2023
Dominica,DMA,2001,1.6104314,8312.158,68255,North America,2001,2023
Dominica,DMA,2002,1.5012658,7820.6606,68337,North America,2002,2023
Dominica,DMA,2003,1.7115997,8702.423,68502,North America,2003,2023
Dominica,DMA,2004,2.0824554,10289.641,68619,North America,2004,2023
Dominica,DMA,2005,2.1865394,9846.587,68704,North America,2005,2023
Dominica,DMA,2006,2.077641,9808.0205,68778,North America,2006,2023
Dominica,DMA,2007,2.5025868,11844.8545,68812,North America,2007,2023
Dominica,DMA,2008,2.44902,10663.4375,68821,North America,2008,2023
Dominica,DMA,2009,2.714429,10826.458,68841,North America,2009,2023
Dominica,DMA,2010,2.5020413,11327.723,68827,North America,2010,2023
Dominica,DMA,2011,2.2293563,11478.59,69028,North America,2011,2023
Dominica,DMA,2012,2.386176,11020.953,69098,North America,2012,2023
Dominica,DMA,2013,2.2613063,11020.252,69673,North America,2013,2023
Dominica,DMA,2014,2.3441098,11281.383,70338,North America,2014,2023
Dominica,DMA,2015,2.4986076,11610.774,70388,North America,2015,2023
Dominica,DMA,2016,2.4750352,12128.221,69578,North America,2016,2023
Dominica,DMA,2017,2.247426,11274.687,68473,North America,2017,2023
Dominica,DMA,2018,2.3659525,11557.899,68140,North America,2018,2023
Dominica,DMA,2019,2.5376952,11049.87,67860,North America,2019,2023
Dominica,DMA,2020,2.3328595,10056.246,67536,North America,2020,2023
Dominica,DMA,2021,2.3999047,10547.773,67176,North America,2021,2023
Dominican Republic,DOM,1985,1.1261505,4540.488,6430351,North America,1985,2023
Dominican Republic,DOM,1986,1.2358639,4855.886,6571160,North America,1986,2023
Dominican Republic,DOM,1987,1.4431753,5223.644,6712483,North America,1987,2023
Dominican Republic,DOM,1988,1.4206825,5669.0195,6855687,North America,1988,2023
Dominican Republic,DOM,1989,1.4649462,5399.004,7002239,North America,1989,2023
Dominican Republic,DOM,1990,1.2495968,5703.2974,7151120,North America,1990,2023
Dominican Republic,DOM,1991,1.3066514,5399.624,7299794,North America,1991,2023
Dominican Republic,DOM,1992,1.3988973,5658.3545,7447429,North America,1992,2023
Dominican Republic,DOM,1993,1.4759023,5201.967,7594508,North America,1993,2023
Dominican Republic,DOM,1994,1.5237668,5550.8477,7741635,North America,1994,2023
Dominican Republic,DOM,1995,1.9151675,5880.6113,7888070,North America,1995,2023
Dominican Republic,DOM,1996,2.0521183,6277.345,8032847,North America,1996,2023
Dominican Republic,DOM,1997,2.1122622,6527.224,8174028,North America,1997,2023
Dominican Republic,DOM,1998,2.1404936,6648.758,8310319,North America,1998,2023
Dominican Republic,DOM,1999,2.1099854,7435.3843,8446150,North America,1999,2023
Dominican Republic,DOM,2000,2.2124074,10094.044,8584145,North America,2000,2023
Dominican Republic,DOM,2001,2.1954215,9667.4,8720237,North America,2001,2023
Dominican Republic,DOM,2002,2.3665485,10064.789,8852187,North America,2002,2023
Dominican Republic,DOM,2003,2.376798,9104.642,8980573,North America,2003,2023
Dominican Republic,DOM,2004,1.9037334,8357.8955,9104842,North America,2004,2023
Dominican Republic,DOM,2005,1.9447758,9065.088,9224982,North America,2005,2023
Dominican Republic,DOM,2006,2.0459967,8931.601,9341136,North America,2006,2023
Dominican Republic,DOM,2007,2.114397,9066.198,9455618,North America,2007,2023
Dominican Republic,DOM,2008,2.123852,8900.079,9573095,North America,2008,2023
Dominican Republic,DOM,2009,2.0402503,8679.013,9695215,North America,2009,2023
Dominican Republic,DOM,2010,2.0929904,8981.36,9820138,North America,2010,2023
Dominican Republic,DOM,2011,2.1434574,8723.768,9945574,North America,2011,2023
Dominican Republic,DOM,2012,2.1106217,9560.256,10070376,North America,2012,2023
Dominican Republic,DOM,2013,2.0862682,9002.167,10193781,North America,2013,2023
Dominican Republic,DOM,2014,2.1133895,8537.962,10315473,North America,2014,2023
Dominican Republic,DOM,2015,2.251567,9354.642,10434772,North America,2015,2023
Dominican Republic,DOM,2016,2.3356724,9835.123,10551381,North America,2016,2023
Dominican Republic,DOM,2017,2.251558,9591.366,10666801,North America,2017,2023
Dominican Republic,DOM,2018,2.3888187,10487.733,10781998,North America,2018,2023
Dominican Republic,DOM,2019,2.6046193,11098.332,10893988,North America,2019,2023
Dominican Republic,DOM,2020,2.4541068,9496.668,11008252,North America,2020,2023
Dominican Republic,DOM,2021,2.7721057,9987.583,11123434,North America,2021,2023
East Timor,TLS,2003,0.27107504,754.3998,916831,Asia,2003,2023
East Timor,TLS,2004,0.5349615,800.2436,929035,Asia,2004,2023
East Timor,TLS,2005,0.33866766,783.70593,948260,Asia,2005,2023
East Timor,TLS,2006,0.32430848,779.2601,976564,Asia,2006,2023
East Timor,TLS,2007,0.28667518,786.973,1004855,Asia,2007,2023
East Timor,TLS,2008,0.27618864,845.24243,1032385,Asia,2008,2023
East Timor,TLS,2009,0.30393073,925.8884,1058738,Asia,2009,2023
East Timor,TLS,2010,0.2886999,943.4069,1084635,Asia,2010,2023
East Timor,TLS,2011,0.3908359,957.32935,1110159,Asia,2011,2023
East Timor,TLS,2012,0.5210359,1109.9224,1134845,Asia,2012,2023
East Timor,TLS,2013,0.53401506,1636.3369,1158649,Asia,2013,2023
East Timor,TLS,2014,0.52819455,1840.6393,1181877,Asia,2014,2023
East Timor,TLS,2015,0.48927426,1773.3463,1205091,Asia,2015,2023
East Timor,TLS,2016,0.5234754,1709.1387,1228264,Asia,2016,2023
East Timor,TLS,2017,0.5510038,1717.026,1251661,Asia,2017,2023
East Timor,TLS,2018,0.483596,1714.8142,1275908,Asia,2018,2023
East Timor,TLS,2019,0.51920164,1702.9187,1300903,Asia,2019,2023
East Timor,TLS,2020,0.4875513,1589.7897,1326002,Asia,2020,2023
East Timor,TLS,2021,0.459349,1615.4978,1350102,Asia,2021,2023
Ecuador,ECU,1985,2.078452,6588.0967,9311101,South America,1985,2023
Ecuador,ECU,1986,1.591677,6733.95,9545948,South America,1986,2023
Ecuador,ECU,1987,1.5361365,6769.7437,9779242,South America,1987,2023
Ecuador,ECU,1988,1.7150158,7630.1753,10010751,South America,1988,2023
Ecuador,ECU,1989,1.967789,7683.259,10241804,South America,1989,2023
Ecuador,ECU,1990,1.5713588,7749.599,10473624,South America,1990,2023
Ecuador,ECU,1991,1.5096896,8369.491,10702316,South America,1991,2023
Ecuador,ECU,1992,2.0091052,8152.6104,10930078,South America,1992,2023
Ecuador,ECU,1993,2.1595862,8284.632,11154232,South America,1993,2023
Ecuador,ECU,1994,1.2580605,8840.834,11372139,South America,1994,2023
Ecuador,ECU,1995,2.0273924,8201.073,11590473,South America,1995,2023
Ecuador,ECU,1996,2.1420789,9164.456,11810910,South America,1996,2023
Ecuador,ECU,1997,1.6148914,10028.598,12031076,South America,1997,2023
Ecuador,ECU,1998,1.8847599,9905.499,12251147,South America,1998,2023
Ecuador,ECU,1999,1.7622209,8880.938,12470759,South America,1999,2023
Ecuador,ECU,2000,1.6492264,8246.84,12689159,South America,2000,2023
Ecuador,ECU,2001,1.8130603,8211.651,12910685,South America,2001,2023
Ecuador,ECU,2002,1.8896518,7965.1455,13138427,South America,2002,2023
Ecuador,ECU,2003,2.0244603,8014.88,13372246,South America,2003,2023
Ecuador,ECU,2004,2.149964,8426.991,13608650,South America,2004,2023
Ecuador,ECU,2005,2.2092562,8767.223,13846112,South America,2005,2023
Ecuador,ECU,2006,2.1077354,9114.504,14086093,South America,2006,2023
Ecuador,ECU,2007,2.3923388,9420.017,14328733,South America,2007,2023
Ecuador,ECU,2008,2.07987,9883.912,14575156,South America,2008,2023
Ecuador,ECU,2009,2.266208,9482.964,14825912,South America,2009,2023
Ecuador,ECU,2010,2.4061325,10353.473,15076646,South America,2010,2023
Ecuador,ECU,2011,2.4966385,10805.037,15326174,South America,2011,2023
Ecuador,ECU,2012,2.4022887,11233.192,15572144,South America,2012,2023
Ecuador,ECU,2013,2.5086834,11416.987,15807087,South America,2013,2023
Ecuador,ECU,2014,2.7272305,11816.219,16035075,South America,2014,2023
Ecuador,ECU,2015,2.53752,11610.723,16266173,South America,2015,2023
Ecuador,ECU,2016,2.3845396,11399.546,16505094,South America,2016,2023
Ecuador,ECU,2017,2.3374374,11685.353,16759466,South America,2017,2023
Ecuador,ECU,2018,2.2539744,12128.832,17049489,South America,2018,2023
Ecuador,ECU,2019,2.3103745,12184.978,17339967,South America,2019,2023
Ecuador,ECU,2020,1.8756075,10396.6455,17546006,South America,2020,2023
Ecuador,ECU,2021,2.16058,11945.164,17682398,South America,2021,2023
Ecuador,ECU,2022,2.2734714,12373.124,17823857,South America,2022,2023
Ecuador,ECU,2023,2.4011562,12880.897,17980034,South America,2023,2023
Egypt,EGY,1985,1.257659,6572.277,50734923,Africa,1985,2023
Egypt,EGY,1986,1.4249808,6540.03,52206247,Africa,1986,2023
Egypt,EGY,1987,1.3901141,6749.0786,53674387,Africa,1987,2023
Egypt,EGY,1988,1.3464882,6664.5884,55187620,Africa,1988,2023
Egypt,EGY,1989,1.2679212,6840.5264,56710590,Africa,1989,2023
Egypt,EGY,1990,1.2880467,6839.5693,58396583,Africa,1990,2023
Egypt,EGY,1991,1.2876428,6763.7896,60028948,Africa,1991,2023
Egypt,EGY,1992,1.3002454,6544.951,61480607,Africa,1992,2023
Egypt,EGY,1993,1.4666941,6401.087,62915626,Africa,1993,2023
Egypt,EGY,1994,1.3746907,6582.588,64285546,Africa,1994,2023
Egypt,EGY,1995,1.5078541,6823.153,65652570,Africa,1995,2023
Egypt,EGY,1996,1.4613423,7035.391,67027996,Africa,1996,2023
Egypt,EGY,1997,1.632356,7172.319,68431693,Africa,1997,2023
Egypt,EGY,1998,1.7875309,7309.517,69943248,Africa,1998,2023
Egypt,EGY,1999,1.792778,7679.945,71520901,Africa,1999,2023
Egypt,EGY,2000,1.9681126,7965.8477,73083242,Africa,2000,2023
Egypt,EGY,2001,1.710022,8143.846,74651984,Africa,2001,2023
Egypt,EGY,2002,1.6940784,8202.89,76239093,Africa,2002,2023
Egypt,EGY,2003,1.9256603,8503.993,77853500,Africa,2003,2023
Egypt,EGY,2004,1.9197372,8798.149,79477386,Africa,2004,2023
Egypt,EGY,2005,2.0741656,8844.942,81100965,Africa,2005,2023
Egypt,EGY,2006,2.1667883,9136.145,82700350,Africa,2006,2023
Egypt,EGY,2007,2.2403135,9542.583,84276171,Africa,2007,2023
Egypt,EGY,2008,2.3027816,9921.167,85864736,Africa,2008,2023
Egypt,EGY,2009,2.3597047,10077.901,87501586,Africa,2009,2023
Egypt,EGY,2010,2.282698,10258.876,89196017,Africa,2010,2023
Egypt,EGY,2011,2.3812723,10555.752,91093017,Africa,2011,2023
Egypt,EGY,2012,2.2942393,10739.813,93160949,Africa,2012,2023
Egypt,EGY,2013,2.2176762,10422.903,95333501,Africa,2013,2023
Egypt,EGY,2014,2.3264904,10063.2705,97528601,Africa,2014,2023
Egypt,EGY,2015,2.253874,9988.438,99597285,Africa,2015,2023
Egypt,EGY,2016,2.3550935,10324.906,101644536,Africa,2016,2023
Egypt,EGY,2017,2.513841,10519.223,103696006,Africa,2017,2023
Egypt,EGY,2018,2.358181,10327.142,105682048,Africa,2018,2023
Egypt,EGY,2019,2.4057102,9951.896,107553107,Africa,2019,2023
Egypt,EGY,2020,2.1530209,9203.625,109315075,Africa,2020,2023
Egypt,EGY,2021,2.3516853,9689.934,110956950,Africa,2021,2023
Egypt,EGY,2022,2.4078574,9968.82,112618191,Africa,2022,2023
Egypt,EGY,2023,2.3486664,9703.661,114535724,Africa,2023,2023
El Salvador,SLV,1985,0.40152672,2749.1094,4894663,North America,1985,2023
El Salvador,SLV,1986,0.39407232,2835.412,4992728,North America,1986,2023
El Salvador,SLV,1987,0.47413635,2710.5078,5092400,North America,1987,2023
El Salvador,SLV,1988,0.46827808,2897.6812,5195776,North America,1988,2023
El Salvador,SLV,1989,0.4807094,2876.148,5298931,North America,1989,2023
El Salvador,SLV,1990,0.45837373,2928.4937,5399679,North America,1990,2023
El Salvador,SLV,1991,0.57410294,2844.6448,5495037,North America,1991,2023
El Salvador,SLV,1992,0.5938131,3166.474,5585557,North America,1992,2023
El Salvador,SLV,1993,0.70241266,3235.332,5659912,North America,1993,2023
El Salvador,SLV,1994,0.78974545,3503.3425,5714084,North America,1994,2023
El Salvador,SLV,1995,0.8674569,4320.7593,5762080,North America,1995,2023
El Salvador,SLV,1996,0.7604334,4382.3193,5805229,North America,1996,2023
El Salvador,SLV,1997,0.92663234,4315.9204,5844535,North America,1997,2023
El Salvador,SLV,1998,0.9745682,4884.881,5880746,North America,1998,2023
El Salvador,SLV,1999,0.9448764,5125.8354,5913852,North America,1999,2023
El Salvador,SLV,2000,0.9541774,4934.59,5943313,North America,2000,2023
El Salvador,SLV,2001,0.98146486,5098.644,5968013,North America,2001,2023
El Salvador,SLV,2002,1.0139154,5202.2905,5986577,North America,2002,2023
El Salvador,SLV,2003,1.0727347,5536.21,5998548,North America,2003,2023
El Salvador,SLV,2004,1.041498,5513.2593,6004632,North America,2004,2023
El Salvador,SLV,2005,1.0486518,5701.853,6005527,North America,2005,2023
El Salvador,SLV,2006,1.119211,6029.882,6002275,North America,2006,2023
El Salvador,SLV,2007,1.1390756,6277.061,6009768,North America,2007,2023
El Salvador,SLV,2008,1.0622752,6136.0747,6029245,North America,2008,2023
El Salvador,SLV,2009,1.0436863,5893.16,6048234,North America,2009,2023
El Salvador,SLV,2010,1.0412687,6082.846,6068202,North America,2010,2023
El Salvador,SLV,2011,1.0672126,6068.4243,6090075,North America,2011,2023
El Salvador,SLV,2012,1.0585476,6096.5063,6113926,North America,2012,2023
El Salvador,SLV,2013,0.99277955,5903.0894,6138797,North America,2013,2023
El Salvador,SLV,2014,0.9980938,6015.019,6162903,North America,2014,2023
El Salvador,SLV,2015,1.0782957,6200.172,6183621,North America,2015,2023
El Salvador,SLV,2016,1.0637066,6231.5947,6200765,North America,2016,2023
El Salvador,SLV,2017,0.9607652,6173.1143,6213485,North America,2017,2023
El Salvador,SLV,2018,1.0068917,6645.676,6219738,North America,2018,2023
El Salvador,SLV,2019,1.2138822,7271.5205,6222267,North America,2019,2023
El Salvador,SLV,2020,1.0577208,6715.608,6234631,North America,2020,2023
El Salvador,SLV,2021,1.211914,7076.433,6255737,North America,2021,2023
Equatorial Guinea,GNQ,1985,0.17108083,979.5677,385502,Africa,1985,2023
Equatorial Guinea,GNQ,1986,0.19918457,780.0497,404690,Africa,1986,2023
Equatorial Guinea,GNQ,1987,0.2341602,775.7807,422480,Africa,1987,2023
Equatorial Guinea,GNQ,1988,0.24170405,747.35187,439612,Africa,1988,2023
Equatorial Guinea,GNQ,1989,0.25668544,1134.4281,456777,Africa,1989,2023
Equatorial Guinea,GNQ,1990,0.13134167,1092.6594,474244,Africa,1990,2023
Equatorial Guinea,GNQ,1991,0.13400383,1052.9137,492165,Africa,1991,2023
Equatorial Guinea,GNQ,1992,0.12913331,1017.286,510728,Africa,1992,2023
Equatorial Guinea,GNQ,1993,0.13135664,977.6971,529977,Africa,1993,2023
Equatorial Guinea,GNQ,1994,2.0958602,941.9322,550092,Africa,1994,2023
Equatorial Guinea,GNQ,1995,2.148104,907.03564,571227,Africa,1995,2023
Equatorial Guinea,GNQ,1996,2.2841659,875.41815,593449,Africa,1996,2023
Equatorial Guinea,GNQ,1997,3.2013936,947.67395,616842,Africa,1997,2023
Equatorial Guinea,GNQ,1998,3.589377,1255.4365,641430,Africa,1998,2023
Equatorial Guinea,GNQ,1999,3.7640934,1207.0012,667175,Africa,1999,2023
Equatorial Guinea,GNQ,2000,3.838316,4751.2705,703242,Africa,2000,2023
Equatorial Guinea,GNQ,2001,4.1273913,2574.472,749791,Africa,2001,2023
Equatorial Guinea,GNQ,2002,3.4608455,37471.24,797914,Africa,2002,2023
Equatorial Guinea,GNQ,2003,3.6958742,38771.44,847820,Africa,2003,2023
Equatorial Guinea,GNQ,2004,6.8202314,7523.655,899879,Africa,2004,2023
Equatorial Guinea,GNQ,2005,6.5532994,26154.957,947312,Africa,2005,2023
Equatorial Guinea,GNQ,2006,6.242209,30517.992,990297,Africa,2006,2023
Equatorial Guinea,GNQ,2007,5.5250874,32212.723,1035995,Africa,2007,2023
Equatorial Guinea,GNQ,2008,5.4787884,30431.822,1084492,Africa,2008,2023
Equatorial Guinea,GNQ,2009,4.3160815,30738.887,1135644,Africa,2009,2023
Equatorial Guinea,GNQ,2010,5.3843446,28152.885,1189045,Africa,2010,2023
Equatorial Guinea,GNQ,2011,4.907836,28943.424,1241795,Africa,2011,2023
Equatorial Guinea,GNQ,2012,5.3351574,26990.076,1293435,Africa,2012,2023
Equatorial Guinea,GNQ,2013,6.0885653,26720.799,1346160,Africa,2013,2023
Equatorial Guinea,GNQ,2014,5.481011,24158.016,1399777,Africa,2014,2023
Equatorial Guinea,GNQ,2015,4.8377657,20745.453,1453871,Africa,2015,2023
Equatorial Guinea,GNQ,2016,5.011591,19728.445,1508155,Africa,2016,2023
Equatorial Guinea,GNQ,2017,4.372589,21365.682,1562357,Africa,2017,2023
Equatorial Guinea,GNQ,2018,4.362631,18711.834,1616370,Africa,2018,2023
Equatorial Guinea,GNQ,2019,3.3138647,17644.693,1670140,Africa,2019,2023
Equatorial Guinea,GNQ,2020,3.7353525,11328.123,1716435,Africa,2020,2023
Equatorial Guinea,GNQ,2021,4.047854,12399.339,1758752,Africa,2021,2023
Eritrea,ERI,1994,0.36950994,1901.4633,1913870,Africa,1994,2023
Eritrea,ERI,1995,0.38998795,2062.4426,2025219,Africa,1995,2023
Eritrea,ERI,1996,0.40491942,2008.5446,2128421,Africa,1996,2023
Eritrea,ERI,1997,0.35693702,2006.2135,2152094,Africa,1997,2023
Eritrea,ERI,1998,0.26883787,2101.8425,2180381,Africa,1998,2023
Eritrea,ERI,1999,0.27814156,2150.3865,2212733,Africa,1999,2023
Eritrea,ERI,2000,0.26899686,1086.2354,2246989,Africa,2000,2023
Eritrea,ERI,2001,0.27566016,1156.5769,2312039,Africa,2001,2023
Eritrea,ERI,2002,0.21272029,1019.1684,2392931,Africa,2002,2023
Eritrea,ERI,2003,0.31280383,1172.7673,2493860,Africa,2003,2023
Eritrea,ERI,2004,0.243803,1226.452,2598233,Africa,2004,2023
Eritrea,ERI,2005,0.22011165,1197.5035,2661163,Africa,2005,2023
Eritrea,ERI,2006,0.16781613,809.80237,2703447,Africa,2006,2023
Eritrea,ERI,2007,0.15461121,818.4819,2743184,Africa,2007,2023
Eritrea,ERI,2008,0.14145058,569.351,2816284,Africa,2008,2023
Eritrea,ERI,2009,0.15444708,670.50433,2887837,Africa,2009,2023
Eritrea,ERI,2010,0.15891461,654.88983,2945135,Africa,2010,2023
Eritrea,ERI,2011,0.19270557,655.3532,2998450,Africa,2011,2023
Eritrea,ERI,2012,0.20027581,686.76117,3036957,Africa,2012,2023
Eritrea,ERI,2013,0.18524711,691.8338,3074326,Africa,2013,2023
Eritrea,ERI,2014,0.18387242,716.5409,3095119,Africa,2014,2023
Eritrea,ERI,2015,0.17850363,707.84283,3105511,Africa,2015,2023
Eritrea,ERI,2016,0.17841426,715.03436,3124655,Africa,2016,2023
Eritrea,ERI,2017,0.17682853,778.28644,3150289,Africa,2017,2023
Eritrea,ERI,2018,0.19513549,876.1487,3192720,Africa,2018,2023
Eritrea,ERI,2019,0.19906436,936.4785,3240143,Africa,2019,2023
Eritrea,ERI,2020,0.19473332,881.5875,3291224,Africa,2020,2023
Eritrea,ERI,2021,0.2034651,914.4952,3350142,Africa,2021,2023
Estonia,EST,1985,25.456888,77633.625,1525232,Europe,1985,2023
Estonia,EST,1986,25.284662,76745.1,1535547,Europe,1986,2023
Estonia,EST,1987,24.49284,77318.375,1547214,Europe,1987,2023
Estonia,EST,1988,24.375017,75425.12,1559057,Europe,1988,2023
Estonia,EST,1989,24.836657,77309.28,1567538,Europe,1989,2023
Estonia,EST,1990,23.510187,81229.36,1570254,Europe,1990,2023
Estonia,EST,1991,21.812721,74570.98,1565333,Europe,1991,2023
Estonia,EST,1992,15.853945,52772.44,1540174,Europe,1992,2023
Estonia,EST,1993,12.91985,44908.51,1504295,Europe,1993,2023
Estonia,EST,1994,13.580821,46444.18,1475669,Europe,1994,2023
Estonia,EST,1995,12.428304,42790.71,1452730,Europe,1995,2023
Estonia,EST,1996,13.267734,46012.145,1434604,Europe,1996,2023
Estonia,EST,1997,13.136726,45746.004,1421448,Europe,1997,2023
Estonia,EST,1998,11.999477,41338.188,1411150,Europe,1998,2023
Estonia,EST,1999,11.349628,38288.625,1403523,Europe,1999,2023
Estonia,EST,2000,11.074747,39728.695,1396955,Europe,2000,2023
Estonia,EST,2001,11.432618,41675.65,1388122,Europe,2001,2023
Estonia,EST,2002,11.133863,41767.223,1379391,Europe,2002,2023
Estonia,EST,2003,12.584402,45828.633,1370799,Europe,2003,2023
Estonia,EST,2004,12.712316,47051.02,1362623,Europe,2004,2023
Estonia,EST,2005,12.614255,47586.574,1354799,Europe,2005,2023
Estonia,EST,2006,12.205063,47285.8,1346833,Europe,2006,2023
Estonia,EST,2007,14.866046,55010.332,1340672,Europe,2007,2023
Estonia,EST,2008,13.324143,50751.945,1337032,Europe,2008,2023
Estonia,EST,2009,10.794397,44005.016,1334487,Europe,2009,2023
Estonia,EST,2010,14.244142,54934.047,1331406,Europe,2010,2023
Estonia,EST,2011,14.275455,54965.195,1327315,Europe,2011,2023
Estonia,EST,2012,13.42947,55559.734,1322570,Europe,2012,2023
Estonia,EST,2013,14.898127,58774.098,1317872,Europe,2013,2023
Estonia,EST,2014,14.290873,56416.676,1314402,Europe,2014,2023
Estonia,EST,2015,12.003931,52200.957,1314538,Europe,2015,2023
Estonia,EST,2016,13.248889,53774.24,1315802,Europe,2016,2023
Estonia,EST,2017,14.131093,59568.504,1317381,Europe,2017,2023
Estonia,EST,2018,13.465802,58903.477,1321918,Europe,2018,2023
Estonia,EST,2019,9.261651,47293.754,1326772,Europe,2019,2023
Estonia,EST,2020,6.917965,44178.688,1329618,Europe,2020,2023
Estonia,EST,2021,7.802623,46211.348,1331699,Europe,2021,2023
Estonia,EST,2022,8.708775,47804.645,1350038,Europe,2022,2023
Estonia,EST,2023,7.3282313,41967.047,1367143,Europe,2023,2023
Eswatini,SWZ,1985,0.62263775,4380.1455,706157,Africa,1985,2023
Eswatini,SWZ,1986,0.62338877,4050.0183,734694,Africa,1986,2023
Eswatini,SWZ,1987,0.5708802,4318.252,763761,Africa,1987,2023
Eswatini,SWZ,1988,0.54518425,4168.1777,799759,Africa,1988,2023
Eswatini,SWZ,1989,0.52044773,4303.98,837771,Africa,1989,2023
Eswatini,SWZ,1990,1.1003962,4038.2307,872384,Africa,1990,2023
Eswatini,SWZ,1991,0.9602259,3965.2083,908153,Africa,1991,2023
Eswatini,SWZ,1992,0.8816543,3733.9458,943372,Africa,1992,2023
Eswatini,SWZ,1993,0.731829,3610.69,971287,Africa,1993,2023
Eswatini,SWZ,1994,1.109185,4673.8794,971178,Africa,1994,2023
Eswatini,SWZ,1995,1.0949813,4577.239,970391,Africa,1995,2023
Eswatini,SWZ,1996,0.7958763,4286.543,989802,Africa,1996,2023
Eswatini,SWZ,1997,1.1356692,4329.5225,1006603,Africa,1997,2023
Eswatini,SWZ,1998,1.1391493,5282.4126,1019610,Africa,1998,2023
Eswatini,SWZ,1999,1.2014991,5314.1387,1030739,Africa,1999,2023
Eswatini,SWZ,2000,1.1610769,6083.903,1041378,Africa,2000,2023
Eswatini,SWZ,2001,1.042356,6071.866,1051019,Africa,2001,2023
Eswatini,SWZ,2002,1.0202699,6199.8135,1059406,Africa,2002,2023
Eswatini,SWZ,2003,0.9412074,5659.059,1066647,Africa,2003,2023
Eswatini,SWZ,2004,0.9321149,5462.625,1073121,Africa,2004,2023
Eswatini,SWZ,2005,0.94064087,5620.2163,1078975,Africa,2005,2023
Eswatini,SWZ,2006,0.93593854,5687.314,1084396,Africa,2006,2023
Eswatini,SWZ,2007,0.9540722,5892.16,1090668,Africa,2007,2023
Eswatini,SWZ,2008,0.93096805,5664.233,1098057,Africa,2008,2023
Eswatini,SWZ,2009,0.9581755,5503.006,1105117,Africa,2009,2023
Eswatini,SWZ,2010,0.89655834,5146.958,1111593,Africa,2010,2023
Eswatini,SWZ,2011,0.90141344,5236.0625,1117800,Africa,2011,2023
Eswatini,SWZ,2012,1.0400412,5162.853,1123817,Africa,2012,2023
Eswatini,SWZ,2013,1.2386868,5053.2617,1129945,Africa,2013,2023
Eswatini,SWZ,2014,0.67716897,5096.1387,1136260,Africa,2014,2023
Eswatini,SWZ,2015,0.7598779,5016.5044,1142773,Africa,2015,2023
Eswatini,SWZ,2016,0.91802174,5267.826,1149463,Africa,2016,2023
Eswatini,SWZ,2017,0.85103136,5553.8486,1158143,Africa,2017,2023
Eswatini,SWZ,2018,0.8839588,5823.5767,1168887,Africa,2018,2023
Eswatini,SWZ,2019,0.9502872,5780.252,1179837,Africa,2019,2023
Eswatini,SWZ,2020,0.9400464,5614.8906,1192690,Africa,2020,2023
Eswatini,SWZ,2021,0.83814645,5981.1123,1206548,Africa,2021,2023
Ethiopia,ETH,1985,0.04514598,331.2469,39842085,Africa,1985,2023
Ethiopia,ETH,1986,0.05349352,315.508,41037606,Africa,1986,2023
Ethiopia,ETH,1987,0.060159724,342.9692,42459986,Africa,1987,2023
Ethiopia,ETH,1988,0.05979658,324.07367,44150786,Africa,1988,2023
Ethiopia,ETH,1989,0.060900968,328.34976,45879633,Africa,1989,2023
Ethiopia,ETH,1990,0.06272894,323.2458,47609716,Africa,1990,2023
Ethiopia,ETH,1991,0.059506066,268.69614,49717150,Africa,1991,2023
Ethiopia,ETH,1992,0.05663505,347.05014,51853704,Africa,1992,2023
Ethiopia,ETH,1993,0.055737987,321.068,53708848,Africa,1993,2023
Ethiopia,ETH,1994,0.03950986,232.596,55611462,Africa,1994,2023
Ethiopia,ETH,1995,0.04355355,241.47762,57537286,Africa,1995,2023
Ethiopia,ETH,1996,0.04698675,196.35892,59467593,Africa,1996,2023
Ethiopia,ETH,1997,0.048533224,191.77347,61404491,Africa,1997,2023
Ethiopia,ETH,1998,0.049672496,241.90504,63363475,Africa,1998,2023
Ethiopia,ETH,1999,0.047331546,278.33304,65374500,Africa,1999,2023
Ethiopia,ETH,2000,0.051368944,287.99124,67411450,Africa,2000,2023
Ethiopia,ETH,2001,0.061371796,304.5467,69487716,Africa,2001,2023
Ethiopia,ETH,2002,0.061864417,303.84665,71635475,Africa,2002,2023
Ethiopia,ETH,2003,0.06596316,319.22073,73832609,Africa,2003,2023
Ethiopia,ETH,2004,0.067806825,331.65744,76077161,Africa,2004,2023
Ethiopia,ETH,2005,0.06324222,370.1885,78367414,Africa,2005,2023
Ethiopia,ETH,2006,0.06589777,394.91357,80703444,Africa,2006,2023
Ethiopia,ETH,2007,0.070269234,424.85315,83103168,Africa,2007,2023
Ethiopia,ETH,2008,0.07502134,432.32028,85543618,Africa,2008,2023
Ethiopia,ETH,2009,0.07332829,434.64044,88007584,Africa,2009,2023
Ethiopia,ETH,2010,0.07007186,468.26212,90538466,Africa,2010,2023
Ethiopia,ETH,2011,0.079547115,514.24506,93149926,Africa,2011,2023
Ethiopia,ETH,2012,0.08411428,557.1035,95798722,Africa,2012,2023
Ethiopia,ETH,2013,0.09995026,632.63324,98438710,Africa,2013,2023
Ethiopia,ETH,2014,0.11542686,697.6292,101115562,Africa,2014,2023
Ethiopia,ETH,2015,0.122264124,715.42474,103867085,Africa,2015,2023
Ethiopia,ETH,2016,0.13582079,807.2398,106718119,Africa,2016,2023
Ethiopia,ETH,2017,0.1347171,794.97723,109666428,Africa,2017,2023
Ethiopia,ETH,2018,0.1401208,823.5834,112664117,Africa,2018,2023
Ethiopia,ETH,2019,0.14892082,921.99115,115737338,Africa,2019,2023
Ethiopia,ETH,2020,0.13328455,860.0999,118917625,Africa,2020,2023
Ethiopia,ETH,2021,0.13231507,871.5845,122138537,Africa,2021,2023
Europe,,1985,10.982872,47177.453,709669444,,1985,1985
Europe,,1986,10.955754,47810.8,712733597,,1986,1986
Europe,,1987,10.935528,48686.4,715920968,,1987,1987
Europe,,1988,10.946316,49046.547,719139364,,1988,1988
Europe,,1989,10.851069,48769.746,722199665,,1989,1989
Europe,,1990,11.092899,48583.395,724925603,,1990,1990
Europe,,1991,10.644759,47880.285,727280270,,1991,1991
Europe,,1992,9.746416,46034.34,728424954,,1992,1992
Europe,,1993,9.342093,44344.66,728829773,,1993,1993
Europe,,1994,8.837155,42530.152,729727081,,1994,1994
Europe,,1995,8.799664,42450.39,730241109,,1995,1995
Europe,,1996,8.865804,42768.29,730247869,,1996,1996
Europe,,1997,8.583543,42028.742,730320478,,1997,1997
Europe,,1998,8.553392,42228.625,729776439,,1998,1998
Europe,,1999,8.446838,42210.465,729146734,,1999,1999
Europe,,2000,8.4444475,42731.355,729109655,,2000,2000
Europe,,2001,8.617139,43310.816,729199706,,2001,2001
Europe,,2002,8.562391,43055.496,730105763,,2002,2002
Europe,,2003,8.740447,43728.496,731373663,,2003,2003
Europe,,2004,8.769884,44258.06,732261851,,2004,2004
Europe,,2005,8.76439,44337.477,733080477,,2005,2005
Europe,,2006,8.903601,44872.35,733736291,,2006,2006
Europe,,2007,8.812355,44457.367,734966832,,2007,2007
Europe,,2008,8.70091,44213.36,736638240,,2008,2008
Europe,,2009,7.9881167,41481.477,738042833,,2009,2009
Europe,,2010,8.277603,43025.473,739270911,,2010,2010
Europe,,2011,8.167298,42409.57,740503438,,2011,2011
Europe,,2012,8.092207,42241.35,741622002,,2012,2012
Europe,,2013,7.869306,41737.45,742652445,,2013,2013
Europe,,2014,7.546875,40443,743840250,,2014,2014
Europe,,2015,7.5378585,40300.395,745454319,,2015,2015
Europe,,2016,7.5005665,40722.195,747237913,,2016,2016
Europe,,2017,7.5313725,40995.836,748681274,,2017,2017
Europe,,2018,7.494584,41386.85,749833314,,2018,2018
Europe,,2019,7.245051,40689.8,750788539,,2019,2019
Europe,,2020,6.6976066,38172.617,750824035,,2020,2020
Europe,,2021,7.0761337,39855.137,749928573,,2021,2021
Europe,,2022,6.9911084,39024.594,748293772,,2022,2022
Europe,,2023,6.688105,38554.63,746945644,,2023,2023
European Union (27),,1985,9.251084,40736.492,413266328,,1985,1985
European Union (27),,1986,9.189825,41197.895,414422249,,1986,1986
European Union (27),,1987,9.241784,41951.723,415620042,,1987,1987
European Union (27),,1988,9.120227,42172.812,416954131,,1988,1988
European Union (27),,1989,9.175318,42151.402,418480904,,1989,1989
European Union (27),,1990,9.214626,41673.71,419996217,,1990,1990
European Union (27),,1991,9.027616,41477.582,421417859,,1991,1991
European Union (27),,1992,8.696699,40606.68,422862390,,1992,1992
European Union (27),,1993,8.5070505,40185.207,424103368,,1993,1993
European Union (27),,1994,8.441433,39971.39,425187682,,1994,1994
European Union (27),,1995,8.537178,40925.066,425846539,,1995,1995
European Union (27),,1996,8.729412,42141.996,426180581,,1996,1996
European Union (27),,1997,8.5641775,41862.844,426650340,,1997,1997
European Union (27),,1998,8.541576,42197.027,426654102,,1998,1998
European Union (27),,1999,8.408422,41971.668,426829340,,1999,1999
European Union (27),,2000,8.419065,42248.01,427626018,,2000,2000
European Union (27),,2001,8.532704,42948.516,428577009,,2001,2001
European Union (27),,2002,8.508364,42602.63,429889189,,2002,2002
European Union (27),,2003,8.6599865,43243.406,431460451,,2003,2003
European Union (27),,2004,8.645067,43713.082,433057309,,2004,2004
European Union (27),,2005,8.596098,43587.14,434555822,,2005,2005
European Union (27),,2006,8.6129055,43720.742,435681839,,2006,2006
European Union (27),,2007,8.472563,43037.703,436993129,,2007,2007
European Union (27),,2008,8.268044,42700.574,438546914,,2008,2008
European Union (27),,2009,7.57478,40018.613,439689443,,2009,2009
European Union (27),,2010,7.7712135,41561.37,440607663,,2010,2010
European Union (27),,2011,7.536334,40256.29,441439279,,2011,2011
European Union (27),,2012,7.3701167,39758.16,441997914,,2012,2012
European Union (27),,2013,7.1770415,39438.676,442398105,,2013,2013
European Union (27),,2014,6.85928,38022.316,442963439,,2014,2014
European Union (27),,2015,6.9715853,38510.207,443909582,,2015,2015
European Union (27),,2016,6.9526,38868.277,444910158,,2016,2016
European Union (27),,2017,6.994072,39426.062,445695452,,2017,2017
European Union (27),,2018,6.8305764,39254.85,446502292,,2018,2018
European Union (27),,2019,6.4928846,38548.01,447367862,,2019,2019
European Union (27),,2020,5.867645,35627.586,447776201,,2020,2020
European Union (27),,2021,6.2566795,37582.383,447704571,,2021,2021
European Union (27),,2022,6.1010995,35926.58,449112152,,2022,2022
European Union (27),,2023,5.571036,34888.094,450656232,,2023,2023
Faroe Islands,FRO,1985,11.340665,51240.457,45555,Europe,1985,2023
Faroe Islands,FRO,1986,10.676873,48468.773,45985,Europe,1986,2023
Faroe Islands,FRO,1987,10.730061,49683.34,46440,Europe,1987,2023
Faroe Islands,FRO,1988,11.242856,51731.4,46929,Europe,1988,2023
Faroe Islands,FRO,1989,12.190957,56156.137,47487,Europe,1989,2023
Faroe Islands,FRO,1990,14.817449,61327.21,47477,Europe,1990,2023
Faroe Islands,FRO,1991,14.015215,57409.453,46796,Europe,1991,2023
Faroe Islands,FRO,1992,14.098128,58864.855,46001,Europe,1992,2023
Faroe Islands,FRO,1993,12.91485,58656.34,45109,Europe,1993,2023
Faroe Islands,FRO,1994,13.033237,61492.637,44137,Europe,1994,2023
Faroe Islands,FRO,1995,13.0462885,66344.984,43812,Europe,1995,2023
Faroe Islands,FRO,1996,13.612178,65822.85,44144,Europe,1996,2023
Faroe Islands,FRO,1997,13.250017,65440.39,44521,Europe,1997,2023
Faroe Islands,FRO,1998,13.879097,64988.54,44879,Europe,1998,2023
Faroe Islands,FRO,1999,13.945123,64048.57,45192,Europe,1999,2023
Faroe Islands,FRO,2000,15.09008,70296.21,45648,Europe,2000,2023
Faroe Islands,FRO,2001,16.490934,76419.41,46214,Europe,2001,2023
Faroe Islands,FRO,2002,15.498558,73905.16,46809,Europe,2002,2023
Faroe Islands,FRO,2003,15.463831,72738.66,47388,Europe,2003,2023
Faroe Islands,FRO,2004,15.574921,73795.48,47991,Europe,2004,2023
Faroe Islands,FRO,2005,14.936225,71850.984,48326,Europe,2005,2023
Faroe Islands,FRO,2006,14.003512,71134.164,48405,Europe,2006,2023
Faroe Islands,FRO,2007,14.217672,74061.555,48449,Europe,2007,2023
Faroe Islands,FRO,2008,12.999876,68445.32,48478,Europe,2008,2023
Faroe Islands,FRO,2009,11.8693495,63500.5,48465,Europe,2009,2023
Faroe Islands,FRO,2010,13.088704,65953.414,48149,Europe,2010,2023
Faroe Islands,FRO,2011,11.85414,63076.344,47909,Europe,2011,2023
Faroe Islands,FRO,2012,12.272792,64413.23,48066,Europe,2012,2023
Faroe Islands,FRO,2013,13.440716,70091.234,48251,Europe,2013,2023
Faroe Islands,FRO,2014,12.321938,65730.33,48469,Europe,2014,2023
Faroe Islands,FRO,2015,12.446518,69815.625,48867,Europe,2015,2023
Faroe Islands,FRO,2016,12.730703,68590.72,49503,Europe,2016,2023
Faroe Islands,FRO,2017,14.081364,76055.42,50219,Europe,2017,2023
Faroe Islands,FRO,2018,14.221595,77010.266,51012,Europe,2018,2023
Faroe Islands,FRO,2019,14.283498,74932.95,51817,Europe,2019,2023
Faroe Islands,FRO,2020,14.42602,68466.914,52575,Europe,2020,2023
Faroe Islands,FRO,2021,14.646098,70956.36,53286,Europe,2021,2023
Fiji,FJI,1985,0.79172915,5926.376,723721,Oceania,1985,2023
Fiji,FJI,1986,0.8090213,6934.609,739271,Oceania,1986,2023
Fiji,FJI,1987,0.62890154,5852.4907,750507,Oceania,1987,2023
Fiji,FJI,1988,0.7246584,5733.9365,758654,Oceania,1988,2023
Fiji,FJI,1989,0.8158892,6463.7607,766283,Oceania,1989,2023
Fiji,FJI,1990,1.0361398,6955.363,773274,Oceania,1990,2023
Fiji,FJI,1991,0.8402015,6044.7407,779613,Oceania,1991,2023
Fiji,FJI,1992,0.92997456,6232.05,785300,Oceania,1992,2023
Fiji,FJI,1993,0.9219493,6535.412,790333,Oceania,1993,2023
Fiji,FJI,1994,0.9098398,6704.402,794730,Oceania,1994,2023
Fiji,FJI,1995,0.92236894,7198.563,798701,Oceania,1995,2023
Fiji,FJI,1996,0.9859433,7333.452,803745,Oceania,1996,2023
Fiji,FJI,1997,0.94113106,7237.7866,812092,Oceania,1997,2023
Fiji,FJI,1998,0.90403026,6945.0215,822207,Oceania,1998,2023
Fiji,FJI,1999,0.9094502,7455.925,831785,Oceania,1999,2023
Fiji,FJI,2000,0.96907324,9308.956,840857,Oceania,2000,2023
Fiji,FJI,2001,1.1817101,9574.995,849562,Oceania,2001,2023
Fiji,FJI,2002,0.97363335,8027.728,858015,Oceania,2002,2023
Fiji,FJI,2003,1.1420194,8717.398,866255,Oceania,2003,2023
Fiji,FJI,2004,1.479312,11433.929,874320,Oceania,2004,2023
Fiji,FJI,2005,1.1627305,9695.102,882337,Oceania,2005,2023
Fiji,FJI,2006,1.2881179,10524.99,890316,Oceania,2006,2023
Fiji,FJI,2007,1.2080126,10062.741,897792,Oceania,2007,2023
Fiji,FJI,2008,0.8761009,7890.7285,903348,Oceania,2008,2023
Fiji,FJI,2009,0.7714126,6803.4795,907198,Oceania,2009,2023
Fiji,FJI,2010,1.1309438,9167.494,910376,Oceania,2010,2023
Fiji,FJI,2011,1.0234166,7085.0757,912942,Oceania,2011,2023
Fiji,FJI,2012,0.997228,7121.2935,914872,Oceania,2012,2023
Fiji,FJI,2013,1.1316144,7502.866,916312,Oceania,2013,2023
Fiji,FJI,2014,1.2858326,7886.4253,917544,Oceania,2014,2023
Fiji,FJI,2015,1.3522621,8231.743,918532,Oceania,2015,2023
Fiji,FJI,2016,1.2796372,8094.5083,919123,Oceania,2016,2023
Fiji,FJI,2017,1.4237815,8787.309,918714,Oceania,2017,2023
Fiji,FJI,2018,1.4780109,9316.589,917136,Oceania,2018,2023
Fiji,FJI,2019,1.4818621,9417.632,914849,Oceania,2019,2023
Fiji,FJI,2020,1.0972939,9030.606,914920,Oceania,2020,2023
Fiji,FJI,2021,1.1951271,9222.848,916669,Oceania,2021,2023
Finland,FIN,1985,10.107481,58288.594,4902218,Europe,1985,2023
Finland,FIN,1986,10.8198805,58767.05,4918203,Europe,1986,2023
Finland,FIN,1987,11.664834,61696.87,4932209,Europe,1987,2023
Finland,FIN,1988,10.524062,61114.883,4946577,Europe,1988,2023
Finland,FIN,1989,10.564648,61157.164,4964475,Europe,1989,2023
Finland,FIN,1990,11.414952,64824.15,4986530,Europe,1990,2023
Finland,FIN,1991,11.008524,65968.766,5013842,Europe,1991,2023
Finland,FIN,1992,10.763771,65384.23,5042099,Europe,1992,2023
Finland,FIN,1993,11.116052,65627.88,5066547,Europe,1993,2023
Finland,FIN,1994,12.133458,68592.305,5088409,Europe,1994,2023
Finland,FIN,1995,11.378922,65141.62,5107865,Europe,1995,2023
Finland,FIN,1996,12.496431,67804.484,5124663,Europe,1996,2023
Finland,FIN,1997,12.199319,68557.32,5139877,Europe,1997,2023
Finland,FIN,1998,11.517984,70678.375,5153506,Europe,1998,2023
Finland,FIN,1999,11.397608,69141.266,5165470,Europe,1999,2023
Finland,FIN,2000,11.015339,69377,5176146,Europe,2000,2023
Finland,FIN,2001,12.051263,70719.58,5187921,Europe,2001,2023
Finland,FIN,2002,12.508224,70908.92,5200499,Europe,2002,2023
Finland,FIN,2003,13.938072,75758.37,5212916,Europe,2003,2023
Finland,FIN,2004,13.187595,75218.67,5228095,Europe,2004,2023
Finland,FIN,2005,10.877544,68155.336,5246037,Europe,2005,2023
Finland,FIN,2006,12.983371,72824.555,5266198,Europe,2006,2023
Finland,FIN,2007,12.623978,72265.94,5288666,Europe,2007,2023
Finland,FIN,2008,11.033562,69352.664,5313334,Europe,2008,2023
Finland,FIN,2009,10.474264,63925.77,5338800,Europe,2009,2023
Finland,FIN,2010,11.950097,69228.28,5363304,Europe,2010,2023
Finland,FIN,2011,10.5131855,64942.777,5388186,Europe,2011,2023
Finland,FIN,2012,9.448784,62886.45,5413924,Europe,2012,2023
Finland,FIN,2013,9.50887,62843.996,5439027,Europe,2013,2023
Finland,FIN,2014,8.719377,60391.24,5461629,Europe,2014,2023
Finland,FIN,2015,8.064728,60022.977,5479664,Europe,2015,2023
Finland,FIN,2016,8.598248,60795.297,5495422,Europe,2016,2023
Finland,FIN,2017,8.107141,59405.816,5508354,Europe,2017,2023
Finland,FIN,2018,8.291627,60528.164,5515685,Europe,2018,2023
Finland,FIN,2019,7.686383,59219.324,5521713,Europe,2019,2023
Finland,FIN,2020,6.8179035,56777.6,5529559,Europe,2020,2023
Finland,FIN,2021,6.821489,57919.223,5541019,Europe,2021,2023
Finland,FIN,2022,6.5299587,57885.66,5569254,Europe,2022,2023
Finland,FIN,2023,5.6456437,59896.703,5601133,Europe,2023,2023
France,FRA,1985,7.3253207,43831.035,55467096,Europe,1985,2023
France,FRA,1986,7.021133,44646.754,55752790,Europe,1986,2023
France,FRA,1987,6.9377937,45434.27,56048312,Europe,1987,2023
France,FRA,1988,6.8575897,45812.98,56361796,Europe,1988,2023
France,FRA,1989,7.0623355,46168.652,56685031,Europe,1989,2023
France,FRA,1990,6.90851,46971.94,56990186,Europe,1990,2023
France,FRA,1991,7.296108,50033.805,57271510,Europe,1991,2023
France,FRA,1992,7.077009,50259.188,57554812,Europe,1992,2023
France,FRA,1993,6.7074585,50021.062,57801206,Europe,1993,2023
France,FRA,1994,6.5654187,49357.965,57999814,Europe,1994,2023
France,FRA,1995,6.6299295,50577.844,58192155,Europe,1995,2023
France,FRA,1996,6.88853,52276.67,58380593,Europe,1996,2023
France,FRA,1997,6.741581,51274.414,58568614,Europe,1997,2023
France,FRA,1998,7.030747,52293.457,58778760,Europe,1998,2023
France,FRA,1999,6.973456,52748.92,59084162,Europe,1999,2023
France,FRA,2000,6.8277426,53147.277,59483672,Europe,2000,2023
France,FRA,2001,6.851596,53258.633,59905084,Europe,2001,2023
France,FRA,2002,6.7290792,52531.13,60327203,Europe,2002,2023
France,FRA,2003,6.7823114,52789.78,60741072,Europe,2003,2023
France,FRA,2004,6.757305,52906.543,61175198,Europe,2004,2023
France,FRA,2005,6.7471843,52124.855,61624978,Europe,2005,2023
France,FRA,2006,6.545662,51362.02,62049790,Europe,2006,2023
France,FRA,2007,6.343027,50151.977,62432388,Europe,2007,2023
France,FRA,2008,6.197721,49980.47,62780134,Europe,2008,2023
France,FRA,2009,5.876992,46847.41,63106403,Europe,2009,2023
France,FRA,2010,5.93619,48062.32,63417312,Europe,2010,2023
France,FRA,2011,5.5602403,46149.176,63733716,Europe,2011,2023
France,FRA,2012,5.564287,45884.934,64058423,Europe,2012,2023
France,FRA,2013,5.570985,46169.375,64387684,Europe,2013,2023
France,FRA,2014,5.052249,43983.484,64692449,Europe,2014,2023
France,FRA,2015,5.1064253,44229.48,64916292,Europe,2015,2023
France,FRA,2016,5.13468,43217.41,65086802,Europe,2016,2023
France,FRA,2017,5.1635575,42948.914,65284727,Europe,2017,2023
France,FRA,2018,4.9136486,43389.094,65519483,Europe,2018,2023
France,FRA,2019,4.7926087,42384.668,65729405,Europe,2019,2023
France,FRA,2020,4.25596,37859.246,65905226,Europe,2020,2023
France,FRA,2021,4.6245623,40191.64,66083491,Europe,2021,2023
France,FRA,2022,4.4283843,35566.758,66277365,Europe,2022,2023
France,FRA,2023,4.101157,37164.297,66438774,Europe,2023,2023
French Polynesia,PYF,1985,3.2599306,17273.379,180956,Oceania,1985,2023
French Polynesia,PYF,1986,3.2764864,21374.791,185633,Oceania,1986,2023
French Polynesia,PYF,1987,3.2133937,21086.23,190418,Oceania,1987,2023
French Polynesia,PYF,1988,2.9474807,20641.037,195166,Oceania,1988,2023
French Polynesia,PYF,1989,2.7168207,20422.01,199598,Oceania,1989,2023
French Polynesia,PYF,1990,2.3020272,18916.686,203730,Oceania,1990,2023
French Polynesia,PYF,1991,2.257852,18693.398,207716,Oceania,1991,2023
French Polynesia,PYF,1992,2.1132932,17424.615,211522,Oceania,1992,2023
French Polynesia,PYF,1993,2.179422,17113.086,215191,Oceania,1993,2023
French Polynesia,PYF,1994,2.1947844,13584.2295,218693,Oceania,1994,2023
French Polynesia,PYF,1995,2.1283238,14246.435,222079,Oceania,1995,2023
French Polynesia,PYF,1996,2.0801747,13921.283,225458,Oceania,1996,2023
French Polynesia,PYF,1997,2.1432045,13878.914,229085,Oceania,1997,2023
French Polynesia,PYF,1998,2.09277,13878.106,232855,Oceania,1998,2023
French Polynesia,PYF,1999,2.2768636,12884.734,236557,Oceania,1999,2023
French Polynesia,PYF,2000,2.5462868,14203.022,240306,Oceania,2000,2023
French Polynesia,PYF,2001,2.9726367,15333.027,244050,Oceania,2001,2023
French Polynesia,PYF,2002,2.9284196,16036.279,247735,Oceania,2002,2023
French Polynesia,PYF,2003,3.101876,17084.979,251600,Oceania,2003,2023
French Polynesia,PYF,2004,3.0101874,16731.654,255612,Oceania,2004,2023
French Polynesia,PYF,2005,3.1912808,17172.723,259477,Oceania,2005,2023
French Polynesia,PYF,2006,3.1184518,16746.74,263187,Oceania,2006,2023
French Polynesia,PYF,2007,3.053276,17536.959,266405,Oceania,2007,2023
French Polynesia,PYF,2008,3.1131964,17700.125,268339,Oceania,2008,2023
French Polynesia,PYF,2009,3.1138887,17486.457,269456,Oceania,2009,2023
French Polynesia,PYF,2010,3.4127688,18082.105,270551,Oceania,2010,2023
French Polynesia,PYF,2011,3.263734,16923.406,271679,Oceania,2011,2023
French Polynesia,PYF,2012,3.2073016,16239.225,273032,Oceania,2012,2023
French Polynesia,PYF,2013,3.2011998,15941.214,274697,Oceania,2013,2023
French Polynesia,PYF,2014,3.076039,15747.379,276345,Oceania,2014,2023
French Polynesia,PYF,2015,3.0464535,16278.416,277826,Oceania,2015,2023
French Polynesia,PYF,2016,3.110936,16079.959,279134,Oceania,2016,2023
French Polynesia,PYF,2017,3.1139774,15560.707,280038,Oceania,2017,2023
French Polynesia,PYF,2018,3.143086,15735.306,279776,Oceania,2018,2023
French Polynesia,PYF,2019,3.1913288,15742.186,278991,Oceania,2019,2023
French Polynesia,PYF,2020,2.9793313,14898.559,279166,Oceania,2020,2023
French Polynesia,PYF,2021,3.130068,15242.301,279769,Oceania,2021,2023
Gabon,GAB,1985,7.352159,10977.085,856693,Africa,1985,2023
Gabon,GAB,1986,5.621642,9579.448,880661,Africa,1986,2023
Gabon,GAB,1987,4.428214,10782.291,905440,Africa,1987,2023
Gabon,GAB,1988,4.6411195,11068.967,930962,Africa,1988,2023
Gabon,GAB,1989,6.0155745,13424.08,957093,Africa,1989,2023
Gabon,GAB,1990,4.559079,12861.861,983691,Africa,1990,2023
Gabon,GAB,1991,4.473492,12870.298,1010777,Africa,1991,2023
Gabon,GAB,1992,4.735392,12873.189,1038337,Africa,1992,2023
Gabon,GAB,1993,4.66517,11872.439,1066348,Africa,1993,2023
Gabon,GAB,1994,4.14895,11872.551,1094670,Africa,1994,2023
Gabon,GAB,1995,4.6479125,10842.712,1123170,Africa,1995,2023
Gabon,GAB,1996,5.109202,11023.358,1151968,Africa,1996,2023
Gabon,GAB,1997,4.678292,11282.633,1181400,Africa,1997,2023
Gabon,GAB,1998,5.325532,10745.112,1211694,Africa,1998,2023
Gabon,GAB,1999,4.838368,12099.004,1242985,Africa,1999,2023
Gabon,GAB,2000,4.804424,9016.453,1275530,Africa,2000,2023
Gabon,GAB,2001,4.9482784,9478.856,1309550,Africa,2001,2023
Gabon,GAB,2002,4.646788,9233.193,1345082,Africa,2002,2023
Gabon,GAB,2003,4.8803077,8742.1875,1382304,Africa,2003,2023
Gabon,GAB,2004,4.492455,8665.52,1421570,Africa,2004,2023
Gabon,GAB,2005,4.2523212,9015.141,1463455,Africa,2005,2023
Gabon,GAB,2006,3.6747363,8974.716,1508281,Africa,2006,2023
Gabon,GAB,2007,3.2371407,8646.734,1556199,Africa,2007,2023
Gabon,GAB,2008,3.3468785,8547.841,1607136,Africa,2008,2023
Gabon,GAB,2009,3.1925216,8182.456,1661523,Africa,2009,2023
Gabon,GAB,2010,3.3934028,9214.65,1719828,Africa,2010,2023
Gabon,GAB,2011,3.2705607,9102.298,1781929,Africa,2011,2023
Gabon,GAB,2012,3.0483212,11006.094,1846852,Africa,2012,2023
Gabon,GAB,2013,3.0981631,10740.267,1913008,Africa,2013,2023
Gabon,GAB,2014,3.2195609,10845.483,1978345,Africa,2014,2023
Gabon,GAB,2015,3.172839,10108.493,2040935,Africa,2015,2023
Gabon,GAB,2016,3.10519,9740.699,2100258,Africa,2016,2023
Gabon,GAB,2017,2.5475187,10052.3955,2156852,Africa,2017,2023
Gabon,GAB,2018,2.5164337,8795.324,2212268,Africa,2018,2023
Gabon,GAB,2019,2.3507752,7427.6616,2267660,Africa,2019,2023
Gabon,GAB,2020,2.42184,8367.068,2322485,Africa,2020,2023
Gabon,GAB,2021,2.327388,8009.644,2376684,Africa,2021,2023
Gambia,GMB,1985,0.20051466,832.19257,858830,Africa,1985,2023
Gambia,GMB,1986,0.18033655,724.2964,893973,Africa,1986,2023
Gambia,GMB,1987,0.19282989,848.4849,931059,Africa,1987,2023
Gambia,GMB,1988,0.18884222,818.0781,970122,Africa,1988,2023
Gambia,GMB,1989,0.17752622,784.13934,1011321,Africa,1989,2023
Gambia,GMB,1990,0.18760204,756.9071,1054658,Africa,1990,2023
Gambia,GMB,1991,0.17988414,723.49194,1099908,Africa,1991,2023
Gambia,GMB,1992,0.17271945,697.3728,1145534,Africa,1992,2023
Gambia,GMB,1993,0.1757502,724.32776,1188323,Africa,1993,2023
Gambia,GMB,1994,0.17018488,808.83466,1227183,Africa,1994,2023
Gambia,GMB,1995,0.17098838,726.5057,1264273,Africa,1995,2023
Gambia,GMB,1996,0.16893005,707.44977,1301367,Africa,1996,2023
Gambia,GMB,1997,0.16693743,685.2196,1338849,Africa,1997,2023
Gambia,GMB,1998,0.1756232,710.1388,1376948,Africa,1998,2023
Gambia,GMB,1999,0.19410317,689.6454,1415742,Africa,1999,2023
Gambia,GMB,2000,0.18885961,880.39734,1455049,Africa,2000,2023
Gambia,GMB,2001,0.20097165,931.84937,1494977,Africa,2001,2023
Gambia,GMB,2002,0.19326216,901.8342,1535655,Africa,2002,2023
Gambia,GMB,2003,0.18812671,876.4806,1577575,Africa,2003,2023
Gambia,GMB,2004,0.19661817,898.55994,1621254,Africa,2004,2023
Gambia,GMB,2005,0.1934218,881.66327,1666989,Africa,2005,2023
Gambia,GMB,2006,0.20293394,929.5181,1715238,Africa,2006,2023
Gambia,GMB,2007,0.19713081,934.9129,1765731,Africa,2007,2023
Gambia,GMB,2008,0.19954604,941.5169,1817806,Africa,2008,2023
Gambia,GMB,2009,0.19970696,980.54083,1871382,Africa,2009,2023
Gambia,GMB,2010,0.22061062,1036.8582,1926580,Africa,2010,2023
Gambia,GMB,2011,0.2234893,1056.7408,1983737,Africa,2011,2023
Gambia,GMB,2012,0.21879509,998.79663,2043044,Africa,2012,2023
Gambia,GMB,2013,0.20202921,964.19214,2103775,Africa,2013,2023
Gambia,GMB,2014,0.23360372,1034.7433,2164486,Africa,2014,2023
Gambia,GMB,2015,0.26189277,1028.8588,2224483,Africa,2015,2023
Gambia,GMB,2016,0.25830644,1008.46924,2283737,Africa,2016,2023
Gambia,GMB,2017,0.25342792,998.2301,2342157,Africa,2017,2023
Gambia,GMB,2018,0.27026686,978.7463,2399584,Africa,2018,2023
Gambia,GMB,2019,0.28932655,972.6679,2456795,Africa,2019,2023
Gambia,GMB,2020,0.27818328,905.3456,2515694,Africa,2020,2023
Gambia,GMB,2021,0.28163114,931.2733,2575965,Africa,2021,2023
Georgia,GEO,1992,2.8856273,17979.797,5294140,Asia,1992,2023
Georgia,GEO,1993,1.9146943,11339.383,5178738,Asia,1993,2023
Georgia,GEO,1994,1.2024534,8967.001,5046220,Asia,1994,2023
Georgia,GEO,1995,0.46496794,9073.216,4925686,Asia,1995,2023
Georgia,GEO,1996,0.84231186,9773.224,4812721,Asia,1996,2023
Georgia,GEO,1997,0.9426988,10330.433,4695310,Asia,1997,2023
Georgia,GEO,1998,1.0792708,10741.93,4576397,Asia,1998,2023
Georgia,GEO,1999,0.96755564,10714.2,4455538,Asia,1999,2023
Georgia,GEO,2000,1.0397545,9423.704,4328318,Asia,2000,2023
Georgia,GEO,2001,0.8848809,8959.572,4209588,Asia,2001,2023
Georgia,GEO,2002,0.8111573,10776.443,4127795,Asia,2002,2023
Georgia,GEO,2003,0.9133739,9694.849,4085443,Asia,2003,2023
Georgia,GEO,2004,1.0532076,10085.432,4056030,Asia,2004,2023
Georgia,GEO,2005,1.2453573,11553.322,4026093,Asia,2005,2023
Georgia,GEO,2006,1.5245835,10517.187,3996533,Asia,2006,2023
Georgia,GEO,2007,1.6034336,13246.12,3967540,Asia,2007,2023
Georgia,GEO,2008,1.3470249,13342.63,3941135,Asia,2008,2023
Georgia,GEO,2009,1.565652,13652.776,3918895,Asia,2009,2023
Georgia,GEO,2010,1.5934885,14789.647,3895882,Asia,2010,2023
Georgia,GEO,2011,2.0173657,13820.907,3868672,Asia,2011,2023
Georgia,GEO,2012,2.150076,14376.836,3839155,Asia,2012,2023
Georgia,GEO,2013,2.1035426,16267.887,3809072,Asia,2013,2023
Georgia,GEO,2014,2.3567052,17044.346,3792875,Asia,2014,2023
Georgia,GEO,2015,2.573163,18088.293,3791515,Asia,2015,2023
Georgia,GEO,2016,2.6549697,19119.283,3792013,Asia,2016,2023
Georgia,GEO,2017,2.6820617,19005.781,3792801,Asia,2017,2023
Georgia,GEO,2018,2.651641,19383.402,3794833,Asia,2018,2023
Georgia,GEO,2019,2.8674045,19659.346,3796671,Asia,2019,2023
Georgia,GEO,2020,2.7860782,18696.85,3795624,Asia,2020,2023
Georgia,GEO,2021,2.9285443,20834.768,3788400,Asia,2021,2023
Germany,DEU,1985,13.4096155,55260.105,77863371,Europe,1985,2023
Germany,DEU,1986,13.442266,54684.992,77923761,Europe,1986,2023
Germany,DEU,1987,13.225888,54951.07,78062270,Europe,1987,2023
Germany,DEU,1988,13.127662,54866.223,78385947,Europe,1988,2023
Germany,DEU,1989,12.768392,53983.547,79007007,Europe,1989,2023
Germany,DEU,1990,13.233265,52823.883,79707913,Europe,1990,2023
Germany,DEU,1991,12.663633,51259.914,80303142,Europe,1991,2023
Germany,DEU,1992,11.97833,49988.61,80934859,Europe,1992,2023
Germany,DEU,1993,11.773524,49538.95,81486723,Europe,1993,2023
Germany,DEU,1994,11.534628,48888.086,81773563,Europe,1994,2023
Germany,DEU,1995,11.45983,48996.98,82019850,Europe,1995,2023
Germany,DEU,1996,11.6661005,50501.87,82263144,Europe,1996,2023
Germany,DEU,1997,11.30614,49771.383,82389580,Europe,1997,2023
Germany,DEU,1998,11.260548,49305.88,82011883,Europe,1998,2023
Germany,DEU,1999,10.963045,48598.668,81678226,Europe,1999,2023
Germany,DEU,2000,10.9903,48903.7,81797200,Europe,2000,2023
Germany,DEU,2001,11.170657,49841.387,81933833,Europe,2001,2023
Germany,DEU,2002,10.952274,49257.79,82068282,Europe,2002,2023
Germany,DEU,2003,10.893729,49300.902,82111559,Europe,2003,2023
Germany,DEU,2004,10.677811,49342.406,82092658,Europe,2004,2023
Germany,DEU,2005,10.577888,48793.613,82046684,Europe,2005,2023
Germany,DEU,2006,10.849614,50043.066,81701921,Europe,2006,2023
Germany,DEU,2007,10.407525,47958.113,81298499,Europe,2007,2023
Germany,DEU,2008,10.560963,48446.047,81110734,Europe,2008,2023
Germany,DEU,2009,9.760283,45436.254,80935222,Europe,2009,2023
Germany,DEU,2010,10.227281,47305.836,80830868,Europe,2010,2023
Germany,DEU,2011,9.949733,45571.484,80857831,Europe,2011,2023
Germany,DEU,2012,10.060888,46132.684,80916339,Europe,2012,2023
Germany,DEU,2013,10.263168,47361.52,81041525,Europe,2013,2023
Germany,DEU,2014,9.739707,45327.605,81376036,Europe,2014,2023
Germany,DEU,2015,9.7571745,46066.906,82077498,Europe,2015,2023
Germany,DEU,2016,9.642498,46658.38,82760053,Europe,2016,2023
Germany,DEU,2017,9.441113,47057.95,83103956,Europe,2017,2023
Germany,DEU,2018,9.116714,45691.598,83368456,Europe,2018,2023
Germany,DEU,2019,8.494904,44436.824,83559127,Europe,2019,2023
Germany,DEU,2020,7.752807,41328.74,83628661,Europe,2020,2023
Germany,DEU,2021,8.109933,42496.61,83697031,Europe,2021,2023
Germany,DEU,2022,7.9855165,40938.07,84086176,Europe,2022,2023
Germany,DEU,2023,7.051025,38052.27,84548184,Europe,2023,2023
Ghana,GHA,1985,0.23011988,1272.7805,13661192,Africa,1985,2023
Ghana,GHA,1986,0.21015616,1626.381,13965158,Africa,1986,2023
Ghana,GHA,1987,0.22026457,1741.6196,14289071,Africa,1987,2023
Ghana,GHA,1988,0.21929139,1861.4794,14636525,Africa,1988,2023
Ghana,GHA,1989,0.20387076,2001.9656,15006762,Africa,1989,2023
Ghana,GHA,1990,0.22824734,1900.3718,15394598,Africa,1990,2023
Ghana,GHA,1991,0.24714956,1924.9084,15787445,Africa,1991,2023
Ghana,GHA,1992,0.20035088,2042.323,16184805,Africa,1992,2023
Ghana,GHA,1993,0.23013924,1961.4252,16589470,Africa,1993,2023
Ghana,GHA,1994,0.2671488,1972.8364,16993137,Africa,1994,2023
Ghana,GHA,1995,0.26576105,1960.2162,17398968,Africa,1995,2023
Ghana,GHA,1996,0.27279204,2024.2659,17810138,Africa,1996,2023
Ghana,GHA,1997,0.30233827,1946.4543,18238909,Africa,1997,2023
Ghana,GHA,1998,0.29879808,1486.3427,18687991,Africa,1998,2023
Ghana,GHA,1999,0.2931227,1762.4387,19149823,Africa,1999,2023
Ghana,GHA,2000,0.27054992,2116.77,19637041,Africa,2000,2023
Ghana,GHA,2001,0.29596117,2073.1177,20167023,Africa,2001,2023
Ghana,GHA,2002,0.31275728,1846.1882,20729337,Africa,2002,2023
Ghana,GHA,2003,0.31387904,1645.2809,21296653,Africa,2003,2023
Ghana,GHA,2004,0.29497686,1892.3693,21868251,Africa,2004,2023
Ghana,GHA,2005,0.2723046,1893.7173,22449390,Africa,2005,2023
Ghana,GHA,2006,0.36991924,1794.2775,23040661,Africa,2006,2023
Ghana,GHA,2007,0.37990797,1649.7666,23642240,Africa,2007,2023
Ghana,GHA,2008,0.34327245,1899.8279,24249900,Africa,2008,2023
Ghana,GHA,2009,0.27623886,2130.4485,24862618,Africa,2009,2023
Ghana,GHA,2010,0.3510315,2141.837,25474957,Africa,2010,2023
Ghana,GHA,2011,0.39607328,2627.7834,26095042,Africa,2011,2023
Ghana,GHA,2012,0.47296125,2631.042,26734220,Africa,2012,2023
Ghana,GHA,2013,0.46031755,2698.5383,27386146,Africa,2013,2023
Ghana,GHA,2014,0.4726014,2673.1282,28041528,Africa,2014,2023
Ghana,GHA,2015,0.5076704,2847.0212,28696019,Africa,2015,2023
Ghana,GHA,2016,0.4740764,2814.9978,29356688,Africa,2016,2023
Ghana,GHA,2017,0.4144755,2757.9565,30008310,Africa,2017,2023
Ghana,GHA,2018,0.49580094,3112.291,30637543,Africa,2018,2023
Ghana,GHA,2019,0.52523965,3135.595,31258887,Africa,2019,2023
Ghana,GHA,2020,0.6011012,3484.1567,31887755,Africa,2020,2023
Ghana,GHA,2021,0.63182783,3483.3625,32518607,Africa,2021,2023
Greece,GRC,1985,5.955162,22449.928,10036994,Europe,1985,2023
Greece,GRC,1986,5.776201,22278.973,10088711,Europe,1986,2023
Greece,GRC,1987,6.174602,24137.678,10134472,Europe,1987,2023
Greece,GRC,1988,6.588594,25256.5,10176962,Europe,1988,2023
Greece,GRC,1989,7.166847,27131.844,10217995,Europe,1989,2023
Greece,GRC,1990,8.1336,27888.309,10258439,Europe,1990,2023
Greece,GRC,1991,8.092638,28049.93,10306590,Europe,1991,2023
Greece,GRC,1992,8.202403,28307.635,10359849,Europe,1992,2023
Greece,GRC,1993,8.094437,28450.086,10412703,Europe,1993,2023
Greece,GRC,1994,8.258019,28705.861,10466221,Europe,1994,2023
Greece,GRC,1995,8.267103,29529.844,10519187,Europe,1995,2023
Greece,GRC,1996,8.430903,30063.527,10570036,Europe,1996,2023
Greece,GRC,1997,8.830643,30715.895,10622280,Europe,1997,2023
Greece,GRC,1998,9.238266,32430.525,10675358,Europe,1998,2023
Greece,GRC,1999,9.128983,32263.9,10727901,Europe,1999,2023
Greece,GRC,2000,9.549958,33796.73,10782578,Europe,2000,2023
Greece,GRC,2001,9.716937,33961.258,10843115,Europe,2001,2023
Greece,GRC,2002,9.641713,33917.586,10890234,Europe,2002,2023
Greece,GRC,2003,9.989241,35850.453,10918420,Europe,2003,2023
Greece,GRC,2004,10.0011015,35828.086,10947321,Europe,2004,2023
Greece,GRC,2005,10.3711815,35956.984,10981291,Europe,2005,2023
Greece,GRC,2006,10.20506,37034.242,11016060,Europe,2006,2023
Greece,GRC,2007,10.370174,37808.297,11045687,Europe,2007,2023
Greece,GRC,2008,10.028189,37168.062,11076814,Europe,2008,2023
Greece,GRC,2009,9.391401,35855.25,11108016,Europe,2009,2023
Greece,GRC,2010,8.751235,34298.055,11124619,Europe,2010,2023
Greece,GRC,2011,8.507247,33738.633,11108791,Europe,2011,2023
Greece,GRC,2012,8.2721405,31860.057,11048239,Europe,2012,2023
Greece,GRC,2013,7.4505033,30079.553,10967481,Europe,2013,2023
Greece,GRC,2014,7.218839,28344.934,10893122,Europe,2014,2023
Greece,GRC,2015,6.92429,28845.504,10820843,Europe,2015,2023
Greece,GRC,2016,6.6224217,28558.139,10775454,Europe,2016,2023
Greece,GRC,2017,6.9597645,30133.78,10753489,Europe,2017,2023
Greece,GRC,2018,6.6889873,30476.574,10730788,Europe,2018,2023
Greece,GRC,2019,6.132962,29968.463,10718520,Europe,2019,2023
Greece,GRC,2020,5.192684,26346.08,10699317,Europe,2020,2023
Greece,GRC,2021,5.436849,28963.67,10579511,Europe,2021,2023
Greece,GRC,2022,5.577904,30268.49,10412428,Europe,2022,2023
Greece,GRC,2023,5.388754,29510.96,10242850,Europe,2023,2023
Greenland,GRL,1985,9.575393,39434.508,53188,North America,1985,2023
Greenland,GRL,1986,6.0711946,25966.99,53712,North America,1986,2023
Greenland,GRL,1987,4.3233037,17790.945,54240,North America,1987,2023
Greenland,GRL,1988,9.966883,41229.547,54775,North America,1988,2023
Greenland,GRL,1989,8.548825,36006.97,55289,North America,1989,2023
Greenland,GRL,1990,11.235459,40911.164,55602,North America,1990,2023
Greenland,GRL,1991,10.950517,40364.66,55696,North America,1991,2023
Greenland,GRL,1992,10.692107,35856.72,55724,North America,1992,2023
Greenland,GRL,1993,9.795317,36647.945,55735,North America,1993,2023
Greenland,GRL,1994,8.899982,36867.426,55720,North America,1994,2023
Greenland,GRL,1995,9.574108,36809.293,55810,North America,1995,2023
Greenland,GRL,1996,10.664243,38890.434,55972,North America,1996,2023
Greenland,GRL,1997,11.019797,39816.215,56068,North America,1997,2023
Greenland,GRL,1998,10.639913,39778.47,56128,North America,1998,2023
Greenland,GRL,1999,10.603326,48920.96,56104,North America,1999,2023
Greenland,GRL,2000,11.884688,52953.5,56187,North America,2000,2023
Greenland,GRL,2001,10.965209,49252.45,56394,North America,2001,2023
Greenland,GRL,2002,10.255277,47520.086,56570,North America,2002,2023
Greenland,GRL,2003,11.444084,51946.254,56737,North America,2003,2023
Greenland,GRL,2004,11.242607,49968.973,56882,North America,2004,2023
Greenland,GRL,2005,11.3076935,60154.367,56917,North America,2005,2023
Greenland,GRL,2006,11.657902,55261.266,56858,North America,2006,2023
Greenland,GRL,2007,11.518464,62545.47,56760,North America,2007,2023
Greenland,GRL,2008,11.958954,55727.66,56644,North America,2008,2023
Greenland,GRL,2009,10.486355,61194.82,56502,North America,2009,2023
Greenland,GRL,2010,12.006079,77434.97,56588,North America,2010,2023
Greenland,GRL,2011,12.782353,76637.78,56803,North America,2011,2023
Greenland,GRL,2012,10.216935,64041.523,56745,North America,2012,2023
Greenland,GRL,2013,9.968004,64544.35,56477,North America,2013,2023
Greenland,GRL,2014,9.307426,60480.35,56150,North America,2014,2023
Greenland,GRL,2015,9.388049,64502.316,55998,North America,2015,2023
Greenland,GRL,2016,9.398129,63640.645,56032,North America,2016,2023
Greenland,GRL,2017,9.702773,63297.49,56048,North America,2017,2023
Greenland,GRL,2018,9.716159,64539.72,56056,North America,2018,2023
Greenland,GRL,2019,9.906785,62941.348,56064,North America,2019,2023
Greenland,GRL,2020,9.582454,63375.285,56056,North America,2020,2023
Greenland,GRL,2021,10.115214,63520.266,56026,North America,2021,2023
Grenada,GRD,1985,0.64828634,2376.9453,96081,North America,1985,2023
Grenada,GRD,1986,0.6816251,2747.4055,96757,North America,1986,2023
Grenada,GRD,1987,0.75167453,3392.3206,97489,North America,1987,2023
Grenada,GRD,1988,0.96940094,3547.7166,98271,North America,1988,2023
Grenada,GRD,1989,1.0353521,3563.0364,99089,North America,1989,2023
Grenada,GRD,1990,1.0634427,5306.143,99917,North America,1990,2023
Grenada,GRD,1991,1.0910065,5268.2793,100751,North America,1991,2023
Grenada,GRD,1992,1.1543112,5362.855,101574,North America,1992,2023
Grenada,GRD,1993,1.1813581,6096.51,102350,North America,1993,2023
Grenada,GRD,1994,1.3859539,6923.7095,103103,North America,1994,2023
Grenada,GRD,1995,1.4465897,6252.483,103847,North America,1995,2023
Grenada,GRD,1996,1.4720209,6645.128,104542,North America,1996,2023
Grenada,GRD,1997,1.6012921,8735.42,105255,North America,1997,2023
Grenada,GRD,1998,1.6595142,7528.6333,105978,North America,1998,2023
Grenada,GRD,1999,1.8199642,7484.5215,106701,North America,1999,2023
Grenada,GRD,2000,1.7737064,8030.945,107418,North America,2000,2023
Grenada,GRD,2001,1.7988902,8319.619,107951,North America,2001,2023
Grenada,GRD,2002,1.8935051,8525.037,108362,North America,2002,2023
Grenada,GRD,2003,1.9859626,8976.218,108852,North America,2003,2023
Grenada,GRD,2004,1.8773068,8654.664,109297,North America,2004,2023
Grenada,GRD,2005,1.9708264,9039.732,109688,North America,2005,2023
Grenada,GRD,2006,2.096643,9290.929,110096,North America,2006,2023
Grenada,GRD,2007,2.1556647,9798.676,110481,North America,2007,2023
Grenada,GRD,2008,2.247508,10349.056,110857,North America,2008,2023
Grenada,GRD,2009,2.2732592,9980.4795,111213,North America,2009,2023
Grenada,GRD,2010,2.2992382,10297.715,111550,North America,2010,2023
Grenada,GRD,2011,2.2563186,10196.201,112048,North America,2011,2023
Grenada,GRD,2012,2.4047966,10296.617,112748,North America,2012,2023
Grenada,GRD,2013,2.616174,11516.319,113442,North America,2013,2023
Grenada,GRD,2014,2.087237,9650.67,114103,North America,2014,2023
Grenada,GRD,2015,2.269344,9958.878,114634,North America,2015,2023
Grenada,GRD,2016,2.387655,10175.044,115092,North America,2016,2023
Grenada,GRD,2017,2.5399907,10974.274,115402,North America,2017,2023
Grenada,GRD,2018,2.661156,10724.042,115655,North America,2018,2023
Grenada,GRD,2019,2.8441563,10655.754,115943,North America,2019,2023
Grenada,GRD,2020,2.488788,8918.377,116304,North America,2020,2023
Grenada,GRD,2021,2.6699815,9432.062,116645,North America,2021,2023
Guatemala,GTM,1985,0.44547844,2218.3318,7849648,North America,1985,2023
Guatemala,GTM,1986,0.45405766,2335.7966,8070770,North America,1986,2023
Guatemala,GTM,1987,0.47229868,2288.7302,8296445,North America,1987,2023
Guatemala,GTM,1988,0.47764355,2442.1458,8532046,North America,1988,2023
Guatemala,GTM,1989,0.47725546,2484.9,8775500,North America,1989,2023
Guatemala,GTM,1990,0.55095845,2580.3914,9024719,North America,1990,2023
Guatemala,GTM,1991,0.53395706,2442.8733,9272532,North America,1991,2023
Guatemala,GTM,1992,0.62162113,2619.8079,9522213,North America,1992,2023
Guatemala,GTM,1993,0.5703423,2726.418,9779702,North America,1993,2023
Guatemala,GTM,1994,0.6721825,2964.7603,10043662,North America,1994,2023
Guatemala,GTM,1995,0.6863746,3090.0823,10312954,North America,1995,2023
Guatemala,GTM,1996,0.62088484,3114.6562,10583483,North America,1996,2023
Guatemala,GTM,1997,0.69092506,3279.8994,10857703,North America,1997,2023
Guatemala,GTM,1998,0.7755921,3761.1628,11139099,North America,1998,2023
Guatemala,GTM,1999,0.7708902,3953.9182,11422931,North America,1999,2023
Guatemala,GTM,2000,0.83477026,4058.544,11697544,North America,2000,2023
Guatemala,GTM,2001,0.85495406,4133.946,11969368,North America,2001,2023
Guatemala,GTM,2002,0.87546104,4082.936,12246875,North America,2002,2023
Guatemala,GTM,2003,0.83411527,4382.797,12525788,North America,2003,2023
Guatemala,GTM,2004,0.87295973,4045.296,12807357,North America,2004,2023
Guatemala,GTM,2005,0.92524856,4087.143,13087587,North America,2005,2023
Guatemala,GTM,2006,0.91091365,4242.915,13367408,North America,2006,2023
Guatemala,GTM,2007,0.88960725,4454.024,13651990,North America,2007,2023
Guatemala,GTM,2008,0.7817055,4052.9338,13935128,North America,2008,2023
Guatemala,GTM,2009,0.80489516,4154.522,14215574,North America,2009,2023
Guatemala,GTM,2010,0.76535326,4004.3474,14500078,North America,2010,2023
Guatemala,GTM,2011,0.75968486,4004.556,14792071,North America,2011,2023
Guatemala,GTM,2012,0.76719433,4204.253,15089585,North America,2012,2023
Guatemala,GTM,2013,0.83261454,4409.617,15387291,North America,2013,2023
Guatemala,GTM,2014,0.88173604,4562.1045,15681675,North America,2014,2023
Guatemala,GTM,2015,0.99876,5002.62,15971692,North America,2015,2023
Guatemala,GTM,2016,1.0404326,5357.698,16268708,North America,2016,2023
Guatemala,GTM,2017,1.045464,5708.0923,16567316,North America,2017,2023
Guatemala,GTM,2018,1.0995575,5774.4165,16845637,North America,2018,2023
Guatemala,GTM,2019,1.128632,5851.735,17103759,North America,2019,2023
Guatemala,GTM,2020,0.9889047,5734.4775,17357274,North America,2020,2023
Guatemala,GTM,2021,1.1253756,5712.118,17598598,North America,2021,2023
Guinea,GIN,1985,0.1769852,692.26776,5610322,Africa,1985,2023
Guinea,GIN,1986,0.17330456,816.71814,5750616,Africa,1986,2023
Guinea,GIN,1987,0.16829129,848.8668,5900151,Africa,1987,2023
Guinea,GIN,1988,0.16939099,837.79,6056521,Africa,1988,2023
Guinea,GIN,1989,0.1679985,789.71265,6215770,Africa,1989,2023
Guinea,GIN,1990,0.1560281,1006.10754,6434328,Africa,1990,2023
Guinea,GIN,1991,0.15318833,762.6441,6697116,Africa,1991,2023
Guinea,GIN,1992,0.15314536,761.11804,6914320,Africa,1992,2023
Guinea,GIN,1993,0.15266386,771.7889,7128131,Africa,1993,2023
Guinea,GIN,1994,0.1531434,757.45337,7345063,Africa,1994,2023
Guinea,GIN,1995,0.15425932,732.62555,7553203,Africa,1995,2023
Guinea,GIN,1996,0.15891492,715.67303,7769994,Africa,1996,2023
Guinea,GIN,1997,0.16261227,739.97815,7931308,Africa,1997,2023
Guinea,GIN,1998,0.16864847,741.9355,8081947,Africa,1998,2023
Guinea,GIN,1999,0.17333475,756.50024,8265071,Africa,1999,2023
Guinea,GIN,2000,0.1769232,933.22345,8428787,Africa,2000,2023
Guinea,GIN,2001,0.18277289,1009.3095,8539910,Africa,2001,2023
Guinea,GIN,2002,0.18712787,1035.3723,8674026,Africa,2002,2023
Guinea,GIN,2003,0.19165215,983.6432,8870738,Africa,2003,2023
Guinea,GIN,2004,0.19446622,1041.267,9062674,Africa,2004,2023
Guinea,GIN,2005,0.19735163,1031.7405,9245791,Africa,2005,2023
Guinea,GIN,2006,0.20025393,1027.6909,9441133,Africa,2006,2023
Guinea,GIN,2007,0.20363492,1066.2617,9662233,Africa,2007,2023
Guinea,GIN,2008,0.20172906,1051.0521,9898822,Africa,2008,2023
Guinea,GIN,2009,0.20806088,1076.7029,10143493,Africa,2009,2023
Guinea,GIN,2010,0.23895557,1202.3784,10396041,Africa,2010,2023
Guinea,GIN,2011,0.24342394,1194.9143,10656766,Africa,2011,2023
Guinea,GIN,2012,0.22175498,1131.1559,10921531,Africa,2012,2023
Guinea,GIN,2013,0.1885719,982.06683,11191827,Africa,2013,2023
Guinea,GIN,2014,0.18874304,990.09143,11472868,Africa,2014,2023
Guinea,GIN,2015,0.20831236,1171.2323,11767021,Africa,2015,2023
Guinea,GIN,2016,0.22705175,1285.7498,12072983,Africa,2016,2023
Guinea,GIN,2017,0.2615111,1261.2085,12385616,Africa,2017,2023
Guinea,GIN,2018,0.24888608,1122.0997,12704736,Africa,2018,2023
Guinea,GIN,2019,0.30081806,1201.7898,13034294,Africa,2019,2023
Guinea,GIN,2020,0.33650035,1356.6588,13371136,Africa,2020,2023
Guinea,GIN,2021,0.3009134,1281.525,13710470,Africa,2021,2023
Guinea-Bissau,GNB,1985,0.19184357,595.36334,897648,Africa,1985,2023
Guinea-Bissau,GNB,1986,0.20086089,504.22934,912074,Africa,1986,2023
Guinea-Bissau,GNB,1987,0.2095237,856.8214,926826,Africa,1987,2023
Guinea-Bissau,GNB,1988,0.22948182,969.88654,942018,Africa,1988,2023
Guinea-Bissau,GNB,1989,0.24101815,965.4905,957737,Africa,1989,2023
Guinea-Bissau,GNB,1990,0.17687066,1161.9926,973638,Africa,1990,2023
Guinea-Bissau,GNB,1991,0.17682776,1138.2538,994595,Africa,1991,2023
Guinea-Bissau,GNB,1992,0.17527455,1174.8467,1024313,Africa,1992,2023
Guinea-Bissau,GNB,1993,0.17304192,1246.0208,1058703,Africa,1993,2023
Guinea-Bissau,GNB,1994,0.16776711,1208.4489,1091990,Africa,1994,2023
Guinea-Bissau,GNB,1995,0.16358545,1178.5889,1119904,Africa,1995,2023
Guinea-Bissau,GNB,1996,0.17943616,1108.1575,1143493,Africa,1996,2023
Guinea-Bissau,GNB,1997,0.17290477,1132.739,1165497,Africa,1997,2023
Guinea-Bissau,GNB,1998,0.14502569,1112.0535,1187431,Africa,1998,2023
Guinea-Bissau,GNB,1999,0.16046685,1091.4033,1210169,Africa,1999,2023
Guinea-Bissau,GNB,2000,0.11870119,809.8549,1234697,Africa,2000,2023
Guinea-Bissau,GNB,2001,0.11910903,807.33746,1261231,Africa,2001,2023
Guinea-Bissau,GNB,2002,0.1193615,806.6247,1289260,Africa,2002,2023
Guinea-Bissau,GNB,2003,0.14725326,916.40906,1318762,Africa,2003,2023
Guinea-Bissau,GNB,2004,0.14932705,926.11926,1349521,Africa,2004,2023
Guinea-Bissau,GNB,2005,0.15382199,915.8147,1381545,Africa,2005,2023
Guinea-Bissau,GNB,2006,0.15274595,913.9182,1415265,Africa,2006,2023
Guinea-Bissau,GNB,2007,0.15909123,946.6117,1450941,Africa,2007,2023
Guinea-Bissau,GNB,2008,0.15266564,898.46826,1488010,Africa,2008,2023
Guinea-Bissau,GNB,2009,0.15363377,907.2298,1526331,Africa,2009,2023
Guinea-Bissau,GNB,2010,0.15205328,907.236,1566293,Africa,2010,2023
Guinea-Bissau,GNB,2011,0.15038544,896.62317,1608028,Africa,2011,2023
Guinea-Bissau,GNB,2012,0.14865583,890.10126,1651385,Africa,2012,2023
Guinea-Bissau,GNB,2013,0.14475118,886.97314,1695931,Africa,2013,2023
Guinea-Bissau,GNB,2014,0.14941582,907.5775,1741074,Africa,2014,2023
Guinea-Bissau,GNB,2015,0.15587902,914.8769,1786411,Africa,2015,2023
Guinea-Bissau,GNB,2016,0.16601396,928.79553,1831846,Africa,2016,2023
Guinea-Bissau,GNB,2017,0.16201869,733.6317,1877018,Africa,2017,2023
Guinea-Bissau,GNB,2018,0.1620295,719.8099,1922119,Africa,2018,2023
Guinea-Bissau,GNB,2019,0.1638662,703.1273,1967654,Africa,2019,2023
Guinea-Bissau,GNB,2020,0.14741816,656.3425,2013212,Africa,2020,2023
Guinea-Bissau,GNB,2021,0.14771359,677.3281,2058795,Africa,2021,2023
Guyana,GUY,1985,1.8380842,7635.9565,771438,South America,1985,2023
Guyana,GUY,1986,1.359576,7293.9297,768063,South America,1986,2023
Guyana,GUY,1987,1.7119143,5578.7188,764085,South America,1987,2023
Guyana,GUY,1988,1.847382,5552.1987,759622,South America,1988,2023
Guyana,GUY,1989,1.5678905,3762.7368,754818,South America,1989,2023
Guyana,GUY,1990,1.5050138,3649.2754,749835,South America,1990,2023
Guyana,GUY,1991,1.4796735,4318.6465,747819,South America,1991,2023
Guyana,GUY,1992,1.3876752,4790.2637,749870,South America,1992,2023
Guyana,GUY,1993,1.386913,6093.414,752924,South America,1993,2023
Guyana,GUY,1994,1.9295208,6071.6753,755769,South America,1994,2023
Guyana,GUY,1995,2.0679083,5140.5713,758347,South America,1995,2023
Guyana,GUY,1996,2.1729167,5587.7764,760482,South America,1996,2023
Guyana,GUY,1997,2.369928,5932.4985,762197,South America,1997,2023
Guyana,GUY,1998,2.394533,7655.7007,763546,South America,1998,2023
Guyana,GUY,1999,2.3965256,9174.269,764440,South America,1999,2023
Guyana,GUY,2000,2.285233,9131.178,764792,South America,2000,2023
Guyana,GUY,2001,2.2815042,8915.736,764436,South America,2001,2023
Guyana,GUY,2002,2.2456007,9012.365,763605,South America,2002,2023
Guyana,GUY,2003,2.4344814,9282.544,763057,South America,2003,2023
Guyana,GUY,2004,2.5279539,9064.288,762381,South America,2004,2023
Guyana,GUY,2005,2.1284575,8189.165,760874,South America,2005,2023
Guyana,GUY,2006,1.9890898,7341.6763,758924,South America,2006,2023
Guyana,GUY,2007,2.3528764,9106.513,756820,South America,2007,2023
Guyana,GUY,2008,2.2627985,8685.301,754563,South America,2008,2023
Guyana,GUY,2009,2.5383308,8978.9375,752047,South America,2009,2023
Guyana,GUY,2010,2.5185962,9713.2295,749211,South America,2010,2023
Guyana,GUY,2011,2.6272695,10153.407,746113,South America,2011,2023
Guyana,GUY,2012,2.6267803,11516.412,746252,South America,2012,2023
Guyana,GUY,2013,2.5404918,11227.718,749965,South America,2013,2023
Guyana,GUY,2014,2.6148195,11144.22,754171,South America,2014,2023
Guyana,GUY,2015,2.640325,11248.948,758746,South America,2015,2023
Guyana,GUY,2016,3.1102662,12634.438,763497,South America,2016,2023
Guyana,GUY,2017,3.027992,12459.088,768435,South America,2017,2023
Guyana,GUY,2018,3.1622431,12371.177,791516,South America,2018,2023
Guyana,GUY,2019,3.412209,14184.612,807624,South America,2019,2023
Guyana,GUY,2020,4.162018,13816.492,807442,South America,2020,2023
Guyana,GUY,2021,4.391797,13690.034,815445,South America,2021,2023
Haiti,HTI,1985,0.15014511,710.6132,6190811,North America,1985,2023
Haiti,HTI,1986,0.13144581,700.7356,6316078,North America,1986,2023
Haiti,HTI,1987,0.13945414,998.61194,6445079,North America,1987,2023
Haiti,HTI,1988,0.15318532,1034.9122,6578104,North America,1988,2023
Haiti,HTI,1989,0.15237053,943.1414,6714685,North America,1989,2023
Haiti,HTI,1990,0.1451619,593.3897,6854395,North America,1990,2023
Haiti,HTI,1991,0.13953966,588.48224,6995409,North America,1991,2023
Haiti,HTI,1992,0.12450338,623.83795,7136529,North America,1992,2023
Haiti,HTI,1993,0.094007485,463.11212,7278133,North America,1993,2023
Haiti,HTI,1994,0.024690928,388.79932,7419729,North America,1994,2023
Haiti,HTI,1995,0.11579442,597.5131,7562506,North America,1995,2023
Haiti,HTI,1996,0.13215573,681.437,7707513,North America,1996,2023
Haiti,HTI,1997,0.17167151,810.0591,7854256,North America,1997,2023
Haiti,HTI,1998,0.1543054,781.5385,8002105,North America,1998,2023
Haiti,HTI,1999,0.15597682,830.85364,8151263,North America,1999,2023
Haiti,HTI,2000,0.19681129,836.0804,8303101,North America,2000,2023
Haiti,HTI,2001,0.1739967,893.391,8455867,North America,2001,2023
Haiti,HTI,2002,0.20740215,961.6241,8607601,North America,2002,2023
Haiti,HTI,2003,0.1940879,874.4462,8759861,North America,2003,2023
Haiti,HTI,2004,0.1854046,990.22144,8910216,North America,2004,2023
Haiti,HTI,2005,0.1902987,1015.81964,9061223,North America,2005,2023
Haiti,HTI,2006,0.19009802,1022.4895,9216519,North America,2006,2023
Haiti,HTI,2007,0.18909171,1084.6621,9373256,North America,2007,2023
Haiti,HTI,2008,0.18473263,1075.1736,9530731,North America,2008,2023
Haiti,HTI,2009,0.19488019,1005.77826,9689548,North America,2009,2023
Haiti,HTI,2010,0.21797135,922.15204,9803247,North America,2010,2023
Haiti,HTI,2011,0.22924179,958.5984,9914850,North America,2011,2023
Haiti,HTI,2012,0.22485054,1037.8396,10069716,North America,2012,2023
Haiti,HTI,2013,0.26473927,1075.7772,10222322,North America,2013,2023
Haiti,HTI,2014,0.26073214,1142.4454,10373194,North America,2014,2023
Haiti,HTI,2015,0.25283724,1284.612,10523200,North America,2015,2023
Haiti,HTI,2016,0.27920556,1314.9376,10671417,North America,2016,2023
Haiti,HTI,2017,0.2901943,1287.2642,10817711,North America,2017,2023
Haiti,HTI,2018,0.31075293,1325.5319,10962333,North America,2018,2023
Haiti,HTI,2019,0.28168207,1184.3462,11105119,North America,2019,2023
Haiti,HTI,2020,0.28798378,977.08136,11243804,North America,2020,2023
Haiti,HTI,2021,0.30625582,1030.8809,11374546,North America,2021,2023
High-income countries,,1985,12.04693,52806.93,991310532,,1985,1985
High-income countries,,1986,11.996659,53266.07,998037958,,1986,1986
High-income countries,,1987,12.107929,54490.3,1004923777,,1987,1987
High-income countries,,1988,12.409844,55983.777,1012051743,,1988,1988
High-income countries,,1989,12.498362,56572.37,1019506779,,1989,1989
High-income countries,,1990,12.700694,56403.984,1026900708,,1990,1990
High-income countries,,1991,12.887612,56480.9,1034756479,,1991,1991
High-income countries,,1992,12.12715,56580.28,1043062674,,1992,1992
High-income countries,,1993,12.078098,57007.453,1050613578,,1993,1993
High-income countries,,1994,11.993045,57717.15,1057686327,,1994,1994
High-income countries,,1995,12.023329,58834.92,1064203780,,1995,1995
High-income countries,,1996,12.26119,60301.812,1070357865,,1996,1996
High-income countries,,1997,12.140398,60508.6,1076645279,,1997,1997
High-income countries,,1998,12.0378065,60359.94,1082449863,,1998,1998
High-income countries,,1999,12.126912,60901.4,1088382780,,1999,1999
High-income countries,,2000,12.400979,61749.17,1095097943,,2000,2000
High-income countries,,2001,12.355059,61227.227,1102259869,,2001,2001
High-income countries,,2002,12.35576,61426.832,1109744769,,2002,2002
High-income countries,,2003,12.513373,61700.023,1117359287,,2003,2003
High-income countries,,2004,12.605545,62642.527,1125058628,,2004,2004
High-income countries,,2005,12.594448,62722.074,1132858860,,2005,2005
High-income countries,,2006,12.573467,62407.203,1140764653,,2006,2006
High-income countries,,2007,12.582629,62399.12,1149579643,,2007,2007
High-income countries,,2008,12.284869,61442.957,1158830874,,2008,2008
High-income countries,,2009,11.477511,58181.473,1167209426,,2009,2009
High-income countries,,2010,11.891078,60223.11,1175001247,,2010,2010
High-income countries,,2011,11.73792,59302.652,1182991346,,2011,2011
High-income countries,,2012,11.607343,58521.066,1190966734,,2012,2012
High-income countries,,2013,11.501252,58884.246,1198609378,,2013,2013
High-income countries,,2014,11.288075,58283.285,1206394029,,2014,2014
High-income countries,,2015,11.17093,58349.535,1214690357,,2015,2015
High-income countries,,2016,10.997597,58316.633,1222828507,,2016,2016
High-income countries,,2017,10.930921,58452.273,1229620628,,2017,2017
High-income countries,,2018,10.983839,58896.887,1235444212,,2018,2018
High-income countries,,2019,10.721024,57964.023,1241331122,,2019,2019
High-income countries,,2020,9.816816,53926.57,1245000640,,2020,2020
High-income countries,,2021,10.341665,56280.055,1246785065,,2021,2021
High-income countries,,2022,10.325515,56327.473,1252304790,,2022,2022
High-income countries,,2023,9.956884,55453.668,1259127509,,2023,2023
Honduras,HND,1985,0.43617222,2126.7769,4323290,North America,1985,2023
Honduras,HND,1986,0.41021302,2437.6604,4448852,North America,1986,2023
Honduras,HND,1987,0.46848455,2284.7969,4576866,North America,1987,2023
Honduras,HND,1988,0.5236097,2793.2256,4707642,North America,1988,2023
Honduras,HND,1989,0.5535711,3138.1658,4841788,North America,1989,2023
Honduras,HND,1990,0.50289834,3420.6929,4980446,North America,1990,2023
Honduras,HND,1991,0.49318624,3321.8376,5123756,North America,1991,2023
Honduras,HND,1992,0.531798,3333.216,5271385,North America,1992,2023
Honduras,HND,1993,0.5422583,3232.187,5423203,North America,1993,2023
Honduras,HND,1994,0.57912266,3140.9373,5579196,North America,1994,2023
Honduras,HND,1995,0.6683829,3302.3174,5739577,North America,1995,2023
Honduras,HND,1996,0.65643394,3593.1072,5903901,North America,1996,2023
Honduras,HND,1997,0.66052717,3588.894,6071414,North America,1997,2023
Honduras,HND,1998,0.7716202,3750.6787,6234391,North America,1998,2023
Honduras,HND,1999,0.7350388,3913.9841,6400420,North America,1999,2023
Honduras,HND,2000,0.76493096,3657.3855,6577728,North America,2000,2023
Honduras,HND,2001,0.8382584,3886.6245,6757934,North America,2001,2023
Honduras,HND,2002,0.85681397,3824.1345,6938825,North America,2002,2023
Honduras,HND,2003,0.9392653,4087.4094,7119158,North America,2003,2023
Honduras,HND,2004,0.9856434,4235.931,7298947,North America,2004,2023
Honduras,HND,2005,0.91395694,4243.7075,7478314,North America,2005,2023
Honduras,HND,2006,1.0054097,3989.0889,7656787,North America,2006,2023
Honduras,HND,2007,1.0487149,4827.8486,7834750,North America,2007,2023
Honduras,HND,2008,1.0649434,4677.777,8012546,North America,2008,2023
Honduras,HND,2009,0.9805308,4338.667,8189858,North America,2009,2023
Honduras,HND,2010,0.9558662,4439.492,8365834,North America,2010,2023
Honduras,HND,2011,1.0374415,4406.6816,8540543,North America,2011,2023
Honduras,HND,2012,1.0577439,4707.272,8715038,North America,2012,2023
Honduras,HND,2013,1.053511,4629.147,8889226,North America,2013,2023
Honduras,HND,2014,1.0461389,4979.008,9063078,North America,2014,2023
Honduras,HND,2015,1.1202432,5439.805,9237261,North America,2015,2023
Honduras,HND,2016,1.0329332,5242.269,9412329,North America,2016,2023
Honduras,HND,2017,1.0671028,5456.1885,9588098,North America,2017,2023
Honduras,HND,2018,1.0098408,5896.7534,9765162,North America,2018,2023
Honduras,HND,2019,1.1282444,5640.568,9943585,North America,2019,2023
Honduras,HND,2020,0.94135344,5048.4497,10119590,North America,2020,2023
Honduras,HND,2021,0.9900977,5086.9336,10289829,North America,2021,2023
Hong Kong,HKG,1985,4.2427373,18620.49,5393076,Asia,1985,2023
Hong Kong,HKG,1986,4.6824594,19223.525,5451391,Asia,1986,2023
Hong Kong,HKG,1987,5.1192064,20797.48,5486328,Asia,1987,2023
Hong Kong,HKG,1988,5.310167,23589.496,5514851,Asia,1988,2023
Hong Kong,HKG,1989,5.4401255,24833.414,5540530,Asia,1989,2023
Hong Kong,HKG,1990,4.8821864,23868.459,5560560,Asia,1990,2023
Hong Kong,HKG,1991,5.057373,24375.887,5628035,Asia,1991,2023
Hong Kong,HKG,1992,5.715515,28285.232,5759509,Asia,1992,2023
Hong Kong,HKG,1993,5.8920894,30461.104,5902464,Asia,1993,2023
Hong Kong,HKG,1994,5.14369,27249.283,6042217,Asia,1994,2023
Hong Kong,HKG,1995,5.0618086,28937.334,6177052,Asia,1995,2023
Hong Kong,HKG,1996,4.586889,28513.861,6302426,Asia,1996,2023
Hong Kong,HKG,1997,4.752806,28363.01,6416626,Asia,1997,2023
Hong Kong,HKG,1998,5.968916,28449.79,6521282,Asia,1998,2023
Hong Kong,HKG,1999,6.430765,28398.51,6616478,Asia,1999,2023
Hong Kong,HKG,2000,6.0082116,29337.334,6704622,Asia,2000,2023
Hong Kong,HKG,2001,5.58025,36671.15,6774195,Asia,2001,2023
Hong Kong,HKG,2002,5.788446,35543.574,6821361,Asia,2002,2023
Hong Kong,HKG,2003,6.2987537,36507.19,6858869,Asia,2003,2023
Hong Kong,HKG,2004,6.034957,40706.633,6888102,Asia,2004,2023
Hong Kong,HKG,2005,6.3300304,38935.48,6908426,Asia,2005,2023
Hong Kong,HKG,2006,6.047403,41052.85,6931043,Asia,2006,2023
Hong Kong,HKG,2007,6.250267,43421.625,6971292,Asia,2007,2023
Hong Kong,HKG,2008,6.0949697,40117.203,7020639,Asia,2008,2023
Hong Kong,HKG,2009,5.8857503,43534.28,7064418,Asia,2009,2023
Hong Kong,HKG,2010,5.6414247,45030.29,7101558,Asia,2010,2023
Hong Kong,HKG,2011,6.0409045,45897.434,7142923,Asia,2011,2023
Hong Kong,HKG,2012,5.935563,43749.9,7201012,Asia,2012,2023
Hong Kong,HKG,2013,6.099286,44543.734,7264275,Asia,2013,2023
Hong Kong,HKG,2014,6.2151847,43144.723,7319453,Asia,2014,2023
Hong Kong,HKG,2015,5.755893,44115.94,7366349,Asia,2015,2023
Hong Kong,HKG,2016,5.8539495,45058.67,7407953,Asia,2016,2023
Hong Kong,HKG,2017,5.699413,48159.26,7444832,Asia,2017,2023
Hong Kong,HKG,2018,5.702032,48595.906,7471131,Asia,2018,2023
Hong Kong,HKG,2019,5.597313,45963.055,7485770,Asia,2019,2023
Hong Kong,HKG,2020,4.472128,34378.316,7490198,Asia,2020,2023
Hong Kong,HKG,2021,4.504877,32504.035,7484547,Asia,2021,2023
Hong Kong,HKG,2022,4.2234635,29038.205,7465860,Asia,2022,2023
Hong Kong,HKG,2023,4.550918,33497.1,7442686,Asia,2023,2023
Hungary,HUN,1985,8.241684,31621.826,10547208,Europe,1985,2023
Hungary,HUN,1986,8.132773,31584.959,10511045,Europe,1986,2023
Hungary,HUN,1987,8.163396,33111.777,10475048,Europe,1987,2023
Hungary,HUN,1988,7.8105307,32456.16,10440480,Europe,1988,2023
Hungary,HUN,1989,7.680998,31730.266,10403359,Europe,1989,2023
Hungary,HUN,1990,7.073088,31154.18,10381231,Europe,1990,2023
Hungary,HUN,1991,6.728077,29099.613,10378132,Europe,1991,2023
Hungary,HUN,1992,6.0050297,27931.543,10371431,Europe,1992,2023
Hungary,HUN,1993,6.0821157,26921.88,10356813,Europe,1993,2023
Hungary,HUN,1994,5.9846272,27419.527,10339884,Europe,1994,2023
Hungary,HUN,1995,5.954244,27771.453,10322744,Europe,1995,2023
Hungary,HUN,1996,6.1232667,28350.887,10302188,Europe,1996,2023
Hungary,HUN,1997,6.0004497,27726.135,10278552,Europe,1997,2023
Hungary,HUN,1998,5.9751678,28211.484,10251663,Europe,1998,2023
Hungary,HUN,1999,6.0251155,28282.535,10219743,Europe,1999,2023
Hungary,HUN,2000,5.715533,27524.096,10190548,Europe,2000,2023
Hungary,HUN,2001,5.884713,28261.502,10166641,Europe,2001,2023
Hungary,HUN,2002,5.803865,27680.426,10138414,Europe,2002,2023
Hungary,HUN,2003,6.094746,28106.879,10108909,Europe,2003,2023
Hungary,HUN,2004,5.9474993,28622.2,10085736,Europe,2004,2023
Hungary,HUN,2005,5.9749784,30582.842,10065654,Europe,2005,2023
Hungary,HUN,2006,5.9232993,30034.668,10049900,Europe,2006,2023
Hungary,HUN,2007,5.8250375,29686.33,10034027,Europe,2007,2023
Hungary,HUN,2008,5.708958,29320.72,10016610,Europe,2008,2023
Hungary,HUN,2009,5.145066,27245.459,10001329,Europe,2009,2023
Hungary,HUN,2010,5.210173,27819.338,9979076,Europe,2010,2023
Hungary,HUN,2011,5.0425143,27072.97,9946626,Europe,2011,2023
Hungary,HUN,2012,4.711324,25308.668,9916568,Europe,2012,2023
Hungary,HUN,2013,4.397333,24057.62,9889294,Europe,2013,2023
Hungary,HUN,2014,4.4246006,24145.828,9862785,Europe,2014,2023
Hungary,HUN,2015,4.732814,25501.146,9839162,Europe,2015,2023
Hungary,HUN,2016,4.794786,26030.773,9810479,Europe,2016,2023
Hungary,HUN,2017,5.050659,27509.97,9785561,Europe,2017,2023
Hungary,HUN,2018,5.051615,27740.646,9774342,Europe,2018,2023
Hungary,HUN,2019,5.032163,28131.205,9770300,Europe,2019,2023
Hungary,HUN,2020,4.8318176,27724.254,9749421,Europe,2020,2023
Hungary,HUN,2021,4.9785724,29244.559,9707794,Europe,2021,2023
Hungary,HUN,2022,4.630455,26789.283,9684259,Europe,2022,2023
Hungary,HUN,2023,4.1491246,24904.19,9686418,Europe,2023,2023
Iceland,ISL,1985,6.7227716,76204.24,241364,Europe,1985,2023
Iceland,ISL,1986,7.3215394,79096.305,243149,Europe,1986,2023
Iceland,ISL,1987,7.50574,80703.62,245820,Europe,1987,2023
Iceland,ISL,1988,7.373767,83813.89,249685,Europe,1988,2023
Iceland,ISL,1989,7.5013328,85665.97,252816,Europe,1989,2023
Iceland,ISL,1990,8.722239,85042.65,254791,Europe,1990,2023
Iceland,ISL,1991,8.160325,82124.38,257764,Europe,1991,2023
Iceland,ISL,1992,8.617856,83950.5,261051,Europe,1992,2023
Iceland,ISL,1993,9.102541,86327.31,263720,Europe,1993,2023
Iceland,ISL,1994,8.832659,86541.71,266020,Europe,1994,2023
Iceland,ISL,1995,9.232063,88842.27,267474,Europe,1995,2023
Iceland,ISL,1996,9.383518,93512.52,268918,Europe,1996,2023
Iceland,ISL,1997,9.658163,97298.73,271147,Europe,1997,2023
Iceland,ISL,1998,9.627771,104159.3,274071,Europe,1998,2023
Iceland,ISL,1999,10.2429085,112739.61,277397,Europe,1999,2023
Iceland,ISL,2000,10.428837,118057.81,281254,Europe,2000,2023
Iceland,ISL,2001,10.053745,117792.88,285010,Europe,2001,2023
Iceland,ISL,2002,10.406282,121304.664,287561,Europe,2002,2023
Iceland,ISL,2003,10.311858,121068.53,289558,Europe,2003,2023
Iceland,ISL,2004,10.637928,122384.42,292127,Europe,2004,2023
Iceland,ISL,2005,10.029784,120874.47,296803,Europe,2005,2023
Iceland,ISL,2006,10.383546,129510.24,303836,Europe,2006,2023
Iceland,ISL,2007,11.214876,144361.56,311622,Europe,2007,2023
Iceland,ISL,2008,12.00739,177673.47,317470,Europe,2008,2023
Iceland,ISL,2009,11.71445,176767.39,318564,Europe,2009,2023
Iceland,ISL,2010,11.400758,177121.83,318102,Europe,2010,2023
Iceland,ISL,2011,10.979511,176561.36,319098,Europe,2011,2023
Iceland,ISL,2012,10.90563,177259.34,320802,Europe,2012,2023
Iceland,ISL,2013,10.770798,181204.22,323845,Europe,2013,2023
Iceland,ISL,2014,10.520367,178940.12,327471,Europe,2014,2023
Iceland,ISL,2015,10.701083,184878.39,330918,Europe,2015,2023
Iceland,ISL,2016,10.412656,183038.08,335522,Europe,2016,2023
Iceland,ISL,2017,10.512845,186955.55,343480,Europe,2017,2023
Iceland,ISL,2018,10.393721,188294,352819,Europe,2018,2023
Iceland,ISL,2019,9.860175,175527.73,360652,Europe,2019,2023
Iceland,ISL,2020,9.113012,158397.48,366571,Europe,2020,2023
Iceland,ISL,2021,9.415825,163754.67,372597,Europe,2021,2023
Iceland,ISL,2022,9.5004835,170914.56,380322,Europe,2022,2023
Iceland,ISL,2023,9.708997,167421.55,387522,Europe,2023,2023
India,IND,1985,0.5145839,2030.4757,772647748,Asia,1985,2023
India,IND,1986,0.53916126,2125.1223,790689937,Asia,1986,2023
India,IND,1987,0.56289464,2210.1482,808931212,Asia,1987,2023
India,IND,1988,0.5943027,2353.6423,827342945,Asia,1988,2023
India,IND,1989,0.6390376,2515.7063,846039483,Asia,1989,2023
India,IND,1990,0.668225,2643.1104,864972170,Asia,1990,2023
India,IND,1991,0.6961713,2730.9583,883927551,Asia,1991,2023
India,IND,1992,0.7258895,2812.7422,902957019,Asia,1992,2023
India,IND,1993,0.7345036,2824.2505,922118324,Asia,1993,2023
India,IND,1994,0.758703,2916.78,941163717,Asia,1994,2023
India,IND,1995,0.79189926,3072.884,960300991,Asia,1995,2023
India,IND,1996,0.84070516,3134.0286,979678413,Asia,1996,2023
India,IND,1997,0.8587551,3244.4333,999133716,Asia,1997,2023
India,IND,1998,0.85972553,3377.1096,1018665024,Asia,1998,2023
India,IND,1999,0.92538923,3408.3252,1038225772,Asia,1999,2023
India,IND,2000,0.9324355,3515.7441,1057922676,Asia,2000,2023
India,IND,2001,0.9282198,3467.0754,1077898527,Asia,2001,2023
India,IND,2002,0.9403603,3524.3215,1097600334,Asia,2002,2023
India,IND,2003,0.95606565,3587.4846,1116802952,Asia,2003,2023
India,IND,2004,0.99809515,3830.6672,1135991467,Asia,2004,2023
India,IND,2005,1.0345691,3991.22,1154676277,Asia,2005,2023
India,IND,2006,1.1019763,4141.057,1172878840,Asia,2006,2023
India,IND,2007,1.1695088,4428.8447,1190675980,Asia,2007,2023
India,IND,2008,1.2330486,4621.1714,1207930907,Asia,2008,2023
India,IND,2009,1.3155315,4896.7437,1225524711,Asia,2009,2023
India,IND,2010,1.348904,5038.8984,1243481513,Asia,2010,2023
India,IND,2011,1.3992052,5241.9365,1261224903,Asia,2011,2023
India,IND,2012,1.5060126,5452.142,1278674446,Asia,2012,2023
India,IND,2013,1.5396302,5560.02,1295829456,Asia,2013,2023
India,IND,2014,1.6371114,5862.7075,1312277131,Asia,2014,2023
India,IND,2015,1.6823633,5994.3154,1328024445,Asia,2015,2023
India,IND,2016,1.7520504,6189.1133,1343944244,Asia,2016,2023
India,IND,2017,1.7847193,6351.181,1359657354,Asia,2017,2023
India,IND,2018,1.886328,6638.485,1374659017,Asia,2018,2023
India,IND,2019,1.8810879,6736.5117,1389030252,Asia,2019,2023
India,IND,2020,1.7264521,6322.2974,1402617645,Asia,2020,2023
India,IND,2021,1.8909733,6809.693,1414203840,Asia,2021,2023
India,IND,2022,1.9861935,7129.11,1425423157,Asia,2022,2023
India,IND,2023,2.129469,7586.1997,1438069540,Asia,2023,2023
Indonesia,IDN,1985,0.7291054,2490.9849,166776143,Asia,1985,2023
Indonesia,IDN,1986,0.71788496,2607.531,170175010,Asia,1986,2023
Indonesia,IDN,1987,0.7139513,2699.753,173511105,Asia,1987,2023
Indonesia,IDN,1988,0.75045204,2796.916,176855016,Asia,1988,2023
Indonesia,IDN,1989,0.7307012,3044.827,180201584,Asia,1989,2023
Indonesia,IDN,1990,0.84512234,3294.7917,183501051,Asia,1990,2023
Indonesia,IDN,1991,0.93621755,3522.5188,186778184,Asia,1991,2023
Indonesia,IDN,1992,1.0493306,3801.7942,190043693,Asia,1992,2023
Indonesia,IDN,1993,1.1127938,3983.7983,193305126,Asia,1993,2023
Indonesia,IDN,1994,1.115874,4102.256,196591779,Asia,1994,2023
Indonesia,IDN,1995,1.1126755,4392.264,199888001,Asia,1995,2023
Indonesia,IDN,1996,1.2453723,4633.9023,203204307,Asia,1996,2023
Indonesia,IDN,1997,1.3554124,4948.9565,206536049,Asia,1997,2023
Indonesia,IDN,1998,1.1653565,4789.7163,209826738,Asia,1998,2023
Indonesia,IDN,1999,1.3708667,5151.666,213004610,Asia,1999,2023
Indonesia,IDN,2000,1.3019868,5435.1587,216077748,Asia,2000,2023
Indonesia,IDN,2001,1.4469663,5740.15,219097854,Asia,2001,2023
Indonesia,IDN,2002,1.3890227,5816.885,222088455,Asia,2002,2023
Indonesia,IDN,2003,1.507934,6226.767,225047958,Asia,2003,2023
Indonesia,IDN,2004,1.5049647,6089.4717,227926604,Asia,2004,2023
Indonesia,IDN,2005,1.5056726,6188.735,230871600,Asia,2005,2023
Indonesia,IDN,2006,1.481646,6213.2007,233951608,Asia,2006,2023
Indonesia,IDN,2007,1.6361018,6581.411,237062283,Asia,2007,2023
Indonesia,IDN,2008,1.5228248,6571.2695,240157845,Asia,2008,2023
Indonesia,IDN,2009,1.640252,6665.187,243219975,Asia,2009,2023
Indonesia,IDN,2010,1.8099737,7123.851,246305285,Asia,2010,2023
Indonesia,IDN,2011,2.0071535,7431.6963,249469983,Asia,2011,2023
Indonesia,IDN,2012,2.041778,7576.4053,252698471,Asia,2012,2023
Indonesia,IDN,2013,1.9114735,7145.6704,255852410,Asia,2013,2023
Indonesia,IDN,2014,1.8846375,7179.4966,258877350,Asia,2014,2023
Indonesia,IDN,2015,2.0593998,7202.4644,261799196,Asia,2015,2023
Indonesia,IDN,2016,2.0409288,7243.88,264627382,Asia,2016,2023
Indonesia,IDN,2017,2.0832288,7439.3833,267346608,Asia,2017,2023
Indonesia,IDN,2018,2.2007682,8056.51,269951801,Asia,2018,2023
Indonesia,IDN,2019,2.3993292,8530.325,272489333,Asia,2019,2023
Indonesia,IDN,2020,2.213211,7959.1304,274814825,Asia,2020,2023
Indonesia,IDN,2021,2.23886,8087.7715,276758010,Asia,2021,2023
Indonesia,IDN,2022,2.6434436,10132.153,278830479,Asia,2022,2023
Indonesia,IDN,2023,2.6075745,10116.714,281190021,Asia,2023,2023
Iran,IRN,1985,3.2367597,13623.729,49582240,Asia,1985,2023
Iran,IRN,1986,2.8827293,12333.542,51445995,Asia,1986,2023
Iran,IRN,1987,2.9881809,12796.608,53323438,Asia,1987,2023
Iran,IRN,1988,3.1950886,12656.989,55072645,Asia,1988,2023
Iran,IRN,1989,3.3703358,13439.815,56704871,Asia,1989,2023
Iran,IRN,1990,3.6155267,14540.782,58380046,Asia,1990,2023
Iran,IRN,1991,3.7182403,15178.739,59986887,Asia,1991,2023
Iran,IRN,1992,3.7295756,16395.33,61184930,Asia,1992,2023
Iran,IRN,1993,3.8595936,15073.914,61403494,Asia,1993,2023
Iran,IRN,1994,4.304609,16816.41,61520555,Asia,1994,2023
Iran,IRN,1995,4.354522,17401.883,62205523,Asia,1995,2023
Iran,IRN,1996,4.3990912,18683.662,62881242,Asia,1996,2023
Iran,IRN,1997,4.2310596,18984.059,63639588,Asia,1997,2023
Iran,IRN,1998,4.7371745,19468.623,64519819,Asia,1998,2023
Iran,IRN,1999,5.721603,20652.555,65445344,Asia,1999,2023
Iran,IRN,2000,5.528771,21307.21,66418621,Asia,2000,2023
Iran,IRN,2001,5.780545,22379.375,67451952,Asia,2001,2023
Iran,IRN,2002,5.8377304,24156.205,68011265,Asia,2002,2023
Iran,IRN,2003,5.9760203,24372.035,68769299,Asia,2003,2023
Iran,IRN,2004,6.292953,26526.402,70256267,Asia,2004,2023
Iran,IRN,2005,6.4986024,27646.455,71828417,Asia,2005,2023
Iran,IRN,2006,6.8265424,29747.424,73392696,Asia,2006,2023
Iran,IRN,2007,6.806395,31167.166,74602596,Asia,2007,2023
Iran,IRN,2008,6.9991584,31688.732,75514155,Asia,2008,2023
Iran,IRN,2009,7.107359,32012.967,76457779,Asia,2009,2023
Iran,IRN,2010,7.2525234,32248.412,77420793,Asia,2010,2023
Iran,IRN,2011,7.3503466,33107.25,78383547,Asia,2011,2023
Iran,IRN,2012,7.5484037,32998.57,79370525,Asia,2012,2023
Iran,IRN,2013,7.5836825,33801.54,80414625,Asia,2013,2023
Iran,IRN,2014,7.903496,34628.117,81501999,Asia,2014,2023
Iran,IRN,2015,7.7695036,33449.17,82619310,Asia,2015,2023
Iran,IRN,2016,7.692004,34628.83,83812175,Asia,2016,2023
Iran,IRN,2017,8.190366,35445.574,85026715,Asia,2017,2023
Iran,IRN,2018,8.009745,36159.855,86117959,Asia,2018,2023
Iran,IRN,2019,8.447259,37705.78,87051599,Asia,2019,2023
Iran,IRN,2020,8.62491,38812.543,87723397,Asia,2020,2023
Iran,IRN,2021,8.815236,37783.53,88455443,Asia,2021,2023
Iran,IRN,2022,8.944471,39151.336,89524192,Asia,2022,2023
Iran,IRN,2023,9.026508,39598.59,90608663,Asia,2023,2023
Iraq,IRQ,1985,2.8180418,9093.793,15683386,Asia,1985,2023
Iraq,IRQ,1986,2.9382396,10218.363,16074099,Asia,1986,2023
Iraq,IRQ,1987,3.1586318,11728.18,16521010,Asia,1987,2023
Iraq,IRQ,1988,3.969978,13269.977,16908764,Asia,1988,2023
Iraq,IRQ,1989,4.160319,14673.412,17364492,Asia,1989,2023
Iraq,IRQ,1990,2.7903192,13462.373,17581160,Asia,1990,2023
Iraq,IRQ,1991,2.5431938,8406.837,17767202,Asia,1991,2023
Iraq,IRQ,1992,3.217858,12949.507,18300802,Asia,1992,2023
Iraq,IRQ,1993,3.2878149,16394.72,19201146,Asia,1993,2023
Iraq,IRQ,1994,3.7953093,17684.621,20139770,Asia,1994,2023
Iraq,IRQ,1995,3.8267481,17028.674,20825809,Asia,1995,2023
Iraq,IRQ,1996,3.474674,16503.838,21501270,Asia,1996,2023
Iraq,IRQ,1997,3.4348862,18957.375,22176557,Asia,1997,2023
Iraq,IRQ,1998,3.5324259,13784.206,22884342,Asia,1998,2023
Iraq,IRQ,1999,3.4710267,9625.282,23636478,Asia,1999,2023
Iraq,IRQ,2000,3.4091678,13100.986,24424011,Asia,2000,2023
Iraq,IRQ,2001,3.8230426,14176.429,25197800,Asia,2001,2023
Iraq,IRQ,2002,3.712144,13048.608,26006512,Asia,2002,2023
Iraq,IRQ,2003,3.7782464,11233.329,26802610,Asia,2003,2023
Iraq,IRQ,2004,4.0903525,11703.38,27577831,Asia,2004,2023
Iraq,IRQ,2005,4.013732,10743.436,28407405,Asia,2005,2023
Iraq,IRQ,2006,3.444312,10367.605,28616456,Asia,2006,2023
Iraq,IRQ,2007,2.1515615,10543.257,28391556,Asia,2007,2023
Iraq,IRQ,2008,3.242491,11838.88,28970998,Asia,2008,2023
Iraq,IRQ,2009,3.4870865,11209.113,30058157,Asia,2009,2023
Iraq,IRQ,2010,3.657115,12151.445,31045312,Asia,2010,2023
Iraq,IRQ,2011,3.822515,12085.6045,32161373,Asia,2011,2023
Iraq,IRQ,2012,3.9644012,12596.573,33654796,Asia,2012,2023
Iraq,IRQ,2013,3.9978693,13249.768,35281935,Asia,2013,2023
Iraq,IRQ,2014,3.7488654,12387.734,36550007,Asia,2014,2023
Iraq,IRQ,2015,3.780211,11841.137,37560485,Asia,2015,2023
Iraq,IRQ,2016,3.962143,12542.049,38469579,Asia,2016,2023
Iraq,IRQ,2017,4.237806,14320.764,39337310,Asia,2017,2023
Iraq,IRQ,2018,4.5889473,14547.464,40265573,Asia,2018,2023
Iraq,IRQ,2019,4.6182113,15390.483,41192120,Asia,2019,2023
Iraq,IRQ,2020,3.825463,13437.566,42116556,Asia,2020,2023
Iraq,IRQ,2021,3.6926064,13615.412,43071162,Asia,2021,2023
Iraq,IRQ,2022,3.8864813,14914.6045,44070510,Asia,2022,2023
Iraq,IRQ,2023,3.9148493,15332.978,45074010,Asia,2023,2023
Ireland,IRL,1985,7.5752172,28392.49,3531226,Europe,1985,2023
Ireland,IRL,1986,8.060905,30578.152,3541823,Europe,1986,2023
Ireland,IRL,1987,8.53771,30941.5,3540333,Europe,1987,2023
Ireland,IRL,1988,8.477538,30931.379,3525037,Europe,1988,2023
Ireland,IRL,1989,8.561911,32001.828,3511027,Europe,1989,2023
Ireland,IRL,1990,9.3755245,33823.188,3513969,Europe,1990,2023
Ireland,IRL,1991,9.528332,34941.062,3534214,Europe,1991,2023
Ireland,IRL,1992,9.413331,34865.6,3558372,Europe,1992,2023
Ireland,IRL,1993,9.4285345,35430.54,3576075,Europe,1993,2023
Ireland,IRL,1994,9.704146,36785.88,3590114,Europe,1994,2023
Ireland,IRL,1995,9.929918,37329.59,3610640,Europe,1995,2023
Ireland,IRL,1996,10.298165,39103.8,3638460,Europe,1996,2023
Ireland,IRL,1997,10.567102,40034.047,3672240,Europe,1997,2023
Ireland,IRL,1998,10.96959,42625.582,3711027,Europe,1998,2023
Ireland,IRL,1999,11.308687,44500.22,3752895,Europe,1999,2023
Ireland,IRL,2000,11.899826,45993.887,3802536,Europe,2000,2023
Ireland,IRL,2001,12.324259,47836.67,3862927,Europe,2001,2023
Ireland,IRL,2002,11.730362,46569.605,3928386,Europe,2002,2023
Ireland,IRL,2003,11.441362,44674.87,3992878,Europe,2003,2023
Ireland,IRL,2004,11.354304,44733.043,4066012,Europe,2004,2023
Ireland,IRL,2005,11.58845,45659.78,4155232,Europe,2005,2023
Ireland,IRL,2006,11.150147,45880.33,4268715,Europe,2006,2023
Ireland,IRL,2007,10.847193,45259.535,4393467,Europe,2007,2023
Ireland,IRL,2008,10.557134,44106.4,4485943,Europe,2008,2023
Ireland,IRL,2009,9.306159,39248.785,4533698,Europe,2009,2023
Ireland,IRL,2010,9.166745,39407.06,4559044,Europe,2010,2023
Ireland,IRL,2011,8.309568,37465.4,4579557,Europe,2011,2023
Ireland,IRL,2012,8.309446,36688.957,4600088,Europe,2012,2023
Ireland,IRL,2013,8.060954,35956.3,4624629,Europe,2013,2023
Ireland,IRL,2014,7.910841,35600.855,4658186,Europe,2014,2023
Ireland,IRL,2015,8.233164,37274.28,4702444,Europe,2015,2023
Ireland,IRL,2016,8.4921,38516.9,4753463,Europe,2016,2023
Ireland,IRL,2017,8.123473,38224.62,4810214,Europe,2017,2023
Ireland,IRL,2018,8.006022,38571.54,4872503,Europe,2018,2023
Ireland,IRL,2019,7.5653806,38267.508,4933445,Europe,2019,2023
Ireland,IRL,2020,7.0494823,35598.938,4982560,Europe,2020,2023
Ireland,IRL,2021,7.4664645,35986.184,5028387,Europe,2021,2023
Ireland,IRL,2022,7.1842723,37022.3,5109966,Europe,2022,2023
Ireland,IRL,2023,6.6260405,35746.33,5196586,Europe,2023,2023
Israel,ISR,1985,5.9954147,23490.367,4105306,Asia,1985,2023
Israel,ISR,1986,6.320173,24061.264,4168914,Asia,1986,2023
Israel,ISR,1987,6.3889713,25120.934,4236819,Asia,1987,2023
Israel,ISR,1988,6.895896,26191.791,4307287,Asia,1988,2023
Israel,ISR,1989,7.165244,26629.848,4381463,Asia,1989,2023
Israel,ISR,1990,7.882236,26884.953,4544949,Asia,1990,2023
Israel,ISR,1991,7.5626965,26559.25,4779837,Asia,1991,2023
Israel,ISR,1992,8.489194,30160.44,4957184,Asia,1992,2023
Israel,ISR,1993,8.69733,31913.719,5085987,Asia,1993,2023
Israel,ISR,1994,9.100604,32465.287,5216641,Asia,1994,2023
Israel,ISR,1995,9.312513,35630.168,5354680,Asia,1995,2023
Israel,ISR,1996,9.443716,36044.043,5499504,Asia,1996,2023
Israel,ISR,1997,9.716882,38516.83,5646431,Asia,1997,2023
Israel,ISR,1998,9.673378,39661.543,5790094,Asia,1998,2023
Israel,ISR,1999,9.208855,40251.59,5946022,Asia,1999,2023
Israel,ISR,2000,9.739484,37170.64,6111143,Asia,2000,2023
Israel,ISR,2001,10.06777,36424.02,6259933,Asia,2001,2023
Israel,ISR,2002,9.283735,36462.727,6387661,Asia,2002,2023
Israel,ISR,2003,9.598173,36880.645,6502766,Asia,2003,2023
Israel,ISR,2004,8.870585,36914.707,6615035,Asia,2004,2023
Israel,ISR,2005,8.401134,36438.062,6728156,Asia,2005,2023
Israel,ISR,2006,9.080821,36000.695,6843981,Asia,2006,2023
Israel,ISR,2007,9.019857,36692.24,6962406,Asia,2007,2023
Israel,ISR,2008,9.598234,37094.68,7082571,Asia,2008,2023
Israel,ISR,2009,8.862133,35412.008,7206047,Asia,2009,2023
Israel,ISR,2010,9.3076,36168.523,7336682,Asia,2010,2023
Israel,ISR,2011,9.181502,36202.535,7470971,Asia,2011,2023
Israel,ISR,2012,9.830104,37239.395,7607737,Asia,2012,2023
Israel,ISR,2013,8.142046,34578.957,7749319,Asia,2013,2023
Israel,ISR,2014,7.6334467,33145.016,7897132,Asia,2014,2023
Israel,ISR,2015,7.815752,34348.75,8052858,Asia,2015,2023
Israel,ISR,2016,7.449998,34387.754,8209957,Asia,2016,2023
Israel,ISR,2017,7.037425,34381.566,8361744,Asia,2017,2023
Israel,ISR,2018,7.048836,34554.734,8510026,Asia,2018,2023
Israel,ISR,2019,6.775189,35026.562,8657420,Asia,2019,2023
Israel,ISR,2020,6.7220626,32559.027,8800323,Asia,2020,2023
Israel,ISR,2021,6.5983253,32813.754,8942868,Asia,2021,2023
Israel,ISR,2022,6.6951056,34148.94,9103094,Asia,2022,2023
Israel,ISR,2023,6.4269466,33730.26,9256261,Asia,2023,2023
Italy,ITA,1985,6.4898343,28897.64,56855442,Europe,1985,2023
Italy,ITA,1986,6.385612,29679.285,56875927,Europe,1986,2023
Italy,ITA,1987,6.6810694,30560.299,56891873,Europe,1987,2023
Italy,ITA,1988,6.779748,31298.94,56928699,Europe,1988,2023
Italy,ITA,1989,7.10364,32179.424,56976698,Europe,1989,2023
Italy,ITA,1990,7.6836085,32681.436,57031408,Europe,1990,2023
Italy,ITA,1991,7.6695333,33685.176,57075339,Europe,1991,2023
Italy,ITA,1992,7.6662817,33524.938,57124951,Europe,1992,2023
Italy,ITA,1993,7.526007,32795.35,57170710,Europe,1993,2023
Italy,ITA,1994,7.3929873,32712.924,57420092,Europe,1994,2023
Italy,ITA,1995,7.814792,34040.48,57403300,Europe,1995,2023
Italy,ITA,1996,7.747135,34021.668,57162044,Europe,1996,2023
Italy,ITA,1997,7.843608,34593.875,57189220,Europe,1997,2023
Italy,ITA,1998,8.054216,35381.56,57215139,Europe,1998,2023
Italy,ITA,1999,8.132428,36375.1,57240747,Europe,1999,2023
Italy,ITA,2000,8.199393,36851.285,57272155,Europe,2000,2023
Italy,ITA,2001,8.196003,36802.125,57305705,Europe,2001,2023
Italy,ITA,2002,8.308964,36481.184,57420578,Europe,2002,2023
Italy,ITA,2003,8.574564,37436.27,57739646,Europe,2003,2023
Italy,ITA,2004,8.606293,37979.51,58176688,Europe,2004,2023
Italy,ITA,2005,8.56745,37805.06,58519638,Europe,2005,2023
Italy,ITA,2006,8.440849,37481.96,58754384,Europe,2006,2023
Italy,ITA,2007,8.283948,36549.08,59108674,Europe,2007,2023
Italy,ITA,2008,8.027417,35659.477,59561638,Europe,2008,2023
Italy,ITA,2009,7.0790157,33102.94,59903965,Europe,2009,2023
Italy,ITA,2010,7.242025,34046.293,60164160,Europe,2010,2023
Italy,ITA,2011,7.0218573,33284.145,60367832,Europe,2011,2023
Italy,ITA,2012,6.6649837,32295.604,60531480,Europe,2012,2023
Italy,ITA,2013,6.0915313,30816.12,60653828,Europe,2013,2023
Italy,ITA,2014,5.759587,29214.83,60664127,Europe,2014,2023
Italy,ITA,2015,5.963726,30129.14,60575274,Europe,2015,2023
Italy,ITA,2016,5.9218903,30305.607,60478047,Europe,2016,2023
Italy,ITA,2017,5.839991,30716.617,60390266,Europe,2017,2023
Italy,ITA,2018,5.7909245,30957.242,60277446,Europe,2018,2023
Italy,ITA,2019,5.6483135,30464.064,60130080,Europe,2019,2023
Italy,ITA,2020,5.0507216,27763.803,59912714,Europe,2020,2023
Italy,ITA,2021,5.6250086,29854.95,59729300,Europe,2021,2023
Italy,ITA,2022,5.714151,29104.418,59619058,Europe,2022,2023
Italy,ITA,2023,5.2682986,28051.86,59499408,Europe,2023,2023
Jamaica,JAM,1985,2.2010415,8688.006,2290618,North America,1985,2023
Jamaica,JAM,1986,1.9667044,8541.283,2312079,North America,1986,2023
Jamaica,JAM,1987,2.3088336,9305.494,2329763,North America,1987,2023
Jamaica,JAM,1988,1.9292334,10427.465,2345742,North America,1988,2023
Jamaica,JAM,1989,2.8469412,12031.939,2361865,North America,1989,2023
Jamaica,JAM,1990,3.1629016,12493.724,2379829,North America,1990,2023
Jamaica,JAM,1991,3.228471,12933.527,2400824,North America,1991,2023
Jamaica,JAM,1992,3.179329,13859.205,2424641,North America,1992,2023
Jamaica,JAM,1993,3.2658854,13928.321,2449859,North America,1993,2023
Jamaica,JAM,1994,3.308286,14217.115,2475182,North America,1994,2023
Jamaica,JAM,1995,3.6692142,15690.177,2500101,North America,1995,2023
Jamaica,JAM,1996,3.8375757,16020.312,2524412,North America,1996,2023
Jamaica,JAM,1997,3.951721,16585.48,2547798,North America,1997,2023
Jamaica,JAM,1998,3.7724664,16816.357,2569681,North America,1998,2023
Jamaica,JAM,1999,3.8452358,17090.36,2589747,North America,1999,2023
Jamaica,JAM,2000,3.9550843,16542.139,2607780,North America,2000,2023
Jamaica,JAM,2001,4.030104,16699.781,2624359,North America,2001,2023
Jamaica,JAM,2002,3.863835,16544.623,2640532,North America,2002,2023
Jamaica,JAM,2003,4.0153522,17159.158,2656569,North America,2003,2023
Jamaica,JAM,2004,3.9571493,16704.465,2672182,North America,2004,2023
Jamaica,JAM,2005,3.8766139,17141.955,2687020,North America,2005,2023
Jamaica,JAM,2006,4.2863917,19489.295,2700922,North America,2006,2023
Jamaica,JAM,2007,3.9610088,19765.36,2713761,North America,2007,2023
Jamaica,JAM,2008,3.9549804,16746.21,2725585,North America,2008,2023
Jamaica,JAM,2009,2.8987665,13112.701,2736953,North America,2009,2023
Jamaica,JAM,2010,2.7932408,11996.119,2748526,North America,2010,2023
Jamaica,JAM,2011,2.99068,12652.353,2760444,North America,2011,2023
Jamaica,JAM,2012,2.8541574,11797.367,2772387,North America,2012,2023
Jamaica,JAM,2013,3.0507696,12772.726,2783639,North America,2013,2023
Jamaica,JAM,2014,2.7552822,12533.961,2793708,North America,2014,2023
Jamaica,JAM,2015,2.8542137,12881.866,2802491,North America,2015,2023
Jamaica,JAM,2016,2.9052734,13296.951,2809867,North America,2016,2023
Jamaica,JAM,2017,2.7692864,11942.507,2815724,North America,2017,2023
Jamaica,JAM,2018,2.8674781,12335.036,2820051,North America,2018,2023
Jamaica,JAM,2019,3.356447,15387.241,2823227,North America,2019,2023
Jamaica,JAM,2020,2.4383793,12098.731,2830686,North America,2020,2023
Jamaica,JAM,2021,2.5886042,12235.784,2837634,North America,2021,2023
Japan,JPN,1985,7.5746703,36997.395,120832108,Asia,1985,2023
Japan,JPN,1986,7.5312924,36767.945,121366674,Asia,1986,2023
Japan,JPN,1987,7.3983264,38195.41,121943539,Asia,1987,2023
Japan,JPN,1988,8.039863,40125.457,122476904,Asia,1988,2023
Japan,JPN,1989,8.306628,41052.375,122947358,Asia,1989,2023
Japan,JPN,1990,9.37922,41914.78,123399717,Asia,1990,2023
Japan,JPN,1991,9.436555,43228.3,123889808,Asia,1991,2023
Japan,JPN,1992,9.477869,43604.055,124383659,Asia,1992,2023
Japan,JPN,1993,9.387163,44213.79,124839901,Asia,1993,2023
Japan,JPN,1994,9.792676,45703.57,125286818,Asia,1994,2023
Japan,JPN,1995,9.860501,47131.613,125672604,Asia,1995,2023
Japan,JPN,1996,9.936036,47956.695,125975260,Asia,1996,2023
Japan,JPN,1997,9.855357,48774.598,126265874,Asia,1997,2023
Japan,JPN,1998,9.518786,47896.113,126549132,Asia,1998,2023
Japan,JPN,1999,9.78849,48548.125,126801516,Asia,1999,2023
Japan,JPN,2000,9.950527,49314.926,127027758,Asia,2000,2023
Japan,JPN,2001,9.817637,48681.13,127260090,Asia,2001,2023
Japan,JPN,2002,10.032547,48435.285,127484547,Asia,2002,2023
Japan,JPN,2003,10.084459,48335.68,127671194,Asia,2003,2023
Japan,JPN,2004,10.037065,48931.176,127815728,Asia,2004,2023
Japan,JPN,2005,10.087274,49706.562,127913277,Asia,2005,2023
Japan,JPN,2006,9.900961,49536.465,127997206,Asia,2006,2023
Japan,JPN,2007,10.172693,49017.004,128087633,Asia,2007,2023
Japan,JPN,2008,9.614815,48084.367,128155949,Asia,2008,2023
Japan,JPN,2009,9.075361,43881.684,128192428,Asia,2009,2023
Japan,JPN,2010,9.476896,46709.957,128185219,Asia,2010,2023
Japan,JPN,2011,9.873789,44288.176,128096387,Asia,2011,2023
Japan,JPN,2012,10.20883,43924.3,127928244,Asia,2012,2023
Japan,JPN,2013,10.298001,43669.05,127723595,Asia,2013,2023
Japan,JPN,2014,9.913247,42605.56,127486555,Asia,2014,2023
Japan,JPN,2015,9.610619,42152.383,127275819,Asia,2015,2023
Japan,JPN,2016,9.461977,41699.695,127159900,Asia,2016,2023
Japan,JPN,2017,9.345515,42275.17,127064637,Asia,2017,2023
Japan,JPN,2018,9.002051,42109.38,126913388,Asia,2018,2023
Japan,JPN,2019,8.725205,41382.203,126699371,Asia,2019,2023
Japan,JPN,2020,8.237897,38526.55,126304487,Asia,2020,2023
Japan,JPN,2021,8.449326,40425.16,125679288,Asia,2021,2023
Japan,JPN,2022,8.261658,40377.67,124997534,Asia,2022,2023
Japan,JPN,2023,7.95029,39209.965,124370893,Asia,2023,2023
Jordan,JOR,1985,3.0306675,12950.6,2778765,Asia,1985,2023
Jordan,JOR,1986,3.1496692,13185.326,2909846,Asia,1986,2023
Jordan,JOR,1987,3.1192024,13562.059,3047580,Asia,1987,2023
Jordan,JOR,1988,2.874114,12151.512,3192988,Asia,1988,2023
Jordan,JOR,1989,2.7107127,11934.6455,3349582,Asia,1989,2023
Jordan,JOR,1990,2.8925452,12111.728,3621870,Asia,1990,2023
Jordan,JOR,1991,2.5296688,10900.639,3915102,Asia,1991,2023
Jordan,JOR,1992,2.9033966,12181.209,4127648,Asia,1992,2023
Jordan,JOR,1993,2.708,11432.909,4347964,Asia,1993,2023
Jordan,JOR,1994,2.9047418,12516.938,4561358,Asia,1994,2023
Jordan,JOR,1995,2.7794464,12590.666,4752048,Asia,1995,2023
Jordan,JOR,1996,2.8143544,13089.599,4912465,Asia,1996,2023
Jordan,JOR,1997,2.7890196,12316.658,5046238,Asia,1997,2023
Jordan,JOR,1998,2.7599554,12871.409,5164238,Asia,1998,2023
Jordan,JOR,1999,2.7038643,12724.906,5276398,Asia,1999,2023
Jordan,JOR,2000,2.821703,13120.57,5386890,Asia,2000,2023
Jordan,JOR,2001,2.8386834,12340.564,5498858,Asia,2001,2023
Jordan,JOR,2002,2.9238546,12667.007,5616024,Asia,2002,2023
Jordan,JOR,2003,2.957647,13522.985,5741786,Asia,2003,2023
Jordan,JOR,2004,3.1742003,14329.478,5882015,Asia,2004,2023
Jordan,JOR,2005,3.3894367,15157.3,6029554,Asia,2005,2023
Jordan,JOR,2006,3.1936147,14647.871,6427322,Asia,2006,2023
Jordan,JOR,2007,3.139871,13221.179,6827191,Asia,2007,2023
Jordan,JOR,2008,2.9640238,12430.374,6989821,Asia,2008,2023
Jordan,JOR,2009,2.9876187,12645.595,7141705,Asia,2009,2023
Jordan,JOR,2010,2.8251805,12875.821,7296994,Asia,2010,2023
Jordan,JOR,2011,2.8399298,13144.025,7480382,Asia,2011,2023
Jordan,JOR,2012,3.1388326,13750.912,7587082,Asia,2012,2023
Jordan,JOR,2013,2.9803483,12796.636,7991751,Asia,2013,2023
Jordan,JOR,2014,2.9458408,11669.372,8791661,Asia,2014,2023
Jordan,JOR,2015,2.676875,11497.137,9544673,Asia,2015,2023
Jordan,JOR,2016,2.4682727,11675.889,10006321,Asia,2016,2023
Jordan,JOR,2017,2.522286,11783.324,10234177,Asia,2017,2023
Jordan,JOR,2018,2.4031124,11233.428,10462255,Asia,2018,2023
Jordan,JOR,2019,2.3188925,11258.242,10671837,Asia,2019,2023
Jordan,JOR,2020,1.9291415,9838.043,10865183,Asia,2020,2023
Jordan,JOR,2021,1.8649886,9183.148,11066310,Asia,2021,2023
Kazakhstan,KAZ,1985,15.785951,51645.434,16031036,Asia,1985,2023
Kazakhstan,KAZ,1986,15.868185,51792.863,16262647,Asia,1986,2023
Kazakhstan,KAZ,1987,15.526603,51802.527,16527676,Asia,1987,2023
Kazakhstan,KAZ,1988,16.308096,52521.395,16781120,Asia,1988,2023
Kazakhstan,KAZ,1989,15.563983,50852.812,16996969,Asia,1989,2023
Kazakhstan,KAZ,1990,15.633255,50954.35,17154015,Asia,1990,2023
Kazakhstan,KAZ,1991,15.109248,50520.637,17278551,Asia,1991,2023
Kazakhstan,KAZ,1992,13.623549,49724.492,17332566,Asia,1992,2023
Kazakhstan,KAZ,1993,12.053468,44061.652,17274430,Asia,1993,2023
Kazakhstan,KAZ,1994,10.263801,39793.1,17043729,Asia,1994,2023
Kazakhstan,KAZ,1995,10.058636,36430.83,16730491,Asia,1995,2023
Kazakhstan,KAZ,1996,9.411858,32284.078,16415996,Asia,1996,2023
Kazakhstan,KAZ,1997,9.126943,29049.662,16043201,Asia,1997,2023
Kazakhstan,KAZ,1998,9.220673,27982.146,15647738,Asia,1998,2023
Kazakhstan,KAZ,1999,7.716524,26675.014,15455830,Asia,1999,2023
Kazakhstan,KAZ,2000,9.249703,24267.602,15501060,Asia,2000,2023
Kazakhstan,KAZ,2001,8.90941,27235.379,15575502,Asia,2001,2023
Kazakhstan,KAZ,2002,10.061223,27638.352,15656630,Asia,2002,2023
Kazakhstan,KAZ,2003,11.167269,30142.02,15747335,Asia,2003,2023
Kazakhstan,KAZ,2004,11.757366,31608.375,15850121,Asia,2004,2023
Kazakhstan,KAZ,2005,12.527624,32231.549,15968071,Asia,2005,2023
Kazakhstan,KAZ,2006,13.69717,34342.35,16103670,Asia,2006,2023
Kazakhstan,KAZ,2007,13.947366,37666.04,16257169,Asia,2007,2023
Kazakhstan,KAZ,2008,13.808861,39232.65,16426480,Asia,2008,2023
Kazakhstan,KAZ,2009,13.510977,34690.484,16619799,Asia,2009,2023
Kazakhstan,KAZ,2010,14.777387,36757.344,16836755,Asia,2010,2023
Kazakhstan,KAZ,2011,14.003776,41151.434,17065944,Asia,2011,2023
Kazakhstan,KAZ,2012,14.234627,42674.324,17306063,Asia,2012,2023
Kazakhstan,KAZ,2013,14.533967,42177.832,17556454,Asia,2013,2023
Kazakhstan,KAZ,2014,15.395486,43718.62,17816240,Asia,2014,2023
Kazakhstan,KAZ,2015,15.409165,35653.344,18084126,Asia,2015,2023
Kazakhstan,KAZ,2016,15.122116,39346.42,18363551,Asia,2016,2023
Kazakhstan,KAZ,2017,15.734422,41765.4,18651876,Asia,2017,2023
Kazakhstan,KAZ,2018,16.22455,42571.65,18932674,Asia,2018,2023
Kazakhstan,KAZ,2019,14.330919,42588.3,19209498,Asia,2019,2023
Kazakhstan,KAZ,2020,13.113933,38775.867,19482065,Asia,2020,2023
Kazakhstan,KAZ,2021,12.92284,42831.074,19743565,Asia,2021,2023
Kazakhstan,KAZ,2022,12.69876,42235.43,20034569,Asia,2022,2023
Kazakhstan,KAZ,2023,12.550943,42234.96,20330063,Asia,2023,2023
Kenya,KEN,1985,0.19609821,1549.8013,19201726,Africa,1985,2023
Kenya,KEN,1986,0.20888105,1569.9213,19901590,Africa,1986,2023
Kenya,KEN,1987,0.25070503,1390.5503,20616047,Africa,1987,2023
Kenya,KEN,1988,0.22401613,1526.9807,21356181,Africa,1988,2023
Kenya,KEN,1989,0.23452918,1591.4926,22118394,Africa,1989,2023
Kenya,KEN,1990,0.25418887,1551.4095,22892599,Africa,1990,2023
Kenya,KEN,1991,0.20444229,1393.2302,23646463,Africa,1991,2023
Kenya,KEN,1992,0.2270675,1463.5555,24382423,Africa,1992,2023
Kenya,KEN,1993,0.25248885,1466.0312,25117140,Africa,1993,2023
Kenya,KEN,1994,0.25344354,1455.7029,25857088,Africa,1994,2023
Kenya,KEN,1995,0.28376964,1503.7559,26601698,Africa,1995,2023
Kenya,KEN,1996,0.3398336,1531.3595,27344153,Africa,1996,2023
Kenya,KEN,1997,0.2921569,1386.0267,28101707,Africa,1997,2023
Kenya,KEN,1998,0.34476742,1486.7537,28888012,Africa,1998,2023
Kenya,KEN,1999,0.33869758,1371.884,29733363,Africa,1999,2023
Kenya,KEN,2000,0.33968258,1478.989,30642843,Africa,2000,2023
Kenya,KEN,2001,0.29342595,1460.3776,31619130,Africa,2001,2023
Kenya,KEN,2002,0.24182516,1429.8123,32629759,Africa,2002,2023
Kenya,KEN,2003,0.19901958,1321.4634,33652182,Africa,2003,2023
Kenya,KEN,2004,0.21864069,1380.108,34713403,Africa,2004,2023
Kenya,KEN,2005,0.2389887,1454.5236,35796433,Africa,2005,2023
Kenya,KEN,2006,0.25920096,1549.1115,36903955,Africa,2006,2023
Kenya,KEN,2007,0.2582699,1513.085,38036301,Africa,2007,2023
Kenya,KEN,2008,0.2609983,1449.5537,39206299,Africa,2008,2023
Kenya,KEN,2009,0.30544478,1537.1414,40408838,Africa,2009,2023
Kenya,KEN,2010,0.29239404,1622.7236,41598524,Africa,2010,2023
Kenya,KEN,2011,0.31450152,1633.5077,42758431,Africa,2011,2023
Kenya,KEN,2012,0.28494468,1575.0422,43888260,Africa,2012,2023
Kenya,KEN,2013,0.29915425,1620.4467,44986744,Africa,2013,2023
Kenya,KEN,2014,0.3155505,1655.0222,46051395,Africa,2014,2023
Kenya,KEN,2015,0.36099055,1911.9027,47088485,Africa,2015,2023
Kenya,KEN,2016,0.37670648,1966.5875,48139632,Africa,2016,2023
Kenya,KEN,2017,0.35996416,1939.6578,49197713,Africa,2017,2023
Kenya,KEN,2018,0.37520593,2047.2719,50207065,Africa,2018,2023
Kenya,KEN,2019,0.38661912,1946.3412,51202787,Africa,2019,2023
Kenya,KEN,2020,0.4209686,1902.1184,52217277,Africa,2020,2023
Kenya,KEN,2021,0.41928962,1952.6938,53219122,Africa,2021,2023
Kiribati,KIR,1985,0.33076054,928.6392,66465,Oceania,1985,2023
Kiribati,KIR,1986,0.26930088,938.9252,68028,Oceania,1986,2023
Kiribati,KIR,1987,0.31542248,1078.8711,69697,Oceania,1987,2023
Kiribati,KIR,1988,0.30789486,1055.155,71401,Oceania,1988,2023
Kiribati,KIR,1989,0.3006729,1027.7244,73116,Oceania,1989,2023
Kiribati,KIR,1990,0.2937859,1004.5821,74830,Oceania,1990,2023
Kiribati,KIR,1991,0.28797486,995.76355,76340,Oceania,1991,2023
Kiribati,KIR,1992,0.33043882,970.9019,77618,Oceania,1992,2023
Kiribati,KIR,1993,0.3719136,954.1689,78814,Oceania,1993,2023
Kiribati,KIR,1994,0.3664229,940.2628,79995,Oceania,1994,2023
Kiribati,KIR,1995,0.36094078,926.2218,81210,Oceania,1995,2023
Kiribati,KIR,1996,0.3549141,913.17377,82589,Oceania,1996,2023
Kiribati,KIR,1997,0.34845874,895.2229,84119,Oceania,1997,2023
Kiribati,KIR,1998,0.34228596,879.59607,85636,Oceania,1998,2023
Kiribati,KIR,1999,0.33654818,864.6069,87096,Oceania,1999,2023
Kiribati,KIR,2000,0.41364673,1636.9808,88578,Oceania,2000,2023
Kiribati,KIR,2001,0.40572265,1370.5415,90308,Oceania,2001,2023
Kiribati,KIR,2002,0.39725477,1968.1482,92233,Oceania,2002,2023
Kiribati,KIR,2003,0.4281056,2004.7972,94145,Oceania,2003,2023
Kiribati,KIR,2004,0.41962352,2104.4172,96048,Oceania,2004,2023
Kiribati,KIR,2005,0.4860061,2702.9736,98007,Oceania,2005,2023
Kiribati,KIR,2006,0.47641528,2949.2144,99980,Oceania,2006,2023
Kiribati,KIR,2007,0.4668019,2641.9128,102039,Oceania,2007,2023
Kiribati,KIR,2008,0.45718235,2903.1602,104186,Oceania,2008,2023
Kiribati,KIR,2009,0.4475598,2485.87,106426,Oceania,2009,2023
Kiribati,KIR,2010,0.5394433,2429.8928,108675,Oceania,2010,2023
Kiribati,KIR,2011,0.49682704,2205.633,110622,Oceania,2011,2023
Kiribati,KIR,2012,0.4569881,2144.771,112248,Oceania,2012,2023
Kiribati,KIR,2013,0.45073986,2137.1572,113804,Oceania,2013,2023
Kiribati,KIR,2014,0.5084652,2120.318,115296,Oceania,2014,2023
Kiribati,KIR,2015,0.47060034,2253.5444,116787,Oceania,2015,2023
Kiribati,KIR,2016,0.46405202,2381.1416,118435,Oceania,2016,2023
Kiribati,KIR,2017,0.5485167,2644.3162,120237,Oceania,2017,2023
Kiribati,KIR,2018,0.540351,2619.8926,122054,Oceania,2018,2023
Kiribati,KIR,2019,0.5323819,2592.4326,123881,Oceania,2019,2023
Kiribati,KIR,2020,0.52316284,2417.654,126064,Oceania,2020,2023
Kiribati,KIR,2021,0.51386094,2446.6985,128346,Oceania,2021,2023
Kosovo,OWID_KOS,2008,4.088207,13555.565,1800813,Europe,2008,2023
Kosovo,OWID_KOS,2009,4.5185485,15299.225,1794637,Europe,2009,2023
Kosovo,OWID_KOS,2010,4.6707945,15206.661,1788708,Europe,2010,2023
Kosovo,OWID_KOS,2011,4.6288376,15233.553,1791911,Europe,2011,2023
Kosovo,OWID_KOS,2012,4.3442287,15055.625,1806483,Europe,2012,2023
Kosovo,OWID_KOS,2013,4.385727,14451.603,1817114,Europe,2013,2023
Kosovo,OWID_KOS,2014,3.9430332,13598.529,1808931,Europe,2014,2023
Kosovo,OWID_KOS,2015,4.6603103,15722.203,1778978,Europe,2015,2023
Kosovo,OWID_KOS,2016,4.9914527,16397.021,1761711,Europe,2016,2023
Kosovo,OWID_KOS,2017,4.5374,14844.403,1768084,Europe,2017,2023
Kosovo,OWID_KOS,2018,4.550919,15358.81,1767699,Europe,2018,2023
Kosovo,OWID_KOS,2019,4.780439,15996.135,1754998,Europe,2019,2023
Kosovo,OWID_KOS,2020,4.8255777,15964.659,1751372,Europe,2020,2023
Kosovo,OWID_KOS,2021,5.0625577,16776.646,1741407,Europe,2021,2023
Kuwait,KWT,1985,15.346892,63820.133,1894206,Asia,1985,2023
Kuwait,KWT,1986,17.860973,70143.23,1972472,Asia,1986,2023
Kuwait,KWT,1987,15.284196,62249.03,2052961,Asia,1987,2023
Kuwait,KWT,1988,15.377172,67629.32,2134665,Asia,1988,2023
Kuwait,KWT,1989,16.132116,70157.95,2217418,Asia,1989,2023
Kuwait,KWT,1990,22.440287,54624.383,1684784,Asia,1990,2023
Kuwait,KWT,1991,364.6994,34431.15,1351363,Asia,1991,2023
Kuwait,KWT,1992,18.134594,50396.95,1634908,Asia,1992,2023
Kuwait,KWT,1993,29.381664,60576.812,1672112,Asia,1993,2023
Kuwait,KWT,1994,34.366302,71253.164,1664323,Asia,1994,2023
Kuwait,KWT,1995,33.380074,90954.09,1681473,Asia,1995,2023
Kuwait,KWT,1996,29.838724,87488.125,1730197,Asia,1996,2023
Kuwait,KWT,1997,31.67354,88023.63,1787639,Asia,1997,2023
Kuwait,KWT,1998,28.635649,104961.88,1844266,Asia,1998,2023
Kuwait,KWT,1999,28.936058,105604.36,1899984,Asia,1999,2023
Kuwait,KWT,2000,28.081316,109536.43,1954668,Asia,2000,2023
Kuwait,KWT,2001,29.406607,107600.5,2008081,Asia,2001,2023
Kuwait,KWT,2002,29.120287,110790.91,2059936,Asia,2002,2023
Kuwait,KWT,2003,29.54555,128997.9,2109842,Asia,2003,2023
Kuwait,KWT,2004,30.423147,140639.6,2157272,Asia,2004,2023
Kuwait,KWT,2005,33.274982,149455.03,2236749,Asia,2005,2023
Kuwait,KWT,2006,32.160374,135875.53,2364699,Asia,2006,2023
Kuwait,KWT,2007,30.767641,124447.08,2507842,Asia,2007,2023
Kuwait,KWT,2008,31.787981,127410.77,2651390,Asia,2008,2023
Kuwait,KWT,2009,31.736975,122660.586,2795444,Asia,2009,2023
Kuwait,KWT,2010,30.874323,133508.5,2943329,Asia,2010,2023
Kuwait,KWT,2011,28.079737,125379.164,3132776,Asia,2011,2023
Kuwait,KWT,2012,30.655836,117201.984,3336980,Asia,2012,2023
Kuwait,KWT,2013,24.036398,116365.086,3507709,Asia,2013,2023
Kuwait,KWT,2014,20.851244,109967.67,3665719,Asia,2014,2023
Kuwait,KWT,2015,24.647194,113740.48,3834416,Asia,2015,2023
Kuwait,KWT,2016,27.449228,109426.57,4003921,Asia,2016,2023
Kuwait,KWT,2017,25.020304,107996.66,4154633,Asia,2017,2023
Kuwait,KWT,2018,24.685282,106538.17,4323333,Asia,2018,2023
Kuwait,KWT,2019,24.436037,94629.836,4442153,Asia,2019,2023
Kuwait,KWT,2020,21.73922,91247.7,4400103,Asia,2020,2023
Kuwait,KWT,2021,21.815344,99797.43,4360703,Asia,2021,2023
Kuwait,KWT,2022,21.235703,101291.06,4589467,Asia,2022,2023
Kuwait,KWT,2023,20.508173,101647.75,4838724,Asia,2023,2023
Kyrgyzstan,KGZ,1992,2.4002283,18381.018,4600263,Asia,1992,2023
Kyrgyzstan,KGZ,1993,1.8302596,16076.551,4626757,Asia,1993,2023
Kyrgyzstan,KGZ,1994,1.3216357,14149.494,4649147,Asia,1994,2023
Kyrgyzstan,KGZ,1995,0.9561604,11880.359,4713592,Asia,1995,2023
Kyrgyzstan,KGZ,1996,1.1817088,14570.59,4782835,Asia,1996,2023
Kyrgyzstan,KGZ,1997,1.147017,13532.085,4847950,Asia,1997,2023
Kyrgyzstan,KGZ,1998,1.2023845,13377.348,4907747,Asia,1998,2023
Kyrgyzstan,KGZ,1999,0.9343668,14188.851,4968540,Asia,1999,2023
Kyrgyzstan,KGZ,2000,0.91048133,14177.031,5025098,Asia,2000,2023
Kyrgyzstan,KGZ,2001,0.7604119,13327.09,5071909,Asia,2001,2023
Kyrgyzstan,KGZ,2002,0.9611124,11277.386,5116204,Asia,2002,2023
Kyrgyzstan,KGZ,2003,1.0418925,11796.489,5159387,Asia,2003,2023
Kyrgyzstan,KGZ,2004,1.1163111,11902.486,5202994,Asia,2004,2023
Kyrgyzstan,KGZ,2005,1.0519956,11085.9,5246288,Asia,2005,2023
Kyrgyzstan,KGZ,2006,1.0337402,11181.869,5282401,Asia,2006,2023
Kyrgyzstan,KGZ,2007,1.2275326,12160.274,5313329,Asia,2007,2023
Kyrgyzstan,KGZ,2008,1.4002646,11500.209,5342481,Asia,2008,2023
Kyrgyzstan,KGZ,2009,1.2429305,11463.955,5397958,Asia,2009,2023
Kyrgyzstan,KGZ,2010,1.1573167,10836.261,5491717,Asia,2010,2023
Kyrgyzstan,KGZ,2011,1.3620855,12183.774,5594489,Asia,2011,2023
Kyrgyzstan,KGZ,2012,1.7706912,13588.381,5696470,Asia,2012,2023
Kyrgyzstan,KGZ,2013,1.6790403,12564.967,5797248,Asia,2013,2023
Kyrgyzstan,KGZ,2014,1.7354872,12576.968,5898279,Asia,2014,2023
Kyrgyzstan,KGZ,2015,1.7102784,11097.164,6001819,Asia,2015,2023
Kyrgyzstan,KGZ,2016,1.5751518,11131.658,6108412,Asia,2016,2023
Kyrgyzstan,KGZ,2017,1.5049132,11335.21,6220098,Asia,2017,2023
Kyrgyzstan,KGZ,2018,1.7616013,11778.976,6341684,Asia,2018,2023
Kyrgyzstan,KGZ,2019,1.3925191,10582.124,6493984,Asia,2019,2023
Kyrgyzstan,KGZ,2020,1.2527564,10439.837,6664099,Asia,2020,2023
Kyrgyzstan,KGZ,2021,1.5140777,9274.61,6820433,Asia,2021,2023
Laos,LAO,1985,0.054862883,725.85706,3739942,Asia,1985,2023
Laos,LAO,1986,0.05429305,727.64856,3846680,Asia,1986,2023
Laos,LAO,1987,0.05369757,558.7224,3957572,Asia,1987,2023
Laos,LAO,1988,0.05218139,510.87933,4072563,Asia,1988,2023
Laos,LAO,1989,0.055078905,630.2758,4190933,Asia,1989,2023
Laos,LAO,1990,0.11896353,691.41486,4311910,Asia,1990,2023
Laos,LAO,1991,0.12309524,731.76855,4435070,Asia,1991,2023
Laos,LAO,1992,0.1299953,710.09534,4559603,Asia,1992,2023
Laos,LAO,1993,0.12965254,711.1363,4685022,Asia,1993,2023
Laos,LAO,1994,0.13188648,689.24896,4809166,Asia,1994,2023
Laos,LAO,1995,0.13610286,796.1571,4929360,Asia,1995,2023
Laos,LAO,1996,0.14862165,886.9237,5045638,Asia,1996,2023
Laos,LAO,1997,0.15380734,880.1169,5151958,Asia,1997,2023
Laos,LAO,1998,0.15625623,1099.9237,5248226,Asia,1998,2023
Laos,LAO,1999,0.15837474,1277.631,5340738,Asia,1999,2023
Laos,LAO,2000,0.176831,2086.755,5431174,Asia,2000,2023
Laos,LAO,2001,0.19246706,2181.866,5521433,Asia,2001,2023
Laos,LAO,2002,0.2077707,2136.59,5610839,Asia,2002,2023
Laos,LAO,2003,0.2142832,2052.7878,5697899,Asia,2003,2023
Laos,LAO,2004,0.22182229,2100.1213,5781583,Asia,2004,2023
Laos,LAO,2005,0.22779061,2393.1812,5869478,Asia,2005,2023
Laos,LAO,2006,0.2946993,2667.1423,5963146,Asia,2006,2023
Laos,LAO,2007,0.30305886,2575.5598,6056193,Asia,2007,2023
Laos,LAO,2008,0.3466198,2873.2812,6148930,Asia,2008,2023
Laos,LAO,2009,0.4273679,2970.4678,6241592,Asia,2009,2023
Laos,LAO,2010,0.47433594,4625.6934,6334146,Asia,2010,2023
Laos,LAO,2011,0.4932834,5997.1875,6426537,Asia,2011,2023
Laos,LAO,2012,0.52124816,6164.582,6518933,Asia,2012,2023
Laos,LAO,2013,0.64452255,7166.971,6611342,Asia,2013,2023
Laos,LAO,2014,0.6638244,7185.512,6703118,Asia,2014,2023
Laos,LAO,2015,1.3569225,10405.498,6801606,Asia,2015,2023
Laos,LAO,2016,2.3822117,17431.762,6908756,Asia,2016,2023
Laos,LAO,2017,2.8047261,17422.662,7018100,Asia,2017,2023
Laos,LAO,2018,2.884135,17858.32,7127997,Asia,2018,2023
Laos,LAO,2019,2.6362908,18251.771,7237589,Asia,2019,2023
Laos,LAO,2020,2.6531994,19671.4,7346484,Asia,2020,2023
Laos,LAO,2021,3.0592737,18847.086,7453143,Asia,2021,2023
Latvia,LVA,1985,10.001915,40031.895,2579184,Europe,1985,2023
Latvia,LVA,1986,9.07406,37007.707,2599736,Europe,1986,2023
Latvia,LVA,1987,7.342519,33604.984,2625912,Europe,1987,2023
Latvia,LVA,1988,7.108577,31614.053,2652204,Europe,1988,2023
Latvia,LVA,1989,6.728946,31572.46,2664789,Europe,1989,2023
Latvia,LVA,1990,7.3913527,32150.785,2660082,Europe,1990,2023
Latvia,LVA,1991,6.7649465,29742.604,2648888,Europe,1991,2023
Latvia,LVA,1992,5.4281917,21418.38,2614781,Europe,1992,2023
Latvia,LVA,1993,4.650081,18627.367,2563756,Europe,1993,2023
Latvia,LVA,1994,4.113217,18271.139,2521185,Europe,1994,2023
Latvia,LVA,1995,3.6742876,17340.705,2485908,Europe,1995,2023
Latvia,LVA,1996,3.747837,16361.679,2457860,Europe,1996,2023
Latvia,LVA,1997,3.5673018,16716.4,2433188,Europe,1997,2023
Latvia,LVA,1998,3.446242,18462.982,2410168,Europe,1998,2023
Latvia,LVA,1999,3.2281873,15906.265,2390772,Europe,1999,2023
Latvia,LVA,2000,2.990206,15779.984,2368275,Europe,2000,2023
Latvia,LVA,2001,3.2060354,17236.137,2338248,Europe,2001,2023
Latvia,LVA,2002,3.2537568,17635.336,2311303,Europe,2002,2023
Latvia,LVA,2003,3.375388,17660.32,2288934,Europe,2003,2023
Latvia,LVA,2004,3.414644,20126.611,2264130,Europe,2004,2023
Latvia,LVA,2005,3.4873562,21027.428,2239738,Europe,2005,2023
Latvia,LVA,2006,3.7450006,20211.02,2218989,Europe,2006,2023
Latvia,LVA,2007,3.9247465,21105.2,2200711,Europe,2007,2023
Latvia,LVA,2008,3.7646215,21504.193,2177658,Europe,2008,2023
Latvia,LVA,2009,3.48097,20609.242,2141988,Europe,2009,2023
Latvia,LVA,2010,4.077879,23635.057,2097787,Europe,2010,2023
Latvia,LVA,2011,3.7919629,21346.463,2059892,Europe,2011,2023
Latvia,LVA,2012,3.6959643,22381.162,2034577,Europe,2012,2023
Latvia,LVA,2013,3.660656,21775.47,2012960,Europe,2013,2023
Latvia,LVA,2014,3.5967214,20261.896,1994096,Europe,2014,2023
Latvia,LVA,2015,3.6719465,20957.162,1977815,Europe,2015,2023
Latvia,LVA,2016,3.6792696,22548.604,1959817,Europe,2016,2023
Latvia,LVA,2017,3.714361,25054.545,1942550,Europe,2017,2023
Latvia,LVA,2018,4.0763845,22506.594,1927526,Europe,2018,2023
Latvia,LVA,2019,3.9956133,23394.7,1914220,Europe,2019,2023
Latvia,LVA,2020,3.6810806,21537.639,1901069,Europe,2020,2023
Latvia,LVA,2021,3.8387253,22746.469,1885546,Europe,2021,2023
Latvia,LVA,2022,3.5192242,20789.912,1881016,Europe,2022,2023
Latvia,LVA,2023,3.4600034,21982.455,1882336,Europe,2023,2023
Lebanon,LBN,1985,2.4134753,9695.599,3217325,Asia,1985,2023
Lebanon,LBN,1986,2.2659676,9043.443,3300333,Asia,1986,2023
Lebanon,LBN,1987,2.2656443,9262.154,3385511,Asia,1987,2023
Lebanon,LBN,1988,2.126344,8200.101,3454594,Asia,1988,2023
Lebanon,LBN,1989,2.190143,6399.381,3525236,Asia,1989,2023
Lebanon,LBN,1990,2.1885734,5810.4277,3595125,Asia,1990,2023
Lebanon,LBN,1991,2.211901,9377.385,3668859,Asia,1991,2023
Lebanon,LBN,1992,2.5956979,9394.195,3747321,Asia,1992,2023
Lebanon,LBN,1993,2.7102761,11559.439,3820609,Asia,1993,2023
Lebanon,LBN,1994,2.8564332,12784.609,3889755,Asia,1994,2023
Lebanon,LBN,1995,3.09409,13479.627,3960693,Asia,1995,2023
Lebanon,LBN,1996,3.1607447,14030.888,4034739,Asia,1996,2023
Lebanon,LBN,1997,3.6751134,15778.79,4108361,Asia,1997,2023
Lebanon,LBN,1998,3.89514,15650.636,4181235,Asia,1998,2023
Lebanon,LBN,1999,3.8610592,15773.97,4255224,Asia,1999,2023
Lebanon,LBN,2000,3.5724654,14027.069,4329297,Asia,2000,2023
Lebanon,LBN,2001,3.7271936,14693.647,4401866,Asia,2001,2023
Lebanon,LBN,2002,3.6392775,14617.907,4463453,Asia,2002,2023
Lebanon,LBN,2003,4.0943937,14599.101,4525463,Asia,2003,2023
Lebanon,LBN,2004,3.7415802,14306.836,4599237,Asia,2004,2023
Lebanon,LBN,2005,3.5645452,13477.188,4671056,Asia,2005,2023
Lebanon,LBN,2006,3.1134667,12290.246,4751095,Asia,2006,2023
Lebanon,LBN,2007,2.837716,10675.19,4844067,Asia,2007,2023
Lebanon,LBN,2008,3.5363784,13562.222,4925314,Asia,2008,2023
Lebanon,LBN,2009,4.1980224,16556.137,4992245,Asia,2009,2023
Lebanon,LBN,2010,3.9666011,15851.824,5041242,Asia,2010,2023
Lebanon,LBN,2011,3.976507,15852.878,5095962,Asia,2011,2023
Lebanon,LBN,2012,4.2653465,17291.496,5235690,Asia,2012,2023
Lebanon,LBN,2013,3.858941,15720.306,5743385,Asia,2013,2023
Lebanon,LBN,2014,3.7800877,14662.743,6346950,Asia,2014,2023
Lebanon,LBN,2015,3.9760313,15864.785,6472422,Asia,2015,2023
Lebanon,LBN,2016,4.1817923,16684.846,6323015,Asia,2016,2023
Lebanon,LBN,2017,4.5168343,18256.084,6160085,Asia,2017,2023
Lebanon,LBN,2018,4.371076,17677.684,5984064,Asia,2018,2023
Lebanon,LBN,2019,4.4285336,18447.385,5794550,Asia,2019,2023
Lebanon,LBN,2020,4.1763225,18341.434,5702353,Asia,2020,2023
Lebanon,LBN,2021,3.373741,18831.662,5718083,Asia,2021,2023
Lesotho,LSO,1990,0.8139311,489.14743,1809647,Africa,1990,2023
Lesotho,LSO,1991,0.8293237,488.6418,1842330,Africa,1991,2023
Lesotho,LSO,1992,0.84694105,500.82684,1873226,Africa,1992,2023
Lesotho,LSO,1993,0.859283,510.09277,1901753,Africa,1993,2023
Lesotho,LSO,1994,0.8686433,559.5853,1927659,Africa,1994,2023
Lesotho,LSO,1995,0.8749739,560.04266,1951400,Africa,1995,2023
Lesotho,LSO,1996,0.8805285,560.7122,1972379,Africa,1996,2023
Lesotho,LSO,1997,0.89015687,546.0696,1988090,Africa,1997,2023
Lesotho,LSO,1998,0.90224624,471.9627,1998000,Africa,1998,2023
Lesotho,LSO,1999,0.9108904,685.7546,2003174,Africa,1999,2023
Lesotho,LSO,2000,0.923377,1235.5165,2003862,Africa,2000,2023
Lesotho,LSO,2001,0.93760145,1251.1484,2000816,Africa,2001,2023
Lesotho,LSO,2002,0.9552052,1287.3501,1994629,Africa,2002,2023
Lesotho,LSO,2003,0.97275776,1312.4877,1985004,Africa,2003,2023
Lesotho,LSO,2004,1.0056512,1322.3566,1971085,Africa,2004,2023
Lesotho,LSO,2005,1.0299554,1564.1565,1953032,Africa,2005,2023
Lesotho,LSO,2006,1.0473819,1662.7148,1945025,Africa,2006,2023
Lesotho,LSO,2007,1.0617456,2002.3392,1953221,Africa,2007,2023
Lesotho,LSO,2008,1.0806665,1805.3613,1966490,Africa,2008,2023
Lesotho,LSO,2009,1.1190774,2048.8052,1980846,Africa,2009,2023
Lesotho,LSO,2010,1.1398377,2175.0613,1996200,Africa,2010,2023
Lesotho,LSO,2011,1.5209328,1932.6333,2013964,Africa,2011,2023
Lesotho,LSO,2012,1.5201256,2021.0361,2034316,Africa,2012,2023
Lesotho,LSO,2013,1.1349511,2043.1262,2056448,Africa,2013,2023
Lesotho,LSO,2014,1.1890179,2074.0635,2080036,Africa,2014,2023
Lesotho,LSO,2015,1.0654787,2002.84,2104564,Africa,2015,2023
Lesotho,LSO,2016,1.0388125,2142.4592,2130371,Africa,2016,2023
Lesotho,LSO,2017,1.165241,2253.6167,2157068,Africa,2017,2023
Lesotho,LSO,2018,1.08566,2182.0183,2183564,Africa,2018,2023
Lesotho,LSO,2019,1.0812736,2188.859,2209365,Africa,2019,2023
Lesotho,LSO,2020,0.9718533,2092.5305,2235679,Africa,2020,2023
Lesotho,LSO,2021,1.5148556,2132.8137,2261496,Africa,2021,2023
Liberia,LBR,1985,0.31960815,3461.1628,2240506,Africa,1985,2023
Liberia,LBR,1986,0.31314218,2656.2388,2308469,Africa,1986,2023
Liberia,LBR,1987,0.31905928,2023.015,2377182,Africa,1987,2023
Liberia,LBR,1988,0.33069843,2448.6775,2446894,Africa,1988,2023
Liberia,LBR,1989,0.26197204,1990.8776,2517803,Africa,1989,2023
Liberia,LBR,1990,0.20513111,1087.0778,2223612,Africa,1990,2023
Liberia,LBR,1991,0.19143982,697.7481,1956479,Africa,1991,2023
Liberia,LBR,1992,0.18898545,691.24915,2072424,Africa,1992,2023
Liberia,LBR,1993,0.19363579,734.1771,2155082,Africa,1993,2023
Liberia,LBR,1994,0.19315256,736.79364,2149886,Africa,1994,2023
Liberia,LBR,1995,0.1918144,730.8692,2169123,Africa,1995,2023
Liberia,LBR,1996,0.19149508,737.954,2232235,Africa,1996,2023
Liberia,LBR,1997,0.18491349,680.5799,2412950,Africa,1997,2023
Liberia,LBR,1998,0.17716579,635.8753,2670081,Africa,1998,2023
Liberia,LBR,1999,0.13330494,601.56647,2821636,Africa,1999,2023
Liberia,LBR,2000,0.13618806,653.1203,2928076,Africa,2000,2023
Liberia,LBR,2001,0.13843319,676.3977,3015303,Africa,2001,2023
Liberia,LBR,2002,0.13960047,650.0258,3094739,Africa,2002,2023
Liberia,LBR,2003,0.14884648,706.2132,3119476,Africa,2003,2023
Liberia,LBR,2004,0.17310685,756.93256,3156848,Africa,2004,2023
Liberia,LBR,2005,0.19708438,846.99274,3300982,Africa,2005,2023
Liberia,LBR,2006,0.19271965,820.09924,3490739,Africa,2006,2023
Liberia,LBR,2007,0.17037874,728.0793,3669008,Africa,2007,2023
Liberia,LBR,2008,0.13891695,619.2872,3820959,Africa,2008,2023
Liberia,LBR,2009,0.13238265,547.7462,3942987,Africa,2009,2023
Liberia,LBR,2010,0.1747463,837.7503,4058844,Africa,2010,2023
Liberia,LBR,2011,0.19396219,896.8281,4221132,Africa,2011,2023
Liberia,LBR,2012,0.2092416,960.11163,4373007,Africa,2012,2023
Liberia,LBR,2013,0.19557683,830.95197,4470187,Africa,2013,2023
Liberia,LBR,2014,0.16071093,1071.9282,4564257,Africa,2014,2023
Liberia,LBR,2015,0.14981525,1054.1843,4659399,Africa,2015,2023
Liberia,LBR,2016,0.13532034,1187.8451,4755560,Africa,2016,2023
Liberia,LBR,2017,0.13826382,1007.256,4848875,Africa,2017,2023
Liberia,LBR,2018,0.12250325,1122.4692,4944685,Africa,2018,2023
Liberia,LBR,2019,0.18471907,1100.8312,5043670,Africa,2019,2023
Liberia,LBR,2020,0.15140018,1030.0463,5149439,Africa,2020,2023
Liberia,LBR,2021,0.14879552,1064.6156,5259278,Africa,2021,2023
Libya,LBY,1985,7.9519224,33567.043,3898702,Africa,1985,2023
Libya,LBY,1986,8.43726,34037.906,4017358,Africa,1986,2023
Libya,LBY,1987,7.8330894,33998.86,4129694,Africa,1987,2023
Libya,LBY,1988,8.533007,33862.105,4237705,Africa,1988,2023
Libya,LBY,1989,8.535481,34116.26,4342874,Africa,1989,2023
Libya,LBY,1990,8.214214,35140.617,4445195,Africa,1990,2023
Libya,LBY,1991,9.378635,35798.496,4544355,Africa,1991,2023
Libya,LBY,1992,7.9788713,32633.617,4640308,Africa,1992,2023
Libya,LBY,1993,8.178385,33062.53,4733004,Africa,1993,2023
Libya,LBY,1994,10.651164,33473.332,4822003,Africa,1994,2023
Libya,LBY,1995,11.126528,34273.707,4906800,Africa,1995,2023
Libya,LBY,1996,10.817739,35569.062,4987359,Africa,1996,2023
Libya,LBY,1997,10.223707,36826.414,5064597,Africa,1997,2023
Libya,LBY,1998,10.047866,34881.055,5140658,Africa,1998,2023
Libya,LBY,1999,9.63205,31008.64,5217988,Africa,1999,2023
Libya,LBY,2000,10.0356045,41310.375,5304966,Africa,2000,2023
Libya,LBY,2001,9.829333,40686.832,5403582,Africa,2001,2023
Libya,LBY,2002,9.535499,40937.99,5508364,Africa,2002,2023
Libya,LBY,2003,9.872539,39334.31,5619351,Africa,2003,2023
Libya,LBY,2004,9.910034,39269.44,5736648,Africa,2004,2023
Libya,LBY,2005,9.555894,39565.17,5858740,Africa,2005,2023
Libya,LBY,2006,8.992503,35456.92,5980165,Africa,2006,2023
Libya,LBY,2007,7.2721925,34507.516,6104333,Africa,2007,2023
Libya,LBY,2008,7.9705105,35070.414,6235390,Africa,2008,2023
Libya,LBY,2009,8.108939,39304.934,6366647,Africa,2009,2023
Libya,LBY,2010,9.102793,40607.305,6497778,Africa,2010,2023
Libya,LBY,2011,8.440933,27959.967,6343162,Africa,2011,2023
Libya,LBY,2012,9.969848,36727.043,6179281,Africa,2012,2023
Libya,LBY,2013,8.143893,38740.535,6304591,Africa,2013,2023
Libya,LBY,2014,10.634219,37137.06,6427214,Africa,2014,2023
Libya,LBY,2015,9.590622,29102.475,6531779,Africa,2015,2023
Libya,LBY,2016,9.072769,28077.625,6632080,Africa,2016,2023
Libya,LBY,2017,10.325419,31206.035,6738721,Africa,2017,2023
Libya,LBY,2018,9.537564,31662.736,6849014,Africa,2018,2023
Libya,LBY,2019,10.969283,32421.873,6950993,Africa,2019,2023
Libya,LBY,2020,4.859569,28032.594,7045359,Africa,2020,2023
Libya,LBY,2021,7.924283,28270.334,7135138,Africa,2021,2023
Lithuania,LTU,1985,11.362558,49196.94,3562346,Europe,1985,2023
Lithuania,LTU,1986,10.027097,45027.54,3593726,Europe,1986,2023
Lithuania,LTU,1987,9.936954,46802.668,3627319,Europe,1987,2023
Lithuania,LTU,1988,9.92251,48813.08,3672594,Europe,1988,2023
Lithuania,LTU,1989,9.953952,52627.348,3696048,Europe,1989,2023
Lithuania,LTU,1990,9.681283,51789.047,3694967,Europe,1990,2023
Lithuania,LTU,1991,10.227331,54451.61,3701357,Europe,1991,2023
Lithuania,LTU,1992,5.7344737,34605.758,3697504,Europe,1992,2023
Lithuania,LTU,1993,4.4440103,27297.14,3680148,Europe,1993,2023
Lithuania,LTU,1994,4.323587,23631.346,3654839,Europe,1994,2023
Lithuania,LTU,1995,4.161117,26517.766,3626997,Europe,1995,2023
Lithuania,LTU,1996,4.3823657,29097.35,3599662,Europe,1996,2023
Lithuania,LTU,1997,4.253133,27182.041,3573364,Europe,1997,2023
Lithuania,LTU,1998,4.5190315,29420.123,3547722,Europe,1998,2023
Lithuania,LTU,1999,3.8278244,24264.12,3522856,Europe,1999,2023
Lithuania,LTU,2000,3.393477,21807.357,3500358,Europe,2000,2023
Lithuania,LTU,2001,3.6364205,25377.686,3472957,Europe,2001,2023
Lithuania,LTU,2002,3.688002,27867.475,3444001,Europe,2002,2023
Lithuania,LTU,2003,3.7171621,29463.893,3415225,Europe,2003,2023
Lithuania,LTU,2004,3.935744,30201.26,3376654,Europe,2004,2023
Lithuania,LTU,2005,4.184141,27964.188,3322225,Europe,2005,2023
Lithuania,LTU,2006,4.3533397,26995.654,3269761,Europe,2006,2023
Lithuania,LTU,2007,4.8025327,30280.865,3231322,Europe,2007,2023
Lithuania,LTU,2008,4.6766033,30339.549,3198432,Europe,2008,2023
Lithuania,LTU,2009,4.065727,28306.137,3163204,Europe,2009,2023
Lithuania,LTU,2010,4.4660387,21088.777,3097660,Europe,2010,2023
Lithuania,LTU,2011,4.6197767,22161.72,3028588,Europe,2011,2023
Lithuania,LTU,2012,4.7130303,22404.16,2988281,Europe,2012,2023
Lithuania,LTU,2013,4.4551983,20941.715,2958306,Europe,2013,2023
Lithuania,LTU,2014,4.3928776,20436.076,2933118,Europe,2014,2023
Lithuania,LTU,2015,4.5043416,21632.049,2905726,Europe,2015,2023
Lithuania,LTU,2016,4.585339,22404.107,2869051,Europe,2016,2023
Lithuania,LTU,2017,4.7079244,23808.36,2829273,Europe,2017,2023
Lithuania,LTU,2018,4.80661,24675.344,2802430,Europe,2018,2023
Lithuania,LTU,2019,4.904179,24778.893,2795011,Europe,2019,2023
Lithuania,LTU,2020,4.851269,24924.742,2795711,Europe,2020,2023
Lithuania,LTU,2021,4.956657,25173.395,2794443,Europe,2021,2023
Lithuania,LTU,2022,4.5641627,23659.957,2816872,Europe,2022,2023
Lithuania,LTU,2023,4.366298,24397.867,2854061,Europe,2023,2023
Low-income countries,,1985,0.79806954,2381.667,256718276,,1985,1985
Low-income countries,,1986,0.83052385,2313.858,263480977,,1986,1986
Low-income countries,,1987,0.89939004,2298.9998,270537967,,1987,1987
Low-income countries,,1988,0.9727408,2539.7405,277806273,,1988,1988
Low-income countries,,1989,0.97206956,2288.918,285399193,,1989,1989
Low-income countries,,1990,0.644712,2329.5466,292947103,,1990,1990
Low-income countries,,1991,0.62043035,2179.9993,300651714,,1991,1991
Low-income countries,,1992,0.5530841,1993.8506,309669652,,1992,1992
Low-income countries,,1993,0.5107517,2019.3912,319596037,,1993,1993
Low-income countries,,1994,0.4803446,1957.6172,329118860,,1994,1994
Low-income countries,,1995,0.4589268,2035.956,338705315,,1995,1995
Low-income countries,,1996,0.42500055,1981.5457,348798945,,1996,1996
Low-income countries,,1997,0.41639394,1947.1987,358820358,,1997,1997
Low-income countries,,1998,0.40339607,1873.3689,369080767,,1998,1998
Low-income countries,,1999,0.41806516,2045.3228,379699292,,1999,1999
Low-income countries,,2000,0.42094046,1971.8695,390078546,,2000,2000
Low-income countries,,2001,0.41563922,1939.1903,400756126,,2001,2001
Low-income countries,,2002,0.3748248,1930.3688,412669690,,2002,2002
Low-income countries,,2003,0.416273,1904.7638,425075842,,2003,2003
Low-income countries,,2004,0.40934652,1978.0732,437381580,,2004,2004
Low-income countries,,2005,0.40860072,2042.1378,450154475,,2005,2005
Low-income countries,,2006,0.4149486,2021.6594,463743288,,2006,2006
Low-income countries,,2007,0.41384083,1993.4928,477550391,,2007,2007
Low-income countries,,2008,0.42621046,2024.6376,491405146,,2008,2008
Low-income countries,,2009,0.41327685,1926.0159,505583803,,2009,2009
Low-income countries,,2010,0.40142432,1938.1691,520052893,,2010,2010
Low-income countries,,2011,0.3589242,1761.9213,534807570,,2011,2011
Low-income countries,,2012,0.32251915,1608.5369,549450486,,2012,2012
Low-income countries,,2013,0.2968389,1513.4767,563525486,,2013,2013
Low-income countries,,2014,0.29620904,1479.3398,577585230,,2014,2014
Low-income countries,,2015,0.2536766,1340.7489,592174238,,2015,2015
Low-income countries,,2016,0.25869516,1363.1047,607866320,,2016,2016
Low-income countries,,2017,0.31914872,1323.234,624555779,,2017,2017
Low-income countries,,2018,0.30634904,1338.7816,642185009,,2018,2018
Low-income countries,,2019,0.31532088,1319.2236,660717179,,2019,2019
Low-income countries,,2020,0.2950749,1230.7802,679559586,,2020,2020
Low-income countries,,2021,0.2781096,1225.7303,698214004,,2021,2021
Lower-middle-income countries,,1985,0.5858212,3678.522,1637842689,,1985,1985
Lower-middle-income countries,,1986,0.59724015,3659.656,1678893130,,1986,1986
Lower-middle-income countries,,1987,0.60606104,3741.2551,1720352560,,1987,1987
Lower-middle-income countries,,1988,0.63169163,3783.1223,1762046715,,1988,1988
Lower-middle-income countries,,1989,0.63293076,3793.9424,1803959878,,1989,1989
Lower-middle-income countries,,1990,0.6462823,4102.2744,1846872220,,1990,1990
Lower-middle-income countries,,1991,0.65560603,4014.684,1889863858,,1991,1991
Lower-middle-income countries,,1992,0.6782729,3830.2002,1932218822,,1992,1992
Lower-middle-income countries,,1993,0.68948454,3639.6677,1973879515,,1993,1993
Lower-middle-income countries,,1994,0.7225816,3565.5789,2015219383,,1994,1994
Lower-middle-income countries,,1995,0.74507505,3646.797,2057287350,,1995,1995
Lower-middle-income countries,,1996,0.78565586,3662.7068,2099559413,,1996,1996
Lower-middle-income countries,,1997,0.8063794,3675.174,2142187788,,1997,1997
Lower-middle-income countries,,1998,0.8116543,3721.5503,2185364773,,1998,1998
Lower-middle-income countries,,1999,0.84266496,3781.4834,2228453776,,1999,1999
Lower-middle-income countries,,2000,0.8595827,3846.323,2271912751,,2000,2000
Lower-middle-income countries,,2001,0.8522919,3849.3389,2315755175,,2001,2001
Lower-middle-income countries,,2002,0.8583459,3916.5786,2358298490,,2002,2002
Lower-middle-income countries,,2003,0.87962985,3959.2878,2400688338,,2003,2003
Lower-middle-income countries,,2004,0.9105285,4165.791,2444265703,,2004,2004
Lower-middle-income countries,,2005,0.93533635,4284.1685,2487464490,,2005,2005
Lower-middle-income countries,,2006,0.96932435,4387.748,2531004886,,2006,2006
Lower-middle-income countries,,2007,1.007631,4581.9595,2575222530,,2007,2007
Lower-middle-income countries,,2008,1.0474694,4681.911,2618895391,,2008,2008
Lower-middle-income countries,,2009,1.0802794,4727.1255,2662969989,,2009,2009
Lower-middle-income countries,,2010,1.116739,4840.8267,2707860454,,2010,2010
Lower-middle-income countries,,2011,1.1585029,4994.891,2752877497,,2011,2011
Lower-middle-income countries,,2012,1.2021173,5063.7485,2797699416,,2012,2012
Lower-middle-income countries,,2013,1.2168442,5126.056,2842796414,,2013,2013
Lower-middle-income countries,,2014,1.2847989,5255.1377,2887640675,,2014,2014
Lower-middle-income countries,,2015,1.3179846,5273.3794,2931200901,,2015,2015
Lower-middle-income countries,,2016,1.375727,5335.7163,2974452916,,2016,2016
Lower-middle-income countries,,2017,1.4149407,5555.206,3017489756,,2017,2017
Lower-middle-income countries,,2018,1.4608876,5748.425,3059614330,,2018,2018
Lower-middle-income countries,,2019,1.496151,5843.914,3101050014,,2019,2019
Lower-middle-income countries,,2020,1.4090699,5583.2485,3141907704,,2020,2020
Lower-middle-income countries,,2021,1.4941378,5828.997,3180606247,,2021,2021
Lower-middle-income countries,,2022,1.5208973,5901.293,3216228498,,2022,2022
Lower-middle-income countries,,2023,1.5847771,6067.1606,3253456628,,2023,2023
Luxembourg,LUX,1985,25.195211,88105.49,366611,Europe,1985,2023
Luxembourg,LUX,1986,24.734852,85730.36,368353,Europe,1986,2023
Luxembourg,LUX,1987,23.769508,80508.82,370738,Europe,1987,2023
Luxembourg,LUX,1988,24.34743,81866.49,373745,Europe,1988,2023
Luxembourg,LUX,1989,26.094673,93158.375,377329,Europe,1989,2023
Luxembourg,LUX,1990,30.951601,97439.53,381666,Europe,1990,2023
Luxembourg,LUX,1991,32.121773,103333.91,386773,Europe,1991,2023
Luxembourg,LUX,1992,31.108923,102274.27,391922,Europe,1992,2023
Luxembourg,LUX,1993,31.073774,102264.53,397153,Europe,1993,2023
Luxembourg,LUX,1994,28.630857,97028.69,402544,Europe,1994,2023
Luxembourg,LUX,1995,22.380949,83246.695,408185,Europe,1995,2023
Luxembourg,LUX,1996,22.203487,84460.58,413725,Europe,1996,2023
Luxembourg,LUX,1997,20.401937,81638.43,418919,Europe,1997,2023
Luxembourg,LUX,1998,18.049078,77878.61,424106,Europe,1998,2023
Luxembourg,LUX,1999,18.883951,81191.305,429855,Europe,1999,2023
Luxembourg,LUX,2000,19.95559,85402.43,436090,Europe,2000,2023
Luxembourg,LUX,2001,20.84133,90348.625,441701,Europe,2001,2023
Luxembourg,LUX,2002,22.356348,97735.35,446348,Europe,2002,2023
Luxembourg,LUX,2003,23.131897,101260.22,451802,Europe,2003,2023
Luxembourg,LUX,2004,25.7921,113106.16,458256,Europe,2004,2023
Luxembourg,LUX,2005,25.953287,113049.23,465327,Europe,2005,2023
Luxembourg,LUX,2006,25.186571,109285.4,472821,Europe,2006,2023
Luxembourg,LUX,2007,23.54102,104455.21,480225,Europe,2007,2023
Luxembourg,LUX,2008,22.843689,101834.57,488947,Europe,2008,2023
Luxembourg,LUX,2009,21.329487,95591.98,498144,Europe,2009,2023
Luxembourg,LUX,2010,22.063877,98832.99,507375,Europe,2010,2023
Luxembourg,LUX,2011,21.40082,94211.61,518535,Europe,2011,2023
Luxembourg,LUX,2012,20.467789,90375.62,530907,Europe,2012,2023
Luxembourg,LUX,2013,19.019583,84137.46,543317,Europe,2013,2023
Luxembourg,LUX,2014,17.647102,79619.14,556243,Europe,2014,2023
Luxembourg,LUX,2015,16.409683,75576.625,569497,Europe,2015,2023
Luxembourg,LUX,2016,15.579897,72784.555,583469,Europe,2016,2023
Luxembourg,LUX,2017,15.52992,74384.77,596451,Europe,2017,2023
Luxembourg,LUX,2018,15.734253,76376.74,608055,Europe,2018,2023
Luxembourg,LUX,2019,15.741836,76273.7,620116,Europe,2019,2023
Luxembourg,LUX,2020,12.806264,64309.535,630545,Europe,2020,2023
Luxembourg,LUX,2021,13.152365,67594.57,640233,Europe,2021,2023
Luxembourg,LUX,2022,11.138974,59857.266,653267,Europe,2022,2023
Luxembourg,LUX,2023,10.5150585,57341.914,665058,Europe,2023,2023
Macao,MAC,1985,2.5160775,9138.74,291247,Asia,1985,2023
Macao,MAC,1986,2.8935907,12547.931,302633,Asia,1986,2023
Macao,MAC,1987,3.0865476,13121.109,314578,Asia,1987,2023
Macao,MAC,1988,2.9482212,12263.211,326852,Asia,1988,2023
Macao,MAC,1989,3.0355003,12561.806,339181,Asia,1989,2023
Macao,MAC,1990,2.5673757,12762.234,351076,Asia,1990,2023
Macao,MAC,1991,2.6703844,12156.421,362231,Asia,1991,2023
Macao,MAC,1992,2.6283228,12235.194,372210,Asia,1992,2023
Macao,MAC,1993,2.8925228,13134.948,381281,Asia,1993,2023
Macao,MAC,1994,3.0245128,13728.948,390082,Asia,1994,2023
Macao,MAC,1995,2.82165,13935.989,398649,Asia,1995,2023
Macao,MAC,1996,3.1960213,15103.862,406981,Asia,1996,2023
Macao,MAC,1997,3.2929792,15209.331,415026,Asia,1997,2023
Macao,MAC,1998,3.4146767,15979.731,422768,Asia,1998,2023
Macao,MAC,1999,3.3130085,16700.1,430212,Asia,1999,2023
Macao,MAC,2000,3.4941204,15977.8125,437274,Asia,2000,2023
Macao,MAC,2001,3.506945,16188.216,445078,Asia,2001,2023
Macao,MAC,2002,3.0454652,17029.46,455975,Asia,2002,2023
Macao,MAC,2003,3.03114,16996.396,469009,Asia,2003,2023
Macao,MAC,2004,3.2828476,19637.254,482157,Asia,2004,2023
Macao,MAC,2005,3.394976,19636.117,495372,Asia,2005,2023
Macao,MAC,2006,2.8666077,20359.129,508710,Asia,2006,2023
Macao,MAC,2007,2.6099865,20300.041,522228,Asia,2007,2023
Macao,MAC,2008,2.112714,17604.602,535887,Asia,2008,2023
Macao,MAC,2009,3.4409642,18303.113,549446,Asia,2009,2023
Macao,MAC,2010,2.1941485,18400.9,562755,Asia,2010,2023
Macao,MAC,2011,2.2470484,18063.021,575596,Asia,2011,2023
Macao,MAC,2012,1.9274263,17832.598,587403,Asia,2012,2023
Macao,MAC,2013,1.6523719,17761.412,598703,Asia,2013,2023
Macao,MAC,2014,2.119446,18849.732,610250,Asia,2014,2023
Macao,MAC,2015,2.8445833,21063.752,622134,Asia,2015,2023
Macao,MAC,2016,2.807499,20401.303,634267,Asia,2016,2023
Macao,MAC,2017,2.9810367,24657.23,646508,Asia,2017,2023
Macao,MAC,2018,1.8855948,22952.04,658729,Asia,2018,2023
Macao,MAC,2019,1.8076055,23023.588,670934,Asia,2019,2023
Macao,MAC,2020,1.5127505,20649.154,683026,Asia,2020,2023
Macao,MAC,2021,1.4774982,21399.566,694363,Asia,2021,2023
Madagascar,MDG,1985,0.100931786,599.2461,10433096,Africa,1985,2023
Madagascar,MDG,1986,0.10590627,413.32706,10736824,Africa,1986,2023
Madagascar,MDG,1987,0.11608483,556.5983,11047249,Africa,1987,2023
Madagascar,MDG,1988,0.11309247,589.2279,11369413,Africa,1988,2023
Madagascar,MDG,1989,0.07909484,429.70947,11704948,Africa,1989,2023
Madagascar,MDG,1990,0.07832839,412.11603,12055603,Africa,1990,2023
Madagascar,MDG,1991,0.08250828,414.29288,12421371,Africa,1991,2023
Madagascar,MDG,1992,0.07834231,434.9889,12800810,Africa,1992,2023
Madagascar,MDG,1993,0.07820688,426.3261,13197304,Africa,1993,2023
Madagascar,MDG,1994,0.084631786,449.14658,13613809,Africa,1994,2023
Madagascar,MDG,1995,0.08486386,456.61432,14051223,Africa,1995,2023
Madagascar,MDG,1996,0.0858223,454.87448,14510669,Africa,1996,2023
Madagascar,MDG,1997,0.10240852,450.8971,14990764,Africa,1997,2023
Madagascar,MDG,1998,0.104527,443.88486,15489329,Africa,1998,2023
Madagascar,MDG,1999,0.11016785,431.42715,16000457,Africa,1999,2023
Madagascar,MDG,2000,0.11793706,591.2006,16516293,Africa,2000,2023
Madagascar,MDG,2001,0.102332614,563.0391,17032888,Africa,2001,2023
Madagascar,MDG,2002,0.070416994,422.2325,17549869,Africa,2002,2023
Madagascar,MDG,2003,0.09362971,524.7671,18071806,Africa,2003,2023
Madagascar,MDG,2004,0.09697532,554.3044,18606549,Africa,2004,2023
Madagascar,MDG,2005,0.09087216,520.9991,19159663,Africa,2005,2023
Madagascar,MDG,2006,0.084877715,498.27472,19730869,Africa,2006,2023
Madagascar,MDG,2007,0.085390925,516.442,20318540,Africa,2007,2023
Madagascar,MDG,2008,0.08506862,531.468,20923790,Africa,2008,2023
Madagascar,MDG,2009,0.07919252,455.50735,21547225,Africa,2009,2023
Madagascar,MDG,2010,0.08438074,469.25098,22183297,Africa,2010,2023
Madagascar,MDG,2011,0.10401886,511.36972,22822256,Africa,2011,2023
Madagascar,MDG,2012,0.11696225,587.69507,23462392,Africa,2012,2023
Madagascar,MDG,2013,0.13243172,600.2899,24109241,Africa,2013,2023
Madagascar,MDG,2014,0.12500173,635.02496,24764298,Africa,2014,2023
Madagascar,MDG,2015,0.12779771,676.7416,25426654,Africa,2015,2023
Madagascar,MDG,2016,0.12927419,691.3689,26099905,Africa,2016,2023
Madagascar,MDG,2017,0.14842267,617.7024,26788326,Africa,2017,2023
Madagascar,MDG,2018,0.13575959,579.6003,27494881,Africa,2018,2023
Madagascar,MDG,2019,0.15226129,678.70404,28219511,Africa,2019,2023
Madagascar,MDG,2020,0.13728699,447.50406,28953509,Africa,2020,2023
Madagascar,MDG,2021,0.15004274,507.64365,29691033,Africa,2021,2023
Malawi,MWI,1985,0.073002174,470.13116,7620472,Africa,1985,2023
Malawi,MWI,1986,0.069874085,448.91177,7906436,Africa,1986,2023
Malawi,MWI,1987,0.065728575,447.37775,8293121,Africa,1987,2023
Malawi,MWI,1988,0.06186155,425.15033,8753208,Africa,1988,2023
Malawi,MWI,1989,0.061392758,456.5947,9176180,Africa,1989,2023
Malawi,MWI,1990,0.077555776,493.36633,9545814,Africa,1990,2023
Malawi,MWI,1991,0.0800077,547.2007,9844177,Africa,1991,2023
Malawi,MWI,1992,0.07766025,539.48083,10135031,Africa,1992,2023
Malawi,MWI,1993,0.085763864,520.2003,10283993,Africa,1993,2023
Malawi,MWI,1994,0.08871251,558.9982,10164857,Africa,1994,2023
Malawi,MWI,1995,0.08930992,583.22473,10150070,Africa,1995,2023
Malawi,MWI,1996,0.08882477,580.4206,10352180,Africa,1996,2023
Malawi,MWI,1997,0.08661769,572.58167,10561988,Africa,1997,2023
Malawi,MWI,1998,0.083551235,595.0406,10792827,Africa,1998,2023
Malawi,MWI,1999,0.08085471,574.521,11047768,Africa,1999,2023
Malawi,MWI,2000,0.07579126,606.25275,11315896,Africa,2000,2023
Malawi,MWI,2001,0.06669993,581.4494,11593011,Africa,2001,2023
Malawi,MWI,2002,0.072071366,560.5774,11880377,Africa,2002,2023
Malawi,MWI,2003,0.07540098,574.14386,12181526,Africa,2003,2023
Malawi,MWI,2004,0.07213027,596.341,12500688,Africa,2004,2023
Malawi,MWI,2005,0.06612023,564.4167,12839988,Africa,2005,2023
Malawi,MWI,2006,0.064247735,566.84424,13198644,Africa,2006,2023
Malawi,MWI,2007,0.06772616,548.9341,13576290,Africa,2007,2023
Malawi,MWI,2008,0.071432985,607.96954,13976359,Africa,2008,2023
Malawi,MWI,2009,0.070389405,549.8785,14395732,Africa,2009,2023
Malawi,MWI,2010,0.065322444,640.52893,14826420,Africa,2010,2023
Malawi,MWI,2011,0.06918806,626.8056,15264976,Africa,2011,2023
Malawi,MWI,2012,0.067864046,611.7529,15709541,Africa,2012,2023
Malawi,MWI,2013,0.070900455,604.7202,16161772,Africa,2013,2023
Malawi,MWI,2014,0.06261528,605.3154,16621485,Africa,2014,2023
Malawi,MWI,2015,0.06338019,567.38477,17085543,Africa,2015,2023
Malawi,MWI,2016,0.06866579,581.6119,17557696,Africa,2016,2023
Malawi,MWI,2017,0.06816495,583.40607,18039666,Africa,2017,2023
Malawi,MWI,2018,0.092995554,542.3849,18528036,Africa,2018,2023
Malawi,MWI,2019,0.09044499,537.8198,19025698,Africa,2019,2023
Malawi,MWI,2020,0.09051806,503.25735,19533837,Africa,2020,2023
Malawi,MWI,2021,0.094012946,464.98254,20047218,Africa,2021,2023
Malaysia,MYS,1985,2.3819346,11376.896,15252211,Asia,1985,2023
Malaysia,MYS,1986,2.544477,12125.577,15760366,Asia,1986,2023
Malaysia,MYS,1987,2.5114236,12132.969,16276698,Asia,1987,2023
Malaysia,MYS,1988,2.5522609,12381.6875,16796561,Asia,1988,2023
Malaysia,MYS,1989,2.892521,13454.194,17314954,Asia,1989,2023
Malaysia,MYS,1990,3.0431776,13757.189,17833124,Asia,1990,2023
Malaysia,MYS,1991,3.5865006,16754.078,18342429,Asia,1991,2023
Malaysia,MYS,1992,3.8737922,18381.809,18834520,Asia,1992,2023
Malaysia,MYS,1993,4.4824343,17979.701,19322622,Asia,1993,2023
Malaysia,MYS,1994,4.414514,18568.719,19820400,Asia,1994,2023
Malaysia,MYS,1995,5.390666,19762.299,20330550,Asia,1995,2023
Malaysia,MYS,1996,5.2809725,21473.818,20850037,Asia,1996,2023
Malaysia,MYS,1997,5.5424733,24257.473,21375176,Asia,1997,2023
Malaysia,MYS,1998,5.011337,22715.672,21906667,Asia,1998,2023
Malaysia,MYS,1999,4.634915,23668.324,22435483,Asia,1999,2023
Malaysia,MYS,2000,5.3500233,26639.928,22967760,Asia,2000,2023
Malaysia,MYS,2001,5.563517,26582.326,23526494,Asia,2001,2023
Malaysia,MYS,2002,5.478087,27303.566,24102434,Asia,2002,2023
Malaysia,MYS,2003,6.2150364,28867.148,24679556,Asia,2003,2023
Malaysia,MYS,2004,6.7181454,30459.574,25256718,Asia,2004,2023
Malaysia,MYS,2005,6.5786943,32213.139,25836027,Asia,2005,2023
Malaysia,MYS,2006,6.4413414,31831.44,26417859,Asia,2006,2023
Malaysia,MYS,2007,6.4985785,33221.484,26998333,Asia,2007,2023
Malaysia,MYS,2008,6.994816,33712.133,27569998,Asia,2008,2023
Malaysia,MYS,2009,6.830967,32003.473,28124726,Asia,2009,2023
Malaysia,MYS,2010,6.9565897,32487.746,28655721,Asia,2010,2023
Malaysia,MYS,2011,6.976631,32524.594,29161977,Asia,2011,2023
Malaysia,MYS,2012,7.180377,35010.12,29662784,Asia,2012,2023
Malaysia,MYS,2013,8.009191,36062.55,30174221,Asia,2013,2023
Malaysia,MYS,2014,7.9830947,35862.223,30696080,Asia,2014,2023
Malaysia,MYS,2015,7.5541906,35874.363,31232744,Asia,2015,2023
Malaysia,MYS,2016,7.464497,37184.793,31789641,Asia,2016,2023
Malaysia,MYS,2017,7.5553236,37168.01,32355608,Asia,2017,2023
Malaysia,MYS,2018,7.980434,37333.42,32910918,Asia,2018,2023
Malaysia,MYS,2019,8.368345,37824.06,33440538,Asia,2019,2023
Malaysia,MYS,2020,7.7663965,36037.035,33889515,Asia,2020,2023
Malaysia,MYS,2021,7.967726,37131.54,34282367,Asia,2021,2023
Malaysia,MYS,2022,8.227246,39226.555,34695445,Asia,2022,2023
Malaysia,MYS,2023,8.2224455,38920.656,35126249,Asia,2023,2023
Maldives,MDV,1985,0.34686387,1296.7568,190138,Asia,1985,2023
Maldives,MDV,1986,0.4093917,1450.6243,196897,Asia,1986,2023
Maldives,MDV,1987,0.3953136,1400.6931,203909,Asia,1987,2023
Maldives,MDV,1988,0.45182005,1654.0004,210845,Asia,1988,2023
Maldives,MDV,1989,0.5722081,1598.6647,217711,Asia,1989,2023
Maldives,MDV,1990,0.76625776,1875.4272,224739,Asia,1990,2023
Maldives,MDV,1991,0.6639715,1817.4015,231769,Asia,1991,2023
Maldives,MDV,1992,0.96778816,1768.5521,238515,Asia,1992,2023
Maldives,MDV,1993,0.80809003,2007.3478,244844,Asia,1993,2023
Maldives,MDV,1994,0.78894985,3927.181,250784,Asia,1994,2023
Maldives,MDV,1995,0.97093266,5271.3096,256611,Asia,1995,2023
Maldives,MDV,1996,1.1034461,5397.8564,262320,Asia,1996,2023
Maldives,MDV,1997,1.2320062,4573.3916,267661,Asia,1997,2023
Maldives,MDV,1998,1.1018741,4949.162,272670,Asia,1998,2023
Maldives,MDV,1999,1.5191096,4872.386,277373,Asia,1999,2023
Maldives,MDV,2000,1.598309,10129.736,281968,Asia,2000,2023
Maldives,MDV,2001,1.6100327,8351.583,286742,Asia,2001,2023
Maldives,MDV,2002,2.0356393,9816.173,291588,Asia,2002,2023
Maldives,MDV,2003,1.7056116,8392.205,296452,Asia,2003,2023
Maldives,MDV,2004,2.2127585,10799.323,301365,Asia,2004,2023
Maldives,MDV,2005,1.9612513,9621.824,306384,Asia,2005,2023
Maldives,MDV,2006,2.3701003,11906.826,313823,Asia,2006,2023
Maldives,MDV,2007,2.4054444,11930.126,324444,Asia,2007,2023
Maldives,MDV,2008,2.5071328,12517.4,336129,Asia,2008,2023
Maldives,MDV,2009,2.535735,12835.753,348232,Asia,2009,2023
Maldives,MDV,2010,2.5899591,12524.812,360747,Asia,2010,2023
Maldives,MDV,2011,2.63789,13070.632,373638,Asia,2011,2023
Maldives,MDV,2012,2.8703895,16088.853,386774,Asia,2012,2023
Maldives,MDV,2013,2.7295027,16413.824,400026,Asia,2013,2023
Maldives,MDV,2014,3.1805093,21157.406,413574,Asia,2014,2023
Maldives,MDV,2015,2.9868495,15149.077,428122,Asia,2015,2023
Maldives,MDV,2016,3.240203,15410.746,443271,Asia,2016,2023
Maldives,MDV,2017,3.3021832,15375.788,458252,Asia,2017,2023
Maldives,MDV,2018,3.678995,17020.91,473064,Asia,2018,2023
Maldives,MDV,2019,4.087055,18567.896,487690,Asia,2019,2023
Maldives,MDV,2020,3.3423467,17308.588,502076,Asia,2020,2023
Maldives,MDV,2021,3.8193066,17669.365,516123,Asia,2021,2023
Mali,MLI,1985,0.048406143,291.05725,8374619,Africa,1985,2023
Mali,MLI,1986,0.04449675,236.83566,8531230,Africa,1986,2023
Mali,MLI,1987,0.04118189,264.48615,8681122,Africa,1987,2023
Mali,MLI,1988,0.043358855,166.37714,8833951,Africa,1988,2023
Mali,MLI,1989,0.046209708,277.87885,8999884,Africa,1989,2023
Mali,MLI,1990,0.046002094,277.25122,9178778,Africa,1990,2023
Mali,MLI,1991,0.04548773,272.37534,9362832,Africa,1991,2023
Mali,MLI,1992,0.04841389,287.5596,9553498,Africa,1992,2023
Mali,MLI,1993,0.051545497,284.01532,9754741,Africa,1993,2023
Mali,MLI,1994,0.05502096,278.68048,9966984,Africa,1994,2023
Mali,MLI,1995,0.058436994,273.68933,10185329,Africa,1995,2023
Mali,MLI,1996,0.062080003,277.65744,10407232,Africa,1996,2023
Mali,MLI,1997,0.0682542,275.14996,10646451,Africa,1997,2023
Mali,MLI,1998,0.08556412,274.41876,10919530,Africa,1998,2023
Mali,MLI,1999,0.08648156,267.1443,11227365,Africa,1999,2023
Mali,MLI,2000,0.09223996,391.75388,11559242,Africa,2000,2023
Mali,MLI,2001,0.09750474,384.58038,11912118,Africa,2001,2023
Mali,MLI,2002,0.09839845,360.90942,12287999,Africa,2002,2023
Mali,MLI,2003,0.098208025,350.71347,12684910,Africa,2003,2023
Mali,MLI,2004,0.10738336,353.03635,13102365,Africa,2004,2023
Mali,MLI,2005,0.107441485,378.31973,13538607,Africa,2005,2023
Mali,MLI,2006,0.109735906,429.55984,13990097,Africa,2006,2023
Mali,MLI,2007,0.12367307,489.2138,14457732,Africa,2007,2023
Mali,MLI,2008,0.13095579,565.22516,14940738,Africa,2008,2023
Mali,MLI,2009,0.1222482,691.58307,15435483,Africa,2009,2023
Mali,MLI,2010,0.13097896,757.35394,15945157,Africa,2010,2023
Mali,MLI,2011,0.13838163,804.06683,16469007,Africa,2011,2023
Mali,MLI,2012,0.14369059,830.3994,16956991,Africa,2012,2023
Mali,MLI,2013,0.15712835,830.25073,17459573,Africa,2013,2023
Mali,MLI,2014,0.17400725,899.23505,18020221,Africa,2014,2023
Mali,MLI,2015,0.18281552,952.77563,18592978,Africa,2015,2023
Mali,MLI,2016,0.22351843,1172.1898,19191249,Africa,2016,2023
Mali,MLI,2017,0.24075167,1234.1934,19812964,Africa,2017,2023
Mali,MLI,2018,0.25429645,1243.7677,20441987,Africa,2018,2023
Mali,MLI,2019,0.27684134,1231.7151,21068368,Africa,2019,2023
Mali,MLI,2020,0.2969476,1142.8834,21713790,Africa,2020,2023
Mali,MLI,2021,0.30756667,1168.5671,22388587,Africa,2021,2023
Malta,MLT,1985,3.3987036,12699.803,352525,Europe,1985,2023
Malta,MLT,1986,4.1795855,16468.186,355040,Europe,1986,2023
Malta,MLT,1987,5.178191,18234.201,358037,Europe,1987,2023
Malta,MLT,1988,5.569468,20159.69,361172,Europe,1988,2023
Malta,MLT,1989,5.951316,20568.691,364472,Europe,1989,2023
Malta,MLT,1990,6.598626,22185.451,367864,Europe,1990,2023
Malta,MLT,1991,6.118816,23163.854,371288,Europe,1991,2023
Malta,MLT,1992,6.120192,24135.17,374759,Europe,1992,2023
Malta,MLT,1993,7.630298,25248.361,378175,Europe,1993,2023
Malta,MLT,1994,6.96971,26794.076,381414,Europe,1994,2023
Malta,MLT,1995,6.3772416,25775.016,384512,Europe,1995,2023
Malta,MLT,1996,6.5378513,26498.742,387581,Europe,1996,2023
Malta,MLT,1997,6.5437627,28006.824,390639,Europe,1997,2023
Malta,MLT,1998,6.4126825,29060.49,393741,Europe,1998,2023
Malta,MLT,1999,6.4833484,31934.371,396842,Europe,1999,2023
Malta,MLT,2000,6.172759,46378.05,399846,Europe,2000,2023
Malta,MLT,2001,6.794836,50713.89,402741,Europe,2001,2023
Malta,MLT,2002,6.7745447,49170.387,405522,Europe,2002,2023
Malta,MLT,2003,7.253708,56833.484,408182,Europe,2003,2023
Malta,MLT,2004,6.936195,59390.21,410752,Europe,2004,2023
Malta,MLT,2005,6.41162,50493.625,413274,Europe,2005,2023
Malta,MLT,2006,6.3919373,51478.543,415411,Europe,2006,2023
Malta,MLT,2007,6.5389743,55957.79,417148,Europe,2007,2023
Malta,MLT,2008,6.495701,57768.11,418922,Europe,2008,2023
Malta,MLT,2009,6.086127,61248.996,420751,Europe,2009,2023
Malta,MLT,2010,6.1975784,72549.08,422607,Europe,2010,2023
Malta,MLT,2011,6.1426344,68190.57,424582,Europe,2011,2023
Malta,MLT,2012,6.4442496,64067.15,426564,Europe,2012,2023
Malta,MLT,2013,5.670855,59756.48,428410,Europe,2013,2023
Malta,MLT,2014,5.5635734,59933.56,434451,Europe,2014,2023
Malta,MLT,2015,3.819329,64130.957,444936,Europe,2015,2023
Malta,MLT,2016,3.021798,69591.945,455227,Europe,2016,2023
Malta,MLT,2017,3.284968,77316.09,467849,Europe,2017,2023
Malta,MLT,2018,3.1937,78729.375,484517,Europe,2018,2023
Malta,MLT,2019,3.2715886,80081.51,503968,Europe,2019,2023
Malta,MLT,2020,3.0885165,72065.46,518175,Europe,2020,2023
Malta,MLT,2021,3.0721867,74324.46,524335,Europe,2021,2023
Mauritania,MRT,1985,0.3853305,2157.3274,1702061,Africa,1985,2023
Mauritania,MRT,1986,0.21333894,1204.8337,1751804,Africa,1986,2023
Mauritania,MRT,1987,1.7984991,1613.7424,1802970,Africa,1987,2023
Mauritania,MRT,1988,1.7156923,2019.9849,1855820,Africa,1988,2023
Mauritania,MRT,1989,1.4728994,2266.0972,1903022,Africa,1989,2023
Mauritania,MRT,1990,0.4373901,1984.4912,1951832,Africa,1990,2023
Mauritania,MRT,1991,0.4320914,2015.5123,2009686,Africa,1991,2023
Mauritania,MRT,1992,0.43341428,6285.3643,2088090,Africa,1992,2023
Mauritania,MRT,1993,0.42634535,6176.067,2174275,Africa,1993,2023
Mauritania,MRT,1994,0.42513376,5951.325,2249419,Africa,1994,2023
Mauritania,MRT,1995,0.43898782,5873.274,2311973,Africa,1995,2023
Mauritania,MRT,1996,0.4505907,5824.2036,2358149,Africa,1996,2023
Mauritania,MRT,1997,0.44674274,5699.632,2411267,Africa,1997,2023
Mauritania,MRT,1998,0.43234837,5573.307,2474597,Africa,1998,2023
Mauritania,MRT,1999,0.43103203,5424.3203,2541658,Africa,1999,2023
Mauritania,MRT,2000,0.4262084,1872.364,2613407,Africa,2000,2023
Mauritania,MRT,2001,0.43770093,1906.994,2678724,Africa,2001,2023
Mauritania,MRT,2002,0.45622626,2004.1155,2738606,Africa,2002,2023
Mauritania,MRT,2003,0.4602869,2054.2488,2802009,Africa,2003,2023
Mauritania,MRT,2004,0.48280674,2161.6206,2868626,Africa,2004,2023
Mauritania,MRT,2005,0.48905334,2206.7163,2939021,Africa,2005,2023
Mauritania,MRT,2006,0.51435834,2100.9646,3013615,Africa,2006,2023
Mauritania,MRT,2007,0.56824696,2318.157,3093025,Africa,2007,2023
Mauritania,MRT,2008,0.57628185,2781.5295,3183227,Africa,2008,2023
Mauritania,MRT,2009,0.6126825,2688.0107,3284406,Africa,2009,2023
Mauritania,MRT,2010,0.61739045,2594.6553,3390917,Africa,2010,2023
Mauritania,MRT,2011,0.6367084,2710.173,3502767,Africa,2011,2023
Mauritania,MRT,2012,0.67631555,2906.24,3618978,Africa,2012,2023
Mauritania,MRT,2013,0.5807962,2568.1191,3734279,Africa,2013,2023
Mauritania,MRT,2014,0.6668666,2994.4866,3848461,Africa,2014,2023
Mauritania,MRT,2015,0.75707364,2955.3347,3965910,Africa,2015,2023
Mauritania,MRT,2016,0.6428544,2687.6682,4086622,Africa,2016,2023
Mauritania,MRT,2017,0.8505145,3923.3762,4210554,Africa,2017,2023
Mauritania,MRT,2018,1.0263102,4074.3657,4337636,Africa,2018,2023
Mauritania,MRT,2019,1.0341662,4149.229,4467661,Africa,2019,2023
Mauritania,MRT,2020,1.0394421,3884.7751,4600083,Africa,2020,2023
Mauritania,MRT,2021,0.95105034,3988.5325,4734824,Africa,2021,2023
Mauritius,MUS,1985,0.6898923,4093.9243,1025018,Africa,1985,2023
Mauritius,MUS,1986,0.76928383,5021.5654,1038306,Africa,1986,2023
Mauritius,MUS,1987,0.8854342,4384.233,1051073,Africa,1987,2023
Mauritius,MUS,1988,0.80270267,5789.68,1063547,Africa,1988,2023
Mauritius,MUS,1989,0.9773545,6654.824,1075933,Africa,1989,2023
Mauritius,MUS,1990,1.3424771,7287.114,1088984,Africa,1990,2023
Mauritius,MUS,1991,1.3785676,7287.894,1103000,Africa,1991,2023
Mauritius,MUS,1992,1.5277239,8599.056,1117626,Africa,1992,2023
Mauritius,MUS,1993,1.5661079,8552.078,1132346,Africa,1993,2023
Mauritius,MUS,1994,1.4157379,8419.8955,1146506,Africa,1994,2023
Mauritius,MUS,1995,1.5764575,8915.209,1159775,Africa,1995,2023
Mauritius,MUS,1996,1.6627127,8838.137,1172330,Africa,1996,2023
Mauritius,MUS,1997,1.6861824,8841.741,1184261,Africa,1997,2023
Mauritius,MUS,1998,1.8150483,9006.974,1195058,Africa,1998,2023
Mauritius,MUS,1999,2.0114906,9847.927,1205856,Africa,1999,2023
Mauritius,MUS,2000,2.2106,13215.6,1216582,Africa,2000,2023
Mauritius,MUS,2001,2.3345253,13385.311,1225767,Africa,2001,2023
Mauritius,MUS,2002,2.3366835,13056.474,1234043,Africa,2002,2023
Mauritius,MUS,2003,2.4632201,13249.851,1242049,Africa,2003,2023
Mauritius,MUS,2004,2.4715018,13567.276,1249747,Africa,2004,2023
Mauritius,MUS,2005,2.6201282,14451.097,1257166,Africa,2005,2023
Mauritius,MUS,2006,2.8703554,15004.636,1263732,Africa,2006,2023
Mauritius,MUS,2007,2.903566,15502.124,1269468,Africa,2007,2023
Mauritius,MUS,2008,2.9551587,15889.464,1274582,Africa,2008,2023
Mauritius,MUS,2009,2.8992758,15279.018,1278929,Africa,2009,2023
Mauritius,MUS,2010,3.0507982,16415.438,1282665,Africa,2010,2023
Mauritius,MUS,2011,3.0451887,16788.395,1286231,Africa,2011,2023
Mauritius,MUS,2012,3.075311,16868.873,1289121,Africa,2012,2023
Mauritius,MUS,2013,3.1504557,17104.646,1290937,Africa,2013,2023
Mauritius,MUS,2014,3.255757,17609.402,1291949,Africa,2014,2023
Mauritius,MUS,2015,3.2578845,18247.52,1292230,Africa,2015,2023
Mauritius,MUS,2016,3.3640182,18958.602,1291760,Africa,2016,2023
Mauritius,MUS,2017,3.5146556,20786.77,1290605,Africa,2017,2023
Mauritius,MUS,2018,3.4599402,21929.627,1288776,Africa,2018,2023
Mauritius,MUS,2019,3.515224,22800.158,1286227,Africa,2019,2023
Mauritius,MUS,2020,2.9667716,19245.18,1283178,Africa,2020,2023
Mauritius,MUS,2021,3.1039515,19724.719,1279587,Africa,2021,2023
Mexico,MEX,1985,3.8268685,15151.138,75043366,North America,1985,2023
Mexico,MEX,1986,3.8286479,14439.929,76585591,North America,1986,2023
Mexico,MEX,1987,3.9135332,14659.548,78136597,North America,1987,2023
Mexico,MEX,1988,3.8323145,14519.399,79695481,North America,1988,2023
Mexico,MEX,1989,3.978187,15078.81,81247123,North America,1989,2023
Mexico,MEX,1990,3.8245022,16141.271,82820134,North America,1990,2023
Mexico,MEX,1991,3.9064963,16288.587,84430515,North America,1991,2023
Mexico,MEX,1992,3.8637247,16284.947,86044763,North America,1992,2023
Mexico,MEX,1993,3.8529084,15988.583,87653764,North America,1993,2023
Mexico,MEX,1994,3.9383516,16584.426,89259151,North America,1994,2023
Mexico,MEX,1995,3.641829,15998.046,90862395,North America,1995,2023
Mexico,MEX,1996,3.694258,16125.593,92452649,North America,1996,2023
Mexico,MEX,1997,3.8551157,16233.623,94021166,North America,1997,2023
Mexico,MEX,1998,3.987455,16610.916,95575200,North America,1998,2023
Mexico,MEX,1999,3.9750543,16578.275,97115654,North America,1999,2023
Mexico,MEX,2000,3.968942,17300.664,98625515,North America,2000,2023
Mexico,MEX,2001,4.070814,16898.29,100099057,North America,2001,2023
Mexico,MEX,2002,4.0404415,17044.275,101548570,North America,2002,2023
Mexico,MEX,2003,4.2335906,16996.574,102978472,North America,2003,2023
Mexico,MEX,2004,4.2012773,17731.264,104394075,North America,2004,2023
Mexico,MEX,2005,4.379789,19153.719,105811451,North America,2005,2023
Mexico,MEX,2006,4.4242706,19171.469,107253625,North America,2006,2023
Mexico,MEX,2007,4.3539257,19098.814,108774308,North America,2007,2023
Mexico,MEX,2008,4.2852507,19633.797,110374235,North America,2008,2023
Mexico,MEX,2009,4.109776,19065.637,111999662,North America,2009,2023
Mexico,MEX,2010,4.016841,18887.48,113623858,North America,2010,2023
Mexico,MEX,2011,4.193744,19464.541,115243459,North America,2011,2023
Mexico,MEX,2012,4.2928996,19367.398,116818153,North America,2012,2023
Mexico,MEX,2013,4.1862464,19122.215,118343517,North America,2013,2023
Mexico,MEX,2014,4.040971,18782.85,119784217,North America,2014,2023
Mexico,MEX,2015,3.959897,18355.58,121072270,North America,2015,2023
Mexico,MEX,2016,3.9167497,18543.55,122251299,North America,2016,2023
Mexico,MEX,2017,3.7634234,18668.822,123400004,North America,2017,2023
Mexico,MEX,2018,3.7601306,18266.324,124573671,North America,2018,2023
Mexico,MEX,2019,3.7231612,17919.082,125762928,North America,2019,2023
Mexico,MEX,2020,3.3828366,16205.912,126798998,North America,2020,2023
Mexico,MEX,2021,3.500515,17172.896,127648107,North America,2021,2023
Mexico,MEX,2022,3.6181056,17827.531,128613066,North America,2022,2023
Mexico,MEX,2023,3.7199361,18279.035,129739713,North America,2023,2023
Micronesia (country),FSM,2000,1.602628,4708.033,112026,Oceania,2000,2023
Micronesia (country),FSM,2001,1.4679487,5337.553,112320,Oceania,2001,2023
Micronesia (country),FSM,2002,1.3363222,4962.9814,112416,Oceania,2002,2023
Micronesia (country),FSM,2003,1.4361715,5361.374,112254,Oceania,2003,2023
Micronesia (country),FSM,2004,1.2770772,5176.6465,111893,Oceania,2004,2023
Micronesia (country),FSM,2005,1.0527601,4437.1504,111372,Oceania,2005,2023
Micronesia (country),FSM,2006,1.0260987,4596.253,110695,Oceania,2006,2023
Micronesia (country),FSM,2007,1.2006881,5161.648,109857,Oceania,2007,2023
Micronesia (country),FSM,2008,1.0093293,4527.6533,108904,Oceania,2008,2023
Micronesia (country),FSM,2009,1.358043,6300.3887,107920,Oceania,2009,2023
Micronesia (country),FSM,2010,0.9542288,4414.8276,107513,Oceania,2010,2023
Micronesia (country),FSM,2011,1.0890176,5086.256,107664,Oceania,2011,2023
Micronesia (country),FSM,2012,1.1549573,5645.0747,107862,Oceania,2012,2023
Micronesia (country),FSM,2013,1.2542953,5924.762,108083,Oceania,2013,2023
Micronesia (country),FSM,2014,1.2510313,6181.367,108365,Oceania,2014,2023
Micronesia (country),FSM,2015,1.314772,6471.856,108685,Oceania,2015,2023
Micronesia (country),FSM,2016,1.3104795,6817.641,109041,Oceania,2016,2023
Micronesia (country),FSM,2017,1.3055109,6857.2817,109456,Oceania,2017,2023
Micronesia (country),FSM,2018,1.3004614,6882.2617,109881,Oceania,2018,2023
Micronesia (country),FSM,2019,1.3293424,6471.663,110250,Oceania,2019,2023
Micronesia (country),FSM,2020,1.3217535,6445.4224,110883,Oceania,2020,2023
Micronesia (country),FSM,2021,1.2805563,6387.088,111589,Oceania,2021,2023
Moldova,MDA,1992,4.7081714,13853.316,4455670,Europe,1992,2023
Moldova,MDA,1993,3.562305,10323.984,4448191,Europe,1993,2023
Moldova,MDA,1994,2.802394,7238.4287,4434410,Europe,1994,2023
Moldova,MDA,1995,2.5838144,7440.0825,4414174,Europe,1995,2023
Moldova,MDA,1996,2.663663,8566.718,4387601,Europe,1996,2023
Moldova,MDA,1997,1.6763563,9500.102,4355484,Europe,1997,2023
Moldova,MDA,1998,1.4920906,8918.751,4318664,Europe,1998,2023
Moldova,MDA,1999,1.0949867,7367.9434,4278169,Europe,1999,2023
Moldova,MDA,2000,0.8436892,7750.128,4234915,Europe,2000,2023
Moldova,MDA,2001,0.9037816,7673.8516,4189717,Europe,2001,2023
Moldova,MDA,2002,0.97799915,8558.681,4142883,Europe,2002,2023
Moldova,MDA,2003,1.0754248,9629.671,4095375,Europe,2003,2023
Moldova,MDA,2004,1.1400694,9094.614,4046617,Europe,2004,2023
Moldova,MDA,2005,1.2379094,10069.241,3988618,Europe,2005,2023
Moldova,MDA,2006,1.2826874,10814.542,3921257,Europe,2006,2023
Moldova,MDA,2007,1.292679,9570.557,3851346,Europe,2007,2023
Moldova,MDA,2008,1.3733144,10052.481,3779455,Europe,2008,2023
Moldova,MDA,2009,1.2248539,9210.98,3706166,Europe,2009,2023
Moldova,MDA,2010,1.3301159,9287.713,3631943,Europe,2010,2023
Moldova,MDA,2011,1.3901181,9207.143,3557233,Europe,2011,2023
Moldova,MDA,2012,1.3684363,12907.23,3482575,Europe,2012,2023
Moldova,MDA,2013,1.4373157,13035.35,3408686,Europe,2013,2023
Moldova,MDA,2014,1.4236593,12760.212,3342665,Europe,2014,2023
Moldova,MDA,2015,1.4546986,11617.373,3287114,Europe,2015,2023
Moldova,MDA,2016,1.5145319,11798.2,3237747,Europe,2016,2023
Moldova,MDA,2017,1.6347528,12164.262,3193456,Europe,2017,2023
Moldova,MDA,2018,1.7230734,13129.505,3153724,Europe,2018,2023
Moldova,MDA,2019,1.7654533,13488.875,3112515,Europe,2019,2023
Moldova,MDA,2020,1.7065568,13070.765,3069084,Europe,2020,2023
Moldova,MDA,2021,1.9345789,16006.373,3023731,Europe,2021,2023
Mongolia,MNG,1985,4.682841,28329.633,1921473,Asia,1985,2023
Mongolia,MNG,1986,4.868345,30051.963,1970925,Asia,1986,2023
Mongolia,MNG,1987,5.1823297,30621.645,2022742,Asia,1987,2023
Mongolia,MNG,1988,5.5353184,31394.03,2076281,Asia,1988,2023
Mongolia,MNG,1989,4.923877,29109.637,2124142,Asia,1989,2023
Mongolia,MNG,1990,4.5234065,26418.062,2164532,Asia,1990,2023
Mongolia,MNG,1991,5.429567,26932.64,2202716,Asia,1991,2023
Mongolia,MNG,1992,4.887109,23671.002,2239077,Asia,1992,2023
Mongolia,MNG,1993,4.043607,21398.938,2273471,Asia,1993,2023
Mongolia,MNG,1994,3.41102,19678.45,2305695,Asia,1994,2023
Mongolia,MNG,1995,3.355385,18526.11,2335667,Asia,1995,2023
Mongolia,MNG,1996,3.3575907,18857.643,2363425,Asia,1996,2023
Mongolia,MNG,1997,3.1874704,17051.783,2389074,Asia,1997,2023
Mongolia,MNG,1998,3.158858,17177.256,2412744,Asia,1998,2023
Mongolia,MNG,1999,3.0762522,17113.32,2433998,Asia,1999,2023
Mongolia,MNG,2000,3.0270607,17691.607,2455142,Asia,2000,2023
Mongolia,MNG,2001,3.149724,17502.184,2477664,Asia,2001,2023
Mongolia,MNG,2002,3.278589,18501.777,2500029,Asia,2002,2023
Mongolia,MNG,2003,3.1450183,17411.361,2521755,Asia,2003,2023
Mongolia,MNG,2004,3.3432648,16947.145,2542754,Asia,2004,2023
Mongolia,MNG,2005,3.3217783,17428.03,2563418,Asia,2005,2023
Mongolia,MNG,2006,3.590794,18611.67,2584714,Asia,2006,2023
Mongolia,MNG,2007,4.585178,19353.18,2607932,Asia,2007,2023
Mongolia,MNG,2008,4.5239434,18919.375,2634381,Asia,2008,2023
Mongolia,MNG,2009,4.887429,18920.904,2665283,Asia,2009,2023
Mongolia,MNG,2010,5.0976677,18202.299,2701690,Asia,2010,2023
Mongolia,MNG,2011,7.783921,18659.32,2745129,Asia,2011,2023
Mongolia,MNG,2012,12.5204735,19704.566,2795410,Asia,2012,2023
Mongolia,MNG,2013,15.245662,20521.99,2851830,Asia,2013,2023
Mongolia,MNG,2014,10.170369,19699.537,2912984,Asia,2014,2023
Mongolia,MNG,2015,7.8220935,19182.596,2976476,Asia,2015,2023
Mongolia,MNG,2016,8.428495,19692.092,3040773,Asia,2016,2023
Mongolia,MNG,2017,10.9961,21043.662,3104314,Asia,2017,2023
Mongolia,MNG,2018,14.305717,22486.172,3167660,Asia,2018,2023
Mongolia,MNG,2019,14.617127,24279.39,3232069,Asia,2019,2023
Mongolia,MNG,2020,11.265909,20376.916,3290733,Asia,2020,2023
Mongolia,MNG,2021,12.532064,22407.674,3339627,Asia,2021,2023
Montenegro,MNE,2006,3.2545974,24270.525,633821,Europe,2006,2023
Montenegro,MNE,2007,3.2455244,21851.393,633335,Europe,2007,2023
Montenegro,MNE,2008,4.1167564,24712.115,632805,Europe,2008,2023
Montenegro,MNE,2009,2.659338,21325.205,632404,Europe,2009,2023
Montenegro,MNE,2010,3.8319082,26631.988,632036,Europe,2010,2023
Montenegro,MNE,2011,3.8050895,21941.479,632639,Europe,2011,2023
Montenegro,MNE,2012,3.4933963,21276.305,633497,Europe,2012,2023
Montenegro,MNE,2013,3.3968685,22880.111,633162,Europe,2013,2023
Montenegro,MNE,2014,3.3370714,20434.42,631332,Europe,2014,2023
Montenegro,MNE,2015,3.5642705,21034.895,628096,Europe,2015,2023
Montenegro,MNE,2016,3.2284575,21028.148,624199,Europe,2016,2023
Montenegro,MNE,2017,3.3918157,19660.412,620062,Europe,2017,2023
Montenegro,MNE,2018,3.8974926,21852.676,615760,Europe,2018,2023
Montenegro,MNE,2019,4.049645,20460.55,611625,Europe,2019,2023
Montenegro,MNE,2020,3.9600255,17942.342,607887,Europe,2020,2023
Montenegro,MNE,2021,3.9928653,18940.291,603805,Europe,2021,2023
Montserrat,MSR,1985,2.3369477,11193.852,10975,North America,1985,2023
Montserrat,MSR,1986,2.6832662,4589.917,10924,North America,1986,2023
Montserrat,MSR,1987,2.694613,5774.471,10878,North America,1987,2023
Montserrat,MSR,1988,2.7103097,5806.108,10815,North America,1988,2023
Montserrat,MSR,1989,2.725937,5841.6406,10753,North America,1989,2023
Montserrat,MSR,1990,2.7494607,6940.406,10661,North America,1990,2023
Montserrat,MSR,1991,2.8141322,12398.994,10416,North America,1991,2023
Montserrat,MSR,1992,2.9391356,12996.938,9973,North America,1992,2023
Montserrat,MSR,1993,3.1169715,13722.97,9404,North America,1993,2023
Montserrat,MSR,1994,3.7383516,14622.862,8821,North America,1994,2023
Montserrat,MSR,1995,4.010703,23150.402,8222,North America,1995,2023
Montserrat,MSR,1996,4.832498,25094.129,7582,North America,1996,2023
Montserrat,MSR,1997,4.7570686,27305.855,6932,North America,1997,2023
Montserrat,MSR,1998,4.6704907,30093.725,6276,North America,1998,2023
Montserrat,MSR,1999,6.495302,33446.98,5641,North America,1999,2023
Montserrat,MSR,2000,5.1183395,22515.271,5011,North America,2000,2023
Montserrat,MSR,2001,5.608572,24606.283,4573,North America,2001,2023
Montserrat,MSR,2002,10.694207,36233.332,4454,North America,2002,2023
Montserrat,MSR,2003,8.180397,36038.613,4479,North America,2003,2023
Montserrat,MSR,2004,10.566105,35807.695,4508,North America,2004,2023
Montserrat,MSR,2005,8.899095,35542.004,4529,North America,2005,2023
Montserrat,MSR,2006,8.834722,35250.55,4562,North America,2006,2023
Montserrat,MSR,2007,8.746528,38881.137,4608,North America,2007,2023
Montserrat,MSR,2008,10.234637,49473.754,4654,North America,2008,2023
Montserrat,MSR,2009,9.321178,41319.547,4717,North America,2009,2023
Montserrat,MSR,2010,12.2567425,54497.844,4783,North America,2010,2023
Montserrat,MSR,2011,7.62539,37454.2,4805,North America,2011,2023
Montserrat,MSR,2012,8.430036,36263.168,4781,North America,2012,2023
Montserrat,MSR,2013,10.068062,45365.406,4731,North America,2013,2023
Montserrat,MSR,2014,10.123698,42027.945,4705,North America,2014,2023
Montserrat,MSR,2015,11.811734,47224.633,4653,North America,2015,2023
Montserrat,MSR,2016,6.351463,26808.178,4615,North America,2016,2023
Montserrat,MSR,2017,6.398603,26044.17,4581,North America,2017,2023
Montserrat,MSR,2018,6.437953,31185.535,4553,North America,2018,2023
Montserrat,MSR,2019,4.8594165,30173.104,4524,North America,2019,2023
Montserrat,MSR,2020,4.892945,25413.51,4493,North America,2020,2023
Montserrat,MSR,2021,4.915921,27584.43,4472,North America,2021,2023
Morocco,MAR,1985,0.79957753,2923.776,22113898,Africa,1985,2023
Morocco,MAR,1986,0.82669616,2958.895,22600746,Africa,1986,2023
Morocco,MAR,1987,0.8633899,2988.1982,23054340,Africa,1987,2023
Morocco,MAR,1988,0.89065427,3098.0178,23500486,Africa,1988,2023
Morocco,MAR,1989,0.9465857,3347.9673,23939368,Africa,1989,2023
Morocco,MAR,1990,0.9147706,3368.051,24375508,Africa,1990,2023
Morocco,MAR,1991,0.95520777,3353.75,24798965,Africa,1991,2023
Morocco,MAR,1992,0.9811349,3692.0007,25212419,Africa,1992,2023
Morocco,MAR,1993,1.0454568,3672.131,25614533,Africa,1993,2023
Morocco,MAR,1994,1.0816522,3986.5735,26000781,Africa,1994,2023
Morocco,MAR,1995,1.0890509,3851.7097,26399383,Africa,1995,2023
Morocco,MAR,1996,1.1013299,3967.3018,26808063,Africa,1996,2023
Morocco,MAR,1997,1.1015786,4064.434,27213289,Africa,1997,2023
Morocco,MAR,1998,1.1180079,4109.5425,27621589,Africa,1998,2023
Morocco,MAR,1999,1.141239,4205.276,28027140,Africa,1999,2023
Morocco,MAR,2000,1.1680186,4113.667,28423380,Africa,2000,2023
Morocco,MAR,2001,1.2773283,4386.623,28814598,Africa,2001,2023
Morocco,MAR,2002,1.2776961,4439.7236,29198087,Africa,2002,2023
Morocco,MAR,2003,1.2366731,4397.996,29571375,Africa,2003,2023
Morocco,MAR,2004,1.4097285,4946.6387,29952970,Africa,2004,2023
Morocco,MAR,2005,1.4711325,5301.4736,30358088,Africa,2005,2023
Morocco,MAR,2006,1.5030133,5340.5317,30771131,Africa,2006,2023
Morocco,MAR,2007,1.5683981,5226.2114,31186417,Africa,2007,2023
Morocco,MAR,2008,1.6252584,5694.0356,31606714,Africa,2008,2023
Morocco,MAR,2009,1.5878415,5486.076,32030735,Africa,2009,2023
Morocco,MAR,2010,1.6744775,6005.15,32466965,Africa,2010,2023
Morocco,MAR,2011,1.6670738,6222.626,32912540,Africa,2011,2023
Morocco,MAR,2012,1.707486,6249.124,33355201,Africa,2012,2023
Morocco,MAR,2013,1.6753646,6330.0835,33787523,Africa,2013,2023
Morocco,MAR,2014,1.6715494,6336.756,34204741,Africa,2014,2023
Morocco,MAR,2015,1.690244,6368.3936,34607538,Africa,2015,2023
Morocco,MAR,2016,1.6690971,6361.196,35023413,Africa,2016,2023
Morocco,MAR,2017,1.7238381,6580.7236,35446348,Africa,2017,2023
Morocco,MAR,2018,1.7384603,6730.607,35839708,Africa,2018,2023
Morocco,MAR,2019,1.898318,7267.464,36210859,Africa,2019,2023
Morocco,MAR,2020,1.7648122,6610.578,36584160,Africa,2020,2023
Morocco,MAR,2021,1.9008626,7256.7217,36954394,Africa,2021,2023
Morocco,MAR,2022,1.8619709,7129.506,37329012,Africa,2022,2023
Morocco,MAR,2023,1.82082,7169.151,37712463,Africa,2023,2023
Mozambique,MOZ,1985,0.09044164,674.4593,12548910,Africa,1985,2023
Mozambique,MOZ,1986,0.0765151,349.9683,12770538,Africa,1986,2023
Mozambique,MOZ,1987,0.07617432,351.8976,12822524,Africa,1987,2023
Mozambique,MOZ,1988,0.07860568,511.01965,12800513,Africa,1988,2023
Mozambique,MOZ,1989,0.08015396,408.86578,12906799,Africa,1989,2023
Mozambique,MOZ,1990,0.078305945,410.74274,13094484,Africa,1990,2023
Mozambique,MOZ,1991,0.07051084,413.4892,13352046,Africa,1991,2023
Mozambique,MOZ,1992,0.07545626,400.53726,13613263,Africa,1992,2023
Mozambique,MOZ,1993,0.08115531,420.21716,14051158,Africa,1993,2023
Mozambique,MOZ,1994,0.07303769,387.15732,15033800,Africa,1994,2023
Mozambique,MOZ,1995,0.07086084,390.27704,15960479,Africa,1995,2023
Mozambique,MOZ,1996,0.06620093,395.6344,16492428,Africa,1996,2023
Mozambique,MOZ,1997,0.06904078,458.0164,16949939,Africa,1997,2023
Mozambique,MOZ,1998,0.06412159,555.14966,17340415,Africa,1998,2023
Mozambique,MOZ,1999,0.06587987,1314.8768,17734447,Africa,1999,2023
Mozambique,MOZ,2000,0.07291638,1646.6608,18129602,Africa,2000,2023
Mozambique,MOZ,2001,0.083828926,2058.794,18537683,Africa,2001,2023
Mozambique,MOZ,2002,0.0810757,2031.7814,18958295,Africa,2002,2023
Mozambique,MOZ,2003,0.095682584,2005.1836,19392422,Africa,2003,2023
Mozambique,MOZ,2004,0.09394899,2047.423,19840266,Africa,2004,2023
Mozambique,MOZ,2005,0.08715779,2189.5408,20304530,Africa,2005,2023
Mozambique,MOZ,2006,0.09215461,2325.4858,20787045,Africa,2006,2023
Mozambique,MOZ,2007,0.102823526,2517.8892,21287589,Africa,2007,2023
Mozambique,MOZ,2008,0.09990994,2311.3452,21818980,Africa,2008,2023
Mozambique,MOZ,2009,0.10892457,2432.587,22391698,Africa,2009,2023
Mozambique,MOZ,2010,0.11454959,2355.5942,22999191,Africa,2010,2023
Mozambique,MOZ,2011,0.131364,2590.4597,23649004,Africa,2011,2023
Mozambique,MOZ,2012,0.1253911,2700.6165,24337788,Africa,2012,2023
Mozambique,MOZ,2013,0.14285189,2775.2776,25051568,Africa,2013,2023
Mozambique,MOZ,2014,0.31495103,2987.1777,25788424,Africa,2014,2023
Mozambique,MOZ,2015,0.25352883,3077.791,26547522,Africa,2015,2023
Mozambique,MOZ,2016,0.31266424,3067.1821,27337054,Africa,2016,2023
Mozambique,MOZ,2017,0.24516355,2985.2324,28166349,Africa,2017,2023
Mozambique,MOZ,2018,0.24157462,2383.0244,29018595,Africa,2018,2023
Mozambique,MOZ,2019,0.23761947,2446.9106,29884331,Africa,2019,2023
Mozambique,MOZ,2020,0.2071267,2248.653,30783641,Africa,2020,2023
Mozambique,MOZ,2021,0.24812852,2241.226,31707757,Africa,2021,2023
Myanmar,MMR,1985,0.18227777,699.129,36622772,Asia,1985,2023
Myanmar,MMR,1986,0.18106328,698.7062,37314833,Asia,1986,2023
Myanmar,MMR,1987,0.13018684,678.9151,37971555,Asia,1987,2023
Myanmar,MMR,1988,0.10586949,642.3325,38600885,Asia,1988,2023
Myanmar,MMR,1989,0.11284832,655.9231,39214577,Asia,1989,2023
Myanmar,MMR,1990,0.106379114,626.5227,39817205,Asia,1990,2023
Myanmar,MMR,1991,0.102426216,611.5023,40394111,Asia,1991,2023
Myanmar,MMR,1992,0.11823883,630.84467,40950295,Asia,1992,2023
Myanmar,MMR,1993,0.12777653,665.22644,41502369,Asia,1993,2023
Myanmar,MMR,1994,0.14680658,768.1933,42055096,Asia,1994,2023
Myanmar,MMR,1995,0.16177854,804.47095,42605294,Asia,1995,2023
Myanmar,MMR,1996,0.16656272,802.511,43154805,Asia,1996,2023
Myanmar,MMR,1997,0.16975178,844.2114,43708762,Asia,1997,2023
Myanmar,MMR,1998,0.18180251,923.9542,44257732,Asia,1998,2023
Myanmar,MMR,1999,0.19946577,925.74817,44787672,Asia,1999,2023
Myanmar,MMR,2000,0.22563893,1055.1344,45290803,Asia,2000,2023
Myanmar,MMR,2001,0.19347812,963.84076,45771087,Asia,2001,2023
Myanmar,MMR,2002,0.20176381,1107.3801,46232609,Asia,2002,2023
Myanmar,MMR,2003,0.21422179,1236.4875,46667140,Asia,2003,2023
Myanmar,MMR,2004,0.26696044,1285.3595,47068726,Asia,2004,2023
Myanmar,MMR,2005,0.24357975,1642.7948,47438305,Asia,2005,2023
Myanmar,MMR,2006,0.2681476,1538.9808,47785085,Asia,2006,2023
Myanmar,MMR,2007,0.26682886,1648.7915,48124993,Asia,2007,2023
Myanmar,MMR,2008,0.20194063,1504.8369,48390740,Asia,2008,2023
Myanmar,MMR,2009,0.20976608,1377.901,48660408,Asia,2009,2023
Myanmar,MMR,2010,0.26765463,1386.8824,49024326,Asia,2010,2023
Myanmar,MMR,2011,0.30599007,1505.1958,49419777,Asia,2011,2023
Myanmar,MMR,2012,0.23714164,1779.6029,49837398,Asia,2012,2023
Myanmar,MMR,2013,0.2531136,2042.9814,50262613,Asia,2013,2023
Myanmar,MMR,2014,0.31272396,2368.4949,50681584,Asia,2014,2023
Myanmar,MMR,2015,0.42841202,2192.525,51089005,Asia,2015,2023
Myanmar,MMR,2016,0.41052818,2501.5964,51495657,Asia,2016,2023
Myanmar,MMR,2017,0.4553452,3203.9011,51894886,Asia,2017,2023
Myanmar,MMR,2018,0.65076345,3270.801,52272203,Asia,2018,2023
Myanmar,MMR,2019,0.63867646,3197.22,52640679,Asia,2019,2023
Myanmar,MMR,2020,0.6523924,3183.1047,53016472,Asia,2020,2023
Myanmar,MMR,2021,0.55444026,3064.8484,53387059,Asia,2021,2023
Namibia,NAM,1991,0.7376462,3812.525,1415638,Africa,1991,2023
Namibia,NAM,1992,0.77728957,3435.413,1461283,Africa,1992,2023
Namibia,NAM,1993,0.9107486,4182.518,1508649,Africa,1993,2023
Namibia,NAM,1994,1.0005906,3863.0842,1556264,Africa,1994,2023
Namibia,NAM,1995,1.0108311,5896.2056,1602135,Africa,1995,2023
Namibia,NAM,1996,1.0439571,5569.181,1646060,Africa,1996,2023
Namibia,NAM,1997,1.0758417,5242.652,1689230,Africa,1997,2023
Namibia,NAM,1998,1.0764118,5618.035,1732702,Africa,1998,2023
Namibia,NAM,1999,0.9797784,7343.829,1776320,Africa,1999,2023
Namibia,NAM,2000,0.9469267,6971.662,1818599,Africa,2000,2023
Namibia,NAM,2001,1.1996282,7906.876,1857002,Africa,2001,2023
Namibia,NAM,2002,1.043018,7473.249,1889931,Africa,2002,2023
Namibia,NAM,2003,1.0911251,7768.2593,1917419,Africa,2003,2023
Namibia,NAM,2004,1.1546397,7998.0425,1942050,Africa,2004,2023
Namibia,NAM,2005,1.2855866,8329.664,1966542,Africa,2005,2023
Namibia,NAM,2006,1.2637395,8203.538,1991841,Africa,2006,2023
Namibia,NAM,2007,1.1526242,8337.066,2018559,Africa,2007,2023
Namibia,NAM,2008,1.3961457,8670.3955,2047007,Africa,2008,2023
Namibia,NAM,2009,1.2822764,8711.895,2077343,Africa,2009,2023
Namibia,NAM,2010,1.3198848,8834.805,2109760,Africa,2010,2023
Namibia,NAM,2011,1.2962427,9036.284,2146277,Africa,2011,2023
Namibia,NAM,2012,1.4586486,9158.613,2194604,Africa,2012,2023
Namibia,NAM,2013,1.5938045,9313.876,2252462,Africa,2013,2023
Namibia,NAM,2014,1.6175814,9735.818,2312089,Africa,2014,2023
Namibia,NAM,2015,1.6560593,10013.897,2374258,Africa,2015,2023
Namibia,NAM,2016,1.6292387,9860.743,2439160,Africa,2016,2023
Namibia,NAM,2017,1.6351054,9969.967,2506814,Africa,2017,2023
Namibia,NAM,2018,1.6334617,9675.655,2577275,Africa,2018,2023
Namibia,NAM,2019,1.5993302,9254.443,2650454,Africa,2019,2023
Namibia,NAM,2020,1.404347,8960.352,2728716,Africa,2020,2023
Namibia,NAM,2021,1.3879759,8748.273,2810509,Africa,2021,2023
Nauru,NRU,1985,14.5976095,70024.4,8534,Oceania,1985,2023
Nauru,NRU,1986,18.477478,65298.43,8725,Oceania,1986,2023
Nauru,NRU,1987,17.639051,63595.895,8932,Oceania,1987,2023
Nauru,NRU,1988,17.224445,61931.742,9147,Oceania,1988,2023
Nauru,NRU,1989,16.8199,59886.65,9367,Oceania,1989,2023
Nauru,NRU,1990,12.967212,58062.656,9607,Oceania,1990,2023
Nauru,NRU,1991,12.658876,56278.363,9841,Oceania,1991,2023
Nauru,NRU,1992,12.08395,55160.246,10006,Oceania,1992,2023
Nauru,NRU,1993,11.264901,54499.246,10083,Oceania,1993,2023
Nauru,NRU,1994,10.86166,54261.004,10120,Oceania,1994,2023
Nauru,NRU,1995,10.470634,60547.156,10148,Oceania,1995,2023
Nauru,NRU,1996,10.088701,60503.73,10169,Oceania,1996,2023
Nauru,NRU,1997,10.069886,60255.67,10188,Oceania,1997,2023
Nauru,NRU,1998,9.717878,60174.56,10180,Oceania,1998,2023
Nauru,NRU,1999,9.003342,60145.945,10174,Oceania,1999,2023
Nauru,NRU,2000,8.29939,44017.28,10154,Oceania,2000,2023
Nauru,NRU,2001,7.9746737,39953.254,10108,Oceania,2001,2023
Nauru,NRU,2002,7.6416726,37538.883,10069,Oceania,2002,2023
Nauru,NRU,2003,6.5702333,33686.04,10038,Oceania,2003,2023
Nauru,NRU,2004,6.5584726,31641.86,10056,Oceania,2004,2023
Nauru,NRU,2005,6.2046022,31064.385,10039,Oceania,2005,2023
Nauru,NRU,2006,4.388462,22659.775,10019,Oceania,2006,2023
Nauru,NRU,2007,4.394603,22131.348,10005,Oceania,2007,2023
Nauru,NRU,2008,4.39988,22558.277,9993,Oceania,2008,2023
Nauru,NRU,2009,4.0251675,21952.797,10013,Oceania,2009,2023
Nauru,NRU,2010,4.389776,23124.062,10016,Oceania,2010,2023
Nauru,NRU,2011,3.9964304,22639.81,10085,Oceania,2011,2023
Nauru,NRU,2012,4.286216,23654.348,10258,Oceania,2012,2023
Nauru,NRU,2013,4.5342216,26976.27,10505,Oceania,2013,2023
Nauru,NRU,2014,4.7815065,28475.137,10728,Oceania,2014,2023
Nauru,NRU,2015,5.0256033,29667.088,10936,Oceania,2015,2023
Nauru,NRU,2016,4.605081,31831.389,11139,Oceania,2016,2023
Nauru,NRU,2017,4.8581276,24506.256,11313,Oceania,2017,2023
Nauru,NRU,2018,4.792884,28203.953,11467,Oceania,2018,2023
Nauru,NRU,2019,4.747344,22405.49,11577,Oceania,2019,2023
Nauru,NRU,2020,4.4083877,21142.482,11636,Oceania,2020,2023
Nauru,NRU,2021,4.702661,21609.617,11687,Oceania,2021,2023
Nepal,NPL,1985,0.038678993,172.61325,17477653,Asia,1985,2023
Nepal,NPL,1986,0.039008886,227.17126,17868082,Asia,1986,2023
Nepal,NPL,1987,0.047159348,253.22533,18250464,Asia,1987,2023
Nepal,NPL,1988,0.052362815,245.2523,18638608,Asia,1988,2023
Nepal,NPL,1989,0.046887156,240.75,19057757,Asia,1989,2023
Nepal,NPL,1990,0.036950238,282.64832,19524530,Asia,1990,2023
Nepal,NPL,1991,0.05122219,314.0623,20036454,Asia,1991,2023
Nepal,NPL,1992,0.05982288,322.01544,20609656,Asia,1992,2023
Nepal,NPL,1993,0.06597382,320.27237,21180113,Asia,1993,2023
Nepal,NPL,1994,0.074568264,350.8241,21717442,Asia,1994,2023
Nepal,NPL,1995,0.103792936,379.11972,22245397,Asia,1995,2023
Nepal,NPL,1996,0.10345607,421.09924,22741817,Asia,1996,2023
Nepal,NPL,1997,0.11374581,445.4051,23219414,Asia,1997,2023
Nepal,NPL,1998,0.093889296,531.4146,23680304,Asia,1998,2023
Nepal,NPL,1999,0.13227206,589.571,24125146,Asia,1999,2023
Nepal,NPL,2000,0.12374211,599.056,24546462,Asia,2000,2023
Nepal,NPL,2001,0.12971969,622.0788,24946700,Asia,2001,2023
Nepal,NPL,2002,0.10250657,645.2906,25328943,Asia,2002,2023
Nepal,NPL,2003,0.10940146,669.50134,25688717,Asia,2003,2023
Nepal,NPL,2004,0.09926006,660.4656,26016606,Asia,2004,2023
Nepal,NPL,2005,0.11352484,678.4753,26309414,Asia,2005,2023
Nepal,NPL,2006,0.092468776,663.4546,26565390,Asia,2006,2023
Nepal,NPL,2007,0.09594959,653.86755,26788452,Asia,2007,2023
Nepal,NPL,2008,0.124186344,719.46136,26989988,Asia,2008,2023
Nepal,NPL,2009,0.15196535,818.67523,27172983,Asia,2009,2023
Nepal,NPL,2010,0.17644356,868.6695,27341910,Asia,2010,2023
Nepal,NPL,2011,0.19007953,922.1434,27464446,Asia,2011,2023
Nepal,NPL,2012,0.1986664,967.2062,27534868,Asia,2012,2023
Nepal,NPL,2013,0.22536612,1020.5796,27589950,Asia,2013,2023
Nepal,NPL,2014,0.27432936,1099.4447,27672334,Asia,2014,2023
Nepal,NPL,2015,0.24815848,979.0958,27823579,Asia,2015,2023
Nepal,NPL,2016,0.36086196,1426.1302,27955421,Asia,2016,2023
Nepal,NPL,2017,0.44338602,1614.7568,28011204,Asia,2017,2023
Nepal,NPL,2018,0.49854803,1753.6006,28079631,Asia,2018,2023
Nepal,NPL,2019,0.44873935,1700.5831,28414023,Asia,2019,2023
Nepal,NPL,2020,0.5396416,1677.7975,28966540,Asia,2020,2023
Nepal,NPL,2021,0.533455,1607.6346,29474963,Asia,2021,2023
Netherlands,NLD,1985,10.109429,56686.754,14538902,Europe,1985,2023
Netherlands,NLD,1986,9.846172,59183.734,14626434,Europe,1986,2023
Netherlands,NLD,1987,10.287363,60062.426,14724898,Europe,1987,2023
Netherlands,NLD,1988,9.8208685,59907.266,14825852,Europe,1988,2023
Netherlands,NLD,1989,10.834631,59827.887,14921064,Europe,1989,2023
Netherlands,NLD,1990,10.830862,60940.926,15030838,Europe,1990,2023
Netherlands,NLD,1991,11.296137,61679.36,15155049,Europe,1991,2023
Netherlands,NLD,1992,11.193285,61985.13,15276746,Europe,1992,2023
Netherlands,NLD,1993,11.109045,62091.71,15389666,Europe,1993,2023
Netherlands,NLD,1994,11.089836,61031.953,15485402,Europe,1994,2023
Netherlands,NLD,1995,11.131464,63117.93,15564977,Europe,1995,2023
Netherlands,NLD,1996,11.657468,65456.96,15639984,Europe,1996,2023
Netherlands,NLD,1997,11.145503,63906.344,15723574,Europe,1997,2023
Netherlands,NLD,1998,11.13149,63980.64,15827052,Europe,1998,2023
Netherlands,NLD,1999,10.717318,62847.582,15940134,Europe,1999,2023
Netherlands,NLD,2000,10.706721,63325.41,16058703,Europe,2000,2023
Netherlands,NLD,2001,10.952884,65422.44,16182665,Europe,2001,2023
Netherlands,NLD,2002,10.837755,65146.56,16288002,Europe,2002,2023
Netherlands,NLD,2003,10.995654,65296.625,16366857,Europe,2003,2023
Netherlands,NLD,2004,11.073761,67222.88,16425521,Europe,2004,2023
Netherlands,NLD,2005,10.80621,68395.85,16465658,Europe,2005,2023
Netherlands,NLD,2006,10.493947,66740,16493808,Europe,2006,2023
Netherlands,NLD,2007,10.454888,67568.08,16531313,Europe,2007,2023
Netherlands,NLD,2008,10.586433,66484.65,16597210,Europe,2008,2023
Netherlands,NLD,2009,10.203367,65268.383,16684105,Europe,2009,2023
Netherlands,NLD,2010,10.869165,70448.46,16771188,Europe,2010,2023
Netherlands,NLD,2011,10.038659,66766.09,16851014,Europe,2011,2023
Netherlands,NLD,2012,9.788568,65277.332,16915143,Europe,2012,2023
Netherlands,NLD,2013,9.7104645,63014.336,16967013,Europe,2013,2023
Netherlands,NLD,2014,9.239101,59946.082,17030041,Europe,2014,2023
Netherlands,NLD,2015,9.571497,60209.23,17107382,Europe,2015,2023
Netherlands,NLD,2016,9.567643,60966.062,17204642,Europe,2016,2023
Netherlands,NLD,2017,9.360355,61149.168,17315333,Europe,2017,2023
Netherlands,NLD,2018,9.071813,59398.777,17421239,Europe,2018,2023
Netherlands,NLD,2019,8.691241,58878.89,17537460,Europe,2019,2023
Netherlands,NLD,2020,7.7491956,56792.12,17636680,Europe,2020,2023
Netherlands,NLD,2021,7.8781476,57972.38,17730519,Europe,2021,2023
Netherlands,NLD,2022,7.106702,54383.41,17904367,Europe,2022,2023
Netherlands,NLD,2023,6.558991,54177.977,18092473,Europe,2023,2023
New Caledonia,NCL,1985,9.056582,41439.508,160210,Oceania,1985,2023
New Caledonia,NCL,1986,8.6009655,40915.87,162868,Oceania,1986,2023
New Caledonia,NCL,1987,8.783034,39621.86,165602,Oceania,1987,2023
New Caledonia,NCL,1988,8.911016,42006.863,168470,Oceania,1988,2023
New Caledonia,NCL,1989,9.532796,44828.906,171987,Oceania,1989,2023
New Caledonia,NCL,1990,8.934936,42360.266,176426,Oceania,1990,2023
New Caledonia,NCL,1991,9.705451,41708.77,181199,Oceania,1991,2023
New Caledonia,NCL,1992,8.468852,41886.645,186031,Oceania,1992,2023
New Caledonia,NCL,1993,9.581288,40328.31,190814,Oceania,1993,2023
New Caledonia,NCL,1994,10.078591,40635.75,195581,Oceania,1994,2023
New Caledonia,NCL,1995,10.297845,39831.57,200346,Oceania,1995,2023
New Caledonia,NCL,1996,10.653348,39165.57,204998,Oceania,1996,2023
New Caledonia,NCL,1997,8.674736,35796.543,209513,Oceania,1997,2023
New Caledonia,NCL,1998,8.457386,35769.176,214016,Oceania,1998,2023
New Caledonia,NCL,1999,9.407901,35775.76,218487,Oceania,1999,2023
New Caledonia,NCL,2000,9.954113,45268.094,223069,Oceania,2000,2023
New Caledonia,NCL,2001,8.242888,42436.5,227668,Oceania,2001,2023
New Caledonia,NCL,2002,10.302889,45016.35,232191,Oceania,2002,2023
New Caledonia,NCL,2003,11.517541,47813.31,236644,Oceania,2003,2023
New Caledonia,NCL,2004,10.44334,45600.543,240815,Oceania,2004,2023
New Caledonia,NCL,2005,11.499184,49324.58,244339,Oceania,2005,2023
New Caledonia,NCL,2006,10.935486,47853.824,247510,Oceania,2006,2023
New Caledonia,NCL,2007,11.675116,50583.902,250686,Oceania,2007,2023
New Caledonia,NCL,2008,11.22228,50031.6,253784,Oceania,2008,2023
New Caledonia,NCL,2009,11.802793,49562.727,257211,Oceania,2009,2023
New Caledonia,NCL,2010,13.985008,56732.92,261539,Oceania,2010,2023
New Caledonia,NCL,2011,13.863081,55054.582,266494,Oceania,2011,2023
New Caledonia,NCL,2012,13.644258,57458.293,271584,Oceania,2012,2023
New Caledonia,NCL,2013,14.344299,60432.473,276774,Oceania,2013,2023
New Caledonia,NCL,2014,17.81458,68428.61,281178,Oceania,2014,2023
New Caledonia,NCL,2015,17.22486,69502.61,283132,Oceania,2015,2023
New Caledonia,NCL,2016,19.34378,73955.19,283385,Oceania,2016,2023
New Caledonia,NCL,2017,19.695473,71473.98,283505,Oceania,2017,2023
New Caledonia,NCL,2018,20.856289,79704.05,283512,Oceania,2018,2023
New Caledonia,NCL,2019,20.005596,79064.88,283564,Oceania,2019,2023
New Caledonia,NCL,2020,17.98137,74262.35,284137,Oceania,2020,2023
New Caledonia,NCL,2021,15.908647,70000.125,285177,Oceania,2021,2023
New Zealand,NZL,1985,6.688534,47245.51,3267974,Oceania,1985,2023
New Zealand,NZL,1986,6.992635,50707.87,3281450,Oceania,1986,2023
New Zealand,NZL,1987,7.3241467,50990.12,3299396,Oceania,1987,2023
New Zealand,NZL,1988,7.6747723,52845.63,3315973,Oceania,1988,2023
New Zealand,NZL,1989,7.634959,53766.46,3333771,Oceania,1989,2023
New Zealand,NZL,1990,7.5059547,54876,3396932,Oceania,1990,2023
New Zealand,NZL,1991,7.519897,54626.305,3480888,Oceania,1991,2023
New Zealand,NZL,1992,7.973067,53927.176,3532198,Oceania,1992,2023
New Zealand,NZL,1993,7.7667007,54913.42,3573556,Oceania,1993,2023
New Zealand,NZL,1994,7.703802,57206.188,3620986,Oceania,1994,2023
New Zealand,NZL,1995,7.620484,58495.258,3674389,Oceania,1995,2023
New Zealand,NZL,1996,7.8568063,58465.91,3729337,Oceania,1996,2023
New Zealand,NZL,1997,8.28045,57741.027,3776907,Oceania,1997,2023
New Zealand,NZL,1998,7.8327,57223.055,3811332,Oceania,1998,2023
New Zealand,NZL,1999,8.202466,57371.336,3835514,Oceania,1999,2023
New Zealand,NZL,2000,8.357968,59543.81,3857521,Oceania,2000,2023
New Zealand,NZL,2001,8.833832,58485.12,3891714,Oceania,2001,2023
New Zealand,NZL,2002,8.742418,59589.08,3951062,Oceania,2002,2023
New Zealand,NZL,2003,9.01004,56734.85,4022538,Oceania,2003,2023
New Zealand,NZL,2004,8.775212,57499.695,4083857,Oceania,2004,2023
New Zealand,NZL,2005,9.050942,55352.246,4134949,Oceania,2005,2023
New Zealand,NZL,2006,8.926524,55087.375,4181891,Oceania,2006,2023
New Zealand,NZL,2007,8.621058,54355.105,4223208,Oceania,2007,2023
New Zealand,NZL,2008,8.800641,54008.586,4261775,Oceania,2008,2023
New Zealand,NZL,2009,8.042621,53341.805,4304250,Oceania,2009,2023
New Zealand,NZL,2010,8.005984,54098.344,4347718,Oceania,2010,2023
New Zealand,NZL,2011,7.8176785,53887.79,4382648,Oceania,2011,2023
New Zealand,NZL,2012,8.146944,53930.22,4411632,Oceania,2012,2023
New Zealand,NZL,2013,7.9118466,53827.734,4453817,Oceania,2013,2023
New Zealand,NZL,2014,7.8345513,55530.72,4522923,Oceania,2014,2023
New Zealand,NZL,2015,7.7594914,54937.03,4613988,Oceania,2015,2023
New Zealand,NZL,2016,7.2423096,54773.03,4714729,Oceania,2016,2023
New Zealand,NZL,2017,7.414659,54747.777,4812704,Oceania,2017,2023
New Zealand,NZL,2018,7.285045,53419.14,4900795,Oceania,2018,2023
New Zealand,NZL,2019,7.3620214,53172.613,4989366,Oceania,2019,2023
New Zealand,NZL,2020,6.710805,47273.44,5069848,Oceania,2020,2023
New Zealand,NZL,2021,6.7198505,45918.477,5107644,Oceania,2021,2023
New Zealand,NZL,2022,6.1597934,44782.684,5131680,Oceania,2022,2023
New Zealand,NZL,2023,5.8226275,45740.266,5172791,Oceania,2023,2023
Nicaragua,NIC,1985,0.5355118,2797.8489,3706428,North America,1985,2023
Nicaragua,NIC,1986,0.5944856,2625.6724,3794107,North America,1986,2023
Nicaragua,NIC,1987,0.6262011,2684.8335,3882114,North America,1987,2023
Nicaragua,NIC,1988,0.563915,2661.8228,3972276,North America,1988,2023
Nicaragua,NIC,1989,0.3610829,2817.3118,4066426,North America,1989,2023
Nicaragua,NIC,1990,0.49103665,2553.2358,4162512,North America,1990,2023
Nicaragua,NIC,1991,0.4663179,2386.3945,4259592,North America,1991,2023
Nicaragua,NIC,1992,0.5445554,2630.7493,4356980,North America,1992,2023
Nicaragua,NIC,1993,0.51247454,2647.7546,4453681,North America,1993,2023
Nicaragua,NIC,1994,0.5534874,2642.1714,4549265,North America,1994,2023
Nicaragua,NIC,1995,0.59339356,2768.959,4642885,North America,1995,2023
Nicaragua,NIC,1996,0.6019637,2863.8794,4729928,North America,1996,2023
Nicaragua,NIC,1997,0.6475622,2895.0417,4809524,North America,1997,2023
Nicaragua,NIC,1998,0.6947168,3082.8777,4883607,North America,1998,2023
Nicaragua,NIC,1999,0.7261187,3256.1426,4953974,North America,1999,2023
Nicaragua,NIC,2000,0.74091715,3180.8794,5022590,North America,2000,2023
Nicaragua,NIC,2001,0.770818,3331.2754,5087777,North America,2001,2023
Nicaragua,NIC,2002,0.7747392,3352.5957,5149867,North America,2002,2023
Nicaragua,NIC,2003,0.8319526,3514.2737,5210928,North America,2003,2023
Nicaragua,NIC,2004,0.8302599,3614.3872,5272850,North America,2004,2023
Nicaragua,NIC,2005,0.7993386,3627.2178,5342053,North America,2005,2023
Nicaragua,NIC,2006,0.8153238,3595.257,5418799,North America,2006,2023
Nicaragua,NIC,2007,0.8278174,3692.5571,5497205,North America,2007,2023
Nicaragua,NIC,2008,0.78283095,3683.9102,5576555,North America,2008,2023
Nicaragua,NIC,2009,0.78582966,3631.891,5656558,North America,2009,2023
Nicaragua,NIC,2010,0.7787225,3699.9202,5737403,North America,2010,2023
Nicaragua,NIC,2011,0.8258963,3835.2747,5819015,North America,2011,2023
Nicaragua,NIC,2012,0.77098346,3815.5432,5901251,North America,2012,2023
Nicaragua,NIC,2013,0.7696459,3991.6355,5983801,North America,2013,2023
Nicaragua,NIC,2014,0.78219247,4173.7993,6066438,North America,2014,2023
Nicaragua,NIC,2015,0.8831737,4501.891,6149360,North America,2015,2023
Nicaragua,NIC,2016,0.86739695,4451.653,6232609,North America,2016,2023
Nicaragua,NIC,2017,0.86465245,4376.1777,6316185,North America,2017,2023
Nicaragua,NIC,2018,0.81237465,4282.387,6400020,North America,2018,2023
Nicaragua,NIC,2019,0.8055015,4225.4365,6483603,North America,2019,2023
Nicaragua,NIC,2020,0.70987344,4237.677,6565214,North America,2020,2023
Nicaragua,NIC,2021,0.77428675,4265.2705,6644688,North America,2021,2023
Niger,NER,1985,0.13907902,395.72772,7118414,Africa,1985,2023
Niger,NER,1986,0.12192077,325.16,7335772,Africa,1986,2023
Niger,NER,1987,0.13131094,341.10788,7561099,Africa,1987,2023
Niger,NER,1988,0.1261278,467.49136,7793714,Africa,1988,2023
Niger,NER,1989,0.12868607,464.67136,8034731,Africa,1989,2023
Niger,NER,1990,0.07226654,445.62622,8286020,Africa,1990,2023
Niger,NER,1991,0.066248685,437.2567,8546856,Africa,1991,2023
Niger,NER,1992,0.059495524,413.75067,8817588,Africa,1992,2023
Niger,NER,1993,0.06576379,422.2729,9100738,Africa,1993,2023
Niger,NER,1994,0.061396338,412.9778,9398215,Africa,1994,2023
Niger,NER,1995,0.057453934,411.66547,9714496,Africa,1995,2023
Niger,NER,1996,0.063593075,400.00748,10044804,Africa,1996,2023
Niger,NER,1997,0.0620455,388.84528,10383944,Africa,1997,2023
Niger,NER,1998,0.064812295,390.2149,10741372,Africa,1998,2023
Niger,NER,1999,0.06130573,351.07642,11117362,Africa,1999,2023
Niger,NER,2000,0.059686773,285.42957,11509585,Africa,2000,2023
Niger,NER,2001,0.054195683,270.00186,11920599,Africa,2001,2023
Niger,NER,2002,0.055442113,277.3297,12349114,Africa,2002,2023
Niger,NER,2003,0.05811581,294.4527,12796931,Africa,2003,2023
Niger,NER,2004,0.0596885,311.80307,13265788,Africa,2004,2023
Niger,NER,2005,0.050245687,283.51257,13756146,Africa,2005,2023
Niger,NER,2006,0.04703367,275.1137,14268544,Africa,2006,2023
Niger,NER,2007,0.047930773,285.46628,14803558,Africa,2007,2023
Niger,NER,2008,0.05156574,305.83826,15361866,Africa,2008,2023
Niger,NER,2009,0.059721805,346.99503,15943624,Africa,2009,2023
Niger,NER,2010,0.07009466,413.75497,16548779,Africa,2010,2023
Niger,NER,2011,0.07665769,400.05173,17176241,Africa,2011,2023
Niger,NER,2012,0.10340941,512.0466,17836733,Africa,2012,2023
Niger,NER,2013,0.11222347,554.4608,18519843,Africa,2013,2023
Niger,NER,2014,0.117416464,506.64435,19215874,Africa,2014,2023
Niger,NER,2015,0.11063795,514.94916,19939452,Africa,2015,2023
Niger,NER,2016,0.10370547,462.7355,20685716,Africa,2016,2023
Niger,NER,2017,0.1049572,433.12198,21435404,Africa,2017,2023
Niger,NER,2018,0.08127849,460.16846,22188024,Africa,2018,2023
Niger,NER,2019,0.10952571,468.4848,22947717,Africa,2019,2023
Niger,NER,2020,0.103766285,442.419,23717579,Africa,2020,2023
Niger,NER,2021,0.11071586,409.75702,24502100,Africa,2021,2023
Nigeria,NGA,1985,0.82023156,2099.0159,84897926,Africa,1985,2023
Nigeria,NGA,1986,0.8390143,1999.292,87235909,Africa,1986,2023
Nigeria,NGA,1987,0.65881604,2057.9854,89591667,Africa,1987,2023
Nigeria,NGA,1988,0.7652828,2150.4543,92020036,Africa,1988,2023
Nigeria,NGA,1989,0.4455618,2268.3406,94530966,Africa,1989,2023
Nigeria,NGA,1990,0.40009198,2145.8665,97120870,Africa,1990,2023
Nigeria,NGA,1991,0.42046884,2299.37,99720103,Africa,1991,2023
Nigeria,NGA,1992,0.4519301,2298.7617,102372727,Africa,1992,2023
Nigeria,NGA,1993,0.42630616,2274.8088,105122021,Africa,1993,2023
Nigeria,NGA,1994,0.7454644,2067.1448,107935674,Africa,1994,2023
Nigeria,NGA,1995,0.76108885,2240.9358,110819373,Africa,1995,2023
Nigeria,NGA,1996,0.86053264,2238.9402,113754733,Africa,1996,2023
Nigeria,NGA,1997,0.8203651,2184.0325,116754744,Africa,1997,2023
Nigeria,NGA,1998,0.7216969,2042.3184,119846212,Africa,1998,2023
Nigeria,NGA,1999,0.6907277,1997.75,123047266,Africa,1999,2023
Nigeria,NGA,2000,0.77257365,1827.2556,126382435,Africa,2000,2023
Nigeria,NGA,2001,0.77739376,2013.8263,129862540,Africa,2001,2023
Nigeria,NGA,2002,0.6778893,2047.175,133471947,Africa,2002,2023
Nigeria,NGA,2003,0.73441654,2100.6572,137202602,Africa,2003,2023
Nigeria,NGA,2004,0.6774095,2122.0964,141056995,Africa,2004,2023
Nigeria,NGA,2005,0.7055755,2259.4753,145017214,Africa,2005,2023
Nigeria,NGA,2006,0.6103348,1960.8763,149077277,Africa,2006,2023
Nigeria,NGA,2007,0.54405713,1749.5142,153267204,Africa,2007,2023
Nigeria,NGA,2008,0.57359314,2047.7776,157594969,Africa,2008,2023
Nigeria,NGA,2009,0.49581113,1250.4224,162049411,Africa,2009,2023
Nigeria,NGA,2010,0.68729526,1514.1042,166642835,Africa,2010,2023
Nigeria,NGA,2011,0.75385803,2095.608,171379551,Africa,2011,2023
Nigeria,NGA,2012,0.6473927,2033.5441,176200571,Africa,2012,2023
Nigeria,NGA,2013,0.67742234,2546.1362,181049400,Africa,2013,2023
Nigeria,NGA,2014,0.69541794,2707.8645,185896872,Africa,2014,2023
Nigeria,NGA,2015,0.60748714,2495.8333,190671830,Africa,2015,2023
Nigeria,NGA,2016,0.6337025,2488.9058,195443641,Africa,2016,2023
Nigeria,NGA,2017,0.5928479,2358.808,200254534,Africa,2017,2023
Nigeria,NGA,2018,0.54949355,2461.8206,204938703,Africa,2018,2023
Nigeria,NGA,2019,0.6388198,2482.8318,209485583,Africa,2019,2023
Nigeria,NGA,2020,0.60513747,2445.0652,213996143,Africa,2020,2023
Nigeria,NGA,2021,0.61808836,2547.9543,218529237,Africa,2021,2023
Niue,NIU,1985,1.3246565,4437.7285,2766,Oceania,1985,2023
Niue,NIU,1986,1.3979397,4707.859,2621,Oceania,1986,2023
Niue,NIU,1987,1.4402516,4845.8506,2544,Oceania,1987,2023
Niue,NIU,1988,1.4545455,4884.4214,2519,Oceania,1988,2023
Niue,NIU,1989,1.4720771,4920.777,2489,Oceania,1989,2023
Niue,NIU,1990,2.9704094,4972.676,2467,Oceania,1990,2023
Niue,NIU,1991,3.0082102,5051.607,2436,Oceania,1991,2023
Niue,NIU,1992,3.0533333,5128.3477,2400,Oceania,1992,2023
Niue,NIU,1993,3.1116772,5219.3726,2355,Oceania,1993,2023
Niue,NIU,1994,3.161346,5313.0425,2318,Oceania,1994,2023
Niue,NIU,1995,3.221099,5389.5215,2275,Oceania,1995,2023
Niue,NIU,1996,3.2641425,5481.57,2245,Oceania,1996,2023
Niue,NIU,1997,3.3158371,5578.462,2210,Oceania,1997,2023
Niue,NIU,1998,3.4020426,5708.5425,2154,Oceania,1998,2023
Niue,NIU,1999,3.479582,5876.9067,2106,Oceania,1999,2023
Niue,NIU,2000,3.6027532,13541.948,2034,Oceania,2000,2023
Niue,NIU,2001,3.7179096,14273.005,1971,Oceania,2001,2023
Niue,NIU,2002,3.8067532,14102.177,1925,Oceania,2002,2023
Niue,NIU,2003,1.940678,13496.839,1888,Oceania,2003,2023
Niue,NIU,2004,1.9816117,13737.5,1849,Oceania,2004,2023
Niue,NIU,2005,2.0231917,14451.548,1811,Oceania,2005,2023
Niue,NIU,2006,2.0665538,14495.034,1773,Oceania,2006,2023
Niue,NIU,2007,2.0794551,13457.611,1762,Oceania,2007,2023
Niue,NIU,2008,4.1754985,21272.562,1755,Oceania,2008,2023
Niue,NIU,2009,2.0877492,14045.973,1755,Oceania,2009,2023
Niue,NIU,2010,2.1021228,13107.488,1743,Oceania,2010,2023
Niue,NIU,2011,4.2285056,14614.294,1733,Oceania,2011,2023
Niue,NIU,2012,4.223631,14400.746,1735,Oceania,2012,2023
Niue,NIU,2013,4.197022,15371.812,1746,Oceania,2013,2023
Niue,NIU,2014,6.270394,15776.486,1753,Oceania,2014,2023
Niue,NIU,2015,4.1494904,16946.316,1766,Oceania,2015,2023
Niue,NIU,2016,4.142453,16205.726,1769,Oceania,2016,2023
Niue,NIU,2017,4.142453,15733.968,1769,Oceania,2017,2023
Niue,NIU,2018,6.2101693,16154.689,1770,Oceania,2018,2023
Niue,NIU,2019,4.1331077,16592.62,1773,Oceania,2019,2023
Niue,NIU,2020,4.1168537,15567.364,1780,Oceania,2020,2023
Niue,NIU,2021,4.0733743,16120.62,1799,Oceania,2021,2023
North America,,1985,13.789166,62374.164,400469664,,1985,1985
North America,,1986,13.573978,62060.812,405667492,,1986,1986
North America,,1987,13.908355,63311.887,410875476,,1987,1987
North America,,1988,14.335723,65170.832,416199896,,1988,1988
North America,,1989,14.419029,65831.85,421641697,,1989,1989
North America,,1990,14.155821,64944.715,427526016,,1990,1990
North America,,1991,13.82466,64009.56,433790359,,1991,1991
North America,,1992,13.916908,63991.258,440058900,,1992,1992
North America,,1993,13.962938,64301.457,446183607,,1993,1993
North America,,1994,14.055683,64797.32,452081591,,1994,1994
North America,,1995,14.010077,65153.48,457856610,,1995,1995
North America,,1996,14.318403,66372.24,463528279,,1996,1996
North America,,1997,14.3992605,66026.9,469104620,,1997,1997
North America,,1998,14.382309,65530.32,474675644,,1998,1998
North America,,1999,14.414895,65893.17,480236701,,1999,1999
North America,,2000,14.758459,66780.53,485803188,,2000,2000
North America,,2001,14.404723,64595.223,491430341,,2001,2001
North America,,2002,14.345319,64967.062,497026321,,2002,2002
North America,,2003,14.4130535,64549.953,502585648,,2003,2003
North America,,2004,14.451757,65193.543,508164928,,2004,2004
North America,,2005,14.383645,64937.54,513797027,,2005,2005
North America,,2006,14.101651,63918.08,519543323,,2006,2006
North America,,2007,14.141435,64196.086,525493181,,2007,2007
North America,,2008,13.537246,62269.33,531568098,,2008,2008
North America,,2009,12.478601,58808.133,537615490,,2009,2009
North America,,2010,12.73634,59883.75,543591378,,2010,2010
North America,,2011,12.417531,59285.91,549550466,,2011,2011
North America,,2012,11.94888,57465.285,555484452,,2012,2012
North America,,2013,12.065,58248.207,561343702,,2013,2013
North America,,2014,12.008261,58163.53,567076721,,2014,2014
North America,,2015,11.62451,57186.812,572635347,,2015,2015
North America,,2016,11.272399,56628.85,578184350,,2016,2016
North America,,2017,11.078652,56448.176,583667388,,2017,2017
North America,,2018,11.282657,57652.777,589047608,,2018,2018
North America,,2019,11.00409,56792.07,594344896,,2019,2019
North America,,2020,9.808968,52279.4,598248690,,2020,2020
North America,,2021,10.37884,54581.03,600874414,,2021,2021
North America,,2022,10.442579,55534.938,604354281,,2022,2022
North America,,2023,10.12815,54651.15,608768595,,2023,2023
North Korea,PRK,1985,7.353832,15171.988,19620343,Asia,1985,2023
North Korea,PRK,1986,7.8768935,15078.648,19910806,Asia,1986,2023
North Korea,PRK,1987,8.691655,14618.195,20205432,Asia,1987,2023
North Korea,PRK,1988,9.717087,16947.54,20503104,Asia,1988,2023
North Korea,PRK,1989,10.05795,13814.66,20804320,Asia,1989,2023
North Korea,PRK,1990,5.6071634,13826.28,21112087,Asia,1990,2023
North Korea,PRK,1991,5.2648845,13556.981,21428591,Asia,1991,2023
North Korea,PRK,1992,4.5047235,11222.831,21750862,Asia,1992,2023
North Korea,PRK,1993,4.0583663,12159.411,22073307,Asia,1993,2023
North Korea,PRK,1994,3.6429694,11737.855,22393915,Asia,1994,2023
North Korea,PRK,1995,3.3561828,13665.021,22669252,Asia,1995,2023
North Korea,PRK,1996,2.8953702,13033.166,22895702,Asia,1996,2023
North Korea,PRK,1997,2.7553651,12476.232,23110790,Asia,1997,2023
North Korea,PRK,1998,2.5201824,10971.822,23311527,Asia,1998,2023
North Korea,PRK,1999,2.7296422,13901.435,23497555,Asia,1999,2023
North Korea,PRK,2000,2.9225616,12287.299,23665861,Asia,2000,2023
North Korea,PRK,2001,3.0091767,11876.022,23815309,Asia,2001,2023
North Korea,PRK,2002,2.8667648,11545.386,23943924,Asia,2002,2023
North Korea,PRK,2003,2.9115074,11428.484,24090345,Asia,2003,2023
North Korea,PRK,2004,2.9570096,11831.834,24254897,Asia,2004,2023
North Korea,PRK,2005,3.0746453,11560.98,24396381,Asia,2005,2023
North Korea,PRK,2006,3.1058881,10896.9,24524454,Asia,2006,2023
North Korea,PRK,2007,2.575557,9940.034,24646339,Asia,2007,2023
North Korea,PRK,2008,2.8399236,10656.522,24764570,Asia,2008,2023
North Korea,PRK,2009,2.7197876,8974.746,24878289,Asia,2009,2023
North Korea,PRK,2010,2.6156921,8532.009,24987204,Asia,2010,2023
North Korea,PRK,2011,1.905891,6350.811,25097837,Asia,2011,2023
North Korea,PRK,2012,1.8531759,6045.368,25211684,Asia,2012,2023
North Korea,PRK,2013,1.4256685,4742.056,25329409,Asia,2013,2023
North Korea,PRK,2014,1.5633109,4437.806,25451215,Asia,2014,2023
North Korea,PRK,2015,1.2218213,3908.5532,25575297,Asia,2015,2023
North Korea,PRK,2016,1.3308315,4500.1875,25698280,Asia,2016,2023
North Korea,PRK,2017,2.6987326,3657.9348,25817653,Asia,2017,2023
North Korea,PRK,2018,2.4137077,3773.798,25931102,Asia,2018,2023
North Korea,PRK,2019,2.6688468,3817.5662,26037582,Asia,2019,2023
North Korea,PRK,2020,2.5079155,3859.2563,26136272,Asia,2020,2023
North Korea,PRK,2021,2.056673,3833.9539,26232476,Asia,2021,2023
North Macedonia,MKD,1990,5.37778,14509.268,2063645,Europe,1990,2023
North Macedonia,MKD,1991,3.7881413,14458.464,2055937,Europe,1991,2023
North Macedonia,MKD,1992,4.1300726,14983.443,2032464,Europe,1992,2023
North Macedonia,MKD,1993,3.7867298,15163.268,2006806,Europe,1993,2023
North Macedonia,MKD,1994,3.9662714,14346.741,1992614,Europe,1994,2023
North Macedonia,MKD,1995,3.965612,14441.307,1998489,Europe,1995,2023
North Macedonia,MKD,1996,4.679022,16688.305,2012505,Europe,1996,2023
North Macedonia,MKD,1997,4.1691694,14975.063,2025708,Europe,1997,2023
North Macedonia,MKD,1998,4.734805,16853.76,2037531,Europe,1998,2023
North Macedonia,MKD,1999,4.288331,16061.009,2048045,Europe,1999,2023
North Macedonia,MKD,2000,4.1160574,15136.714,2057212,Europe,2000,2023
North Macedonia,MKD,2001,4.0111313,14134.944,2066242,Europe,2001,2023
North Macedonia,MKD,2002,3.776331,13736.116,2074432,Europe,2002,2023
North Macedonia,MKD,2003,4.098166,15438.576,2081368,Europe,2003,2023
North Macedonia,MKD,2004,3.942331,15211.423,2086534,Europe,2004,2023
North Macedonia,MKD,2005,4.1132607,15675.462,2089764,Europe,2005,2023
North Macedonia,MKD,2006,4.1406918,15945.613,2089193,Europe,2006,2023
North Macedonia,MKD,2007,4.329355,15780.252,2081936,Europe,2007,2023
North Macedonia,MKD,2008,4.315505,15241.02,2070788,Europe,2008,2023
North Macedonia,MKD,2009,3.9972472,14900.67,2060548,Europe,2009,2023
North Macedonia,MKD,2010,3.9900906,16189.779,2051460,Europe,2010,2023
North Macedonia,MKD,2011,4.331296,16113.007,2040398,Europe,2011,2023
North Macedonia,MKD,2012,4.185888,14934.357,2027246,Europe,2012,2023
North Macedonia,MKD,2013,3.7200131,14327.82,2013223,Europe,2013,2023
North Macedonia,MKD,2014,3.6057072,13282.118,1997784,Europe,2014,2023
North Macedonia,MKD,2015,3.411853,13983.399,1980318,Europe,2015,2023
North Macedonia,MKD,2016,3.394582,14497.308,1961210,Europe,2016,2023
North Macedonia,MKD,2017,3.6850967,13936.254,1940825,Europe,2017,2023
North Macedonia,MKD,2018,3.97764,14396.216,1919675,Europe,2018,2023
North Macedonia,MKD,2019,4.0298004,14690.129,1897595,Europe,2019,2023
North Macedonia,MKD,2020,3.718851,13125.045,1871976,Europe,2020,2023
North Macedonia,MKD,2021,3.505421,13786.6455,1851059,Europe,2021,2023
North Macedonia,MKD,2022,3.8731613,14631.11,1840196,Europe,2022,2023
North Macedonia,MKD,2023,4.0665092,16076.155,1831749,Europe,2023,2023
Norway,NOR,1985,7.775244,104859.81,4152358,Europe,1985,2023
Norway,NOR,1986,8.347413,101942.76,4167200,Europe,1986,2023
Norway,NOR,1987,7.9314194,106603.05,4186767,Europe,1987,2023
Norway,NOR,1988,8.45523,109295.66,4209425,Europe,1988,2023
Norway,NOR,1989,8.07877,115963.9,4226863,Europe,1989,2023
Norway,NOR,1990,8.25273,116210.516,4241384,Europe,1990,2023
Norway,NOR,1991,7.851101,107137.31,4261568,Europe,1991,2023
Norway,NOR,1992,8.024339,111561.07,4286210,Europe,1992,2023
Norway,NOR,1993,8.334773,113767.695,4311815,Europe,1993,2023
Norway,NOR,1994,8.729098,109616.195,4336416,Europe,1994,2023
Norway,NOR,1995,8.822787,116846.48,4358940,Europe,1995,2023
Norway,NOR,1996,9.478009,106633.72,4381089,Europe,1996,2023
Norway,NOR,1997,9.449627,111228.805,4404936,Europe,1997,2023
Norway,NOR,1998,9.43706,115034.97,4431253,Europe,1998,2023
Norway,NOR,1999,9.545832,117792.65,4461738,Europe,1999,2023
Norway,NOR,2000,9.3769045,129848.78,4490821,Europe,2000,2023
Norway,NOR,2001,9.637091,115010.516,4513603,Europe,2001,2023
Norway,NOR,2002,9.377092,119741.16,4537974,Europe,2002,2023
Norway,NOR,2003,9.6174555,105128.766,4564617,Europe,2003,2023
Norway,NOR,2004,9.63392,105938.37,4591693,Europe,2004,2023
Norway,NOR,2005,9.358088,120724.85,4623060,Europe,2005,2023
Norway,NOR,2006,9.407265,109650,4660441,Europe,2006,2023
Norway,NOR,2007,9.6811,117573.5,4708969,Europe,2007,2023
Norway,NOR,2008,9.36968,117797.914,4768039,Europe,2008,2023
Norway,NOR,2009,8.922087,106894.38,4828579,Europe,2009,2023
Norway,NOR,2010,9.331146,102078.37,4889110,Europe,2010,2023
Norway,NOR,2011,9.034477,101829.04,4952915,Europe,2011,2023
Norway,NOR,2012,8.81318,111948.3,5018393,Europe,2012,2023
Norway,NOR,2013,8.762845,103150.65,5080085,Europe,2013,2023
Norway,NOR,2014,8.751203,105662.38,5137351,Europe,2014,2023
Norway,NOR,2015,8.766163,106003.85,5189728,Europe,2015,2023
Norway,NOR,2016,8.532959,106657.97,5235933,Europe,2016,2023
Norway,NOR,2017,8.36972,106317.94,5276759,Europe,2017,2023
Norway,NOR,2018,8.359842,104010.87,5311703,Europe,2018,2023
Norway,NOR,2019,8.002147,96623.47,5347690,Europe,2019,2023
Norway,NOR,2020,7.664853,103599.2,5379229,Europe,2020,2023
Norway,NOR,2021,7.5864964,105215.01,5408030,Europe,2021,2023
Norway,NOR,2022,7.47844,98027.53,5456753,Europe,2022,2023
Norway,NOR,2023,7.0484023,101031.67,5519123,Europe,2023,2023
Oceania,,1985,10.246824,42530.348,24776633,,1985,1985
Oceania,,1986,10.116131,43032.996,25148836,,1986,1986
Oceania,,1987,10.434426,43432.492,25543579,,1987,1987
Oceania,,1988,10.559014,44708.64,25955438,,1988,1988
Oceania,,1989,11.01025,45992.184,26375975,,1989,1989
Oceania,,1990,11.631706,46272.234,26838377,,1990,1990
Oceania,,1991,11.507798,45348.184,27314307,,1991,1991
Oceania,,1992,11.58501,45261.805,27745610,,1992,1992
Oceania,,1993,11.569911,45675.688,28153373,,1993,1993
Oceania,,1994,11.581662,46834.508,28572046,,1994,1994
Oceania,,1995,11.800739,47368.34,29024263,,1995,1995
Oceania,,1996,11.903192,47861.44,29497676,,1996,1996
Oceania,,1997,12.071907,48089.383,29963633,,1997,1997
Oceania,,1998,12.333715,48329.215,30419040,,1998,1998
Oceania,,1999,12.503264,49336.777,30879103,,1999,1999
Oceania,,2000,12.556926,49156.395,31351933,,2000,2000
Oceania,,2001,12.68638,48647.99,31846184,,2001,2001
Oceania,,2002,12.655709,48930.207,32364960,,2002,2002
Oceania,,2003,12.749523,48506.902,32893504,,2003,2003
Oceania,,2004,12.965428,49254.324,33417998,,2004,2004
Oceania,,2005,12.906138,48475.18,33955117,,2005,2005
Oceania,,2006,12.866108,49456.574,34539330,,2006,2006
Oceania,,2007,12.85313,49526.83,35188982,,2007,2007
Oceania,,2008,12.740586,49288.832,35889285,,2008,2008
Oceania,,2009,12.473567,47712.87,36592503,,2009,2009
Oceania,,2010,12.215641,47003.305,37253044,,2010,2010
Oceania,,2011,11.974747,47566.316,37889028,,2011,2011
Oceania,,2012,11.84812,46216.43,38549466,,2012,2012
Oceania,,2013,11.4542465,45961.492,39232903,,2013,2013
Oceania,,2014,11.170633,45737.855,39917738,,2014,2014
Oceania,,2015,11.205856,45873.684,40613970,,2015,2015
Oceania,,2016,11.213178,45307.344,41346227,,2016,2016
Oceania,,2017,11.126252,44514.93,42092960,,2017,2017
Oceania,,2018,11.013477,44274.938,42814493,,2018,2018
Oceania,,2019,10.8704,44907.51,43503484,,2019,2019
Oceania,,2020,10.26244,41525.777,44078254,,2020,2020
Oceania,,2021,9.925658,41010.11,44557503,,2021,2021
Oceania,,2022,9.668652,42035.414,45048642,,2022,2022
Oceania,,2023,9.498823,41942.836,45562108,,2023,2023
Oman,OMN,1985,6.5024233,24303.521,1325436,Asia,1985,2023
Oman,OMN,1986,6.951351,24565.83,1413377,Asia,1986,2023
Oman,OMN,1987,6.2638636,24103.342,1500958,Asia,1987,2023
Oman,OMN,1988,6.6203446,23387.94,1588524,Asia,1988,2023
Oman,OMN,1989,5.95736,23185.213,1676195,Asia,1989,2023
Oman,OMN,1990,6.3622236,25811.695,1763918,Asia,1990,2023
Oman,OMN,1991,6.262636,32077.758,1851429,Asia,1991,2023
Oman,OMN,1992,6.135977,30367.953,1938185,Asia,1992,2023
Oman,OMN,1993,6.5416293,28068.113,2021630,Asia,1993,2023
Oman,OMN,1994,8.3506775,25534.031,2081794,Asia,1994,2023
Oman,OMN,1995,8.835112,29375.076,2120489,Asia,1995,2023
Oman,OMN,1996,8.395545,29626.945,2156879,Asia,1996,2023
Oman,OMN,1997,8.24106,30043.963,2190677,Asia,1997,2023
Oman,OMN,1998,8.299535,30345.678,2222453,Asia,1998,2023
Oman,OMN,1999,9.758805,33996.68,2252862,Asia,1999,2023
Oman,OMN,2000,10.468582,47317.117,2282090,Asia,2000,2023
Oman,OMN,2001,9.69817,51864.105,2310176,Asia,2001,2023
Oman,OMN,2002,11.485221,54547.508,2337092,Asia,2002,2023
Oman,OMN,2003,14.534664,55961.42,2363747,Asia,2003,2023
Oman,OMN,2004,12.06946,57277.863,2404771,Asia,2004,2023
Oman,OMN,2005,12.847043,62042.586,2459758,Asia,2005,2023
Oman,OMN,2006,15.972586,66562.56,2514741,Asia,2006,2023
Oman,OMN,2007,17.536497,65965.83,2570131,Asia,2007,2023
Oman,OMN,2008,17.966936,75738.22,2626489,Asia,2008,2023
Oman,OMN,2009,16.493073,73844.14,2684617,Asia,2009,2023
Oman,OMN,2010,18.560102,82213.055,2757400,Asia,2010,2023
Oman,OMN,2011,18.529867,80976.87,3076708,Asia,2011,2023
Oman,OMN,2012,17.684446,80129,3547053,Asia,2012,2023
Oman,OMN,2013,17.025074,83183.34,3833871,Asia,2013,2023
Oman,OMN,2014,16.46802,78766.81,4002390,Asia,2014,2023
Oman,OMN,2015,16.151176,80454.766,4184853,Asia,2015,2023
Oman,OMN,2016,15.014238,76962.32,4390837,Asia,2016,2023
Oman,OMN,2017,14.599301,77804.74,4537351,Asia,2017,2023
Oman,OMN,2018,15.306236,81662.58,4597832,Asia,2018,2023
Oman,OMN,2019,15.622156,81070.86,4591205,Asia,2019,2023
Oman,OMN,2020,15.174401,79343.8,4522447,Asia,2020,2023
Oman,OMN,2021,16.691107,87023.78,4500378,Asia,2021,2023
Oman,OMN,2022,16.195124,91100.97,4730179,Asia,2022,2023
Oman,OMN,2023,15.5492115,92605.32,5049214,Asia,2023,2023
Pakistan,PAK,1985,0.47657442,2246.2964,98229244,Asia,1985,2023
Pakistan,PAK,1986,0.48282847,2298.183,101606724,Asia,1986,2023
Pakistan,PAK,1987,0.5040252,2488.094,105130661,Asia,1987,2023
Pakistan,PAK,1988,0.5298464,2552.25,108724679,Asia,1988,2023
Pakistan,PAK,1989,0.53692764,2617.0308,112336581,Asia,1989,2023
Pakistan,PAK,1990,0.58393574,2646.973,116155530,Asia,1990,2023
Pakistan,PAK,1991,0.5620265,2715.528,120060354,Asia,1991,2023
Pakistan,PAK,1992,0.5828958,2778.5747,123546809,Asia,1992,2023
Pakistan,PAK,1993,0.6075868,2997.4011,127020068,Asia,1993,2023
Pakistan,PAK,1994,0.6425971,3012.7393,130748025,Asia,1994,2023
Pakistan,PAK,1995,0.6212884,3085.091,134582195,Asia,1995,2023
Pakistan,PAK,1996,0.67509353,3187.431,138557040,Asia,1996,2023
Pakistan,PAK,1997,0.6580159,2992.1724,142531747,Asia,1997,2023
Pakistan,PAK,1998,0.6602458,3119.7483,146522306,Asia,1998,2023
Pakistan,PAK,1999,0.6601077,3164.593,150565328,Asia,1999,2023
Pakistan,PAK,2000,0.6711011,3133.7341,154879070,Asia,2000,2023
Pakistan,PAK,2001,0.66177,3109.8933,159270863,Asia,2001,2023
Pakistan,PAK,2002,0.69169515,3148.9678,163222500,Asia,2002,2023
Pakistan,PAK,2003,0.7028995,3355.3328,167110208,Asia,2003,2023
Pakistan,PAK,2004,0.7577723,3651.1392,171285944,Asia,2004,2023
Pakistan,PAK,2005,0.76171106,3707.498,175453160,Asia,2005,2023
Pakistan,PAK,2006,0.8017062,3826.2024,179682648,Asia,2006,2023
Pakistan,PAK,2007,0.8546526,3981.9287,184493178,Asia,2007,2023
Pakistan,PAK,2008,0.81873286,3915.402,189499072,Asia,2008,2023
Pakistan,PAK,2009,0.80010426,3879.6223,194376491,Asia,2009,2023
Pakistan,PAK,2010,0.7739538,3809.427,199238997,Asia,2010,2023
Pakistan,PAK,2011,0.759775,3727.3542,203746014,Asia,2011,2023
Pakistan,PAK,2012,0.74527144,3401.6619,207667068,Asia,2012,2023
Pakistan,PAK,2013,0.7194037,3661.008,211073920,Asia,2013,2023
Pakistan,PAK,2014,0.73136306,3725.951,214264607,Asia,2014,2023
Pakistan,PAK,2015,0.6930332,3867.1929,217290832,Asia,2015,2023
Pakistan,PAK,2016,0.80872667,2539.2864,220138810,Asia,2016,2023
Pakistan,PAK,2017,0.97799486,4348.8296,223273927,Asia,2017,2023
Pakistan,PAK,2018,0.9269328,4419.1685,226928843,Asia,2018,2023
Pakistan,PAK,2019,0.8995737,4400.1157,230800861,Asia,2019,2023
Pakistan,PAK,2020,0.98192537,4301.192,235001693,Asia,2020,2023
Pakistan,PAK,2021,1.0351748,4683.584,239477758,Asia,2021,2023
Pakistan,PAK,2022,0.9184809,4234.9453,243700616,Asia,2022,2023
Pakistan,PAK,2023,0.8107599,3895.0408,247504458,Asia,2023,2023
Palestine,PSE,1997,0.30239353,955.9358,2859532,Asia,1997,2023
Palestine,PSE,1998,0.49342272,1461.7466,2962847,Asia,1998,2023
Palestine,PSE,1999,0.44718015,1442.2386,3056200,Asia,1999,2023
Palestine,PSE,2000,0.5266252,1835.8002,3151752,Asia,2000,2023
Palestine,PSE,2001,0.41587076,2421.3308,3242238,Asia,2001,2023
Palestine,PSE,2002,0.34739506,2188.22,3322327,Asia,2002,2023
Palestine,PSE,2003,0.37631798,2295.4783,3398020,Asia,2003,2023
Palestine,PSE,2004,0.631554,3414.6423,3475136,Asia,2004,2023
Palestine,PSE,2005,0.77042216,4088.9658,3557364,Asia,2005,2023
Palestine,PSE,2006,0.6212117,3524.3474,3645057,Asia,2006,2023
Palestine,PSE,2007,0.6216751,3541.6948,3736640,Asia,2007,2023
Palestine,PSE,2008,0.53586996,3315.8662,3828989,Asia,2008,2023
Palestine,PSE,2009,0.532613,3321.9868,3921196,Asia,2009,2023
Palestine,PSE,2010,0.50624627,3243.1157,4016859,Asia,2010,2023
Palestine,PSE,2011,0.54570204,3521.862,4115858,Asia,2011,2023
Palestine,PSE,2012,0.5215309,3442.5854,4215282,Asia,2012,2023
Palestine,PSE,2013,0.5646441,3573.0913,4315214,Asia,2013,2023
Palestine,PSE,2014,0.64221907,3767.683,4415839,Asia,2014,2023
Palestine,PSE,2015,0.6644852,4085.6477,4521515,Asia,2015,2023
Palestine,PSE,2016,0.69757545,4188.031,4632686,Asia,2016,2023
Palestine,PSE,2017,0.6891198,4108.217,4742699,Asia,2017,2023
Palestine,PSE,2018,0.6095915,4097.1685,4850540,Asia,2018,2023
Palestine,PSE,2019,0.65849155,4185.992,4957731,Asia,2019,2023
Palestine,PSE,2020,0.656242,3990.1785,5069642,Asia,2020,2023
Palestine,PSE,2021,0.70096153,3999.1953,5185289,Asia,2021,2023
Panama,PAN,1985,1.2389873,22039.932,2200878,North America,1985,2023
Panama,PAN,1986,1.21476,22220.428,2251272,North America,1986,2023
Panama,PAN,1987,1.3812577,22548.799,2301926,North America,1987,2023
Panama,PAN,1988,1.2388037,21836.002,2352806,North America,1988,2023
Panama,PAN,1989,1.044311,20816.727,2403760,North America,1989,2023
Panama,PAN,1990,1.0718638,21539.416,2455535,North America,1990,2023
Panama,PAN,1991,1.2377268,20851.395,2508220,North America,1991,2023
Panama,PAN,1992,1.6055505,20784.041,2561294,North America,1992,2023
Panama,PAN,1993,1.4473743,20443.451,2615043,North America,1993,2023
Panama,PAN,1994,1.5648091,22311.537,2669500,North America,1994,2023
Panama,PAN,1995,1.340789,23018.55,2724493,North America,1995,2023
Panama,PAN,1996,1.5994608,20299.03,2780170,North America,1996,2023
Panama,PAN,1997,1.6322347,20451.44,2836646,North America,1997,2023
Panama,PAN,1998,2.0390413,21117.146,2893867,North America,1998,2023
Panama,PAN,1999,1.9047031,14425.172,2951764,North America,1999,2023
Panama,PAN,2000,1.9029113,22342.99,3010330,North America,2000,2023
Panama,PAN,2001,2.2652338,22268.62,3069480,North America,2001,2023
Panama,PAN,2002,1.8601933,21577.676,3129297,North America,2002,2023
Panama,PAN,2003,1.9092329,21345.66,3189765,North America,2003,2023
Panama,PAN,2004,1.7566199,21352.857,3251113,North America,2004,2023
Panama,PAN,2005,2.1042488,20928.799,3312982,North America,2005,2023
Panama,PAN,2006,2.2293644,22302.521,3374971,North America,2006,2023
Panama,PAN,2007,2.1381083,20661.121,3437444,North America,2007,2023
Panama,PAN,2008,2.0952418,23762.428,3500596,North America,2008,2023
Panama,PAN,2009,2.373714,22608.205,3564327,North America,2009,2023
Panama,PAN,2010,2.5002396,25191.672,3628492,North America,2010,2023
Panama,PAN,2011,2.6947384,24962.39,3693468,North America,2011,2023
Panama,PAN,2012,2.5984511,27223.264,3759201,North America,2012,2023
Panama,PAN,2013,2.7483644,26325.066,3825287,North America,2013,2023
Panama,PAN,2014,2.789122,26454.377,3892053,North America,2014,2023
Panama,PAN,2015,2.7243638,28399.344,3959985,North America,2015,2023
Panama,PAN,2016,2.5909126,29494.584,4029032,North America,2016,2023
Panama,PAN,2017,2.394967,31180.088,4098656,North America,2017,2023
Panama,PAN,2018,2.2800763,31255.303,4167807,North America,2018,2023
Panama,PAN,2019,3.1001267,27875.5,4234652,North America,2019,2023
Panama,PAN,2020,1.6887718,27640.848,4293208,North America,2020,2023
Panama,PAN,2021,2.425771,27067.068,4345360,North America,2021,2023
Papua New Guinea,PNG,1985,0.61085975,2919.5347,3478900,Oceania,1985,2023
Papua New Guinea,PNG,1986,0.58030283,2959.6504,3554751,Oceania,1986,2023
Papua New Guinea,PNG,1987,0.6425246,3175.4744,3632496,Oceania,1987,2023
Papua New Guinea,PNG,1988,0.5922671,2926.323,3711839,Oceania,1988,2023
Papua New Guinea,PNG,1989,0.5356966,2933.6223,3796029,Oceania,1989,2023
Papua New Guinea,PNG,1990,0.5529239,2893.5044,3896435,Oceania,1990,2023
Papua New Guinea,PNG,1991,0.5393338,2772.0474,4021791,Oceania,1991,2023
Papua New Guinea,PNG,1992,0.5258598,2818.7488,4166647,Oceania,1992,2023
Papua New Guinea,PNG,1993,0.50709563,2760.274,4320826,Oceania,1993,2023
Papua New Guinea,PNG,1994,0.48791394,2549.1458,4480157,Oceania,1994,2023
Papua New Guinea,PNG,1995,0.44338232,2852.4536,4644227,Oceania,1995,2023
Papua New Guinea,PNG,1996,0.455,2871.9429,4813314,Oceania,1996,2023
Papua New Guinea,PNG,1997,0.52423495,2626.174,4987836,Oceania,1997,2023
Papua New Guinea,PNG,1998,0.68376017,2553.1975,5166345,Oceania,1998,2023
Papua New Guinea,PNG,1999,0.47710252,2495.703,5349280,Oceania,1999,2023
Papua New Guinea,PNG,2000,0.5305916,2747.3433,5537021,Oceania,2000,2023
Papua New Guinea,PNG,2001,0.5823571,3037.2134,5728394,Oceania,2001,2023
Papua New Guinea,PNG,2002,0.61824167,3073.6719,5923965,Oceania,2002,2023
Papua New Guinea,PNG,2003,0.6624985,3376.0618,6123949,Oceania,2003,2023
Papua New Guinea,PNG,2004,0.7418497,3651.7664,6327993,Oceania,2004,2023
Papua New Guinea,PNG,2005,0.76197547,3417.0745,6535860,Oceania,2005,2023
Papua New Guinea,PNG,2006,0.74854517,3393.2031,6747681,Oceania,2006,2023
Papua New Guinea,PNG,2007,0.9451109,3544.4324,6963300,Oceania,2007,2023
Papua New Guinea,PNG,2008,0.7719096,3056.953,7182942,Oceania,2008,2023
Papua New Guinea,PNG,2009,0.71082157,3259.054,7406393,Oceania,2009,2023
Papua New Guinea,PNG,2010,0.6176374,2867.5837,7633471,Oceania,2010,2023
Papua New Guinea,PNG,2011,0.67416006,2917.4312,7859292,Oceania,2011,2023
Papua New Guinea,PNG,2012,0.5415071,2741.8088,8081351,Oceania,2012,2023
Papua New Guinea,PNG,2013,0.5458278,2730.9343,8302648,Oceania,2013,2023
Papua New Guinea,PNG,2014,0.7181674,2816.4016,8523397,Oceania,2014,2023
Papua New Guinea,PNG,2015,0.7232427,3170.5203,8743205,Oceania,2015,2023
Papua New Guinea,PNG,2016,0.78419894,3283.4167,8961675,Oceania,2016,2023
Papua New Guinea,PNG,2017,0.7132269,3098.1384,9178669,Oceania,2017,2023
Papua New Guinea,PNG,2018,0.80816054,3150.1516,9394475,Oceania,2018,2023
Papua New Guinea,PNG,2019,0.83106965,3159.5166,9608959,Oceania,2019,2023
Papua New Guinea,PNG,2020,0.8014462,2163.8704,9815691,Oceania,2020,2023
Papua New Guinea,PNG,2021,0.81192154,2123.4978,10012849,Oceania,2021,2023
Paraguay,PRY,1985,0.44088745,4656.9277,3510633,South America,1985,2023
Paraguay,PRY,1986,0.4581674,9079.885,3611429,South America,1986,2023
Paraguay,PRY,1987,0.5051722,13128.717,3714850,South America,1987,2023
Paraguay,PRY,1988,0.56111306,13286.492,3820510,South America,1988,2023
Paraguay,PRY,1989,0.56608015,16077.275,3927744,South America,1989,2023
Paraguay,PRY,1990,0.5291874,16671.078,4035697,South America,1990,2023
Paraguay,PRY,1991,0.5075479,17210.79,4144328,South America,1991,2023
Paraguay,PRY,1992,0.6065367,15817.484,4253558,South America,1992,2023
Paraguay,PRY,1993,0.66796505,17417.297,4362655,South America,1993,2023
Paraguay,PRY,1994,0.76135033,19630.53,4471379,South America,1994,2023
Paraguay,PRY,1995,0.85968494,22103.842,4579758,South America,1995,2023
Paraguay,PRY,1996,0.7933459,22602.16,4687490,South America,1996,2023
Paraguay,PRY,1997,0.8610053,24336.727,4794362,South America,1997,2023
Paraguay,PRY,1998,0.8946799,24258.488,4899977,South America,1998,2023
Paraguay,PRY,1999,0.87464637,24865.104,5003077,South America,1999,2023
Paraguay,PRY,2000,0.70697063,24335.996,5100823,South America,2000,2023
Paraguay,PRY,2001,0.71236783,21277.064,5187639,South America,2001,2023
Paraguay,PRY,2002,0.7331409,21856.117,5261286,South America,2002,2023
Paraguay,PRY,2003,0.7568888,22881.867,5326394,South America,2003,2023
Paraguay,PRY,2004,0.7537503,22449.5,5388133,South America,2004,2023
Paraguay,PRY,2005,0.6938069,21752.111,5448045,South America,2005,2023
Paraguay,PRY,2006,0.7100126,22537.387,5505102,South America,2006,2023
Paraguay,PRY,2007,0.7269866,22409.062,5559335,South America,2007,2023
Paraguay,PRY,2008,0.76207966,22887.295,5613526,South America,2008,2023
Paraguay,PRY,2009,0.79903835,22453.984,5671192,South America,2009,2023
Paraguay,PRY,2010,0.87519336,22447.14,5737924,South America,2010,2023
Paraguay,PRY,2011,0.8940832,23345.691,5814583,South America,2011,2023
Paraguay,PRY,2012,0.8772793,23638.725,5896966,South America,2012,2023
Paraguay,PRY,2013,0.86456096,23514.254,5982397,South America,2013,2023
Paraguay,PRY,2014,0.89924765,21944.45,6069774,South America,2014,2023
Paraguay,PRY,2015,0.98245853,22191.486,6159053,South America,2015,2023
Paraguay,PRY,2016,1.1511079,24718.906,6249070,South America,2016,2023
Paraguay,PRY,2017,1.2514546,23435.645,6338607,South America,2017,2023
Paraguay,PRY,2018,1.3070389,23139.457,6427336,South America,2018,2023
Paraguay,PRY,2019,1.2483938,19903.92,6515016,South America,2019,2023
Paraguay,PRY,2020,1.1171713,18493.115,6603683,South America,2020,2023
Paraguay,PRY,2021,1.2168084,15782.273,6684130,South America,2021,2023
Peru,PER,1985,0.99014986,5194.652,19648163,South America,1985,2023
Peru,PER,1986,1.082418,5467.234,20117096,South America,1986,2023
Peru,PER,1987,1.24834,5835.849,20582272,South America,1987,2023
Peru,PER,1988,1.1882474,5542.617,21054658,South America,1988,2023
Peru,PER,1989,1.0106617,4992.2896,21532534,South America,1989,2023
Peru,PER,1990,0.9721128,4840.4033,22014724,South America,1990,2023
Peru,PER,1991,0.9232403,4700.4067,22483739,South America,1991,2023
Peru,PER,1992,0.9145607,4484.4756,22946300,South America,1992,2023
Peru,PER,1993,1.0201173,4803.711,23413735,South America,1993,2023
Peru,PER,1994,1.0123574,5120.7056,23881446,South America,1994,2023
Peru,PER,1995,1.0326171,5453.049,24348871,South America,1995,2023
Peru,PER,1996,0.99621,5517.9634,24811120,South America,1996,2023
Peru,PER,1997,1.0978501,5313.081,25274095,South America,1997,2023
Peru,PER,1998,1.0902984,5385.502,25738055,South America,1998,2023
Peru,PER,1999,1.12892,5433.1816,26186452,South America,1999,2023
Peru,PER,2000,1.0781721,5528.503,26598284,South America,2000,2023
Peru,PER,2001,0.9425646,5407.2314,26964552,South America,2001,2023
Peru,PER,2002,0.9322508,5472.09,27288162,South America,2002,2023
Peru,PER,2003,0.89467776,5345.9004,27580445,South America,2003,2023
Peru,PER,2004,1.0173057,5642.6665,27852131,South America,2004,2023
Peru,PER,2005,1.079,5816.902,28101118,South America,2005,2023
Peru,PER,2006,0.9955102,5834.625,28324448,South America,2006,2023
Peru,PER,2007,1.2024245,6303.5713,28530662,South America,2007,2023
Peru,PER,2008,1.2291042,6757.0254,28718988,South America,2008,2023
Peru,PER,2009,1.367324,6840.561,28896766,South America,2009,2023
Peru,PER,2010,1.461361,7707.48,29085967,South America,2010,2023
Peru,PER,2011,1.4391557,8431.997,29304035,South America,2011,2023
Peru,PER,2012,1.5400403,8629.544,29550318,South America,2012,2023
Peru,PER,2013,1.4428895,8741.407,29817865,South America,2013,2023
Peru,PER,2014,1.6399497,8856.475,30115771,South America,2014,2023
Peru,PER,2015,1.6162785,9171.356,30457550,South America,2015,2023
Peru,PER,2016,1.7084166,9602.029,30866446,South America,2016,2023
Peru,PER,2017,1.7513058,9605.62,31324599,South America,2017,2023
Peru,PER,2018,1.7508639,9887.749,31897541,South America,2018,2023
Peru,PER,2019,1.7986559,9949.322,32449256,South America,2019,2023
Peru,PER,2020,1.4289497,8643.31,32838533,South America,2020,2023
Peru,PER,2021,1.568856,9710.914,33155845,South America,2021,2023
Peru,PER,2022,1.6368144,9925.625,33475381,South America,2022,2023
Peru,PER,2023,1.6505452,10008.626,33845565,South America,2023,2023
Philippines,PHL,1985,0.50530046,2471.5088,55212957,Asia,1985,2023
Philippines,PHL,1986,0.51239693,2447.699,56645026,Asia,1986,2023
Philippines,PHL,1987,0.5587551,2594.705,58157444,Asia,1987,2023
Philippines,PHL,1988,0.6274745,2796.1497,59739014,Asia,1988,2023
Philippines,PHL,1989,0.63505113,3016.635,61265204,Asia,1989,2023
Philippines,PHL,1990,0.6508599,3045.6814,62854613,Asia,1990,2023
Philippines,PHL,1991,0.66838676,2924.1733,64382194,Asia,1991,2023
Philippines,PHL,1992,0.7270865,3069.2952,65926081,Asia,1992,2023
Philippines,PHL,1993,0.7189008,3287.039,67530570,Asia,1993,2023
Philippines,PHL,1994,0.7786311,3345.0596,69019243,Asia,1994,2023
Philippines,PHL,1995,0.84376806,3732.2646,70546206,Asia,1995,2023
Philippines,PHL,1996,0.8424188,3905.0027,72190194,Asia,1996,2023
Philippines,PHL,1997,0.9419096,4156.301,73908766,Asia,1997,2023
Philippines,PHL,1998,0.89468807,4028.184,75790983,Asia,1998,2023
Philippines,PHL,1999,0.87113464,4002.628,77753214,Asia,1999,2023
Philippines,PHL,2000,0.9030095,3947.159,79625353,Asia,2000,2023
Philippines,PHL,2001,0.86169255,3778.3105,81401443,Asia,2001,2023
Philippines,PHL,2002,0.8435083,3718.8088,83068839,Asia,2002,2023
Philippines,PHL,2003,0.82740444,3760.2236,84731786,Asia,2003,2023
Philippines,PHL,2004,0.84105927,3773.4417,86394464,Asia,2004,2023
Philippines,PHL,2005,0.8312165,3702.0251,88015905,Asia,2005,2023
Philippines,PHL,2006,0.74047565,3473.304,89508940,Asia,2006,2023
Philippines,PHL,2007,0.77347296,3537.2297,91075139,Asia,2007,2023
Philippines,PHL,2008,0.83042014,3589.4807,92699045,Asia,2008,2023
Philippines,PHL,2009,0.80426943,3565.4983,94384204,Asia,2009,2023
Philippines,PHL,2010,0.85738873,3603.5803,96337064,Asia,2010,2023
Philippines,PHL,2011,0.8489691,3610.5925,98248571,Asia,2011,2023
Philippines,PHL,2012,0.8796461,3671.1003,100175459,Asia,2012,2023
Philippines,PHL,2013,0.935763,3860.979,102076299,Asia,2013,2023
Philippines,PHL,2014,0.97125316,3993.6548,103767082,Asia,2014,2023
Philippines,PHL,2015,1.0620909,4307.6396,105312935,Asia,2015,2023
Philippines,PHL,2016,1.1335168,4620.867,106735664,Asia,2016,2023
Philippines,PHL,2017,1.2434982,4982.866,108119646,Asia,2017,2023
Philippines,PHL,2018,1.2861164,5063.134,109465234,Asia,2018,2023
Philippines,PHL,2019,1.2953051,5128.8037,110804629,Asia,2019,2023
Philippines,PHL,2020,1.1797879,4579.271,112081229,Asia,2020,2023
Philippines,PHL,2021,1.248213,4790.206,113100906,Asia,2021,2023
Philippines,PHL,2022,1.2714316,4941.1504,113964291,Asia,2022,2023
Philippines,PHL,2023,1.3454357,5191.9824,114891152,Asia,2023,2023
Poland,POL,1985,11.94888,39442.582,37200797,Europe,1985,2023
Poland,POL,1986,12.064559,40274.805,37452565,Europe,1986,2023
Poland,POL,1987,12.311815,41340.035,37665659,Europe,1987,2023
Poland,POL,1988,11.746579,40381.41,37817816,Europe,1988,2023
Poland,POL,1989,11.128015,38733.824,37938044,Europe,1989,2023
Poland,POL,1990,9.897181,31797.016,38055404,Europe,1990,2023
Poland,POL,1991,9.792775,31025.543,38152898,Europe,1991,2023
Poland,POL,1992,9.53378,29603.373,38233580,Europe,1992,2023
Poland,POL,1993,9.535878,29537.271,38294834,Europe,1993,2023
Poland,POL,1994,9.394324,28225.85,38344258,Europe,1994,2023
Poland,POL,1995,9.451792,28871.494,38364630,Europe,1995,2023
Poland,POL,1996,9.835612,30310.082,38359111,Europe,1996,2023
Poland,POL,1997,9.576329,30017.113,38348255,Europe,1997,2023
Poland,POL,1998,8.847068,28770.186,38326383,Europe,1998,2023
Poland,POL,1999,8.599789,28228.996,38287663,Europe,1999,2023
Poland,POL,2000,8.297664,26426.166,38258025,Europe,2000,2023
Poland,POL,2001,8.196672,26135.066,38247309,Europe,2001,2023
Poland,POL,2002,8.007536,25864.023,38229357,Europe,2002,2023
Poland,POL,2003,8.348745,26777.979,38203476,Europe,2003,2023
Poland,POL,2004,8.483558,26977.344,38167521,Europe,2004,2023
Poland,POL,2005,8.466207,27528.49,38124333,Europe,2005,2023
Poland,POL,2006,8.84075,28805.191,38071124,Europe,2006,2023
Poland,POL,2007,8.835377,28675.766,38020368,Europe,2007,2023
Poland,POL,2008,8.673726,29188.568,37995854,Europe,2008,2023
Poland,POL,2009,8.316455,28146.361,38002108,Europe,2009,2023
Poland,POL,2010,8.773324,29982.633,38095304,Europe,2010,2023
Poland,POL,2011,8.731056,30104.61,38208597,Europe,2011,2023
Poland,POL,2012,8.522221,29201.332,38247820,Europe,2012,2023
Poland,POL,2013,8.4143715,29303.178,38259214,Europe,2013,2023
Poland,POL,2014,8.090834,28234.873,38265064,Europe,2014,2023
Poland,POL,2015,8.173159,28610.195,38266267,Europe,2015,2023
Poland,POL,2016,8.456034,29851.602,38263203,Europe,2016,2023
Poland,POL,2017,8.803233,31357.4,38254908,Europe,2017,2023
Poland,POL,2018,8.788192,31724.717,38241017,Europe,2018,2023
Poland,POL,2019,8.311783,30843.25,38225836,Europe,2019,2023
Poland,POL,2020,7.92311,29645.658,38170958,Europe,2020,2023
Poland,POL,2021,8.700768,31971.576,38040252,Europe,2021,2023
Poland,POL,2022,8.207285,29778.053,38385689,Europe,2022,2023
Poland,POL,2023,7.4628654,27871.273,38762796,Europe,2023,2023
Portugal,PRT,1985,2.7185588,15068.077,9979431,Europe,1985,2023
Portugal,PRT,1986,3.0242167,15925.963,9993048,Europe,1986,2023
Portugal,PRT,1987,3.1192303,16283.311,10001937,Europe,1987,2023
Portugal,PRT,1988,3.255278,18061.99,10004538,Europe,1988,2023
Portugal,PRT,1989,4.081676,19507.555,10001339,Europe,1989,2023
Portugal,PRT,1990,4.5358334,20250.371,9989475,Europe,1990,2023
Portugal,PRT,1991,4.7276773,21077.373,9969142,Europe,1991,2023
Portugal,PRT,1992,5.1159673,21510.703,9960299,Europe,1992,2023
Portugal,PRT,1993,4.9606266,22029.094,9972293,Europe,1993,2023
Portugal,PRT,1994,5.0250382,22950.883,9998435,Europe,1994,2023
Portugal,PRT,1995,5.433039,24356.318,10031702,Europe,1995,2023
Portugal,PRT,1996,5.1451435,25016.799,10067607,Europe,1996,2023
Portugal,PRT,1997,5.407169,25307.156,10110494,Europe,1997,2023
Portugal,PRT,1998,5.8281217,27456.617,10159472,Europe,1998,2023
Portugal,PRT,1999,6.547143,27857.447,10214832,Europe,1999,2023
Portugal,PRT,2000,6.3848715,28544.705,10283150,Europe,2000,2023
Portugal,PRT,2001,6.2956705,28806.668,10354271,Europe,2001,2023
Portugal,PRT,2002,6.68226,28462.652,10412991,Europe,2002,2023
Portugal,PRT,2003,6.168032,29138.42,10454189,Europe,2003,2023
Portugal,PRT,2004,6.421135,28448.39,10481336,Europe,2004,2023
Portugal,PRT,2005,6.6304755,28343.08,10502943,Europe,2005,2023
Portugal,PRT,2006,6.1626186,28061.066,10524070,Europe,2006,2023
Portugal,PRT,2007,5.914588,28156.71,10546768,Europe,2007,2023
Portugal,PRT,2008,5.680537,26982.877,10564037,Europe,2008,2023
Portugal,PRT,2009,5.4033346,27214.096,10576213,Europe,2009,2023
Portugal,PRT,2010,4.99969,28720.541,10578605,Europe,2010,2023
Portugal,PRT,2011,4.9051404,27433.566,10556994,Europe,2011,2023
Portugal,PRT,2012,4.749493,25134.441,10513092,Europe,2012,2023
Portugal,PRT,2013,4.603662,27680.29,10458238,Europe,2013,2023
Portugal,PRT,2014,4.607115,28032.568,10406148,Europe,2014,2023
Portugal,PRT,2015,5.03683,27931.508,10370222,Europe,2015,2023
Portugal,PRT,2016,4.8626833,29988.79,10346328,Europe,2016,2023
Portugal,PRT,2017,5.339881,29287.125,10330784,Europe,2017,2023
Portugal,PRT,2018,4.97228,29903.955,10325307,Europe,2018,2023
Portugal,PRT,2019,4.600439,28479.97,10343168,Europe,2019,2023
Portugal,PRT,2020,4.024724,25756.738,10370463,Europe,2020,2023
Portugal,PRT,2021,3.8768623,25897.682,10390906,Europe,2021,2023
Portugal,PRT,2022,3.9058208,25574.793,10417030,Europe,2022,2023
Portugal,PRT,2023,3.5690997,25709.23,10430680,Europe,2023,2023
Qatar,QAT,1985,33.828297,180687.19,365901,Asia,1985,2023
Qatar,QAT,1986,34.695988,188500.67,382378,Asia,1986,2023
Qatar,QAT,1987,28.895706,175773.95,396963,Asia,1987,2023
Qatar,QAT,1988,28.9321,178426.89,411227,Asia,1988,2023
Qatar,QAT,1989,33.580986,182110.92,425609,Asia,1989,2023
Qatar,QAT,1990,25.926699,178492.95,440133,Asia,1990,2023
Qatar,QAT,1991,38.215057,198934.95,454807,Asia,1991,2023
Qatar,QAT,1992,57.027252,306159.3,469606,Asia,1992,2023
Qatar,QAT,1993,63.33085,317576.6,484511,Asia,1993,2023
Qatar,QAT,1994,64.761955,312906.6,499420,Asia,1994,2023
Qatar,QAT,1995,64.43419,303117.56,514279,Asia,1995,2023
Qatar,QAT,1996,65.07514,217578.19,528984,Asia,1996,2023
Qatar,QAT,1997,76.63038,228644.25,550466,Asia,1997,2023
Qatar,QAT,1998,63.545456,233313.03,580493,Asia,1998,2023
Qatar,QAT,1999,59.183323,246037.75,612471,Asia,1999,2023
Qatar,QAT,2000,62.50843,208754.72,644945,Asia,2000,2023
Qatar,QAT,2001,67.58862,190955.66,677885,Asia,2001,2023
Qatar,QAT,2002,63.369778,200083.58,711170,Asia,2002,2023
Qatar,QAT,2003,62.465782,218586.75,744647,Asia,2003,2023
Qatar,QAT,2004,61.193222,253961.97,773295,Asia,2004,2023
Qatar,QAT,2005,57.610874,263541.62,825378,Asia,2005,2023
Qatar,QAT,2006,61.29773,231664.8,972793,Asia,2006,2023
Qatar,QAT,2007,49.13586,208034.06,1208548,Asia,2007,2023
Qatar,QAT,2008,43.19698,196733.38,1426881,Asia,2008,2023
Qatar,QAT,2009,41.030083,178965.62,1585999,Asia,2009,2023
Qatar,QAT,2010,42.956566,195586.94,1709205,Asia,2010,2023
Qatar,QAT,2011,45.001236,217278.83,1810913,Asia,2011,2023
Qatar,QAT,2012,48.9341,233134.45,1907074,Asia,2012,2023
Qatar,QAT,2013,40.739937,236963.81,2032602,Asia,2013,2023
Qatar,QAT,2014,41.10213,235490.58,2218318,Asia,2014,2023
Qatar,QAT,2015,37.570503,245723.77,2427284,Asia,2015,2023
Qatar,QAT,2016,33.61831,224482.28,2599332,Asia,2016,2023
Qatar,QAT,2017,36.98701,208014.69,2706660,Asia,2017,2023
Qatar,QAT,2018,34.575947,201997.98,2761095,Asia,2018,2023
Qatar,QAT,2019,36.105545,207854.45,2797880,Asia,2019,2023
Qatar,QAT,2020,36.56411,185313.19,2803329,Asia,2020,2023
Qatar,QAT,2021,37.032436,201562.77,2814939,Asia,2021,2023
Qatar,QAT,2022,36.70004,210256.28,2892419,Asia,2022,2023
Qatar,QAT,2023,38.842007,226847.66,2979038,Asia,2023,2023
Romania,ROU,1985,8.557355,31737.732,22605759,Europe,1985,2023
Romania,ROU,1986,8.867581,32322.68,22674684,Europe,1986,2023
Romania,ROU,1987,9.277457,33421.176,22745537,Europe,1987,2023
Romania,ROU,1988,9.273031,33942.17,22815389,Europe,1988,2023
Romania,ROU,1989,9.304861,33898.36,22887592,Europe,1989,2023
Romania,ROU,1990,7.69614,32195.12,22939481,Europe,1990,2023
Romania,ROU,1991,6.199681,27336.96,22947368,Europe,1991,2023
Romania,ROU,1992,5.764154,24151.34,22912341,Europe,1992,2023
Romania,ROU,1993,5.3742337,23555.578,22842206,Europe,1993,2023
Romania,ROU,1994,5.3155427,22306.182,22756199,Europe,1994,2023
Romania,ROU,1995,5.550701,24621.63,22657664,Europe,1995,2023
Romania,ROU,1996,5.731064,24596.516,22541865,Europe,1996,2023
Romania,ROU,1997,5.2729044,23478.516,22411465,Europe,1997,2023
Romania,ROU,1998,4.706115,21607.326,22284853,Europe,1998,2023
Romania,ROU,1999,4.016681,19110.252,22166115,Europe,1999,2023
Romania,ROU,2000,4.2339816,19175.828,22046211,Europe,2000,2023
Romania,ROU,2001,4.516057,19502.389,21919873,Europe,2001,2023
Romania,ROU,2002,4.5612593,20380.363,21769976,Europe,2002,2023
Romania,ROU,2003,4.8087034,20540.844,21593390,Europe,2003,2023
Romania,ROU,2004,4.8269043,21495.512,21403163,Europe,2004,2023
Romania,ROU,2005,4.7783093,21830.236,21213352,Europe,2005,2023
Romania,ROU,2006,4.959297,22363.611,21035673,Europe,2006,2023
Romania,ROU,2007,5.1934915,21741.182,20870655,Europe,2007,2023
Romania,ROU,2008,5.1609073,21837.455,20718693,Europe,2008,2023
Romania,ROU,2009,4.2633257,19159.404,20576869,Europe,2009,2023
Romania,ROU,2010,4.125176,19494.453,20432524,Europe,2010,2023
Romania,ROU,2011,4.5479193,20194.62,20281955,Europe,2011,2023
Romania,ROU,2012,4.4468966,19532.703,20158399,Europe,2012,2023
Romania,ROU,2013,3.917578,18417.541,20062861,Europe,2013,2023
Romania,ROU,2014,3.960944,18959.768,19968125,Europe,2014,2023
Romania,ROU,2015,3.9156525,19146.7,19870968,Europe,2015,2023
Romania,ROU,2016,3.8586328,19248.842,19777001,Europe,2016,2023
Romania,ROU,2017,4.0203547,19693.322,19689357,Europe,2017,2023
Romania,ROU,2018,4.0636744,19995.69,19597823,Europe,2018,2023
Romania,ROU,2019,3.9205754,19658.541,19501499,Europe,2019,2023
Romania,ROU,2020,3.8009787,19004.617,19392420,Europe,2020,2023
Romania,ROU,2021,4.0144405,20177.553,19248115,Europe,2021,2023
Romania,ROU,2022,3.8083065,18318.545,19166726,Europe,2022,2023
Romania,ROU,2023,3.569303,17818.607,19118433,Europe,2023,2023
Russia,RUS,1985,16.358198,66867.6,143569334,Europe,1985,2023
Russia,RUS,1986,16.221008,67509.16,144807772,Europe,1986,2023
Russia,RUS,1987,16.13386,69110.766,146147324,Europe,1987,2023
Russia,RUS,1988,16.536795,69764.81,147364443,Europe,1988,2023
Russia,RUS,1989,16.217937,69605.836,148281823,Europe,1989,2023
Russia,RUS,1990,17.024141,68079.16,148979487,Europe,1990,2023
Russia,RUS,1991,16.10426,66946.99,149448388,Europe,1991,2023
Russia,RUS,1992,13.205468,64323.957,148915936,Europe,1992,2023
Russia,RUS,1993,12.601507,59901.234,148135377,Europe,1993,2023
Russia,RUS,1994,11.117793,54683.01,148200678,Europe,1994,2023
Russia,RUS,1995,10.922601,51845.484,148291356,Europe,1995,2023
Russia,RUS,1996,10.715651,50010.332,148084532,Europe,1996,2023
Russia,RUS,1997,10.025074,47390.88,147853713,Europe,1997,2023
Russia,RUS,1998,9.924805,47388.21,147635488,Europe,1998,2023
Russia,RUS,1999,10.147781,48097.676,147241915,Europe,1999,2023
Russia,RUS,2000,10.081552,49127.297,146717736,Europe,2000,2023
Russia,RUS,2001,10.372815,50112.773,146117233,Europe,2001,2023
Russia,RUS,2002,10.324747,50130.184,145939456,Europe,2002,2023
Russia,RUS,2003,10.542385,51387.617,145794184,Europe,2003,2023
Russia,RUS,2004,10.634773,52053.33,145180052,Europe,2004,2023
Russia,RUS,2005,10.806364,52182.89,144597838,Europe,2005,2023
Russia,RUS,2006,11.262799,54674.26,144102900,Europe,2006,2023
Russia,RUS,2007,11.287254,55047.945,143859724,Europe,2007,2023
Russia,RUS,2008,11.487685,55313.555,143811787,Europe,2008,2023
Russia,RUS,2009,10.739168,52542.598,143869089,Europe,2009,2023
Russia,RUS,2010,11.343939,54552.457,143934422,Europe,2010,2023
Russia,RUS,2011,11.704153,56363.645,144043700,Europe,2011,2023
Russia,RUS,2012,11.79054,56592.63,144290965,Europe,2012,2023
Russia,RUS,2013,11.344339,55798.14,144604052,Europe,2013,2023
Russia,RUS,2014,11.31587,55846.12,144925588,Europe,2014,2023
Russia,RUS,2015,11.277288,54818.855,145307563,Europe,2015,2023
Russia,RUS,2016,11.214848,55724.008,145778617,Europe,2016,2023
Russia,RUS,2017,11.397211,55933.996,146186752,Europe,2017,2023
Russia,RUS,2018,11.694962,57892.727,146430090,Europe,2018,2023
Russia,RUS,2019,11.635815,57430.348,146533005,Europe,2019,2023
Russia,RUS,2020,11.15608,55480.83,146371239,Europe,2020,2023
Russia,RUS,2021,11.739159,57444.508,145836117,Europe,2021,2023
Russia,RUS,2022,12.379392,59650.24,145579843,Europe,2022,2023
Russia,RUS,2023,12.485692,60175.367,145440454,Europe,2023,2023
Rwanda,RWA,1985,0.09744084,521.42737,6317187,Africa,1985,2023
Rwanda,RWA,1986,0.09143402,502.21744,6531836,Africa,1986,2023
Rwanda,RWA,1987,0.090588026,486.82086,6749446,Africa,1987,2023
Rwanda,RWA,1988,0.09935494,469.74,6968018,Africa,1988,2023
Rwanda,RWA,1989,0.095237255,471.3653,7184657,Africa,1989,2023
Rwanda,RWA,1990,0.07102981,481.07758,7375269,Africa,1990,2023
Rwanda,RWA,1991,0.0627264,479.00143,7526910,Africa,1991,2023
Rwanda,RWA,1992,0.062406972,470.51004,7683212,Africa,1992,2023
Rwanda,RWA,1993,0.06051115,417.2225,7981091,Africa,1993,2023
Rwanda,RWA,1994,0.06803627,500.76178,6792303,Africa,1994,2023
Rwanda,RWA,1995,0.0801472,603.4075,5674072,Africa,1995,2023
Rwanda,RWA,1996,0.06916944,505.44702,6708729,Africa,1996,2023
Rwanda,RWA,1997,0.062220026,448.81097,7755188,Africa,1997,2023
Rwanda,RWA,1998,0.059582245,441.22787,8081636,Africa,1998,2023
Rwanda,RWA,1999,0.061687063,422.572,8147867,Africa,1999,2023
Rwanda,RWA,2000,0.06271487,357.7341,8213890,Africa,2000,2023
Rwanda,RWA,2001,0.06303553,347.05887,8287041,Africa,2001,2023
Rwanda,RWA,2002,0.061769344,348.555,8400138,Africa,2002,2023
Rwanda,RWA,2003,0.059288487,338.9526,8586828,Africa,2003,2023
Rwanda,RWA,2004,0.05849742,318.3206,8816799,Africa,2004,2023
Rwanda,RWA,2005,0.056791726,300.62256,9054488,Africa,2005,2023
Rwanda,RWA,2006,0.055318397,283.97528,9299203,Africa,2006,2023
Rwanda,RWA,2007,0.056773107,282.62943,9549891,Africa,2007,2023
Rwanda,RWA,2008,0.053835906,289.5234,9804219,Africa,2008,2023
Rwanda,RWA,2009,0.055490896,297.06317,10060389,Africa,2009,2023
Rwanda,RWA,2010,0.056309868,324.94382,10317499,Africa,2010,2023
Rwanda,RWA,2011,0.06086624,351.94574,10573694,Africa,2011,2023
Rwanda,RWA,2012,0.066341266,376.87762,10829851,Africa,2012,2023
Rwanda,RWA,2013,0.070517875,390.73227,11093287,Africa,2013,2023
Rwanda,RWA,2014,0.07301585,403.42975,11364711,Africa,2014,2023
Rwanda,RWA,2015,0.08334913,436.2136,11639989,Africa,2015,2023
Rwanda,RWA,2016,0.087953754,429.51797,11919140,Africa,2016,2023
Rwanda,RWA,2017,0.09466214,458.82095,12202006,Africa,2017,2023
Rwanda,RWA,2018,0.10309137,491.12625,12487952,Africa,2018,2023
Rwanda,RWA,2019,0.10744573,525.5729,12776068,Africa,2019,2023
Rwanda,RWA,2020,0.10499269,496.8982,13065796,Africa,2020,2023
Rwanda,RWA,2021,0.12420205,471.35483,13355214,Africa,2021,2023
Saint Helena,SHN,1985,0.551475,1907.7714,6644,Africa,1985,2023
Saint Helena,SHN,1986,0.55006754,1898.5906,6661,Africa,1986,2023
Saint Helena,SHN,1987,0.5490784,3856.4504,6673,Africa,1987,2023
Saint Helena,SHN,1988,1.0996399,3866.719,6664,Africa,1988,2023
Saint Helena,SHN,1989,1.1046126,3883.625,6634,Africa,1989,2023
Saint Helena,SHN,1990,1.1118191,3905.2883,6591,Africa,1990,2023
Saint Helena,SHN,1991,1.1186079,1931.4292,6551,Africa,1991,2023
Saint Helena,SHN,1992,1.1263449,1946.7493,6506,Africa,1992,2023
Saint Helena,SHN,1993,1.7031299,1963.9077,6454,Africa,1993,2023
Saint Helena,SHN,1994,1.7185742,1980.098,6396,Africa,1994,2023
Saint Helena,SHN,1995,1.7375909,1999.3796,6326,Africa,1995,2023
Saint Helena,SHN,1996,1.7553498,2017.3774,6262,Africa,1996,2023
Saint Helena,SHN,1997,1.7706186,2036.4822,6208,Africa,1997,2023
Saint Helena,SHN,1998,1.7881894,2058.8792,6147,Africa,1998,2023
Saint Helena,SHN,1999,1.8108732,2082.6257,6070,Africa,1999,2023
Saint Helena,SHN,2000,1.8307794,8506.533,6004,Africa,2000,2023
Saint Helena,SHN,2001,1.8536257,8603.607,5930,Africa,2001,2023
Saint Helena,SHN,2002,1.8828366,9118.1045,5838,Africa,2002,2023
Saint Helena,SHN,2003,1.9166521,9183.842,5735,Africa,2003,2023
Saint Helena,SHN,2004,1.9482453,6107.9526,5642,Africa,2004,2023
Saint Helena,SHN,2005,1.9877034,7770.2407,5530,Africa,2005,2023
Saint Helena,SHN,2006,2.0306668,7299.722,5413,Africa,2006,2023
Saint Helena,SHN,2007,2.0720077,9439.257,5305,Africa,2007,2023
Saint Helena,SHN,2008,2.0937142,7763.481,5250,Africa,2008,2023
Saint Helena,SHN,2009,2.08103,7267.2583,5282,Africa,2009,2023
Saint Helena,SHN,2010,2.0700564,8189.7373,5310,Africa,2010,2023
Saint Helena,SHN,2011,2.0568862,7954.215,5344,Africa,2011,2023
Saint Helena,SHN,2012,2.0400891,8757.543,5388,Africa,2012,2023
Saint Helena,SHN,2013,2.026175,8345.24,5425,Africa,2013,2023
Saint Helena,SHN,2014,2.018362,7872.981,5446,Africa,2014,2023
Saint Helena,SHN,2015,2.0018213,7114.4067,5491,Africa,2015,2023
Saint Helena,SHN,2016,2.6647272,7150.6587,5500,Africa,2016,2023
Saint Helena,SHN,2017,2.0021858,7662.386,5490,Africa,2017,2023
Saint Helena,SHN,2018,2.0142937,7236.4375,5457,Africa,2018,2023
Saint Helena,SHN,2019,2.6916437,9829.213,5445,Africa,2019,2023
Saint Helena,SHN,2020,2.0340488,9421.581,5404,Africa,2020,2023
Saint Helena,SHN,2021,2.0438824,9979.507,5378,Africa,2021,2023
Saint Kitts and Nevis,KNA,1985,1.2260624,5721.4316,41838,North America,1985,2023
Saint Kitts and Nevis,KNA,1986,1.4094341,4927.209,41594,North America,1986,2023
Saint Kitts and Nevis,KNA,1987,1.3302352,4958.801,41316,North America,1987,2023
Saint Kitts and Nevis,KNA,1988,1.6070958,5317.798,41038,North America,1988,2023
Saint Kitts and Nevis,KNA,1989,1.6192089,5347.9346,40731,North America,1989,2023
Saint Kitts and Nevis,KNA,1990,2.6294482,5394.229,40410,North America,1990,2023
Saint Kitts and Nevis,KNA,1991,2.6349907,7260.5464,40325,North America,1991,2023
Saint Kitts and Nevis,KNA,1992,2.7014673,7212.62,40689,North America,1992,2023
Saint Kitts and Nevis,KNA,1993,2.755823,8680.2,41216,North America,1993,2023
Saint Kitts and Nevis,KNA,1994,2.8966508,10047.3125,41742,North America,1994,2023
Saint Kitts and Nevis,KNA,1995,3.0323238,8454.714,42291,North America,1995,2023
Saint Kitts and Nevis,KNA,1996,3.0783448,9819.931,42849,North America,1996,2023
Saint Kitts and Nevis,KNA,1997,3.292383,9667.326,43402,North America,1997,2023
Saint Kitts and Nevis,KNA,1998,3.4166667,9541.723,43968,North America,1998,2023
Saint Kitts and Nevis,KNA,1999,3.6172228,9414.932,44569,North America,1999,2023
Saint Kitts and Nevis,KNA,2000,3.808058,16953.34,45222,North America,2000,2023
Saint Kitts and Nevis,KNA,2001,3.844953,17325.975,45741,North America,2001,2023
Saint Kitts and Nevis,KNA,2002,4.3015914,18841.998,45996,North America,2002,2023
Saint Kitts and Nevis,KNA,2003,4.2877946,18804.082,46144,North America,2003,2023
Saint Kitts and Nevis,KNA,2004,4.5911813,20273.662,46287,North America,2004,2023
Saint Kitts and Nevis,KNA,2005,4.2630353,18827.416,46412,North America,2005,2023
Saint Kitts and Nevis,KNA,2006,4.3296666,19448.727,46544,North America,2006,2023
Saint Kitts and Nevis,KNA,2007,4.630127,20502.656,46689,North America,2007,2023
Saint Kitts and Nevis,KNA,2008,4.6190467,20417.77,46801,North America,2008,2023
Saint Kitts and Nevis,KNA,2009,4.766255,20836.158,46893,North America,2009,2023
Saint Kitts and Nevis,KNA,2010,4.6958303,20931.088,46816,North America,2010,2023
Saint Kitts and Nevis,KNA,2011,4.9253616,21851.84,46866,North America,2011,2023
Saint Kitts and Nevis,KNA,2012,4.676054,21675.412,47014,North America,2012,2023
Saint Kitts and Nevis,KNA,2013,4.7505527,21579.867,47048,North America,2013,2023
Saint Kitts and Nevis,KNA,2014,4.9037027,21838.453,47073,North America,2014,2023
Saint Kitts and Nevis,KNA,2015,4.983233,22357.986,47057,North America,2015,2023
Saint Kitts and Nevis,KNA,2016,5.0626025,22948.984,47043,North America,2016,2023
Saint Kitts and Nevis,KNA,2017,5.142019,22939.45,47029,North America,2017,2023
Saint Kitts and Nevis,KNA,2018,5.2243714,23219.201,46989,North America,2018,2023
Saint Kitts and Nevis,KNA,2019,5.3880053,23235.219,46922,North America,2019,2023
Saint Kitts and Nevis,KNA,2020,4.92757,19642.783,46845,North America,2020,2023
Saint Kitts and Nevis,KNA,2021,4.9388504,20900.703,46738,North America,2021,2023
Saint Lucia,LCA,1985,0.9931001,3957.6924,129131,North America,1985,2023
Saint Lucia,LCA,1986,1.0052279,3910.3755,131218,North America,1986,2023
Saint Lucia,LCA,1987,1.1003499,4202.155,133194,North America,1987,2023
Saint Lucia,LCA,1988,1.2216139,5291.2563,134969,North America,1988,2023
Saint Lucia,LCA,1989,1.208036,5210.877,136486,North America,1989,2023
Saint Lucia,LCA,1990,1.3027792,5143.359,137810,North America,1990,2023
Saint Lucia,LCA,1991,1.3659292,5073.0635,139486,North America,1991,2023
Saint Lucia,LCA,1992,1.5010029,5010.9624,141580,North America,1992,2023
Saint Lucia,LCA,1993,1.6320258,4925.49,143684,North America,1993,2023
Saint Lucia,LCA,1994,1.7836285,5741.493,145851,North America,1994,2023
Saint Lucia,LCA,1995,1.8545763,5673.892,148174,North America,1995,2023
Saint Lucia,LCA,1996,1.9488584,5628.193,150406,North America,1996,2023
Saint Lucia,LCA,1997,1.9456397,5560.613,152538,North America,1997,2023
Saint Lucia,LCA,1998,2.1086202,5510.9873,154649,North America,1998,2023
Saint Lucia,LCA,1999,2.1515522,5462.3057,156672,North America,1999,2023
Saint Lucia,LCA,2000,2.1949527,9184.194,158582,North America,2000,2023
Saint Lucia,LCA,2001,2.2415802,9891.598,160187,North America,2001,2023
Saint Lucia,LCA,2002,2.2218564,8871.31,161609,North America,2002,2023
Saint Lucia,LCA,2003,2.3160982,9741.581,162943,North America,2003,2023
Saint Lucia,LCA,2004,2.454463,9705.236,164207,North America,2004,2023
Saint Lucia,LCA,2005,2.347866,9942.035,165420,North America,2005,2023
Saint Lucia,LCA,2006,2.462868,9963.842,166622,North America,2006,2023
Saint Lucia,LCA,2007,2.5341284,10237.039,167720,North America,2007,2023
Saint Lucia,LCA,2008,2.5183473,10455.242,168771,North America,2008,2023
Saint Lucia,LCA,2009,2.5026143,10132.104,169832,North America,2009,2023
Saint Lucia,LCA,2010,2.8519626,10512.177,170869,North America,2010,2023
Saint Lucia,LCA,2011,2.8370855,10594.858,171765,North America,2011,2023
Saint Lucia,LCA,2012,2.8455613,10486.784,172541,North America,2012,2023
Saint Lucia,LCA,2013,2.8113072,10408.478,173340,North America,2013,2023
Saint Lucia,LCA,2014,2.7780056,10461.293,174099,North America,2014,2023
Saint Lucia,LCA,2015,2.7448988,10483.141,174864,North America,2015,2023
Saint Lucia,LCA,2016,2.7124357,10549.006,175606,North America,2016,2023
Saint Lucia,LCA,2017,2.784842,11386.956,176303,North America,2017,2023
Saint Lucia,LCA,2018,2.8776712,10425.025,176982,North America,2018,2023
Saint Lucia,LCA,2019,2.825776,15259.877,177639,North America,2019,2023
Saint Lucia,LCA,2020,2.7139676,12810.415,178207,North America,2020,2023
Saint Lucia,LCA,2021,2.8328466,13599.725,178489,North America,2021,2023
Saint Pierre and Miquelon,SPM,1985,5.2652082,89561.37,6263,North America,1985,2023
Saint Pierre and Miquelon,SPM,1986,7.5618353,109619.94,6299,North America,1986,2023
Saint Pierre and Miquelon,SPM,1987,8.104914,140187.72,6329,North America,1987,2023
Saint Pierre and Miquelon,SPM,1988,10.4140215,140306.53,6333,North America,1988,2023
Saint Pierre and Miquelon,SPM,1989,16.179152,169418.4,6341,North America,1989,2023
Saint Pierre and Miquelon,SPM,1990,14.466204,159376.4,6332,North America,1990,2023
Saint Pierre and Miquelon,SPM,1991,16.153677,149041.1,6351,North America,1991,2023
Saint Pierre and Miquelon,SPM,1992,14.929321,136763.3,6381,North America,1992,2023
Saint Pierre and Miquelon,SPM,1993,11.462537,77609.31,6393,North America,1993,2023
Saint Pierre and Miquelon,SPM,1994,10.858836,79126.555,6411,North America,1994,2023
Saint Pierre and Miquelon,SPM,1995,10.852065,49984.785,6415,North America,1995,2023
Saint Pierre and Miquelon,SPM,1996,10.858836,50140.258,6411,North America,1996,2023
Saint Pierre and Miquelon,SPM,1997,7.4425,29139.783,6400,North America,1997,2023
Saint Pierre and Miquelon,SPM,1998,8.66467,39158.258,6343,North America,1998,2023
Saint Pierre and Miquelon,SPM,1999,8.725195,39443.316,6299,North America,1999,2023
Saint Pierre and Miquelon,SPM,2000,8.75717,44661.23,6276,North America,2000,2023
Saint Pierre and Miquelon,SPM,2001,8.780955,44782.07,6259,North America,2001,2023
Saint Pierre and Miquelon,SPM,2002,9.405423,48984.074,6233,North America,2002,2023
Saint Pierre and Miquelon,SPM,2003,10.046452,55465.438,6200,North America,2003,2023
Saint Pierre and Miquelon,SPM,2004,9.521521,53783.3,6157,North America,2004,2023
Saint Pierre and Miquelon,SPM,2005,10.222878,56306.234,6093,North America,2005,2023
Saint Pierre and Miquelon,SPM,2006,10.899356,56582.92,6051,North America,2006,2023
Saint Pierre and Miquelon,SPM,2007,10.9355,58813.465,6031,North America,2007,2023
Saint Pierre and Miquelon,SPM,2008,10.957302,58861.79,6019,North America,2008,2023
Saint Pierre and Miquelon,SPM,2009,10.97006,58939.277,6012,North America,2009,2023
Saint Pierre and Miquelon,SPM,2010,10.979191,61996.32,6007,North America,2010,2023
Saint Pierre and Miquelon,SPM,2011,11.001167,62504.33,5995,North America,2011,2023
Saint Pierre and Miquelon,SPM,2012,11.032453,61828.69,5978,North America,2012,2023
Saint Pierre and Miquelon,SPM,2013,11.088097,63525.68,5948,North America,2013,2023
Saint Pierre and Miquelon,SPM,2014,11.114257,66357.25,5934,North America,2014,2023
Saint Pierre and Miquelon,SPM,2015,11.136778,66489.945,5922,North America,2015,2023
Saint Pierre and Miquelon,SPM,2016,11.153729,67819.87,5913,North America,2016,2023
Saint Pierre and Miquelon,SPM,2017,11.176411,66723.44,5901,North America,2017,2023
Saint Pierre and Miquelon,SPM,2018,9.948074,72730.234,5893,North America,2018,2023
Saint Pierre and Miquelon,SPM,2019,11.250768,62718.688,5862,North America,2019,2023
Saint Pierre and Miquelon,SPM,2020,10.715293,57585.082,5813,North America,2020,2023
Saint Pierre and Miquelon,SPM,2021,9.5466385,58387.957,5757,North America,2021,2023
Saint Vincent and the Grenadines,VCT,1985,0.6079702,2272.0676,108479,North America,1985,2023
Saint Vincent and the Grenadines,VCT,1986,0.60365754,2074.4163,109254,North America,1986,2023
Saint Vincent and the Grenadines,VCT,1987,0.6996245,2147.272,109979,North America,1987,2023
Saint Vincent and the Grenadines,VCT,1988,0.59613854,2494.0488,110632,North America,1988,2023
Saint Vincent and the Grenadines,VCT,1989,0.6916874,3453.8835,111241,North America,1989,2023
Saint Vincent and the Grenadines,VCT,1990,0.7212018,3255.0496,111769,North America,1990,2023
Saint Vincent and the Grenadines,VCT,1991,0.7511543,2816.3108,112190,North America,1991,2023
Saint Vincent and the Grenadines,VCT,1992,0.74930423,3547.2825,112467,North America,1992,2023
Saint Vincent and the Grenadines,VCT,1993,0.91027015,3057.175,112705,North America,1993,2023
Saint Vincent and the Grenadines,VCT,1994,1.0711647,5061.373,112879,North America,1994,2023
Saint Vincent and the Grenadines,VCT,1995,1.1347468,5543.421,113012,North America,1995,2023
Saint Vincent and the Grenadines,VCT,1996,1.1663837,5057.8916,113088,North America,1996,2023
Saint Vincent and the Grenadines,VCT,1997,1.166229,5831.607,113103,North America,1997,2023
Saint Vincent and the Grenadines,VCT,1998,1.4247738,6393.3174,113152,North America,1998,2023
Saint Vincent and the Grenadines,VCT,1999,1.4546866,6404.4346,113344,North America,1999,2023
Saint Vincent and the Grenadines,VCT,2000,1.2911866,6158.8203,113508,North America,2000,2023
Saint Vincent and the Grenadines,VCT,2001,1.5823308,7138.9165,113463,North America,2001,2023
Saint Vincent and the Grenadines,VCT,2002,1.6489649,7730.994,113322,North America,2002,2023
Saint Vincent and the Grenadines,VCT,2003,1.7492661,8126.263,113108,North America,2003,2023
Saint Vincent and the Grenadines,VCT,2004,1.9487807,9015.828,112809,North America,2004,2023
Saint Vincent and the Grenadines,VCT,2005,1.955524,9096.029,112420,North America,2005,2023
Saint Vincent and the Grenadines,VCT,2006,1.9305565,9072.749,111976,North America,2006,2023
Saint Vincent and the Grenadines,VCT,2007,2.1034238,9295.734,111483,North America,2007,2023
Saint Vincent and the Grenadines,VCT,2008,1.9805228,9347.958,111001,North America,2008,2023
Saint Vincent and the Grenadines,VCT,2009,2.5205152,12625.214,110479,North America,2009,2023
Saint Vincent and the Grenadines,VCT,2010,1.9997635,9376.506,109933,North America,2010,2023
Saint Vincent and the Grenadines,VCT,2011,1.9775692,8740.024,109314,North America,2011,2023
Saint Vincent and the Grenadines,VCT,2012,2.1234522,10656.227,108706,North America,2012,2023
Saint Vincent and the Grenadines,VCT,2013,2.0334845,8768.699,108110,North America,2013,2023
Saint Vincent and the Grenadines,VCT,2014,2.3516016,9080.616,107508,North America,2014,2023
Saint Vincent and the Grenadines,VCT,2015,2.1929655,9347.2705,106931,North America,2015,2023
Saint Vincent and the Grenadines,VCT,2016,2.2746847,9374.356,106311,North America,2016,2023
Saint Vincent and the Grenadines,VCT,2017,2.0466173,10836.359,105626,North America,2017,2023
Saint Vincent and the Grenadines,VCT,2018,2.305567,9998.609,104887,North America,2018,2023
Saint Vincent and the Grenadines,VCT,2019,2.146126,8642.675,104143,North America,2019,2023
Saint Vincent and the Grenadines,VCT,2020,2.3013074,7788.496,103489,North America,2020,2023
Saint Vincent and the Grenadines,VCT,2021,2.281156,8245.4375,102797,North America,2021,2023
Samoa,WSM,1985,0.46126178,3168.503,166812,Oceania,1985,2023
Samoa,WSM,1986,0.48261037,2869.4539,167025,Oceania,1986,2023
Samoa,WSM,1987,0.48087433,2824.7148,167628,Oceania,1987,2023
Samoa,WSM,1988,0.50066245,2817.0942,168321,Oceania,1988,2023
Samoa,WSM,1989,0.49943107,3548.5068,168736,Oceania,1989,2023
Samoa,WSM,1990,0.52029747,3541.1748,169011,Oceania,1990,2023
Samoa,WSM,1991,0.5625971,3531.6306,169329,Oceania,1991,2023
Samoa,WSM,1992,0.58092135,3271.4907,170295,Oceania,1992,2023
Samoa,WSM,1993,0.5973855,3560.5771,171735,Oceania,1993,2023
Samoa,WSM,1994,0.5502773,3524.9836,173120,Oceania,1994,2023
Samoa,WSM,1995,0.6507657,3505.8801,174539,Oceania,1995,2023
Samoa,WSM,1996,0.70763326,3547.9575,176046,Oceania,1996,2023
Samoa,WSM,1997,0.70173776,3547.5657,177525,Oceania,1997,2023
Samoa,WSM,1998,0.7988506,3593.4138,178877,Oceania,1998,2023
Samoa,WSM,1999,0.75217354,3641.2917,180235,Oceania,1999,2023
Samoa,WSM,2000,0.78666,5050.979,181649,Oceania,2000,2023
Samoa,WSM,2001,0.84028894,5352.6963,183137,Oceania,2001,2023
Samoa,WSM,2002,0.8741121,5618.493,184434,Oceania,2002,2023
Samoa,WSM,2003,0.8498134,5643.448,185396,Oceania,2003,2023
Samoa,WSM,2004,0.8854091,5624.824,186219,Oceania,2004,2023
Samoa,WSM,2005,0.9015941,5678.59,186940,Oceania,2005,2023
Samoa,WSM,2006,0.9175325,5844.4766,187686,Oceania,2006,2023
Samoa,WSM,2007,0.95132524,6201.1836,188722,Oceania,2007,2023
Samoa,WSM,2008,0.84817046,6318.109,190075,Oceania,2008,2023
Samoa,WSM,2009,0.8801621,6564.24,191492,Oceania,2009,2023
Samoa,WSM,2010,0.94928676,6500.349,192987,Oceania,2010,2023
Samoa,WSM,2011,0.978733,6521.698,194668,Oceania,2011,2023
Samoa,WSM,2012,0.95111185,6256.2554,196469,Oceania,2012,2023
Samoa,WSM,2013,0.9795556,6016.6445,198245,Oceania,2013,2023
Samoa,WSM,2014,1.0075547,6062.045,200009,Oceania,2014,2023
Samoa,WSM,2015,1.1260211,6971.546,201744,Oceania,2015,2023
Samoa,WSM,2016,1.1705552,7356.9272,203459,Oceania,2016,2023
Samoa,WSM,2017,1.1953334,7347.693,205372,Oceania,2017,2023
Samoa,WSM,2018,1.1474714,7217.7256,207552,Oceania,2018,2023
Samoa,WSM,2019,1.2926443,7697.959,209753,Oceania,2019,2023
Samoa,WSM,2020,1.1412176,7222.1904,211900,Oceania,2020,2023
Samoa,WSM,2021,1.1485088,7302.089,213745,Oceania,2021,2023
Sao Tome and Principe,STP,1985,0.50595623,1343.641,108626,Africa,1985,2023
Sao Tome and Principe,STP,1986,0.4616146,1401.8654,111123,Africa,1986,2023
Sao Tome and Principe,STP,1987,0.45041138,1395.4563,113887,Africa,1987,2023
Sao Tome and Principe,STP,1988,0.40741754,1361.0411,116912,Africa,1988,2023
Sao Tome and Principe,STP,1989,0.39712197,1326.4408,119943,Africa,1989,2023
Sao Tome and Principe,STP,1990,0.38742527,2329.3748,122945,Africa,1990,2023
Sao Tome and Principe,STP,1991,0.37902746,2400.937,125669,Africa,1991,2023
Sao Tome and Principe,STP,1992,0.37188095,2355.555,128084,Africa,1992,2023
Sao Tome and Principe,STP,1993,0.36520046,2303.2097,130427,Africa,1993,2023
Sao Tome and Principe,STP,1994,0.35893416,2736.3765,132704,Africa,1994,2023
Sao Tome and Principe,STP,1995,0.35318545,2686.6545,134864,Africa,1995,2023
Sao Tome and Principe,STP,1996,0.34786674,2647.1333,136926,Africa,1996,2023
Sao Tome and Principe,STP,1997,0.34294024,2595.6294,138893,Africa,1997,2023
Sao Tome and Principe,STP,1998,0.3384902,2534.4563,140719,Africa,1998,2023
Sao Tome and Principe,STP,1999,0.3344568,2541.055,142416,Africa,1999,2023
Sao Tome and Principe,STP,2000,0.33082372,2032.075,143980,Africa,2000,2023
Sao Tome and Principe,STP,2001,0.3505166,1865.8683,146344,Africa,2001,2023
Sao Tome and Principe,STP,2002,0.3911213,2061.275,149887,Africa,2002,2023
Sao Tome and Principe,STP,2003,0.4288724,2237.827,153780,Africa,2003,2023
Sao Tome and Principe,STP,2004,0.46473578,2468.292,157681,Africa,2004,2023
Sao Tome and Principe,STP,2005,0.47612977,2544.832,161603,Africa,2005,2023
Sao Tome and Principe,STP,2006,0.5088643,2640.5337,165608,Africa,2006,2023
Sao Tome and Principe,STP,2007,0.49668765,2680.9502,169668,Africa,2007,2023
Sao Tome and Principe,STP,2008,0.48500475,2823.5872,173755,Africa,2008,2023
Sao Tome and Principe,STP,2009,0.5151016,2932.4563,177829,Africa,2009,2023
Sao Tome and Principe,STP,2010,0.56439316,3090.176,181774,Africa,2010,2023
Sao Tome and Principe,STP,2011,0.53296554,3131.0225,185618,Africa,2011,2023
Sao Tome and Principe,STP,2012,0.5803406,3240.6765,189406,Africa,2012,2023
Sao Tome and Principe,STP,2013,0.5692063,3176.864,193111,Africa,2013,2023
Sao Tome and Principe,STP,2014,0.65187114,3116.3354,196726,Africa,2014,2023
Sao Tome and Principe,STP,2015,0.6769938,3200.083,200250,Africa,2015,2023
Sao Tome and Principe,STP,2016,0.7376469,3249.4163,203653,Africa,2016,2023
Sao Tome and Principe,STP,2017,0.67280686,3250.4734,206942,Africa,2017,2023
Sao Tome and Principe,STP,2018,0.6625426,3149.711,210148,Africa,2018,2023
Sao Tome and Principe,STP,2019,0.66974753,3418.4949,213358,Africa,2019,2023
Sao Tome and Principe,STP,2020,0.64040625,3207.423,217412,Africa,2020,2023
Sao Tome and Principe,STP,2021,0.6438903,3310.2437,221926,Africa,2021,2023
Saudi Arabia,SAU,1985,21.151466,56611.297,8151737,Asia,1985,2023
Saudi Arabia,SAU,1986,23.712328,58194.637,8628583,Asia,1986,2023
Saudi Arabia,SAU,1987,20.85908,59031.215,9130167,Asia,1987,2023
Saudi Arabia,SAU,1988,21.004189,59147.156,9629123,Asia,1988,2023
Saudi Arabia,SAU,1989,20.084616,55789.254,10128344,Asia,1989,2023
Saudi Arabia,SAU,1990,17.106512,58003.78,10640660,Asia,1990,2023
Saudi Arabia,SAU,1991,21.915035,58390.523,11160699,Asia,1991,2023
Saudi Arabia,SAU,1992,23.624128,56810.156,11686632,Asia,1992,2023
Saudi Arabia,SAU,1993,24.380909,56193.195,12215814,Asia,1993,2023
Saudi Arabia,SAU,1994,22.8462,63132.098,12749987,Asia,1994,2023
Saudi Arabia,SAU,1995,20.670359,59823.926,13289193,Asia,1995,2023
Saudi Arabia,SAU,1996,19.492058,60202.79,13830949,Asia,1996,2023
Saudi Arabia,SAU,1997,15.808199,59696.375,14374902,Asia,1997,2023
Saudi Arabia,SAU,1998,14.677085,61183.16,14922138,Asia,1998,2023
Saudi Arabia,SAU,1999,15.371093,60706.832,15472018,Asia,1999,2023
Saudi Arabia,SAU,2000,19.147379,61950.85,16177682,Asia,2000,2023
Saudi Arabia,SAU,2001,19.042866,64399.926,17041344,Asia,2001,2023
Saudi Arabia,SAU,2002,19.379114,65480.074,17910859,Asia,2002,2023
Saudi Arabia,SAU,2003,18.704975,67781.14,18786715,Asia,2003,2023
Saudi Arabia,SAU,2004,20.73686,71949.19,19669438,Asia,2004,2023
Saudi Arabia,SAU,2005,20.059093,74232.79,20559827,Asia,2005,2023
Saudi Arabia,SAU,2006,20.744946,74860.33,21459088,Asia,2006,2023
Saudi Arabia,SAU,2007,18.934502,73638.34,22368262,Asia,2007,2023
Saudi Arabia,SAU,2008,20.169865,77575.414,23287838,Asia,2008,2023
Saudi Arabia,SAU,2009,20.822855,77417.27,24217606,Asia,2009,2023
Saudi Arabia,SAU,2010,22.099627,83337.16,25157085,Asia,2010,2023
Saudi Arabia,SAU,2011,20.707397,84816.25,26105592,Asia,2011,2023
Saudi Arabia,SAU,2012,22.396475,88062.086,27062388,Asia,2012,2023
Saudi Arabia,SAU,2013,20.823349,86753.6,28026782,Asia,2013,2023
Saudi Arabia,SAU,2014,20.193333,91258.06,28998069,Asia,2014,2023
Saudi Arabia,SAU,2015,20.850756,93332.54,29974899,Asia,2015,2023
Saudi Arabia,SAU,2016,20.888945,95158.55,30717760,Asia,2016,2023
Saudi Arabia,SAU,2017,19.93628,93054.375,30782349,Asia,2017,2023
Saudi Arabia,SAU,2018,20.994095,88573.47,30365068,Asia,2018,2023
Saudi Arabia,SAU,2019,21.579525,82824.38,30472767,Asia,2019,2023
Saudi Arabia,SAU,2020,19.879406,80184.54,30991155,Asia,2020,2023
Saudi Arabia,SAU,2021,22.211275,82945.31,31328320,Asia,2021,2023
Saudi Arabia,SAU,2022,22.480951,86538.4,32175301,Asia,2022,2023
Saudi Arabia,SAU,2023,22.132036,87198.66,33264239,Asia,2023,2023
Senegal,SEN,1985,0.39658925,1751.2833,6683247,Africa,1985,2023
Senegal,SEN,1986,0.3833071,1746.4335,6878156,Africa,1986,2023
Senegal,SEN,1987,0.34238228,1716.621,7081482,Africa,1987,2023
Senegal,SEN,1988,0.37187472,1429.3151,7289576,Africa,1988,2023
Senegal,SEN,1989,0.48810917,1435.5741,7502168,Africa,1989,2023
Senegal,SEN,1990,0.40655592,1411.758,7720473,Africa,1990,2023
Senegal,SEN,1991,0.4254299,1266.8488,7943038,Africa,1991,2023
Senegal,SEN,1992,0.41901588,1492.1842,8168344,Africa,1992,2023
Senegal,SEN,1993,0.4214635,1513.7092,8396241,Africa,1993,2023
Senegal,SEN,1994,0.44491366,1777.9971,8624033,Africa,1994,2023
Senegal,SEN,1995,0.38766894,1876.318,8848068,Africa,1995,2023
Senegal,SEN,1996,0.40412003,1847.276,9066977,Africa,1996,2023
Senegal,SEN,1997,0.34279966,1648.4626,9283463,Africa,1997,2023
Senegal,SEN,1998,0.35079423,1714.1635,9502907,Africa,1998,2023
Senegal,SEN,1999,0.37032664,1844.3733,9730850,Africa,1999,2023
Senegal,SEN,2000,0.39144906,2051.4053,9968224,Africa,2000,2023
Senegal,SEN,2001,0.41693386,2183.0105,10212891,Africa,2001,2023
Senegal,SEN,2002,0.4239302,2211.216,10466169,Africa,2002,2023
Senegal,SEN,2003,0.4596074,2175.09,10721133,Africa,2003,2023
Senegal,SEN,2004,0.47725818,2244.3047,10975659,Africa,2004,2023
Senegal,SEN,2005,0.49298713,2270.2583,11235423,Africa,2005,2023
Senegal,SEN,2006,0.38455415,2172.189,11500045,Africa,2006,2023
Senegal,SEN,2007,0.413119,2281.3833,11770292,Africa,2007,2023
Senegal,SEN,2008,0.39342096,2277.5132,12048913,Africa,2008,2023
Senegal,SEN,2009,0.4261587,2122.7695,12337348,Africa,2009,2023
Senegal,SEN,2010,0.54310983,2142.2065,12635365,Africa,2010,2023
Senegal,SEN,2011,0.6033588,2183.9285,12958851,Africa,2011,2023
Senegal,SEN,2012,0.55310893,2091.1333,13310451,Africa,2012,2023
Senegal,SEN,2013,0.57273585,2117.2896,13710804,Africa,2013,2023
Senegal,SEN,2014,0.6164729,2286.8188,14152057,Africa,2014,2023
Senegal,SEN,2015,0.67465365,2580.8828,14593290,Africa,2015,2023
Senegal,SEN,2016,0.66618276,2429.8923,15034460,Africa,2016,2023
Senegal,SEN,2017,0.69532555,2509.5967,15474954,Africa,2017,2023
Senegal,SEN,2018,0.7119568,2541.6353,15914437,Africa,2018,2023
Senegal,SEN,2019,0.7774175,2753.3909,16352874,Africa,2019,2023
Senegal,SEN,2020,0.6445196,2532.4126,16789173,Africa,2020,2023
Senegal,SEN,2021,0.71479875,2505.209,17220821,Africa,2021,2023
Serbia,SRB,2006,8.09953,26329.176,7511339,Europe,2006,2023
Serbia,SRB,2007,7.9586916,26348.527,7482937,Europe,2007,2023
Serbia,SRB,2008,6.946146,26371.516,7454231,Europe,2008,2023
Serbia,SRB,2009,6.1809096,25290.535,7425298,Europe,2009,2023
Serbia,SRB,2010,6.1786823,26212.14,7395821,Europe,2010,2023
Serbia,SRB,2011,6.6474357,26607.537,7364807,Europe,2011,2023
Serbia,SRB,2012,5.972246,25157.438,7324574,Europe,2012,2023
Serbia,SRB,2013,6.1253824,25155.992,7276136,Europe,2013,2023
Serbia,SRB,2014,5.1483583,22474.787,7227156,Europe,2014,2023
Serbia,SRB,2015,6.09949,24964.81,7177217,Europe,2015,2023
Serbia,SRB,2016,6.3209686,25665.121,7126034,Europe,2016,2023
Serbia,SRB,2017,6.436677,26359.041,7073456,Europe,2017,2023
Serbia,SRB,2018,6.313477,26481.451,7019960,Europe,2018,2023
Serbia,SRB,2019,6.3562794,26602.787,6966101,Europe,2019,2023
Serbia,SRB,2020,6.538972,26211.984,6907777,Europe,2020,2023
Serbia,SRB,2021,6.39086,27640.852,6835386,Europe,2021,2023
Seychelles,SYC,1985,2.1525764,19324.648,69788,Africa,1985,2023
Seychelles,SYC,1986,2.3374965,18226.238,70537,Africa,1986,2023
Seychelles,SYC,1987,2.82609,19086.012,71307,Africa,1987,2023
Seychelles,SYC,1988,2.741223,27902.75,72178,Africa,1988,2023
Seychelles,SYC,1989,3.208143,28723.613,73094,Africa,1989,2023
Seychelles,SYC,1990,2.0313168,25396.04,73954,Africa,1990,2023
Seychelles,SYC,1991,2.3027387,28514.443,74784,Africa,1991,2023
Seychelles,SYC,1992,2.2781549,28014.29,75591,Africa,1992,2023
Seychelles,SYC,1993,2.3988163,28554.627,76371,Africa,1993,2023
Seychelles,SYC,1994,2.6092474,28243.035,77233,Africa,1994,2023
Seychelles,SYC,1995,2.5337567,28889.998,78088,Africa,1995,2023
Seychelles,SYC,1996,2.9734225,28653.697,78864,Africa,1996,2023
Seychelles,SYC,1997,3.451134,29959.361,79626,Africa,1997,2023
Seychelles,SYC,1998,3.5870376,29523.95,80695,Africa,1998,2023
Seychelles,SYC,1999,3.7091353,29087.79,81990,Africa,1999,2023
Seychelles,SYC,2000,3.7833517,46969.09,83287,Africa,2000,2023
Seychelles,SYC,2001,4.072507,49775.703,84571,Africa,2001,2023
Seychelles,SYC,2002,4.0554585,42728.844,85830,Africa,2002,2023
Seychelles,SYC,2003,3.9164646,42029.832,87005,Africa,2003,2023
Seychelles,SYC,2004,4.1992126,57886.984,88127,Africa,2004,2023
Seychelles,SYC,2005,4.2702527,52008.223,89235,Africa,2005,2023
Seychelles,SYC,2006,4.258249,54491.8,90347,Africa,2006,2023
Seychelles,SYC,2007,4.408133,44175.785,91431,Africa,2007,2023
Seychelles,SYC,2008,4.4754896,47446.145,92511,Africa,2008,2023
Seychelles,SYC,2009,4.697135,50930.008,93606,Africa,2009,2023
Seychelles,SYC,2010,4.6697283,45371.336,94940,Africa,2010,2023
Seychelles,SYC,2011,4.1935163,38368.945,96984,Africa,2011,2023
Seychelles,SYC,2012,4.270954,43465.02,99515,Africa,2012,2023
Seychelles,SYC,2013,4.0565124,38688.062,102066,Africa,2013,2023
Seychelles,SYC,2014,4.3775806,44650.082,104624,Africa,2014,2023
Seychelles,SYC,2015,4.6486616,45695.203,107193,Africa,2015,2023
Seychelles,SYC,2016,5.0392933,50241.48,109790,Africa,2016,2023
Seychelles,SYC,2017,5.1178646,51720.438,112400,Africa,2017,2023
Seychelles,SYC,2018,5.225092,45307.637,115002,Africa,2018,2023
Seychelles,SYC,2019,5.046789,45777.125,117613,Africa,2019,2023
Seychelles,SYC,2020,4.966297,43703.28,120257,Africa,2020,2023
Seychelles,SYC,2021,4.9766817,45933.664,122951,Africa,2021,2023
Sierra Leone,SLE,1985,0.18227373,918.3593,3638396,Africa,1985,2023
Sierra Leone,SLE,1986,0.18082519,945.97864,3728330,Africa,1986,2023
Sierra Leone,SLE,1987,0.13011636,1009.0124,3829680,Africa,1987,2023
Sierra Leone,SLE,1988,0.11640707,1068.4962,3934469,Africa,1988,2023
Sierra Leone,SLE,1989,0.092644915,1013.355,4033983,Africa,1989,2023
Sierra Leone,SLE,1990,0.118734814,988.82074,4196781,Africa,1990,2023
Sierra Leone,SLE,1991,0.13115878,1034.8634,4246212,Africa,1991,2023
Sierra Leone,SLE,1992,0.06771649,761.34094,4166312,Africa,1992,2023
Sierra Leone,SLE,1993,0.06345994,761.1363,4157079,Africa,1993,2023
Sierra Leone,SLE,1994,0.065851,719.2884,4173057,Africa,1994,2023
Sierra Leone,SLE,1995,0.053481013,825.47107,4179128,Africa,1995,2023
Sierra Leone,SLE,1996,0.054971047,808.99713,4199156,Africa,1996,2023
Sierra Leone,SLE,1997,0.048237115,839.3613,4253654,Africa,1997,2023
Sierra Leone,SLE,1998,0.051176377,830.8873,4295732,Africa,1998,2023
Sierra Leone,SLE,1999,0.040730026,826.2132,4317994,Africa,1999,2023
Sierra Leone,SLE,2000,0.061293606,409.26733,4423561,Africa,2000,2023
Sierra Leone,SLE,2001,0.078859925,484.6953,4692675,Africa,2001,2023
Sierra Leone,SLE,2002,0.10097159,460.83,4971379,Africa,2002,2023
Sierra Leone,SLE,2003,0.10331825,454.77032,5177633,Africa,2003,2023
Sierra Leone,SLE,2004,0.0971471,438.83154,5355672,Africa,2004,2023
Sierra Leone,SLE,2005,0.077253774,386.95203,5501660,Africa,2005,2023
Sierra Leone,SLE,2006,0.10292828,457.99765,5624421,Africa,2006,2023
Sierra Leone,SLE,2007,0.084760234,423.13287,5749300,Africa,2007,2023
Sierra Leone,SLE,2008,0.08577766,405.9387,5894681,Africa,2008,2023
Sierra Leone,SLE,2009,0.082893096,396.5688,6055607,Africa,2009,2023
Sierra Leone,SLE,2010,0.08714463,458.27347,6222667,Africa,2010,2023
Sierra Leone,SLE,2011,0.11128745,564.6626,6387207,Africa,2011,2023
Sierra Leone,SLE,2012,0.1269615,610.7244,6551025,Africa,2012,2023
Sierra Leone,SLE,2013,0.15607728,692.69556,6714007,Africa,2013,2023
Sierra Leone,SLE,2014,0.16411543,743,6876331,Africa,2014,2023
Sierra Leone,SLE,2015,0.15410693,592.6282,7037607,Africa,2015,2023
Sierra Leone,SLE,2016,0.15860663,591.51733,7205291,Africa,2016,2023
Sierra Leone,SLE,2017,0.14746857,573.70355,7379254,Africa,2017,2023
Sierra Leone,SLE,2018,0.13580218,568.16583,7554518,Africa,2018,2023
Sierra Leone,SLE,2019,0.12984261,513.0044,7731946,Africa,2019,2023
Sierra Leone,SLE,2020,0.129658,480.5271,7912509,Africa,2020,2023
Sierra Leone,SLE,2021,0.15525901,492.59775,8094551,Africa,2021,2023
Singapore,SGP,1985,11.845461,52827.37,2734979,Asia,1985,2023
Singapore,SGP,1986,12.424598,59917.023,2744624,Asia,1986,2023
Singapore,SGP,1987,11.436252,61546.06,2781580,Asia,1987,2023
Singapore,SGP,1988,12.383549,69581.31,2848994,Asia,1988,2023
Singapore,SGP,1989,13.95349,77583.52,2938607,Asia,1989,2023
Singapore,SGP,1990,14.323062,90365.28,3039544,Asia,1990,2023
Singapore,SGP,1991,14.104602,89185.586,3136244,Asia,1991,2023
Singapore,SGP,1992,14.704105,92492.51,3226410,Asia,1992,2023
Singapore,SGP,1993,14.968128,97840.07,3317840,Asia,1993,2023
Singapore,SGP,1994,17.580477,108498.16,3417765,Asia,1994,2023
Singapore,SGP,1995,11.474445,109750.07,3533576,Asia,1995,2023
Singapore,SGP,1996,13.102138,107471.89,3664512,Asia,1996,2023
Singapore,SGP,1997,14.94425,109768.45,3796580,Asia,1997,2023
Singapore,SGP,1998,12.15272,108245.53,3901362,Asia,1998,2023
Singapore,SGP,1999,12.403918,104456.76,3966504,Asia,1999,2023
Singapore,SGP,2000,9.260702,109289.08,4035193,Asia,2000,2023
Singapore,SGP,2001,9.35959,121494.555,4116123,Asia,2001,2023
Singapore,SGP,2002,9.696137,115456.87,4146847,Asia,2002,2023
Singapore,SGP,2003,9.553454,107484.375,4138194,Asia,2003,2023
Singapore,SGP,2004,9.825734,119262.51,4172716,Asia,2004,2023
Singapore,SGP,2005,9.277653,123551.64,4268321,Asia,2005,2023
Singapore,SGP,2006,9.212602,131721.67,4407007,Asia,2006,2023
Singapore,SGP,2007,8.941658,136257.9,4596463,Asia,2007,2023
Singapore,SGP,2008,8.363356,140055.12,4806683,Asia,2008,2023
Singapore,SGP,2009,8.211698,145354.05,4968522,Asia,2009,2023
Singapore,SGP,2010,8.745369,149763.22,5076973,Asia,2010,2023
Singapore,SGP,2011,9.069531,151959.9,5182186,Asia,2011,2023
Singapore,SGP,2012,8.709126,149476.6,5293298,Asia,2012,2023
Singapore,SGP,2013,8.72707,148317.19,5385542,Asia,2013,2023
Singapore,SGP,2014,8.721374,148692.52,5457856,Asia,2014,2023
Singapore,SGP,2015,8.940693,155468.98,5525299,Asia,2015,2023
Singapore,SGP,2016,8.8026085,162248.22,5577892,Asia,2016,2023
Singapore,SGP,2017,8.939978,164802.55,5604041,Asia,2017,2023
Singapore,SGP,2018,8.927446,163485.73,5634310,Asia,2018,2023
Singapore,SGP,2019,8.642737,158475.06,5669500,Asia,2019,2023
Singapore,SGP,2020,8.309455,154067.25,5620104,Asia,2020,2023
Singapore,SGP,2021,9.033147,153291.4,5546240,Asia,2021,2023
Singapore,SGP,2022,8.4733,147572.33,5649833,Asia,2022,2023
Singapore,SGP,2023,8.507941,160276.98,5789037,Asia,2023,2023
Slovakia,SVK,1985,11.482047,46568.305,5151107,Europe,1985,2023
Slovakia,SVK,1986,11.498404,45908.125,5180038,Europe,1986,2023
Slovakia,SVK,1987,11.307176,46711.984,5205843,Europe,1987,2023
Slovakia,SVK,1988,11.070277,46732.137,5229632,Europe,1988,2023
Slovakia,SVK,1989,10.523998,47220.273,5249882,Europe,1989,2023
Slovakia,SVK,1990,11.68365,47203.785,5266022,Europe,1990,2023
Slovakia,SVK,1991,10.091489,42079.31,5284824,Europe,1991,2023
Slovakia,SVK,1992,9.2204895,40314.297,5306409,Europe,1992,2023
Slovakia,SVK,1993,8.7107,39455.375,5326307,Europe,1993,2023
Slovakia,SVK,1994,8.198335,38743.297,5343170,Europe,1994,2023
Slovakia,SVK,1995,8.254349,39205.477,5354244,Europe,1995,2023
Slovakia,SVK,1996,8.219704,39416.023,5362376,Europe,1996,2023
Slovakia,SVK,1997,8.22177,38637.348,5369731,Europe,1997,2023
Slovakia,SVK,1998,8.163976,39009.04,5374745,Europe,1998,2023
Slovakia,SVK,1999,8.012496,39313.19,5378056,Europe,1999,2023
Slovakia,SVK,2000,7.6565366,40591.293,5379951,Europe,2000,2023
Slovakia,SVK,2001,8.0453825,41766.94,5379393,Europe,2001,2023
Slovakia,SVK,2002,7.827843,42124.3,5377634,Europe,2002,2023
Slovakia,SVK,2003,7.891308,40913.17,5376146,Europe,2003,2023
Slovakia,SVK,2004,7.9836698,40008.508,5375995,Europe,2004,2023
Slovakia,SVK,2005,7.9837704,42086.473,5376650,Europe,2005,2023
Slovakia,SVK,2006,7.9510803,40946.383,5376793,Europe,2006,2023
Slovakia,SVK,2007,7.6537957,38418.406,5376949,Europe,2007,2023
Slovakia,SVK,2008,7.7245646,39431.95,5379075,Europe,2008,2023
Slovakia,SVK,2009,7.019376,35687.543,5385027,Europe,2009,2023
Slovakia,SVK,2010,7.1334305,38080.727,5391807,Europe,2010,2023
Slovakia,SVK,2011,7.048082,36591.31,5398048,Europe,2011,2023
Slovakia,SVK,2012,6.653921,35105.086,5404834,Europe,2012,2023
Slovakia,SVK,2013,6.5842557,35936.51,5410370,Europe,2013,2023
Slovakia,SVK,2014,6.224752,33419.594,5415184,Europe,2014,2023
Slovakia,SVK,2015,6.3702555,33734.29,5420221,Europe,2015,2023
Slovakia,SVK,2016,6.442124,34015.234,5427217,Europe,2016,2023
Slovakia,SVK,2017,6.6536226,35774.91,5435643,Europe,2017,2023
Slovakia,SVK,2018,6.643141,35121.09,5443188,Europe,2018,2023
Slovakia,SVK,2019,6.206926,33892.78,5450575,Europe,2019,2023
Slovakia,SVK,2020,5.711151,33193.33,5454981,Europe,2020,2023
Slovakia,SVK,2021,6.470303,35836.406,5442712,Europe,2021,2023
Slovakia,SVK,2022,5.7645545,31876.37,5473145,Europe,2022,2023
Slovakia,SVK,2023,5.5706987,32204.732,5518008,Europe,2023,2023
Slovenia,SVN,1990,7.554949,34817.746,1997968,Europe,1990,2023
Slovenia,SVN,1991,6.9897065,34813.65,1999136,Europe,1991,2023
Slovenia,SVN,1992,6.9558806,32513.307,1995805,Europe,1992,2023
Slovenia,SVN,1993,7.158645,33440.46,1990771,Europe,1993,2023
Slovenia,SVN,1994,7.361444,35587.496,1988211,Europe,1994,2023
Slovenia,SVN,1995,7.7232647,37340.953,1988051,Europe,1995,2023
Slovenia,SVN,1996,8.053105,39192.875,1986738,Europe,1996,2023
Slovenia,SVN,1997,8.318583,40089.32,1984355,Europe,1997,2023
Slovenia,SVN,1998,8.100459,40227.258,1980016,Europe,1998,2023
Slovenia,SVN,1999,7.779582,39822.12,1981145,Europe,1999,2023
Slovenia,SVN,2000,7.5770297,39541.94,1986774,Europe,2000,2023
Slovenia,SVN,2001,8.193835,41478.17,1989637,Europe,2001,2023
Slovenia,SVN,2002,8.317596,41234.598,1991524,Europe,2002,2023
Slovenia,SVN,2003,8.166608,40332.168,1992449,Europe,2003,2023
Slovenia,SVN,2004,8.379513,42641.285,1993503,Europe,2004,2023
Slovenia,SVN,2005,8.481144,42552.617,1996858,Europe,2005,2023
Slovenia,SVN,2006,8.575877,42625.9,2003069,Europe,2006,2023
Slovenia,SVN,2007,8.610745,42199.438,2014110,Europe,2007,2023
Slovenia,SVN,2008,9.026217,46044.38,2025041,Europe,2008,2023
Slovenia,SVN,2009,7.960535,42243.055,2035555,Europe,2009,2023
Slovenia,SVN,2010,8.050477,42077.926,2044566,Europe,2010,2023
Slovenia,SVN,2011,7.984749,40687.836,2048754,Europe,2011,2023
Slovenia,SVN,2012,7.6753354,39460.902,2053274,Europe,2012,2023
Slovenia,SVN,2013,7.3566623,38978.773,2056403,Europe,2013,2023
Slovenia,SVN,2014,6.5884333,39934.504,2058351,Europe,2014,2023
Slovenia,SVN,2015,6.6243477,35905.984,2059899,Europe,2015,2023
Slovenia,SVN,2016,7.0140996,38209.27,2061329,Europe,2016,2023
Slovenia,SVN,2017,7.0873375,38467.918,2062366,Europe,2017,2023
Slovenia,SVN,2018,7.016358,39123.293,2069431,Europe,2018,2023
Slovenia,SVN,2019,6.738732,37863.65,2083395,Europe,2019,2023
Slovenia,SVN,2020,6.114485,36500.57,2102370,Europe,2020,2023
Slovenia,SVN,2021,6.1789403,36133.637,2113450,Europe,2021,2023
Slovenia,SVN,2022,6.004816,33305.18,2115184,Europe,2022,2023
Slovenia,SVN,2023,5.347735,34169.97,2118353,Europe,2023,2023
Solomon Islands,SLB,1985,0.5319114,1997.7137,282423,Oceania,1985,2023
Solomon Islands,SLB,1986,0.5273677,1763.1625,291804,Oceania,1986,2023
Solomon Islands,SLB,1987,0.5349189,1990.4556,301384,Oceania,1987,2023
Solomon Islands,SLB,1988,0.5062237,2312.5325,311230,Oceania,1988,2023
Solomon Islands,SLB,1989,0.5018506,2237.8796,321243,Oceania,1989,2023
Solomon Islands,SLB,1990,0.44223303,2171.5269,331409,Oceania,1990,2023
Solomon Islands,SLB,1991,0.46107876,2107.9597,341703,Oceania,1991,2023
Solomon Islands,SLB,1992,0.45778152,2051.7273,352168,Oceania,1992,2023
Solomon Islands,SLB,1993,0.4746585,1988.083,362804,Oceania,1993,2023
Solomon Islands,SLB,1994,0.4903089,1931.2893,373642,Oceania,1994,2023
Solomon Islands,SLB,1995,0.495269,1876.2739,384696,Oceania,1995,2023
Solomon Islands,SLB,1996,0.49967927,1827.7072,395966,Oceania,1996,2023
Solomon Islands,SLB,1997,0.50359565,1772.9714,407438,Oceania,1997,2023
Solomon Islands,SLB,1998,0.5158913,1724.7887,419034,Oceania,1998,2023
Solomon Islands,SLB,1999,0.502207,1679.1747,430452,Oceania,1999,2023
Solomon Islands,SLB,2000,0.5074654,2456.5134,440432,Oceania,2000,2023
Solomon Islands,SLB,2001,0.5221651,2508.6143,449084,Oceania,2001,2023
Solomon Islands,SLB,2002,0.53643334,2532.751,457630,Oceania,2002,2023
Solomon Islands,SLB,2003,0.55025166,2587.0967,466114,Oceania,2003,2023
Solomon Islands,SLB,2004,0.57906395,2689.9602,474559,Oceania,2004,2023
Solomon Islands,SLB,2005,0.5840567,2695.842,483049,Oceania,2005,2023
Solomon Islands,SLB,2006,0.5888614,2734.6384,491552,Oceania,2006,2023
Solomon Islands,SLB,2007,0.6007626,2850.4817,500111,Oceania,2007,2023
Solomon Islands,SLB,2008,0.6049615,2828.8801,508753,Oceania,2008,2023
Solomon Islands,SLB,2009,0.61526465,2862.0273,518099,Oceania,2009,2023
Solomon Islands,SLB,2010,0.6187656,2880.25,532932,Oceania,2010,2023
Solomon Islands,SLB,2011,0.62291515,2918.4324,552910,Oceania,2011,2023
Solomon Islands,SLB,2012,0.60686153,2854.3516,573574,Oceania,2012,2023
Solomon Islands,SLB,2013,0.6282135,2771.7654,594906,Oceania,2013,2023
Solomon Islands,SLB,2014,0.53457403,2543.9602,616865,Oceania,2014,2023
Solomon Islands,SLB,2015,0.45845202,2266.2014,639369,Oceania,2015,2023
Solomon Islands,SLB,2016,0.43701893,2124.6658,662342,Oceania,2016,2023
Solomon Islands,SLB,2017,0.4168367,2061.452,685621,Oceania,2017,2023
Solomon Islands,SLB,2018,0.4082267,2107.609,709057,Oceania,2018,2023
Solomon Islands,SLB,2019,0.4025793,2027.3756,728105,Oceania,2019,2023
Solomon Islands,SLB,2020,0.38881806,1877.3191,744451,Oceania,2020,2023
Solomon Islands,SLB,2021,0.37959152,1892.1313,762546,Oceania,2021,2023
Somalia,SOM,1985,0.12809578,835.97784,6693242,Africa,1985,2023
Somalia,SOM,1986,0.13238177,856.1908,6974737,Africa,1986,2023
Somalia,SOM,1987,0.13736962,610.5246,7228265,Africa,1987,2023
Somalia,SOM,1988,0.13871625,612.1847,7235317,Africa,1988,2023
Somalia,SOM,1989,0.13381608,638.2167,7114780,Africa,1989,2023
Somalia,SOM,1990,0.110436656,581.289,7082766,Africa,1990,2023
Somalia,SOM,1991,0.10330989,360.1066,6813704,Africa,1991,2023
Somalia,SOM,1992,0.10255308,350.5132,6495056,Africa,1992,2023
Somalia,SOM,1993,0.093658805,358.17197,6681358,Africa,1993,2023
Somalia,SOM,1994,0.088010065,340.7208,7026753,Africa,1994,2023
Somalia,SOM,1995,0.08036181,328.85648,7284965,Africa,1995,2023
Somalia,SOM,1996,0.076147206,318.21655,7554420,Africa,1996,2023
Somalia,SOM,1997,0.06836802,306.60278,7824477,Africa,1997,2023
Somalia,SOM,1998,0.061999865,294.3282,8155372,Africa,1998,2023
Somalia,SOM,1999,0.057384767,282.82776,8492010,Africa,1999,2023
Somalia,SOM,2000,0.053890444,340.10217,8838673,Africa,2000,2023
Somalia,SOM,2001,0.054172613,332.43317,9198449,Africa,2001,2023
Somalia,SOM,2002,0.05831688,346.37854,9550031,Africa,2002,2023
Somalia,SOM,2003,0.056573413,334.0552,9909107,Africa,2003,2023
Somalia,SOM,2004,0.05452727,322.42703,10280947,Africa,2004,2023
Somalia,SOM,2005,0.05301076,314.66333,10644178,Africa,2005,2023
Somalia,SOM,2006,0.051410746,307.72528,10975449,Africa,2006,2023
Somalia,SOM,2007,0.053718038,302.7935,11322528,Africa,2007,2023
Somalia,SOM,2008,0.051521357,291.0338,11663047,Africa,2008,2023
Somalia,SOM,2009,0.049931005,283.20413,11961145,Africa,2009,2023
Somalia,SOM,2010,0.049902372,283.123,12261702,Africa,2010,2023
Somalia,SOM,2011,0.049550503,278.7153,12348775,Africa,2011,2023
Somalia,SOM,2012,0.048809752,274.60495,12461116,Africa,2012,2023
Somalia,SOM,2013,0.04896893,265.8011,12869548,Africa,2013,2023
Somalia,SOM,2014,0.047243927,256.69754,13339450,Africa,2014,2023
Somalia,SOM,2015,0.045644354,257.54523,13806921,Africa,2015,2023
Somalia,SOM,2016,0.044431645,253.76219,14348692,Africa,2016,2023
Somalia,SOM,2017,0.042740073,244.04947,14916586,Africa,2017,2023
Somalia,SOM,2018,0.041257966,236.28375,15452434,Africa,2018,2023
Somalia,SOM,2019,0.039769154,227.57283,16030917,Africa,2019,2023
Somalia,SOM,2020,0.03586731,212.09578,16651150,Africa,2020,2023
Somalia,SOM,2021,0.03585213,217.40976,17271386,Africa,2021,2023
South Africa,ZAF,1985,9.242078,27095.578,35042049,Africa,1985,2023
South Africa,ZAF,1986,9.134683,26713.27,36180469,Africa,1986,2023
South Africa,ZAF,1987,8.805216,26203.447,37326139,Africa,1987,2023
South Africa,ZAF,1988,8.904611,27873.557,38480593,Africa,1988,2023
South Africa,ZAF,1989,8.597622,25750.08,39628521,Africa,1989,2023
South Africa,ZAF,1990,7.6799827,25820.756,40746216,Africa,1990,2023
South Africa,ZAF,1991,7.8206625,24987.143,41687861,Africa,1991,2023
South Africa,ZAF,1992,7.0994544,24593.379,42443459,Africa,1992,2023
South Africa,ZAF,1993,7.398769,24109.285,43297110,Africa,1993,2023
South Africa,ZAF,1994,7.696957,24713.633,44004087,Africa,1994,2023
South Africa,ZAF,1995,8.120371,25406.133,44541512,Africa,1995,2023
South Africa,ZAF,1996,8.060912,25519.965,45122972,Africa,1996,2023
South Africa,ZAF,1997,8.435513,25737.912,45666787,Africa,1997,2023
South Africa,ZAF,1998,8.161644,24972.111,46223832,Africa,1998,2023
South Africa,ZAF,1999,8.022443,25531.172,46730283,Africa,1999,2023
South Africa,ZAF,2000,8.021831,25321.518,47159672,Africa,2000,2023
South Africa,ZAF,2001,7.8126817,25228.531,47566761,Africa,2001,2023
South Africa,ZAF,2002,7.4245706,24361.893,48019362,Africa,2002,2023
South Africa,ZAF,2003,8.338291,26150.76,48500305,Africa,2003,2023
South Africa,ZAF,2004,9.171146,28271.934,48991365,Africa,2004,2023
South Africa,ZAF,2005,8.409805,26507.484,49489992,Africa,2005,2023
South Africa,ZAF,2006,8.935718,26793.56,49998227,Africa,2006,2023
South Africa,ZAF,2007,9.203606,27246.03,50528523,Africa,2007,2023
South Africa,ZAF,2008,9.6782255,28867.252,51114550,Africa,2008,2023
South Africa,ZAF,2009,9.1733465,28399.29,51728471,Africa,2009,2023
South Africa,ZAF,2010,8.8453245,28270.55,52344000,Africa,2010,2023
South Africa,ZAF,2011,8.791516,27576.695,52995162,Africa,2011,2023
South Africa,ZAF,2012,8.533725,26791.422,53782518,Africa,2012,2023
South Africa,ZAF,2013,8.388023,26545.875,54678742,Africa,2013,2023
South Africa,ZAF,2014,8.489372,26433.637,55594796,Africa,2014,2023
South Africa,ZAF,2015,7.868861,25372.062,56723493,Africa,2015,2023
South Africa,ZAF,2016,7.9827814,26274.004,57259496,Africa,2016,2023
South Africa,ZAF,2017,7.6341605,26075.314,57635106,Africa,2017,2023
South Africa,ZAF,2018,7.4144244,24785.197,58612952,Africa,2018,2023
South Africa,ZAF,2019,7.7887363,25577.125,59587828,Africa,2019,2023
South Africa,ZAF,2020,7.16727,23687.934,60562321,Africa,2020,2023
South Africa,ZAF,2021,6.9252067,23674.678,61502553,Africa,2021,2023
South Africa,ZAF,2022,6.497632,22594.38,62378377,Africa,2022,2023
South Africa,ZAF,2023,6.3578267,22313.898,63212339,Africa,2023,2023
South America,,1985,1.8721299,10882.204,268126678,,1985,1985
South America,,1986,1.9365371,11357.528,273653082,,1986,1986
South America,,1987,1.996887,11564.205,279158924,,1987,1987
South America,,1988,2.0391812,11705.045,284662818,,1988,1988
South America,,1989,1.9988415,11698.708,290156946,,1989,1989
South America,,1990,2.0242388,11570.869,295638939,,1990,1990
South America,,1991,2.0137615,11719.043,301035132,,1991,1991
South America,,1992,2.0179222,11966.73,306385453,,1992,1992
South America,,1993,2.0946085,12240.849,311711792,,1993,1993
South America,,1994,2.0687897,12791.932,316982990,,1994,1994
South America,,1995,2.1404722,13228.704,322239113,,1995,1995
South America,,1996,2.198958,13559.612,327453726,,1996,1996
South America,,1997,2.3062482,14084.003,332641973,,1997,1997
South America,,1998,2.3422136,14228.434,337867565,,1998,1998
South America,,1999,2.371032,14005.398,343038819,,1999,1999
South America,,2000,2.3355563,14229.766,348018055,,2000,2000
South America,,2001,2.2459269,13912.878,352811180,,2001,2001
South America,,2002,2.294979,13846.41,357457816,,2002,2002
South America,,2003,2.2680395,13749.043,361970155,,2003,2003
South America,,2004,2.3400276,14380.607,366371498,,2004,2004
South America,,2005,2.3792737,14662.744,370695644,,2005,2005
South America,,2006,2.4261568,15214.891,374924673,,2006,2006
South America,,2007,2.4917083,15825.639,379034988,,2007,2007
South America,,2008,2.5802293,16197.249,383024319,,2008,2008
South America,,2009,2.4859715,15898.829,386903697,,2009,2009
South America,,2010,2.7460308,16560.129,390700449,,2010,2010
South America,,2011,2.762356,17090.518,394477234,,2011,2011
South America,,2012,2.8741713,17528.268,398254669,,2012,2012
South America,,2013,3.0076897,17725.4,402021854,,2013,2013
South America,,2014,3.0187452,17784.146,405811741,,2014,2014
South America,,2015,2.919605,17418.096,409619302,,2015,2015
South America,,2016,2.7744355,17151.26,413394350,,2016,2016
South America,,2017,2.7114468,17096.479,417044675,,2017,2017
South America,,2018,2.5650268,16754.102,420439723,,2018,2018
South America,,2019,2.5625608,16460.29,423547588,,2019,2019
South America,,2020,2.2995875,15154.642,426212835,,2020,2020
South America,,2021,2.5225344,16254.437,428330745,,2021,2021
South America,,2022,2.5480645,17016.16,430492132,,2022,2022
South America,,2023,2.5627966,17411.889,433023545,,2023,2023
South Korea,KOR,1985,4.1011457,15137.73,41148910,Asia,1985,2023
South Korea,KOR,1986,4.2258806,16754.162,41718464,Asia,1986,2023
South Korea,KOR,1987,4.379712,18311.111,42322046,Asia,1987,2023
South Korea,KOR,1988,4.9147034,20161.307,42922928,Asia,1988,2023
South Korea,KOR,1989,5.135252,21626.703,43524716,Asia,1989,2023
South Korea,KOR,1990,5.682917,24162.186,44081380,Asia,1990,2023
South Korea,KOR,1991,6.203729,27100.135,44439112,Asia,1991,2023
South Korea,KOR,1992,6.716258,30416.184,44653652,Asia,1992,2023
South Korea,KOR,1993,7.35556,33184.63,44887672,Asia,1993,2023
South Korea,KOR,1994,7.8814225,35601.617,45130788,Asia,1994,2023
South Korea,KOR,1995,8.456674,38704.72,45368368,Asia,1995,2023
South Korea,KOR,1996,9.22455,42497.312,45638655,Asia,1996,2023
South Korea,KOR,1997,9.68553,46366.664,45941485,Asia,1997,2023
South Korea,KOR,1998,8.177178,42083.44,46230834,Asia,1998,2023
South Korea,KOR,1999,8.828298,45614.86,46500333,Asia,1999,2023
South Korea,KOR,2000,9.40801,47970.94,46766608,Asia,2000,2023
South Korea,KOR,2001,9.685324,48840.297,47043411,Asia,2001,2023
South Korea,KOR,2002,10.064994,50816.59,47299074,Asia,2002,2023
South Korea,KOR,2003,10.211972,52214.47,47514113,Asia,2003,2023
South Korea,KOR,2004,10.302309,53221.83,47697022,Asia,2004,2023
South Korea,KOR,2005,10.42156,54823.37,47851594,Asia,2005,2023
South Korea,KOR,2006,10.487716,55548.69,48006467,Asia,2006,2023
South Korea,KOR,2007,10.828759,57011.746,48178072,Asia,2007,2023
South Korea,KOR,2008,11.015094,57747.695,48356441,Asia,2008,2023
South Korea,KOR,2009,11.078416,57844.7,48546637,Asia,2009,2023
South Korea,KOR,2010,12.186755,62181.16,48769268,Asia,2010,2023
South Korea,KOR,2011,12.690278,64597.434,49127592,Asia,2011,2023
South Korea,KOR,2012,12.660258,64799.957,49599543,Asia,2012,2023
South Korea,KOR,2013,12.673587,64390.82,50071119,Asia,2013,2023
South Korea,KOR,2014,12.453083,64335.42,50539008,Asia,2014,2023
South Korea,KOR,2015,12.4387865,64899.633,50983856,Asia,2015,2023
South Korea,KOR,2016,12.435507,66408.734,51297794,Asia,2016,2023
South Korea,KOR,2017,12.712863,66893.76,51486222,Asia,2017,2023
South Korea,KOR,2018,12.977493,67787.555,51640842,Asia,2018,2023
South Korea,KOR,2019,12.480777,66842.08,51767790,Asia,2019,2023
South Korea,KOR,2020,11.524341,64557.53,51858440,Asia,2020,2023
South Korea,KOR,2021,11.882247,67653.84,51848358,Asia,2021,2023
South Korea,KOR,2022,11.62734,68364.16,51782473,Asia,2022,2023
South Korea,KOR,2023,11.158091,66698.02,51748695,Asia,2023,2023
South Sudan,SSD,2012,0.12365266,557.73737,10756194,Africa,2012,2023
South Sudan,SSD,2013,0.12928402,568.44324,11166237,Africa,2013,2023
South Sudan,SSD,2014,0.13338423,582.4618,11235032,Africa,2014,2023
South Sudan,SSD,2015,0.17219052,714.99146,11107511,Africa,2015,2023
South Sudan,SSD,2016,0.15731767,698.3854,10830061,Africa,2016,2023
South Sudan,SSD,2017,0.14178704,635.4426,10259104,Africa,2017,2023
South Sudan,SSD,2018,0.17156464,671.7575,10122925,Africa,2018,2023
South Sudan,SSD,2019,0.17083813,747.48596,10423340,Africa,2019,2023
South Sudan,SSD,2020,0.158226,703.1351,10698419,Africa,2020,2023
South Sudan,SSD,2021,0.16152208,731.9888,10865735,Africa,2021,2023
Spain,ESP,1985,5.1794004,23972.88,38601263,Europe,1985,2023
Spain,ESP,1986,4.8821344,24401.979,38735655,Europe,1986,2023
Spain,ESP,1987,4.8776965,25232.549,38851959,Europe,1987,2023
Spain,ESP,1988,5.0692353,26295.514,38952207,Europe,1988,2023
Spain,ESP,1989,5.7619333,27502.225,39029506,Europe,1989,2023
Spain,ESP,1990,5.889076,27481.55,39084924,Europe,1990,2023
Spain,ESP,1991,6.1224174,28374.404,39201702,Europe,1991,2023
Spain,ESP,1992,6.3016186,29567.898,39420297,Europe,1992,2023
Spain,ESP,1993,6.047904,28449.67,39651575,Europe,1993,2023
Spain,ESP,1994,6.323517,29646.164,39858677,Europe,1994,2023
Spain,ESP,1995,6.6357403,30627.23,40052688,Europe,1995,2023
Spain,ESP,1996,6.2935877,31666.996,40237332,Europe,1996,2023
Spain,ESP,1997,6.569579,32792.242,40423773,Europe,1997,2023
Spain,ESP,1998,6.7537036,34129.42,40617392,Europe,1998,2023
Spain,ESP,1999,7.2960796,35559.797,40812809,Europe,1999,2023
Spain,ESP,2000,7.559086,37439.527,41019721,Europe,2000,2023
Spain,ESP,2001,7.5598183,38740.926,41245551,Europe,2001,2023
Spain,ESP,2002,7.949823,38927.61,41755656,Europe,2002,2023
Spain,ESP,2003,7.912497,40131.9,42506499,Europe,2003,2023
Spain,ESP,2004,8.165038,40606.906,43234511,Europe,2004,2023
Spain,ESP,2005,8.379175,40524.547,43958840,Europe,2005,2023
Spain,ESP,2006,8.046786,40138.527,44695400,Europe,2006,2023
Spain,ESP,2007,8.071818,40410.574,45516452,Europe,2007,2023
Spain,ESP,2008,7.2648177,38606.21,46235010,Europe,2008,2023
Spain,ESP,2009,6.3578978,35630.33,46635128,Europe,2009,2023
Spain,ESP,2010,6.0404763,36337.7,46840419,Europe,2010,2023
Spain,ESP,2011,6.0385685,35552.812,46997994,Europe,2011,2023
Spain,ESP,2012,5.9138956,35236.293,47018277,Europe,2012,2023
Spain,ESP,2013,5.376438,33871.53,46860345,Europe,2013,2023
Spain,ESP,2014,5.4405065,33449.562,46720137,Europe,2014,2023
Spain,ESP,2015,5.7994676,33881.086,46683633,Europe,2015,2023
Spain,ESP,2016,5.5555286,34060.69,46732712,Europe,2016,2023
Spain,ESP,2017,5.837174,34390.28,46868543,Europe,2017,2023
Spain,ESP,2018,5.703422,34806.586,47092764,Europe,2018,2023
Spain,ESP,2019,5.282928,33605.45,47435072,Europe,2019,2023
Spain,ESP,2020,4.4430604,30043.191,47679437,Europe,2020,2023
Spain,ESP,2021,4.7987103,32225.066,47735610,Europe,2021,2023
Spain,ESP,2022,4.906234,33454.09,47828339,Europe,2022,2023
Spain,ESP,2023,4.6255174,33099.23,47911535,Europe,2023,2023
Sri Lanka,LKA,1985,0.25196466,1596.7792,15544108,Asia,1985,2023
Sri Lanka,LKA,1986,0.23267777,1657.5208,15731202,Asia,1986,2023
Sri Lanka,LKA,1987,0.25300208,1680.8441,15916537,Asia,1987,2023
Sri Lanka,LKA,1988,0.21498416,1640.4315,16078570,Asia,1988,2023
Sri Lanka,LKA,1989,0.21214324,1577.079,16248507,Asia,1989,2023
Sri Lanka,LKA,1990,0.23426642,1737.2018,16352408,Asia,1990,2023
Sri Lanka,LKA,1991,0.251178,1712.5369,16475313,Asia,1991,2023
Sri Lanka,LKA,1992,0.30505186,1815.5715,16739239,Asia,1992,2023
Sri Lanka,LKA,1993,0.2922276,1957.905,17025877,Asia,1993,2023
Sri Lanka,LKA,1994,0.31461522,2099.1562,17275722,Asia,1994,2023
Sri Lanka,LKA,1995,0.3310334,2241.126,17564019,Asia,1995,2023
Sri Lanka,LKA,1996,0.38930967,2338.9192,17904972,Asia,1996,2023
Sri Lanka,LKA,1997,0.41211239,2397.6028,18248161,Asia,1997,2023
Sri Lanka,LKA,1998,0.41600037,2540.6016,18595959,Asia,1998,2023
Sri Lanka,LKA,1999,0.4495517,2716.5598,18944689,Asia,1999,2023
Sri Lanka,LKA,2000,0.525273,2851.8083,19293012,Asia,2000,2023
Sri Lanka,LKA,2001,0.5268474,2750.116,19600303,Asia,2001,2023
Sri Lanka,LKA,2002,0.5527713,2799.956,19805697,Asia,2002,2023
Sri Lanka,LKA,2003,0.54898417,2852.4663,19951470,Asia,2003,2023
Sri Lanka,LKA,2004,0.6047206,2745.2893,20087563,Asia,2004,2023
Sri Lanka,LKA,2005,0.5903711,3140.5315,20216481,Asia,2005,2023
Sri Lanka,LKA,2006,0.5794185,3338.2832,20352372,Asia,2006,2023
Sri Lanka,LKA,2007,0.5929932,3358.7993,20492494,Asia,2007,2023
Sri Lanka,LKA,2008,0.58108026,3134.0298,20629321,Asia,2008,2023
Sri Lanka,LKA,2009,0.62364656,3147.0713,20756380,Asia,2009,2023
Sri Lanka,LKA,2010,0.62507623,3368.2034,20879032,Asia,2010,2023
Sri Lanka,LKA,2011,0.70856047,3623.197,21009008,Asia,2011,2023
Sri Lanka,LKA,2012,0.7462705,3708.9927,21169405,Asia,2012,2023
Sri Lanka,LKA,2013,0.6793697,3748.5815,21358787,Asia,2013,2023
Sri Lanka,LKA,2014,0.8084504,4043.9407,21547410,Asia,2014,2023
Sri Lanka,LKA,2015,0.90600365,4279.0234,21729921,Asia,2015,2023
Sri Lanka,LKA,2016,1.0491202,4708.024,21910711,Asia,2016,2023
Sri Lanka,LKA,2017,1.0355599,4962.6816,22087475,Asia,2017,2023
Sri Lanka,LKA,2018,0.9031052,5206.926,22253066,Asia,2018,2023
Sri Lanka,LKA,2019,0.9475737,5221.1147,22410495,Asia,2019,2023
Sri Lanka,LKA,2020,0.91415465,4881.4214,22561751,Asia,2020,2023
Sri Lanka,LKA,2021,1.0138694,5035.38,22700326,Asia,2021,2023
Sri Lanka,LKA,2022,0.87160707,4469.398,22834913,Asia,2022,2023
Sri Lanka,LKA,2023,0.88446397,4535.9824,22971566,Asia,2023,2023
Sudan,SDN,1985,0.18746391,937.922,19905826,Africa,1985,2023
Sudan,SDN,1986,0.19198884,1014.0163,20288200,Africa,1986,2023
Sudan,SDN,1987,0.14829554,960.01385,20704852,Africa,1987,2023
Sudan,SDN,1988,0.21019328,1027.2822,21138392,Africa,1988,2023
Sudan,SDN,1989,0.15947658,984.9865,21577977,Africa,1989,2023
Sudan,SDN,1990,0.21720992,883.2414,22021425,Africa,1990,2023
Sudan,SDN,1991,0.19936946,1207.1782,22470633,Africa,1991,2023
Sudan,SDN,1992,0.17452312,1097.8076,22927309,Africa,1992,2023
Sudan,SDN,1993,0.117492065,1023.1477,23445550,Africa,1993,2023
Sudan,SDN,1994,0.15961659,918.0966,24043904,Africa,1994,2023
Sudan,SDN,1995,0.16060415,825.63074,24672095,Africa,1995,2023
Sudan,SDN,1996,0.16233365,819.2176,25231490,Africa,1996,2023
Sudan,SDN,1997,0.19467501,815.4666,25799777,Africa,1997,2023
Sudan,SDN,1998,0.16524823,797.8403,26458940,Africa,1998,2023
Sudan,SDN,1999,0.17520224,842.39813,27130566,Africa,1999,2023
Sudan,SDN,2000,0.19022818,1182.5435,27816698,Africa,2000,2023
Sudan,SDN,2001,0.21101527,1239.9237,28516727,Africa,2001,2023
Sudan,SDN,2002,0.26116475,1434.762,29228670,Africa,2002,2023
Sudan,SDN,2003,0.28482822,1455.1571,29895989,Africa,2003,2023
Sudan,SDN,2004,0.355598,1560.1315,30556584,Africa,2004,2023
Sudan,SDN,2005,0.33772284,1767.6344,31262402,Africa,2005,2023
Sudan,SDN,2006,0.36085162,2052.4446,31992384,Africa,2006,2023
Sudan,SDN,2007,0.41397744,2118.6284,32764091,Africa,2007,2023
Sudan,SDN,2008,0.4216833,2246.169,33623932,Africa,2008,2023
Sudan,SDN,2009,0.4282725,2354.9653,34569068,Africa,2009,2023
Sudan,SDN,2010,0.42552695,2604.3655,35414359,Africa,2010,2023
Sudan,SDN,2011,0.40705228,2462.639,36140767,Africa,2011,2023
Sudan,SDN,2012,0.42681542,2326.128,36923122,Africa,2012,2023
Sudan,SDN,2013,0.45980918,2385.0166,37785804,Africa,2013,2023
Sudan,SDN,2014,0.3372939,2378.8403,38823281,Africa,2014,2023
Sudan,SDN,2015,0.3559455,2384.2434,40024389,Africa,2015,2023
Sudan,SDN,2016,0.47826862,2684.0552,41259842,Africa,2016,2023
Sudan,SDN,2017,0.47548124,2654.5432,42714260,Africa,2017,2023
Sudan,SDN,2018,0.46384126,2554.7512,44230549,Africa,2018,2023
Sudan,SDN,2019,0.47511515,2459.3628,45548129,Africa,2019,2023
Sudan,SDN,2020,0.4523519,2378.228,46789187,Africa,2020,2023
Sudan,SDN,2021,0.4622384,2317.3928,48066876,Africa,2021,2023
Suriname,SUR,1985,4.1243515,21447.695,386935,South America,1985,2023
Suriname,SUR,1986,4.4786115,19470.7,392293,South America,1986,2023
Suriname,SUR,1987,4.4266205,13957.419,396868,South America,1987,2023
Suriname,SUR,1988,4.6592803,16165.389,402184,South America,1988,2023
Suriname,SUR,1989,4.534504,21449.387,408371,South America,1989,2023
Suriname,SUR,1990,4.2123017,24363.615,412451,South America,1990,2023
Suriname,SUR,1991,4.8753233,24812.104,414976,South America,1991,2023
Suriname,SUR,1992,4.8626943,24010.205,417557,South America,1992,2023
Suriname,SUR,1993,4.8596706,24449.406,419321,South America,1993,2023
Suriname,SUR,1994,4.8355546,24248.496,422341,South America,1994,2023
Suriname,SUR,1995,4.796787,22854.074,429569,South America,1995,2023
Suriname,SUR,1996,4.7460704,22105.61,438787,South America,1996,2023
Suriname,SUR,1997,4.69725,22148.383,448023,South America,1997,2023
Suriname,SUR,1998,4.601197,21710.32,457371,South America,1998,2023
Suriname,SUR,1999,4.5466485,21439.824,466883,South America,1999,2023
Suriname,SUR,2000,4.599915,17458.83,476606,South America,2000,2023
Suriname,SUR,2001,4.856598,16939.615,486520,South America,2001,2023
Suriname,SUR,2002,3.1421475,18476.682,496512,South America,2002,2023
Suriname,SUR,2003,3.0368507,16105.433,506369,South America,2003,2023
Suriname,SUR,2004,3.0274906,18010.424,513886,South America,2004,2023
Suriname,SUR,2005,3.0591114,18127.873,519275,South America,2005,2023
Suriname,SUR,2006,3.3118331,19537.414,524954,South America,2006,2023
Suriname,SUR,2007,3.3078532,18059.73,530974,South America,2007,2023
Suriname,SUR,2008,3.5955482,21127.252,537211,South America,2008,2023
Suriname,SUR,2009,3.6625736,21246.133,543526,South America,2009,2023
Suriname,SUR,2010,4.310141,25234.633,549879,South America,2010,2023
Suriname,SUR,2011,4.953047,20305.736,556233,South America,2011,2023
Suriname,SUR,2012,4.4296713,21876.135,562588,South America,2012,2023
Suriname,SUR,2013,5.5317197,20840.512,568971,South America,2013,2023
Suriname,SUR,2014,5.5631146,20081.727,575336,South America,2014,2023
Suriname,SUR,2015,4.6653666,18293.592,581595,South America,2015,2023
Suriname,SUR,2016,4.9697065,18815.174,587714,South America,2016,2023
Suriname,SUR,2017,4.08715,21698.678,593667,South America,2017,2023
Suriname,SUR,2018,3.4853392,21688.73,599459,South America,2018,2023
Suriname,SUR,2019,4.3514423,21629.324,605727,South America,2019,2023
Suriname,SUR,2020,4.7658405,20356.205,612267,South America,2020,2023
Suriname,SUR,2021,4.277874,20284.996,617863,South America,2021,2023
Sweden,SWE,1985,7.4685736,82435.34,8350190,Europe,1985,2023
Sweden,SWE,1986,7.4089007,85226.414,8369633,Europe,1986,2023
Sweden,SWE,1987,7.108544,83179.805,8397600,Europe,1987,2023
Sweden,SWE,1988,6.806896,81001.2,8436315,Europe,1988,2023
Sweden,SWE,1989,6.5374103,78874.5,8492778,Europe,1989,2023
Sweden,SWE,1990,6.7208395,75359.84,8558526,Europe,1990,2023
Sweden,SWE,1991,6.7020774,74717.54,8616913,Europe,1991,2023
Sweden,SWE,1992,6.6429887,75575.37,8667529,Europe,1992,2023
Sweden,SWE,1993,6.6038055,74527.914,8717989,Europe,1993,2023
Sweden,SWE,1994,6.836518,74486.35,8780150,Europe,1994,2023
Sweden,SWE,1995,6.7425933,76114.61,8826250,Europe,1995,2023
Sweden,SWE,1996,7.1695747,74011.07,8840281,Europe,1996,2023
Sweden,SWE,1997,6.600343,76452.516,8845470,Europe,1997,2023
Sweden,SWE,1998,6.643855,79912.12,8850553,Europe,1998,2023
Sweden,SWE,1999,6.320143,77979.52,8857642,Europe,1999,2023
Sweden,SWE,2000,6.1913505,73473.09,8872062,Europe,2000,2023
Sweden,SWE,2001,6.276719,78203.445,8895980,Europe,2001,2023
Sweden,SWE,2002,6.351311,72761.77,8924991,Europe,2002,2023
Sweden,SWE,2003,6.395369,67983.805,8958387,Europe,2003,2023
Sweden,SWE,2004,6.284015,73809.125,8993754,Europe,2004,2023
Sweden,SWE,2005,5.966446,74351.46,9029713,Europe,2005,2023
Sweden,SWE,2006,5.9178863,69210.57,9080584,Europe,2006,2023
Sweden,SWE,2007,5.7928085,69957.22,9148219,Europe,2007,2023
Sweden,SWE,2008,5.5170517,69189.04,9219853,Europe,2008,2023
Sweden,SWE,2009,5.080106,62336.01,9298692,Europe,2009,2023
Sweden,SWE,2010,5.6641927,66270.92,9378187,Europe,2010,2023
Sweden,SWE,2011,5.2079105,64644.645,9449207,Europe,2011,2023
Sweden,SWE,2012,4.907013,67522.56,9519430,Europe,2012,2023
Sweden,SWE,2013,4.708229,62550.26,9600578,Europe,2013,2023
Sweden,SWE,2014,4.48339,61633.875,9696389,Europe,2014,2023
Sweden,SWE,2015,4.4306774,63157.69,9799437,Europe,2015,2023
Sweden,SWE,2016,4.3749504,61225.848,9923227,Europe,2016,2023
Sweden,SWE,2017,4.2194505,62769.023,10057811,Europe,2017,2023
Sweden,SWE,2018,4.1333666,59946.555,10175356,Europe,2018,2023
Sweden,SWE,2019,3.9724972,60948.945,10279068,Europe,2019,2023
Sweden,SWE,2020,3.5448945,57891.91,10353627,Europe,2020,2023
Sweden,SWE,2021,3.7090452,60540.156,10416075,Europe,2021,2023
Sweden,SWE,2022,3.573317,58931.953,10487289,Europe,2022,2023
Sweden,SWE,2023,3.464577,56303.94,10551441,Europe,2023,2023
Switzerland,CHE,1985,6.1447577,50044.062,6470914,Europe,1985,2023
Switzerland,CHE,1986,6.491623,52258.336,6504692,Europe,1986,2023
Switzerland,CHE,1987,6.13871,51625.56,6545718,Europe,1987,2023
Switzerland,CHE,1988,6.1625237,51638.832,6594095,Europe,1988,2023
Switzerland,CHE,1989,5.925124,47871.336,6647740,Europe,1989,2023
Switzerland,CHE,1990,6.576461,49410.152,6713123,Europe,1990,2023
Switzerland,CHE,1991,6.7871637,50118.11,6796900,Europe,1991,2023
Switzerland,CHE,1992,6.6934586,50348.56,6875000,Europe,1992,2023
Switzerland,CHE,1993,6.2856545,49807.938,6938058,Europe,1993,2023
Switzerland,CHE,1994,6.1012816,51916.375,6993543,Europe,1994,2023
Switzerland,CHE,1995,6.166367,48874.76,7040436,Europe,1995,2023
Switzerland,CHE,1996,6.237141,47002.17,7071835,Europe,1996,2023
Switzerland,CHE,1997,6.072092,50136.387,7089120,Europe,1997,2023
Switzerland,CHE,1998,6.2758956,50269.312,7110242,Europe,1998,2023
Switzerland,CHE,1999,6.22132,52284.445,7144067,Europe,1999,2023
Switzerland,CHE,2000,6.071977,50728.715,7183943,Europe,2000,2023
Switzerland,CHE,2001,6.2391872,53862.72,7226349,Europe,2001,2023
Switzerland,CHE,2002,5.9717784,49782.92,7278704,Europe,2002,2023
Switzerland,CHE,2003,6.0885286,48884.53,7333404,Europe,2003,2023
Switzerland,CHE,2004,6.1256723,48387.895,7384137,Europe,2004,2023
Switzerland,CHE,2005,6.1595945,45875.312,7431778,Europe,2005,2023
Switzerland,CHE,2006,6.06603,46835.152,7478464,Europe,2006,2023
Switzerland,CHE,2007,5.746348,47056.12,7545336,Europe,2007,2023
Switzerland,CHE,2008,5.849308,47463.715,7641679,Europe,2008,2023
Switzerland,CHE,2009,5.624919,45899.61,7737594,Europe,2009,2023
Switzerland,CHE,2010,5.7546425,45954.605,7825700,Europe,2010,2023
Switzerland,CHE,2011,5.177019,42336.48,7914333,Europe,2011,2023
Switzerland,CHE,2012,5.28081,44281.652,7998872,Europe,2012,2023
Switzerland,CHE,2013,5.335637,44402.76,8091148,Europe,2013,2023
Switzerland,CHE,2014,4.788791,42067.453,8190179,Europe,2014,2023
Switzerland,CHE,2015,4.6740065,40610.04,8283893,Europe,2015,2023
Switzerland,CHE,2016,4.677344,37770.08,8374857,Europe,2016,2023
Switzerland,CHE,2017,4.514635,37506.7,8453574,Europe,2017,2023
Switzerland,CHE,2018,4.32806,37754.48,8516296,Europe,2018,2023
Switzerland,CHE,2019,4.2810693,39174.78,8577482,Europe,2019,2023
Switzerland,CHE,2020,3.9613538,35722.31,8640538,Europe,2020,2023
Switzerland,CHE,2021,4.109331,34296.21,8706973,Europe,2021,2023
Switzerland,CHE,2022,3.7327585,33191.535,8792128,Europe,2022,2023
Switzerland,CHE,2023,3.6905727,35768.574,8870520,Europe,2023,2023
Syria,SYR,1985,2.7658954,10712.741,10625629,Asia,1985,2023
Syria,SYR,1986,2.8241231,10361.691,11002795,Asia,1986,2023
Syria,SYR,1987,3.1559656,11199.284,11388866,Asia,1987,2023
Syria,SYR,1988,3.1130912,11365.334,11782217,Asia,1988,2023
Syria,SYR,1989,2.8139615,11767.298,12179017,Asia,1989,2023
Syria,SYR,1990,2.9449742,13217.924,12579170,Asia,1990,2023
Syria,SYR,1991,3.2510235,11900.062,12980777,Asia,1991,2023
Syria,SYR,1992,3.1796846,11913.307,13385522,Asia,1992,2023
Syria,SYR,1993,3.2779639,12846.352,13795647,Asia,1993,2023
Syria,SYR,1994,3.2128656,13276.386,14208530,Asia,1994,2023
Syria,SYR,1995,3.152719,12424.795,14616758,Asia,1995,2023
Syria,SYR,1996,3.1380692,13037.239,15018059,Asia,1996,2023
Syria,SYR,1997,3.1948597,13492.298,15417488,Asia,1997,2023
Syria,SYR,1998,3.3601272,14152.055,15820359,Asia,1998,2023
Syria,SYR,1999,3.3984866,14200.536,16228011,Asia,1999,2023
Syria,SYR,2000,3.255898,13354.251,16637829,Asia,2000,2023
Syria,SYR,2001,2.9881032,12865.062,17051298,Asia,2001,2023
Syria,SYR,2002,2.3098788,13570.627,17468285,Asia,2002,2023
Syria,SYR,2003,3.0732384,12843.79,17889248,Asia,2003,2023
Syria,SYR,2004,2.7969177,13915.218,18336839,Asia,2004,2023
Syria,SYR,2005,2.6975083,15298.658,18814043,Asia,2005,2023
Syria,SYR,2006,2.732792,15247.384,19636966,Asia,2006,2023
Syria,SYR,2007,3.1919188,14764.992,20884096,Asia,2007,2023
Syria,SYR,2008,3.1315417,14448.704,21636510,Asia,2008,2023
Syria,SYR,2009,2.8652048,13302.27,21976919,Asia,2009,2023
Syria,SYR,2010,2.7453482,13451.906,22482377,Asia,2010,2023
Syria,SYR,2011,2.5717041,11966.39,22878049,Asia,2011,2023
Syria,SYR,2012,2.0145333,9298.453,22759716,Asia,2012,2023
Syria,SYR,2013,1.5711961,7177.317,21666877,Asia,2013,2023
Syria,SYR,2014,1.5262723,6826.9824,20273611,Asia,2014,2023
Syria,SYR,2015,1.4725271,6352.633,19424567,Asia,2015,2023
Syria,SYR,2016,1.4039447,6267.527,19193793,Asia,2016,2023
Syria,SYR,2017,1.6432434,6299.887,19224621,Asia,2017,2023
Syria,SYR,2018,1.5004996,7240.203,19577802,Asia,2018,2023
Syria,SYR,2019,1.3463072,6154.949,20353478,Asia,2019,2023
Syria,SYR,2020,1.2500484,5564.748,21049378,Asia,2020,2023
Syria,SYR,2021,1.2036942,5507.217,21628791,Asia,2021,2023
Taiwan,TWN,1985,4.3294234,20364.154,19571649,Asia,1985,2023
Taiwan,TWN,1986,4.762885,21881.871,19805937,Asia,1986,2023
Taiwan,TWN,1987,4.9064403,23409.428,20015775,Asia,1987,2023
Taiwan,TWN,1988,5.5921454,25580.686,20223611,Asia,1988,2023
Taiwan,TWN,1989,6.0300336,26871.564,20418862,Asia,1989,2023
Taiwan,TWN,1990,6.033449,28379.809,20594854,Asia,1990,2023
Taiwan,TWN,1991,6.430223,29719.355,20781705,Asia,1991,2023
Taiwan,TWN,1992,6.788282,31301.725,20982040,Asia,1992,2023
Taiwan,TWN,1993,7.2750263,32846.836,21174631,Asia,1993,2023
Taiwan,TWN,1994,7.5648866,34586.336,21357095,Asia,1994,2023
Taiwan,TWN,1995,7.8972993,36471.254,21534451,Asia,1995,2023
Taiwan,TWN,1996,8.202,37697.25,21709218,Asia,1996,2023
Taiwan,TWN,1997,8.717362,39616.754,21885290,Asia,1997,2023
Taiwan,TWN,1998,9.095399,41652.133,22049170,Asia,1998,2023
Taiwan,TWN,1999,9.368832,43310.273,22203728,Asia,1999,2023
Taiwan,TWN,2000,10.161454,46006.68,22332827,Asia,2000,2023
Taiwan,TWN,2001,10.310473,47183.094,22446204,Asia,2001,2023
Taiwan,TWN,2002,10.57157,48773.605,22566847,Asia,2002,2023
Taiwan,TWN,2003,10.992236,50697.074,22664087,Asia,2003,2023
Taiwan,TWN,2004,11.403061,52560.58,22745385,Asia,2004,2023
Taiwan,TWN,2005,11.692853,53024.004,22824882,Asia,2005,2023
Taiwan,TWN,2006,12.068117,54255.69,22914594,Asia,2006,2023
Taiwan,TWN,2007,12.173583,56351.52,23006867,Asia,2007,2023
Taiwan,TWN,2008,11.560374,54132.203,23086191,Asia,2008,2023
Taiwan,TWN,2009,10.923401,52434.082,23164307,Asia,2009,2023
Taiwan,TWN,2010,11.656695,56081.582,23223993,Asia,2010,2023
Taiwan,TWN,2011,11.89248,55746.93,23273026,Asia,2011,2023
Taiwan,TWN,2012,11.705775,55064.99,23345913,Asia,2012,2023
Taiwan,TWN,2013,11.725589,55922.867,23416820,Asia,2013,2023
Taiwan,TWN,2014,11.7992115,56948.598,23472755,Asia,2014,2023
Taiwan,TWN,2015,11.741279,56691.645,23529210,Asia,2015,2023
Taiwan,TWN,2016,11.879373,56782.355,23586094,Asia,2016,2023
Taiwan,TWN,2017,12.090345,56655.562,23632907,Asia,2017,2023
Taiwan,TWN,2018,11.999405,57184.87,23659256,Asia,2018,2023
Taiwan,TWN,2019,11.592632,55963.73,23674088,Asia,2019,2023
Taiwan,TWN,2020,11.503086,54224.758,23663407,Asia,2020,2023
Taiwan,TWN,2021,12.036995,57541.78,23558281,Asia,2021,2023
Taiwan,TWN,2022,11.685236,55197.62,23420051,Asia,2022,2023
Taiwan,TWN,2023,11.200046,52584.99,23317100,Asia,2023,2023
Tajikistan,TJK,1992,1.2936186,14639.244,5649349,Asia,1992,2023
Tajikistan,TJK,1993,0.9031669,13376.031,5724962,Asia,1993,2023
Tajikistan,TJK,1994,0.40428612,12776.354,5825325,Asia,1994,2023
Tajikistan,TJK,1995,0.4110724,10349.637,5948531,Asia,1995,2023
Tajikistan,TJK,1996,0.46547607,11170.703,6066473,Asia,1996,2023
Tajikistan,TJK,1997,0.3501896,10478.981,6139771,Asia,1997,2023
Tajikistan,TJK,1998,0.4042308,10748.015,6176350,Asia,1998,2023
Tajikistan,TJK,1999,0.4054558,12073.618,6208319,Asia,1999,2023
Tajikistan,TJK,2000,0.35544544,9375.051,6284683,Asia,2000,2023
Tajikistan,TJK,2001,0.35702965,9605.366,6407328,Asia,2001,2023
Tajikistan,TJK,2002,0.2874087,9681.626,6531615,Asia,2002,2023
Tajikistan,TJK,2003,0.31100854,9982.501,6658521,Asia,2003,2023
Tajikistan,TJK,2004,0.37706962,9975.018,6790502,Asia,2004,2023
Tajikistan,TJK,2005,0.35228902,10009.744,6924675,Asia,2005,2023
Tajikistan,TJK,2006,0.37621823,9612.615,7057521,Asia,2006,2023
Tajikistan,TJK,2007,0.44855547,8899.638,7194419,Asia,2007,2023
Tajikistan,TJK,2008,0.39464197,8418.195,7338348,Asia,2008,2023
Tajikistan,TJK,2009,0.32629073,7411.4946,7490173,Asia,2009,2023
Tajikistan,TJK,2010,0.3314667,7504.4023,7652096,Asia,2010,2023
Tajikistan,TJK,2011,0.29914564,7255.999,7824737,Asia,2011,2023
Tajikistan,TJK,2012,0.36603424,7500.7905,8014037,Asia,2012,2023
Tajikistan,TJK,2013,0.35377926,7599.0825,8216686,Asia,2013,2023
Tajikistan,TJK,2014,0.5459748,7586.009,8425521,Asia,2014,2023
Tajikistan,TJK,2015,0.61342055,7419.728,8643796,Asia,2015,2023
Tajikistan,TJK,2016,0.6420905,7461.84,8865574,Asia,2016,2023
Tajikistan,TJK,2017,0.754802,7440.846,9085890,Asia,2017,2023
Tajikistan,TJK,2018,0.8660396,7761.8164,9307292,Asia,2018,2023
Tajikistan,TJK,2019,0.91206217,8041.5947,9529924,Asia,2019,2023
Tajikistan,TJK,2020,0.96463424,7819.3896,9749262,Asia,2020,2023
Tajikistan,TJK,2021,0.92584985,7674.914,9966868,Asia,2021,2023
Tanzania,TZA,1985,0.103899054,560.8573,22501649,Africa,1985,2023
Tanzania,TZA,1986,0.09792345,616.63806,23258913,Africa,1986,2023
Tanzania,TZA,1987,0.09852175,551.5666,24030329,Africa,1987,2023
Tanzania,TZA,1988,0.09171249,570.06213,24769647,Africa,1988,2023
Tanzania,TZA,1989,0.0849728,568.6769,25438705,Africa,1989,2023
Tanzania,TZA,1990,0.08089992,609.22125,26110150,Africa,1990,2023
Tanzania,TZA,1991,0.084213406,544.2163,26780391,Africa,1991,2023
Tanzania,TZA,1992,0.07930743,557.32587,27457553,Africa,1992,2023
Tanzania,TZA,1993,0.08562691,562.8236,28332637,Africa,1993,2023
Tanzania,TZA,1994,0.070073396,486.20844,29442315,Africa,1994,2023
Tanzania,TZA,1995,0.08010578,466.89685,30383451,Africa,1995,2023
Tanzania,TZA,1996,0.081649646,485.1368,30945706,Africa,1996,2023
Tanzania,TZA,1997,0.08944057,442.21457,31578042,Africa,1997,2023
Tanzania,TZA,1998,0.076523915,497.82812,32420413,Africa,1998,2023
Tanzania,TZA,1999,0.07383583,509.66318,33300297,Africa,1999,2023
Tanzania,TZA,2000,0.075067535,507.39966,34260098,Africa,2000,2023
Tanzania,TZA,2001,0.086390935,568.7673,35198252,Africa,2001,2023
Tanzania,TZA,2002,0.096497655,609.6456,36121250,Africa,2002,2023
Tanzania,TZA,2003,0.09941467,599.97876,37089505,Africa,2003,2023
Tanzania,TZA,2004,0.11076688,711.8553,38109614,Africa,2004,2023
Tanzania,TZA,2005,0.13669062,731.13336,39182037,Africa,2005,2023
Tanzania,TZA,2006,0.1458311,731.37897,40294845,Africa,2006,2023
Tanzania,TZA,2007,0.13771167,770.0197,41435458,Africa,2007,2023
Tanzania,TZA,2008,0.14067592,781.3906,42570675,Africa,2008,2023
Tanzania,TZA,2009,0.13309558,755.73883,43633923,Africa,2009,2023
Tanzania,TZA,2010,0.16073191,846.9323,44758438,Africa,2010,2023
Tanzania,TZA,2011,0.18472126,838.51044,46029314,Africa,2011,2023
Tanzania,TZA,2012,0.21954665,978.3811,47374207,Africa,2012,2023
Tanzania,TZA,2013,0.23089948,991.1976,48824088,Africa,2013,2023
Tanzania,TZA,2014,0.2201672,1005.08777,50351462,Africa,2014,2023
Tanzania,TZA,2015,0.24817988,1002.2089,52020910,Africa,2015,2023
Tanzania,TZA,2016,0.25355113,1062.1554,53823964,Africa,2016,2023
Tanzania,TZA,2017,0.24583815,931.5729,55652838,Africa,2017,2023
Tanzania,TZA,2018,0.25089064,968.8984,57437090,Africa,2018,2023
Tanzania,TZA,2019,0.27675864,956.22565,59174848,Africa,2019,2023
Tanzania,TZA,2020,0.2665194,913.5875,60972752,Africa,2020,2023
Tanzania,TZA,2021,0.29072848,907.40393,62830365,Africa,2021,2023
Thailand,THA,1985,0.9521484,3761.0837,50270704,Asia,1985,2023
Thailand,THA,1986,0.9568572,3928.2644,51177780,Asia,1986,2023
Thailand,THA,1987,1.0334203,4403.827,52074054,Asia,1987,2023
Thailand,THA,1988,1.146537,4869.9316,52969542,Asia,1988,2023
Thailand,THA,1989,1.331427,5540.785,53848913,Asia,1989,2023
Thailand,THA,1990,1.5814027,6407.8936,54738282,Asia,1990,2023
Thailand,THA,1991,1.7082905,6959.9614,55637391,Asia,1991,2023
Thailand,THA,1992,1.8665439,7502.8447,56528779,Asia,1992,2023
Thailand,THA,1993,2.122609,8390.328,57408155,Asia,1993,2023
Thailand,THA,1994,2.3492641,9295.968,58260809,Asia,1994,2023
Thailand,THA,1995,2.5999107,10350.308,59098195,Asia,1995,2023
Thailand,THA,1996,2.8966253,11558.681,59920009,Asia,1996,2023
Thailand,THA,1997,2.9840117,12012.622,60724538,Asia,1997,2023
Thailand,THA,1998,2.5958607,10932.647,61522574,Asia,1998,2023
Thailand,THA,1999,2.6843886,11455.089,62298991,Asia,1999,2023
Thailand,THA,2000,2.656056,11760.442,63007767,Asia,2000,2023
Thailand,THA,2001,2.706424,12289.235,63651090,Asia,2001,2023
Thailand,THA,2002,2.8734381,13203.159,64266381,Asia,2002,2023
Thailand,THA,2003,2.9457886,14074.299,64868110,Asia,2003,2023
Thailand,THA,2004,3.1676755,15154.089,65451997,Asia,2004,2023
Thailand,THA,2005,3.2464967,15513.462,66017363,Asia,2005,2023
Thailand,THA,2006,3.2421854,15726.867,66567647,Asia,2006,2023
Thailand,THA,2007,3.3394146,16141.031,67102346,Asia,2007,2023
Thailand,THA,2008,3.3163188,16019.202,67619781,Asia,2008,2023
Thailand,THA,2009,3.3592596,16352.36,68121030,Asia,2009,2023
Thailand,THA,2010,3.514452,17276.059,68579392,Asia,2010,2023
Thailand,THA,2011,3.5485907,17645.639,69007158,Asia,2011,2023
Thailand,THA,2012,3.778263,18694.713,69436048,Asia,2012,2023
Thailand,THA,2013,3.7762656,18868.783,69845062,Asia,2013,2023
Thailand,THA,2014,3.8806882,19398.96,70216319,Asia,2014,2023
Thailand,THA,2015,3.9282084,19595.387,70540737,Asia,2015,2023
Thailand,THA,2016,4.008556,19906.965,70859797,Asia,2016,2023
Thailand,THA,2017,3.9818301,20207.6,71160146,Asia,2017,2023
Thailand,THA,2018,4.0392394,20784.785,71376039,Asia,2018,2023
Thailand,THA,2019,3.9411173,20751.527,71522216,Asia,2019,2023
Thailand,THA,2020,3.7956147,19247.928,71641437,Asia,2020,2023
Thailand,THA,2021,3.7244093,19368.557,71727293,Asia,2021,2023
Thailand,THA,2022,3.799712,19357.754,71735273,Asia,2022,2023
Thailand,THA,2023,3.6873055,19370.299,71702397,Asia,2023,2023
Togo,TGO,1985,0.19151987,938.96436,3441058,Africa,1985,2023
Togo,TGO,1986,0.23899,773.28784,3547910,Africa,1986,2023
Togo,TGO,1987,0.2529002,717.4692,3657474,Africa,1987,2023
Togo,TGO,1988,0.25557634,719.1628,3769711,Africa,1988,2023
Togo,TGO,1989,0.2637353,817.13654,3883375,Africa,1989,2023
Togo,TGO,1990,0.24448979,767.9702,3998711,Africa,1990,2023
Togo,TGO,1991,0.25508472,1235.1199,4115519,Africa,1991,2023
Togo,TGO,1992,0.24341059,890.8866,4233571,Africa,1992,2023
Togo,TGO,1993,0.2540296,770.78015,4207411,Africa,1993,2023
Togo,TGO,1994,0.23838556,796.3497,4222903,Africa,1994,2023
Togo,TGO,1995,0.26633382,835.58734,4410784,Africa,1995,2023
Togo,TGO,1996,0.2763701,771.02893,4577814,Africa,1996,2023
Togo,TGO,1997,0.18602926,705.9621,4724988,Africa,1997,2023
Togo,TGO,1998,0.2653777,751.60645,4860872,Africa,1998,2023
Togo,TGO,1999,0.37006986,1030.9337,5000229,Africa,1999,2023
Togo,TGO,2000,0.25902185,918.548,5139999,Africa,2000,2023
Togo,TGO,2001,0.21960181,790.456,5277338,Africa,2001,2023
Togo,TGO,2002,0.24430336,844.63257,5413233,Africa,2002,2023
Togo,TGO,2003,0.3250526,1026.2677,5552120,Africa,2003,2023
Togo,TGO,2004,0.3061422,983.6732,5696467,Africa,2004,2023
Togo,TGO,2005,0.29456148,934.8484,5844590,Africa,2005,2023
Togo,TGO,2006,0.24964234,792.30255,6010623,Africa,2006,2023
Togo,TGO,2007,0.2450999,939.68665,6188301,Africa,2007,2023
Togo,TGO,2008,0.2391008,1089.204,6368770,Africa,2008,2023
Togo,TGO,2009,0.38701522,1878.3422,6551820,Africa,2009,2023
Togo,TGO,2010,0.38554484,1746.39,6732545,Africa,2010,2023
Togo,TGO,2011,0.36202508,1573.317,6916427,Africa,2011,2023
Togo,TGO,2012,0.31202996,1360.6296,7100693,Africa,2012,2023
Togo,TGO,2013,0.22545807,1350.6348,7285399,Africa,2013,2023
Togo,TGO,2014,0.20634533,1142.6974,7472415,Africa,2014,2023
Togo,TGO,2015,0.2431557,868.2643,7663160,Africa,2015,2023
Togo,TGO,2016,0.2942104,1134.5723,7858247,Africa,2016,2023
Togo,TGO,2017,0.24716008,1072.4285,8057086,Africa,2017,2023
Togo,TGO,2018,0.2572893,1253.3207,8258739,Africa,2018,2023
Togo,TGO,2019,0.27396706,1304.0579,8463021,Africa,2019,2023
Togo,TGO,2020,0.28130147,1152.5186,8669667,Africa,2020,2023
Togo,TGO,2021,0.300787,1115.7043,8878342,Africa,2021,2023
Tonga,TON,1985,0.48623928,1901.9198,97960,Oceania,1985,2023
Tonga,TON,1986,0.486145,1181.0416,97979,Oceania,1986,2023
Tonga,TON,1987,0.55878645,2610.7266,98356,Oceania,1987,2023
Tonga,TON,1988,0.7035899,3246.3901,98944,Oceania,1988,2023
Tonga,TON,1989,0.70058066,3992.3464,99369,Oceania,1989,2023
Tonga,TON,1990,0.8455441,3978.3167,99666,Oceania,1990,2023
Tonga,TON,1991,0.8805487,4029.2737,99865,Oceania,1991,2023
Tonga,TON,1992,0.69616,3821.6296,100000,Oceania,1992,2023
Tonga,TON,1993,0.8420716,3804.4465,100077,Oceania,1993,2023
Tonga,TON,1994,0.9147194,5157.566,100140,Oceania,1994,2023
Tonga,TON,1995,0.9507955,4650.3643,100194,Oceania,1995,2023
Tonga,TON,1996,0.7675825,5273.752,100242,Oceania,1996,2023
Tonga,TON,1997,0.9827838,5493.356,100661,Oceania,1997,2023
Tonga,TON,1998,0.86751837,5547.4536,101365,Oceania,1998,2023
Tonga,TON,1999,1.077478,5513.0117,102016,Oceania,1999,2023
Tonga,TON,2000,0.92801964,4269.8066,102653,Oceania,2000,2023
Tonga,TON,2001,0.8515979,3823.2922,103260,Oceania,2001,2023
Tonga,TON,2002,0.9880386,4121.7227,103834,Oceania,2002,2023
Tonga,TON,2003,1.1227747,5048.9946,104427,Oceania,2003,2023
Tonga,TON,2004,1.0464286,4648.0396,105043,Oceania,2004,2023
Tonga,TON,2005,1.07527,4922.036,105633,Oceania,2005,2023
Tonga,TON,2006,1.2073057,5507.4424,106220,Oceania,2006,2023
Tonga,TON,2007,1.0645872,4695.1675,106693,Oceania,2007,2023
Tonga,TON,2008,1.1301032,5056.352,106992,Oceania,2008,2023
Tonga,TON,2009,1.2307233,5477.1777,107176,Oceania,2009,2023
Tonga,TON,2010,1.0920403,4973.945,107366,Oceania,2010,2023
Tonga,TON,2011,0.9540513,4697.0693,107533,Oceania,2011,2023
Tonga,TON,2012,0.989118,4791.762,107425,Oceania,2012,2023
Tonga,TON,2013,1.0611658,4721.155,107037,Oceania,2013,2023
Tonga,TON,2014,1.065656,5144.9155,106586,Oceania,2014,2023
Tonga,TON,2015,1.1055396,5404.378,106055,Oceania,2015,2023
Tonga,TON,2016,1.1809272,5738.4834,105490,Oceania,2016,2023
Tonga,TON,2017,1.2870787,6831.2397,105330,Oceania,2017,2023
Tonga,TON,2018,1.2844812,5979.639,105543,Oceania,2018,2023
Tonga,TON,2019,1.5260453,6863.2144,105643,Oceania,2019,2023
Tonga,TON,2020,1.7336501,6542.066,105673,Oceania,2020,2023
Tonga,TON,2021,1.806809,6698.5938,105450,Oceania,2021,2023
Trinidad and Tobago,TTO,1985,17.453646,49260.43,1187321,North America,1985,2023
Trinidad and Tobago,TTO,1986,14.425286,50520.03,1203085,North America,1986,2023
Trinidad and Tobago,TTO,1987,14.36686,47110.28,1217320,North America,1987,2023
Trinidad and Tobago,TTO,1988,12.87221,51222.977,1230022,North America,1988,2023
Trinidad and Tobago,TTO,1989,12.9715,49929.008,1241570,North America,1989,2023
Trinidad and Tobago,TTO,1990,13.561475,54953.477,1252162,North America,1990,2023
Trinidad and Tobago,TTO,1991,13.44409,54370.1,1262128,North America,1991,2023
Trinidad and Tobago,TTO,1992,15.022325,57134.273,1271625,North America,1992,2023
Trinidad and Tobago,TTO,1993,13.598065,59829.043,1280417,North America,1993,2023
Trinidad and Tobago,TTO,1994,11.914427,63042.27,1288301,North America,1994,2023
Trinidad and Tobago,TTO,1995,11.375389,68030.17,1295122,North America,1995,2023
Trinidad and Tobago,TTO,1996,14.189076,76745.875,1300883,North America,1996,2023
Trinidad and Tobago,TTO,1997,14.482614,76450.305,1305786,North America,1997,2023
Trinidad and Tobago,TTO,1998,15.192766,77341.914,1310176,North America,1998,2023
Trinidad and Tobago,TTO,1999,17.186417,85669.414,1314664,North America,1999,2023
Trinidad and Tobago,TTO,2000,18.463089,86782.33,1319730,North America,2000,2023
Trinidad and Tobago,TTO,2001,20.185463,94861.82,1325528,North America,2001,2023
Trinidad and Tobago,TTO,2002,21.548494,101671.26,1331963,North America,2002,2023
Trinidad and Tobago,TTO,2003,24.196547,114354.07,1338674,North America,2003,2023
Trinidad and Tobago,TTO,2004,24.314482,124730.17,1345344,North America,2004,2023
Trinidad and Tobago,TTO,2005,28.2744,136757.3,1351993,North America,2005,2023
Trinidad and Tobago,TTO,2006,31.447933,157557.25,1358660,North America,2006,2023
Trinidad and Tobago,TTO,2007,33.385113,159854.39,1365342,North America,2007,2023
Trinidad and Tobago,TTO,2008,32.40758,156580.89,1372044,North America,2008,2023
Trinidad and Tobago,TTO,2009,32.225334,154505.1,1379001,North America,2009,2023
Trinidad and Tobago,TTO,2010,33.976368,165583.05,1386606,North America,2010,2023
Trinidad and Tobago,TTO,2011,33.73882,162349.44,1394948,North America,2011,2023
Trinidad and Tobago,TTO,2012,32.894268,157944.3,1403767,North America,2012,2023
Trinidad and Tobago,TTO,2013,32.438995,158654.84,1412610,North America,2013,2023
Trinidad and Tobago,TTO,2014,32.99713,157744.7,1421085,North America,2014,2023
Trinidad and Tobago,TTO,2015,31.87891,151786.81,1429148,North America,2015,2023
Trinidad and Tobago,TTO,2016,27.761591,133239,1436989,North America,2016,2023
Trinidad and Tobago,TTO,2017,27.89761,140041.06,1445217,North America,2017,2023
Trinidad and Tobago,TTO,2018,27.422825,128954.38,1470471,North America,2018,2023
Trinidad and Tobago,TTO,2019,27.466105,128426.54,1484843,North America,2019,2023
Trinidad and Tobago,TTO,2020,23.677786,111546.414,1480979,North America,2020,2023
Trinidad and Tobago,TTO,2021,24.476803,113474.2,1487659,North America,2021,2023
Trinidad and Tobago,TTO,2022,24.270796,113031.766,1495868,North America,2022,2023
Trinidad and Tobago,TTO,2023,22.834675,106746.78,1502887,North America,2023,2023
Tunisia,TUN,1985,1.6141406,6728.8257,7409853,Africa,1985,2023
Tunisia,TUN,1986,1.5903665,6898.8413,7600254,Africa,1986,2023
Tunisia,TUN,1987,1.5121857,6263.1914,7789942,Africa,1987,2023
Tunisia,TUN,1988,1.5669211,6550.7026,7974393,Africa,1988,2023
Tunisia,TUN,1989,1.6276774,7160.6406,8151614,Africa,1989,2023
Tunisia,TUN,1990,1.6280754,6962.2285,8324459,Africa,1990,2023
Tunisia,TUN,1991,1.8826112,5633.912,8501781,Africa,1991,2023
Tunisia,TUN,1992,1.7457929,6370.341,8682454,Africa,1992,2023
Tunisia,TUN,1993,1.8535776,7130.2163,8857863,Africa,1993,2023
Tunisia,TUN,1994,1.7891277,7582.721,9018389,Africa,1994,2023
Tunisia,TUN,1995,1.7761486,6736.639,9161208,Africa,1995,2023
Tunisia,TUN,1996,1.7880952,7133.3154,9294385,Africa,1996,2023
Tunisia,TUN,1997,1.8272903,8177.038,9421219,Africa,1997,2023
Tunisia,TUN,1998,1.8645552,8681.736,9541629,Africa,1998,2023
Tunisia,TUN,1999,1.9304026,8647.7705,9655915,Africa,1999,2023
Tunisia,TUN,2000,2.0022259,9003.821,9764887,Africa,2000,2023
Tunisia,TUN,2001,2.0699482,9892.748,9869638,Africa,2001,2023
Tunisia,TUN,2002,2.0739326,9695.501,9971483,Africa,2002,2023
Tunisia,TUN,2003,2.0992043,9464.025,10071594,Africa,2003,2023
Tunisia,TUN,2004,2.173355,9557.016,10166114,Africa,2004,2023
Tunisia,TUN,2005,2.1984317,10276.655,10255431,Africa,2005,2023
Tunisia,TUN,2006,2.220099,9603.969,10346362,Africa,2006,2023
Tunisia,TUN,2007,2.3550868,8479.419,10441654,Africa,2007,2023
Tunisia,TUN,2008,2.4223328,9715.218,10542588,Africa,2008,2023
Tunisia,TUN,2009,2.3871565,8024.898,10650632,Africa,2009,2023
Tunisia,TUN,2010,2.6135979,8150.696,10765930,Africa,2010,2023
Tunisia,TUN,2011,2.4284801,7678.843,10885997,Africa,2011,2023
Tunisia,TUN,2012,2.5849197,8332.082,11009606,Africa,2012,2023
Tunisia,TUN,2013,2.543059,8726.086,11141316,Africa,2013,2023
Tunisia,TUN,2014,2.6336272,9507.342,11274241,Africa,2014,2023
Tunisia,TUN,2015,2.7554328,9709.658,11402217,Africa,2015,2023
Tunisia,TUN,2016,2.6538243,9585.773,11528628,Africa,2016,2023
Tunisia,TUN,2017,2.6841588,10039.691,11650449,Africa,2017,2023
Tunisia,TUN,2018,2.6462247,10208.622,11765461,Africa,2018,2023
Tunisia,TUN,2019,2.556072,10128.142,11875033,Africa,2019,2023
Tunisia,TUN,2020,2.3793378,9290.702,11974015,Africa,2020,2023
Tunisia,TUN,2021,2.586767,9524.1045,12048573,Africa,2021,2023
Turkey,TUR,1985,2.0846016,7851.2905,50687071,Asia,1985,2023
Turkey,TUR,1986,2.2329657,8376.549,51777719,Asia,1986,2023
Turkey,TUR,1987,2.430609,9357.895,52843620,Asia,1987,2023
Turkey,TUR,1988,2.313643,10088.486,53909576,Asia,1988,2023
Turkey,TUR,1989,2.5023332,9710.353,54976671,Asia,1989,2023
Turkey,TUR,1990,2.7066576,10332.53,56015570,Asia,1990,2023
Turkey,TUR,1991,2.7736666,10360.026,57009853,Asia,1991,2023
Turkey,TUR,1992,2.8291895,10706.295,57990062,Asia,1992,2023
Turkey,TUR,1993,2.900702,11435.848,58999121,Asia,1993,2023
Turkey,TUR,1994,2.7911894,10881.467,60033776,Asia,1994,2023
Turkey,TUR,1995,2.9718454,11973.709,61024457,Asia,1995,2023
Turkey,TUR,1996,3.2226505,12847.721,61951087,Asia,1996,2023
Turkey,TUR,1997,3.3746758,13223.166,62852916,Asia,1997,2023
Turkey,TUR,1998,3.3284264,13346.017,63734336,Asia,1998,2023
Turkey,TUR,1999,3.219104,12802.255,64591859,Asia,1999,2023
Turkey,TUR,2000,3.5144587,13468.915,65425910,Asia,2000,2023
Turkey,TUR,2001,3.224107,12055.402,66245077,Asia,2001,2023
Turkey,TUR,2002,3.299475,13020.211,67048743,Asia,2002,2023
Turkey,TUR,2003,3.4904873,13600.33,67831688,Asia,2003,2023
Turkey,TUR,2004,3.5684419,14366.604,68592567,Asia,2004,2023
Turkey,TUR,2005,3.8204603,14498.5,69329509,Asia,2005,2023
Turkey,TUR,2006,4.0312243,15876.872,70045304,Asia,2006,2023
Turkey,TUR,2007,4.433794,16655.863,70750548,Asia,2007,2023
Turkey,TUR,2008,4.340584,16498.441,71562297,Asia,2008,2023
Turkey,TUR,2009,4.366428,16514.057,72464795,Asia,2009,2023
Turkey,TUR,2010,4.3109365,17120.85,73346724,Asia,2010,2023
Turkey,TUR,2011,4.6089954,18025.576,74215158,Asia,2011,2023
Turkey,TUR,2012,4.7356477,18877.383,75197146,Asia,2012,2023
Turkey,TUR,2013,4.5460496,18441.62,76402978,Asia,2013,2023
Turkey,TUR,2014,4.6648703,18618.826,78036104,Asia,2014,2023
Turkey,TUR,2015,4.8107686,19951.004,80014170,Asia,2015,2023
Turkey,TUR,2016,4.9717093,20602.953,81652039,Asia,2016,2023
Turkey,TUR,2017,5.186352,21772.998,83083616,Asia,2017,2023
Turkey,TUR,2018,4.9997516,21590.242,84415922,Asia,2018,2023
Turkey,TUR,2019,4.7177076,22150.566,85357615,Asia,2019,2023
Turkey,TUR,2020,4.7963643,21652.902,86091644,Asia,2020,2023
Turkey,TUR,2021,5.2223163,23015.531,86686206,Asia,2021,2023
Turkey,TUR,2022,5.023125,23108.615,87058421,Asia,2022,2023
Turkey,TUR,2023,4.9510155,22668.203,87270451,Asia,2023,2023
Turkmenistan,TKM,1985,10.02165,44074.227,3247499,Asia,1985,2023
Turkmenistan,TKM,1986,10.695803,53377.156,3347770,Asia,1986,2023
Turkmenistan,TKM,1987,10.535893,51649.34,3452682,Asia,1987,2023
Turkmenistan,TKM,1988,10.448055,50603.45,3559317,Asia,1988,2023
Turkmenistan,TKM,1989,10.276471,50614.42,3662424,Asia,1989,2023
Turkmenistan,TKM,1990,8.866982,43278.375,3760508,Asia,1990,2023
Turkmenistan,TKM,1991,7.89056,38261.926,3855848,Asia,1991,2023
Turkmenistan,TKM,1992,8.11078,35090.97,3944649,Asia,1992,2023
Turkmenistan,TKM,1993,6.8238835,31629.664,4032366,Asia,1993,2023
Turkmenistan,TKM,1994,8.311715,32807.49,4116616,Asia,1994,2023
Turkmenistan,TKM,1995,8.248118,24669.764,4191159,Asia,1995,2023
Turkmenistan,TKM,1996,7.423992,36695.25,4263771,Asia,1996,2023
Turkmenistan,TKM,1997,7.1935315,28266.512,4336684,Asia,1997,2023
Turkmenistan,TKM,1998,7.5832233,31736.244,4410461,Asia,1998,2023
Turkmenistan,TKM,1999,8.859279,27389.15,4492116,Asia,1999,2023
Turkmenistan,TKM,2000,8.589285,28438.062,4582628,Asia,2000,2023
Turkmenistan,TKM,2001,7.2794585,32827.773,4675373,Asia,2001,2023
Turkmenistan,TKM,2002,6.3175097,27739.066,4769411,Asia,2002,2023
Turkmenistan,TKM,2003,8.340677,35294.043,4863821,Asia,2003,2023
Turkmenistan,TKM,2004,9.954554,38745.03,4958043,Asia,2004,2023
Turkmenistan,TKM,2005,9.48667,35927.703,5052212,Asia,2005,2023
Turkmenistan,TKM,2006,9.617061,36342.45,5147061,Asia,2006,2023
Turkmenistan,TKM,2007,9.378899,33027.777,5243998,Asia,2007,2023
Turkmenistan,TKM,2008,11.1204195,30290.566,5344980,Asia,2008,2023
Turkmenistan,TKM,2009,9.623394,43803.293,5451545,Asia,2009,2023
Turkmenistan,TKM,2010,10.636381,46842.56,5564305,Asia,2010,2023
Turkmenistan,TKM,2011,11.464172,49801.62,5683365,Asia,2011,2023
Turkmenistan,TKM,2012,11.524249,57716.133,5808503,Asia,2012,2023
Turkmenistan,TKM,2013,10.832863,48206.617,5939302,Asia,2013,2023
Turkmenistan,TKM,2014,10.336934,50096.188,6075239,Asia,2014,2023
Turkmenistan,TKM,2015,10.348392,55978.69,6215727,Asia,2015,2023
Turkmenistan,TKM,2016,9.9827585,59486.492,6359994,Asia,2016,2023
Turkmenistan,TKM,2017,9.7495,54433.586,6507023,Asia,2017,2023
Turkmenistan,TKM,2018,9.429271,60428.902,6655474,Asia,2018,2023
Turkmenistan,TKM,2019,9.285526,56817.95,6803896,Asia,2019,2023
Turkmenistan,TKM,2020,9.246278,70362.586,6949869,Asia,2020,2023
Turkmenistan,TKM,2021,8.944568,69868.86,7091984,Asia,2021,2023
Turkmenistan,TKM,2022,8.873182,70412.79,7230147,Asia,2022,2023
Turkmenistan,TKM,2023,8.603915,68284.93,7364394,Asia,2023,2023
Turks and Caicos Islands,TCA,1995,4.633036,3664.5422,15026,North America,1995,2023
Turks and Caicos Islands,TCA,1996,4.422029,3510.4678,15743,North America,1996,2023
Turks and Caicos Islands,TCA,1997,5.1201167,3350.3865,16459,North America,1997,2023
Turks and Caicos Islands,TCA,1998,5.1131525,3530.7036,17198,North America,1998,2023
Turks and Caicos Islands,TCA,1999,5.5162263,3385.2249,17934,North America,1999,2023
Turks and Caicos Islands,TCA,2000,5.8739915,15402.543,18713,North America,2000,2023
Turks and Caicos Islands,TCA,2001,5.806953,15659.168,19560,North America,2001,2023
Turks and Caicos Islands,TCA,2002,7.3019977,19820.557,20573,North America,2002,2023
Turks and Caicos Islands,TCA,2003,7.258454,19310.03,21706,North America,2003,2023
Turks and Caicos Islands,TCA,2004,7.05973,18909.895,22836,North America,2004,2023
Turks and Caicos Islands,TCA,2005,7.9492655,21208.637,23968,North America,2005,2023
Turks and Caicos Islands,TCA,2006,8.610874,23291.262,25105,North America,2006,2023
Turks and Caicos Islands,TCA,2007,9.631819,26156.39,26248,North America,2007,2023
Turks and Caicos Islands,TCA,2008,9.626624,26676.77,27404,North America,2008,2023
Turks and Caicos Islands,TCA,2009,9.619828,25825.842,28566,North America,2009,2023
Turks and Caicos Islands,TCA,2010,9.493186,25683.688,29719,North America,2010,2023
Turks and Caicos Islands,TCA,2011,9.152571,24776.764,30825,North America,2011,2023
Turks and Caicos Islands,TCA,2012,8.787939,23800.51,32104,North America,2012,2023
Turks and Caicos Islands,TCA,2013,8.499896,22917.402,33623,North America,2013,2023
Turks and Caicos Islands,TCA,2014,8.784815,23641.734,35035,North America,2014,2023
Turks and Caicos Islands,TCA,2015,8.511615,23337.617,36590,North America,2015,2023
Turks and Caicos Islands,TCA,2016,8.609921,23060,38300,North America,2016,2023
Turks and Caicos Islands,TCA,2017,8.818954,23959.47,39885,North America,2017,2023
Turks and Caicos Islands,TCA,2018,8.735154,23070.922,41526,North America,2018,2023
Turks and Caicos Islands,TCA,2019,8.407761,22899.154,43143,North America,2019,2023
Turks and Caicos Islands,TCA,2020,8.094134,18772.568,44362,North America,2020,2023
Turks and Caicos Islands,TCA,2021,8.103864,19615.283,45213,North America,2021,2023
Uganda,UGA,1985,0.041062903,278.93805,15023633,Africa,1985,2023
Uganda,UGA,1986,0.045376036,283.55756,15467525,Africa,1986,2023
Uganda,UGA,1987,0.048174027,252.29645,15954115,Africa,1987,2023
Uganda,UGA,1988,0.052389324,315.7248,16470436,Africa,1988,2023
Uganda,UGA,1989,0.04705802,305.65234,17010661,Africa,1989,2023
Uganda,UGA,1990,0.04330458,324.6787,17569850,Africa,1990,2023
Uganda,UGA,1991,0.042950615,332.45547,18155852,Africa,1991,2023
Uganda,UGA,1992,0.04246959,363.58163,18784994,Africa,1992,2023
Uganda,UGA,1993,0.04101066,354.1023,19445115,Africa,1993,2023
Uganda,UGA,1994,0.035217352,354.2156,20108752,Africa,1994,2023
Uganda,UGA,1995,0.044783786,347.4942,20665626,Africa,1995,2023
Uganda,UGA,1996,0.04795195,352.33768,21231505,Africa,1996,2023
Uganda,UGA,1997,0.048588336,363.63895,21855987,Africa,1997,2023
Uganda,UGA,1998,0.053684935,377.72678,22515758,Africa,1998,2023
Uganda,UGA,1999,0.053949874,366.53845,23257218,Africa,1999,2023
Uganda,UGA,2000,0.05670267,430.94543,24000104,Africa,2000,2023
Uganda,UGA,2001,0.05726618,426.19104,24745635,Africa,2001,2023
Uganda,UGA,2002,0.05664165,423.49295,25532819,Africa,2002,2023
Uganda,UGA,2003,0.05740516,432.8561,26352074,Africa,2003,2023
Uganda,UGA,2004,0.05919785,447.65942,27154465,Africa,2004,2023
Uganda,UGA,2005,0.07216409,493.46793,27963231,Africa,2005,2023
Uganda,UGA,2006,0.082773834,465.70273,28793954,Africa,2006,2023
Uganda,UGA,2007,0.09138888,545.6078,29653389,Africa,2007,2023
Uganda,UGA,2008,0.091017,557.28687,30539504,Africa,2008,2023
Uganda,UGA,2009,0.09537977,552.86536,31451093,Africa,2009,2023
Uganda,UGA,2010,0.11020487,604.4495,32390755,Africa,2010,2023
Uganda,UGA,2011,0.11464929,614.26904,33354493,Africa,2011,2023
Uganda,UGA,2012,0.10562794,577.6927,34337384,Africa,2012,2023
Uganda,UGA,2013,0.10624927,651.41376,35336994,Africa,2013,2023
Uganda,UGA,2014,0.11236738,728.95105,36395493,Africa,2014,2023
Uganda,UGA,2015,0.12058091,707.7433,37531396,Africa,2015,2023
Uganda,UGA,2016,0.124163195,765.0577,38799091,Africa,2016,2023
Uganda,UGA,2017,0.13463484,804.89435,40177337,Africa,2017,2023
Uganda,UGA,2018,0.13350488,841.20447,41565791,Africa,2018,2023
Uganda,UGA,2019,0.13398354,811.62756,42999589,Africa,2019,2023
Uganda,UGA,2020,0.12532045,766.4143,44457103,Africa,2020,2023
Uganda,UGA,2021,0.1343297,766.84607,45910886,Africa,2021,2023
Ukraine,UKR,1985,14.545755,54611.195,51108721,Europe,1985,2023
Ukraine,UKR,1986,14.429522,54681.38,51318690,Europe,1986,2023
Ukraine,UKR,1987,14.245836,55673.004,51515681,Europe,1987,2023
Ukraine,UKR,1988,14.061245,55581.434,51724803,Europe,1988,2023
Ukraine,UKR,1989,13.168019,53055.266,51917779,Europe,1989,2023
Ukraine,UKR,1990,13.567188,61924.96,52054034,Europe,1990,2023
Ukraine,UKR,1991,12.131743,57952.49,52170917,Europe,1991,2023
Ukraine,UKR,1992,11.26227,48866.383,52323629,Europe,1992,2023
Ukraine,UKR,1993,9.748226,42841.754,52350078,Europe,1993,2023
Ukraine,UKR,1994,8.055391,36821.68,52075944,Europe,1994,2023
Ukraine,UKR,1995,7.5499554,36226.188,51665488,Europe,1995,2023
Ukraine,UKR,1996,6.8670063,34061.734,51226062,Europe,1996,2023
Ukraine,UKR,1997,6.704777,33145.51,50786832,Europe,1997,2023
Ukraine,UKR,1998,6.526592,32257.03,50379676,Europe,1998,2023
Ukraine,UKR,1999,5.9743986,32047.443,49976390,Europe,1999,2023
Ukraine,UKR,2000,5.7646046,32435.855,49556602,Europe,2000,2023
Ukraine,UKR,2001,6.1883736,32281.633,49106813,Europe,2001,2023
Ukraine,UKR,2002,6.0788355,32374.941,48677235,Europe,2002,2023
Ukraine,UKR,2003,6.359202,33439.895,48315085,Europe,2003,2023
Ukraine,UKR,2004,6.4741426,33554.93,47979445,Europe,2004,2023
Ukraine,UKR,2005,6.5887823,34223.043,47585510,Europe,2005,2023
Ukraine,UKR,2006,7.044654,34864.61,47278638,Europe,2006,2023
Ukraine,UKR,2007,7.1568184,34933.594,47062750,Europe,2007,2023
Ukraine,UKR,2008,6.962613,33911.27,46819115,Europe,2008,2023
Ukraine,UKR,2009,5.9539123,29011.01,46623687,Europe,2009,2023
Ukraine,UKR,2010,6.336449,31235.12,46455954,Europe,2010,2023
Ukraine,UKR,2011,6.659274,32400.47,46307812,Europe,2011,2023
Ukraine,UKR,2012,6.58784,31779.547,46210001,Europe,2012,2023
Ukraine,UKR,2013,6.4491696,30228.559,46126715,Europe,2013,2023
Ukraine,UKR,2014,5.604219,26764.613,45972329,Europe,2014,2023
Ukraine,UKR,2015,4.887808,22306.594,45784854,Europe,2015,2023
Ukraine,UKR,2016,5.128837,23419.848,45616779,Europe,2016,2023
Ukraine,UKR,2017,4.9097815,21840.365,45435996,Europe,2017,2023
Ukraine,UKR,2018,5.124302,22768.459,45208854,Europe,2018,2023
Ukraine,UKR,2019,4.9367437,21661.146,44957402,Europe,2019,2023
Ukraine,UKR,2020,4.6290064,20916.844,44679967,Europe,2020,2023
Ukraine,UKR,2021,4.744018,21472.234,44298591,Europe,2021,2023
Ukraine,UKR,2022,3.4380214,16272.95,41048717,Europe,2022,2023
Ukraine,UKR,2023,3.6164997,16781.748,37732781,Europe,2023,2023
United Arab Emirates,ARE,1985,36.035614,146159.64,1377874,Asia,1985,2023
United Arab Emirates,ARE,1986,32.051384,166396.86,1467334,Asia,1986,2023
United Arab Emirates,ARE,1987,30.14225,173281.83,1574214,Asia,1987,2023
United Arab Emirates,ARE,1988,28.598593,179298.47,1681747,Asia,1988,2023
United Arab Emirates,ARE,1989,30.274763,189840.28,1789812,Asia,1989,2023
United Arab Emirates,ARE,1990,27.238575,181538.77,1898182,Asia,1990,2023
United Arab Emirates,ARE,1991,28.243734,209539.7,2006584,Asia,1991,2023
United Arab Emirates,ARE,1992,27.312433,192178.88,2114680,Asia,1992,2023
United Arab Emirates,ARE,1993,29.506735,190470.22,2222054,Asia,1993,2023
United Arab Emirates,ARE,1994,32.218918,199513.67,2328151,Asia,1994,2023
United Arab Emirates,ARE,1995,29.76376,199207.39,2434622,Asia,1995,2023
United Arab Emirates,ARE,1996,29.032333,194224.1,2597523,Asia,1996,2023
United Arab Emirates,ARE,1997,25.882097,189887.92,2817373,Asia,1997,2023
United Arab Emirates,ARE,1998,26.34743,182844.3,3040384,Asia,1998,2023
United Arab Emirates,ARE,1999,23.673311,173803.53,3265963,Asia,1999,2023
United Arab Emirates,ARE,2000,32.005684,163580.66,3493539,Asia,2000,2023
United Arab Emirates,ARE,2001,27.236929,156784.6,3723546,Asia,2001,2023
United Arab Emirates,ARE,2002,21.393456,162836.45,3956774,Asia,2002,2023
United Arab Emirates,ARE,2003,25.389458,165507.6,4192414,Asia,2003,2023
United Arab Emirates,ARE,2004,25.221207,169047.55,4428915,Asia,2004,2023
United Arab Emirates,ARE,2005,24.524239,164587.45,4664749,Asia,2005,2023
United Arab Emirates,ARE,2006,24.297039,151316.52,5009050,Asia,2006,2023
United Arab Emirates,ARE,2007,23.668304,139351.47,5624590,Asia,2007,2023
United Arab Emirates,ARE,2008,24.38407,134274.22,6302620,Asia,2008,2023
United Arab Emirates,ARE,2009,25.050373,115803.19,6707016,Asia,2009,2023
United Arab Emirates,ARE,2010,26.640741,114656.625,6938332,Asia,2010,2023
United Arab Emirates,ARE,2011,27.443043,119056.13,7199389,Asia,2011,2023
United Arab Emirates,ARE,2012,27.663097,123958.766,7497073,Asia,2012,2023
United Arab Emirates,ARE,2013,27.239588,129486.25,7831805,Asia,2013,2023
United Arab Emirates,ARE,2014,25.492752,127985.82,8236833,Asia,2014,2023
United Arab Emirates,ARE,2015,26.016645,137692.2,8674586,Asia,2015,2023
United Arab Emirates,ARE,2016,25.0924,141902.9,9030811,Asia,2016,2023
United Arab Emirates,ARE,2017,23.056814,134032.27,9234286,Asia,2017,2023
United Arab Emirates,ARE,2018,22.435678,125874.32,9346819,Asia,2018,2023
United Arab Emirates,ARE,2019,23.435728,132339.58,9377805,Asia,2019,2023
United Arab Emirates,ARE,2020,23.006842,129712.34,9448476,Asia,2020,2023
United Arab Emirates,ARE,2021,22.08925,133080.1,9789001,Asia,2021,2023
United Arab Emirates,ARE,2022,22.06371,143594.34,10242033,Asia,2022,2023
United Arab Emirates,ARE,2023,21.554457,149830.33,10642052,Asia,2023,2023
United Kingdom,GBR,1985,9.886296,42206.887,56606370,Europe,1985,2023
United Kingdom,GBR,1986,10.01824,43317.57,56751883,Europe,1986,2023
United Kingdom,GBR,1987,10.049357,43165.49,56885983,Europe,1987,2023
United Kingdom,GBR,1988,10.0005045,43644.805,57026498,Europe,1988,2023
United Kingdom,GBR,1989,10.170599,43603.06,57182093,Europe,1989,2023
United Kingdom,GBR,1990,10.492731,43845.023,57367820,Europe,1990,2023
United Kingdom,GBR,1991,10.588326,44652.04,57555147,Europe,1991,2023
United Kingdom,GBR,1992,10.288531,44259.45,57719216,Europe,1992,2023
United Kingdom,GBR,1993,10.017328,44663.285,57860992,Europe,1993,2023
United Kingdom,GBR,1994,9.896306,44021.51,58003148,Europe,1994,2023
United Kingdom,GBR,1995,9.735415,44062.3,58154574,Europe,1995,2023
United Kingdom,GBR,1996,10.064763,46080.582,58298512,Europe,1996,2023
United Kingdom,GBR,1997,9.627659,45150.043,58447041,Europe,1997,2023
United Kingdom,GBR,1998,9.6976795,45374.645,58626774,Europe,1998,2023
United Kingdom,GBR,1999,9.545594,45010.832,58838619,Europe,1999,2023
United Kingdom,GBR,2000,9.635284,45269.57,59057278,Europe,2000,2023
United Kingdom,GBR,2001,9.748516,45552.79,59288055,Europe,2001,2023
United Kingdom,GBR,2002,9.409919,44323.3,59540709,Europe,2002,2023
United Kingdom,GBR,2003,9.5555935,44740.04,59820332,Europe,2003,2023
United Kingdom,GBR,2004,9.530174,44847.297,60169911,Europe,2004,2023
United Kingdom,GBR,2005,9.412137,44924.06,60596057,Europe,2005,2023
United Kingdom,GBR,2006,9.301161,44048.914,61051051,Europe,2006,2023
United Kingdom,GBR,2007,9.093347,42510.004,61535810,Europe,2007,2023
United Kingdom,GBR,2008,8.785372,41443.582,62027249,Europe,2008,2023
United Kingdom,GBR,2009,7.904943,39034.46,62506169,Europe,2009,2023
United Kingdom,GBR,2010,8.12464,39533.43,63006430,Europe,2010,2023
United Kingdom,GBR,2011,7.395984,37002.133,63509238,Europe,2011,2023
United Kingdom,GBR,2012,7.6215353,37287.375,63960443,Europe,2012,2023
United Kingdom,GBR,2013,7.417552,36961.617,64389337,Europe,2013,2023
United Kingdom,GBR,2014,6.764838,34675.38,64865865,Europe,2014,2023
United Kingdom,GBR,2015,6.461417,34977.094,65382063,Europe,2015,2023
United Kingdom,GBR,2016,6.0617714,34171.62,65893305,Europe,2016,2023
United Kingdom,GBR,2017,5.8378496,34043.49,66354423,Europe,2017,2023
United Kingdom,GBR,2018,5.6886287,33820.566,66752425,Europe,2018,2023
United Kingdom,GBR,2019,5.4350815,32930.707,67110910,Europe,2019,2023
United Kingdom,GBR,2020,4.844164,29394.623,67351806,Europe,2020,2023
United Kingdom,GBR,2021,5.0911255,29591.666,67668749,Europe,2021,2023
United Kingdom,GBR,2022,4.603082,29904.86,68179267,Europe,2022,2023
United Kingdom,GBR,2023,4.4428277,28501.387,68682907,Europe,2023,2023
United States,USA,1985,19.251648,85837.016,241690387,North America,1985,2023
United States,USA,1986,19.117193,85770.56,243953759,North America,1986,2023
United States,USA,1987,19.605087,87783.98,246161249,North America,1987,2023
United States,USA,1988,20.334127,90861.3,248393183,North America,1988,2023
United States,USA,1989,20.474892,92045.09,250674998,North America,1989,2023
United States,USA,1990,20.211113,91135.34,253373337,North America,1990,2023
United States,USA,1991,19.740826,89758.71,256471373,North America,1991,2023
United States,USA,1992,19.93108,89793.59,259605966,North America,1992,2023
United States,USA,1993,20.076862,90410.414,262633187,North America,1993,2023
United States,USA,1994,20.206362,90836.94,265474761,North America,1994,2023
United States,USA,1995,20.227978,91633.54,268205740,North America,1995,2023
United States,USA,1996,20.722769,93557.016,270860655,North America,1996,2023
United States,USA,1997,20.800032,93078.266,273467966,North America,1997,2023
United States,USA,1998,20.763783,92495.01,276119277,North America,1998,2023
United States,USA,1999,20.818583,93004.266,278785441,North America,1999,2023
United States,USA,2000,21.3516,94002.734,281484082,North America,2000,2023
United States,USA,2001,20.781443,90791.71,284279583,North America,2001,2023
United States,USA,2002,20.712759,91199.055,287084300,North America,2002,2023
United States,USA,2003,20.731213,90629.31,289908046,North America,2003,2023
United States,USA,2004,20.877537,91509.82,292786200,North America,2004,2023
United States,USA,2005,20.736687,90662.73,295716618,North America,2005,2023
United States,USA,2006,20.261381,89073.19,298730164,North America,2006,2023
United States,USA,2007,20.308899,89404.8,301844176,North America,2007,2023
United States,USA,2008,19.395721,86384.33,304970280,North America,2008,2023
United States,USA,2009,17.793211,81392.37,308023398,North America,2009,2023
United States,USA,2010,18.259068,83402.88,311062741,North America,2010,2023
United States,USA,2011,17.656883,81971.984,314105041,North America,2011,2023
United States,USA,2012,16.852186,79100.78,317115301,North America,2012,2023
United States,USA,2013,17.119566,80559.26,320110710,North America,2013,2023
United States,USA,2014,17.11055,80724.13,323115328,North America,2014,2023
United States,USA,2015,16.485855,79318.57,326126448,North America,2015,2023
United States,USA,2016,15.95766,78625.45,329179362,North America,2016,2023
United States,USA,2017,15.689614,78303.61,332204602,North America,2017,2023
United States,USA,2018,16.05042,80595.484,335056439,North America,2018,2023
United States,USA,2019,15.578155,79500.234,337790020,North America,2019,2023
United States,USA,2020,13.889589,73294.336,339436106,North America,2020,2023
United States,USA,2021,14.793604,77023.77,340161392,North America,2021,2023
United States,USA,2022,14.870763,78347.914,341533996,North America,2022,2023
United States,USA,2023,14.299027,77027.836,343477286,North America,2023,2023
Upper-middle-income countries,,1985,2.6228187,13032.972,1981302065,,1985,1985
Upper-middle-income countries,,1986,2.6682408,13279.786,2015856514,,1986,1986
Upper-middle-income countries,,1987,2.723689,13654.581,2052093181,,1987,1987
Upper-middle-income countries,,1988,2.8062532,13982.98,2088213749,,1988,1988
Upper-middle-income countries,,1989,2.776293,14052.922,2123656419,,1989,1989
Upper-middle-income countries,,1990,2.7549357,13939.258,2159137977,,1990,1990
Upper-middle-income countries,,1991,2.7556908,13917.208,2191483674,,1991,1991
Upper-middle-income countries,,1992,2.7593498,13916.569,2219024627,,1992,1992
Upper-middle-income countries,,1993,2.7973998,13862.737,2245408688,,1993,1993
Upper-middle-income countries,,1994,2.8278623,13776.596,2271447553,,1994,1994
Upper-middle-income countries,,1995,2.9366784,13726.424,2296569384,,1995,1995
Upper-middle-income countries,,1996,2.9953046,13921.213,2321188787,,1996,1996
Upper-middle-income countries,,1997,3.0100992,13840.141,2344945180,,1997,1997
Upper-middle-income countries,,1998,2.9260821,13701.725,2367944793,,1998,1998
Upper-middle-income countries,,1999,2.9971228,13815.346,2390213148,,1999,1999
Upper-middle-income countries,,2000,3.0316365,14199.183,2412331546,,2000,2000
Upper-middle-income countries,,2001,3.0668428,14495.858,2433858276,,2001,2001
Upper-middle-income countries,,2002,3.2128336,14964.391,2454685195,,2002,2002
Upper-middle-income countries,,2003,3.5753007,16127.925,2474879152,,2003,2003
Upper-middle-income countries,,2004,3.7745788,17577.025,2494288558,,2004,2004
Upper-middle-income countries,,2005,4.047583,18736.525,2514087941,,2005,2005
Upper-middle-income countries,,2006,4.3161993,19859.764,2533506359,,2006,2006
Upper-middle-income countries,,2007,4.51217,20868.94,2552485559,,2007,2007
Upper-middle-income countries,,2008,4.7265325,21359.916,2572819740,,2008,2008
Upper-middle-income countries,,2009,4.8146234,21473.07,2594468683,,2009,2009
Upper-middle-income countries,,2010,5.1453667,22550.309,2616258040,,2010,2010
Upper-middle-income countries,,2011,5.512221,23735.19,2637665124,,2011,2011
Upper-middle-income countries,,2012,5.6252313,24374.662,2660483709,,2012,2012
Upper-middle-income countries,,2013,5.6670566,24654.074,2684234948,,2013,2013
Upper-middle-income countries,,2014,5.651628,24927.541,2707337675,,2014,2014
Upper-middle-income countries,,2015,5.5497227,24819.475,2729746451,,2015,2015
Upper-middle-income countries,,2016,5.473754,24898.295,2750714422,,2016,2016
Upper-middle-income countries,,2017,5.5517683,25456.488,2771244395,,2017,2017
Upper-middle-income countries,,2018,5.645853,26186.566,2789939549,,2018,2018
Upper-middle-income countries,,2019,5.788031,26831.756,2805466657,,2019,2019
Upper-middle-income countries,,2020,5.707249,26670.744,2817790868,,2020,2020
Upper-middle-income countries,,2021,5.960764,28023.305,2826091728,,2021,2021
Upper-middle-income countries,,2022,5.9515142,28782.396,2833256133,,2022,2022
Upper-middle-income countries,,2023,6.1474814,29986.795,2839923324,,2023,2023
Uruguay,URY,1985,1.0884405,10472.8955,3016999,South America,1985,2023
Uruguay,URY,1986,1.043566,10975.085,3032799,South America,1986,2023
Uruguay,URY,1987,1.1615463,11636.47,3049842,South America,1987,2023
Uruguay,URY,1988,1.5600098,11416.548,3067912,South America,1988,2023
Uruguay,URY,1989,1.5723616,9883.427,3086210,South America,1989,2023
Uruguay,URY,1990,1.2779711,12650.301,3104365,South America,1990,2023
Uruguay,URY,1991,1.4501034,11161.6455,3122314,South America,1991,2023
Uruguay,URY,1992,1.6380419,12807.296,3139656,South America,1992,2023
Uruguay,URY,1993,1.4064606,13022.8125,3156306,South America,1993,2023
Uruguay,URY,1994,1.2703044,12793.767,3172786,South America,1994,2023
Uruguay,URY,1995,1.4288623,11284.824,3189385,South America,1995,2023
Uruguay,URY,1996,1.6858057,11730.4,3206280,South America,1996,2023
Uruguay,URY,1997,1.7105626,12754.899,3223305,South America,1997,2023
Uruguay,URY,1998,1.7407652,15881.316,3239241,South America,1998,2023
Uruguay,URY,1999,2.0535574,14172.597,3253972,South America,1999,2023
Uruguay,URY,2000,1.612906,14601.469,3266165,South America,2000,2023
Uruguay,URY,2001,1.5363879,15946.608,3274201,South America,2001,2023
Uruguay,URY,2002,1.3900576,14137.804,3278826,South America,2002,2023
Uruguay,URY,2003,1.3796713,14181.147,3281135,South America,2003,2023
Uruguay,URY,2004,1.694986,13627.525,3283108,South America,2004,2023
Uruguay,URY,2005,1.7428925,14696.39,3285727,South America,2005,2023
Uruguay,URY,2006,2.0055277,13377.3125,3289456,South America,2006,2023
Uruguay,URY,2007,1.8049499,15803.453,3295106,South America,2007,2023
Uruguay,URY,2008,2.4837434,16750.07,3302124,South America,2008,2023
Uruguay,URY,2009,2.4008095,17655.945,3310038,South America,2009,2023
Uruguay,URY,2010,1.8978127,18292.451,3318536,South America,2010,2023
Uruguay,URY,2011,2.3003109,17861.395,3326787,South America,2011,2023
Uruguay,URY,2012,2.5759757,17839.785,3335354,South America,2012,2023
Uruguay,URY,2013,2.2385888,18592.736,3345281,South America,2013,2023
Uruguay,URY,2014,1.9904869,19071.291,3356294,South America,2014,2023
Uruguay,URY,2015,2.0007167,19596.402,3367974,South America,2015,2023
Uruguay,URY,2016,1.928711,19814.26,3379233,South America,2016,2023
Uruguay,URY,2017,1.8176447,19084.248,3388401,South America,2017,2023
Uruguay,URY,2018,1.9346937,19538.71,3394494,South America,2018,2023
Uruguay,URY,2019,1.8866792,19985.01,3397150,South America,2019,2023
Uruguay,URY,2020,1.904633,17631.44,3398912,South America,2020,2023
Uruguay,URY,2021,2.3061328,18316.926,3396643,South America,2021,2023
Uzbekistan,UZB,1985,5.5518327,25801.66,17875288,Asia,1985,2023
Uzbekistan,UZB,1986,5.174932,24640.803,18395580,Asia,1986,2023
Uzbekistan,UZB,1987,5.1583385,24982.674,18930024,Asia,1987,2023
Uzbekistan,UZB,1988,5.1934524,24479.281,19460581,Asia,1988,2023
Uzbekistan,UZB,1989,5.210309,24698.16,19977152,Asia,1989,2023
Uzbekistan,UZB,1990,5.037263,25252.818,20464919,Asia,1990,2023
Uzbekistan,UZB,1991,4.879457,24303.273,20962868,Asia,1991,2023
Uzbekistan,UZB,1992,5.165654,22492.15,21485048,Asia,1992,2023
Uzbekistan,UZB,1993,5.2582183,22916.314,21987911,Asia,1993,2023
Uzbekistan,UZB,1994,4.887317,22185.396,22463238,Asia,1994,2023
Uzbekistan,UZB,1995,4.573046,22016.145,22917532,Asia,1995,2023
Uzbekistan,UZB,1996,4.632773,22250.82,23351929,Asia,1996,2023
Uzbekistan,UZB,1997,4.5889244,21694.395,23758910,Asia,1997,2023
Uzbekistan,UZB,1998,5.0124445,21361.7,24134883,Asia,1998,2023
Uzbekistan,UZB,1999,5.049301,23622.164,24475974,Asia,1999,2023
Uzbekistan,UZB,2000,4.981535,23863.627,24787003,Asia,2000,2023
Uzbekistan,UZB,2001,5.0306907,23611.516,25090234,Asia,2001,2023
Uzbekistan,UZB,2002,5.219509,23892.764,25399940,Asia,2002,2023
Uzbekistan,UZB,2003,5.0676107,21352.488,25711212,Asia,2003,2023
Uzbekistan,UZB,2004,4.9597,21187.287,26029305,Asia,2004,2023
Uzbekistan,UZB,2005,4.6135817,21136.646,26356932,Asia,2005,2023
Uzbekistan,UZB,2006,4.6781006,19489.055,26698989,Asia,2006,2023
Uzbekistan,UZB,2007,4.573087,20402.344,27075969,Asia,2007,2023
Uzbekistan,UZB,2008,4.6695604,18891.15,27494727,Asia,2008,2023
Uzbekistan,UZB,2009,3.9094558,18617.027,27939281,Asia,2009,2023
Uzbekistan,UZB,2010,3.7929955,18389.709,28385466,Asia,2010,2023
Uzbekistan,UZB,2011,4.0507755,18929.893,28823141,Asia,2011,2023
Uzbekistan,UZB,2012,4.0618796,18384.643,29261864,Asia,2012,2023
Uzbekistan,UZB,2013,3.777604,18162.375,29724011,Asia,2013,2023
Uzbekistan,UZB,2014,3.5535774,18637.057,30222939,Asia,2014,2023
Uzbekistan,UZB,2015,3.372301,17406.166,30749306,Asia,2015,2023
Uzbekistan,UZB,2016,3.5205607,16608.516,31284509,Asia,2016,2023
Uzbekistan,UZB,2017,3.4234405,16748.164,31819131,Asia,2017,2023
Uzbekistan,UZB,2018,3.15963,16643.918,32373443,Asia,2018,2023
Uzbekistan,UZB,2019,3.2892537,16438.932,32964655,Asia,2019,2023
Uzbekistan,UZB,2020,3.2641847,16105.863,33586325,Asia,2020,2023
Uzbekistan,UZB,2021,3.5113323,16600.65,34243658,Asia,2021,2023
Uzbekistan,UZB,2022,3.578784,17004.094,34938911,Asia,2022,2023
Uzbekistan,UZB,2023,3.4995937,16622.736,35652264,Asia,2023,2023
Vanuatu,VUT,1985,0.92773014,3890.6926,130331,Oceania,1985,2023
Vanuatu,VUT,1986,0.43852338,3536.523,133685,Oceania,1986,2023
Vanuatu,VUT,1987,0.3472682,3047.2583,137162,Oceania,1987,2023
Vanuatu,VUT,1988,0.4686787,3849.6982,140719,Oceania,1988,2023
Vanuatu,VUT,1989,0.43147686,3287.489,144360,Oceania,1989,2023
Vanuatu,VUT,1990,0.44554937,3206.816,148024,Oceania,1990,2023
Vanuatu,VUT,1991,0.43456945,2615.4478,151764,Oceania,1991,2023
Vanuatu,VUT,1992,0.42393506,1337.9148,155571,Oceania,1992,2023
Vanuatu,VUT,1993,0.4136711,1302.0443,159431,Oceania,1993,2023
Vanuatu,VUT,1994,0.40392953,1270.7379,163276,Oceania,1994,2023
Vanuatu,VUT,1995,0.39466456,1240.5452,167109,Oceania,1995,2023
Vanuatu,VUT,1996,0.42883894,1214.388,170880,Oceania,1996,2023
Vanuatu,VUT,1997,0.44071,1183.289,174591,Oceania,1997,2023
Vanuatu,VUT,1998,0.43160287,1155.9979,178275,Oceania,1998,2023
Vanuatu,VUT,1999,0.46298972,1129.2368,182017,Oceania,1999,2023
Vanuatu,VUT,2000,0.45249385,1988.2789,186239,Oceania,2000,2023
Vanuatu,VUT,2001,0.42203364,2158.8423,190999,Oceania,2001,2023
Vanuatu,VUT,2002,0.41164964,2008.1954,195817,Oceania,2002,2023
Vanuatu,VUT,2003,0.40160826,2298.1453,200713,Oceania,2003,2023
Vanuatu,VUT,2004,0.35628852,1804.7319,205676,Oceania,2004,2023
Vanuatu,VUT,2005,0.3651446,1761.5437,210722,Oceania,2005,2023
Vanuatu,VUT,2006,0.33942583,1595.11,215894,Oceania,2006,2023
Vanuatu,VUT,2007,0.33121952,2524.6426,221243,Oceania,2007,2023
Vanuatu,VUT,2008,0.37147793,2429.7217,226856,Oceania,2008,2023
Vanuatu,VUT,2009,0.5196247,2740.9023,232691,Oceania,2009,2023
Vanuatu,VUT,2010,0.50760067,2766.5137,238203,Oceania,2010,2023
Vanuatu,VUT,2011,0.55688924,3125.876,243438,Oceania,2011,2023
Vanuatu,VUT,2012,0.47115934,2561.162,248850,Oceania,2012,2023
Vanuatu,VUT,2013,0.43199396,2422.6257,254448,Oceania,2013,2023
Vanuatu,VUT,2014,0.60551274,2701.0388,260196,Oceania,2014,2023
Vanuatu,VUT,2015,0.5095392,2484.069,266060,Oceania,2015,2023
Vanuatu,VUT,2016,0.5521926,2445.8684,272050,Oceania,2016,2023
Vanuatu,VUT,2017,0.51315606,2661.3218,278465,Oceania,2017,2023
Vanuatu,VUT,2018,0.62945837,3346.0903,285223,Oceania,2018,2023
Vanuatu,VUT,2019,0.5647678,3154.4717,291943,Oceania,2019,2023
Vanuatu,VUT,2020,0.6743769,2923.538,298824,Oceania,2020,2023
Vanuatu,VUT,2021,0.70683634,2957.4438,305836,Oceania,2021,2023
Venezuela,VEN,1985,5.7857103,28948.621,17461384,South America,1985,2023
Venezuela,VEN,1986,6.094785,30303.463,17923491,South America,1986,2023
Venezuela,VEN,1987,6.015855,29506.63,18394915,South America,1987,2023
Venezuela,VEN,1988,6.133854,29962.816,18870966,South America,1988,2023
Venezuela,VEN,1989,5.6112356,29470.947,19348872,South America,1989,2023
Venezuela,VEN,1990,6.090904,30558.836,19826964,South America,1990,2023
Venezuela,VEN,1991,5.619681,30042.266,20304851,South America,1991,2023
Venezuela,VEN,1992,5.034806,31768.111,20780903,South America,1992,2023
Venezuela,VEN,1993,5.7843866,30731.828,21254472,South America,1993,2023
Venezuela,VEN,1994,5.4754996,32638.688,21725143,South America,1994,2023
Venezuela,VEN,1995,5.62008,32903.047,22193779,South America,1995,2023
Venezuela,VEN,1996,5.2181163,31404.355,22662059,South America,1996,2023
Venezuela,VEN,1997,5.6056104,32527.557,23131643,South America,1997,2023
Venezuela,VEN,1998,5.7160826,31984.473,23601294,South America,1998,2023
Venezuela,VEN,1999,5.943923,30535.947,24066549,South America,1999,2023
Venezuela,VEN,2000,5.823658,31603.926,24526662,South America,2000,2023
Venezuela,VEN,2001,5.2255616,32837.41,24979886,South America,2001,2023
Venezuela,VEN,2002,6.453659,32207.334,25435624,South America,2002,2023
Venezuela,VEN,2003,5.957754,28470.016,25892668,South America,2003,2023
Venezuela,VEN,2004,5.4199934,31149.805,26340788,South America,2004,2023
Venezuela,VEN,2005,5.536925,31841.945,26785743,South America,2005,2023
Venezuela,VEN,2006,5.7152987,34461.094,27224637,South America,2006,2023
Venezuela,VEN,2007,5.568385,35446.285,27649328,South America,2007,2023
Venezuela,VEN,2008,5.543136,35810.375,28053644,South America,2008,2023
Venezuela,VEN,2009,5.3395762,35681.51,28438244,South America,2009,2023
Venezuela,VEN,2010,6.570517,33327.812,28813062,South America,2010,2023
Venezuela,VEN,2011,5.770505,34709.69,29185167,South America,2011,2023
Venezuela,VEN,2012,5.945754,35796.17,29553788,South America,2012,2023
Venezuela,VEN,2013,6.633662,34754.63,29912142,South America,2013,2023
Venezuela,VEN,2014,5.816131,33558.42,30254025,South America,2014,2023
Venezuela,VEN,2015,5.43928,31749.41,30573919,South America,2015,2023
Venezuela,VEN,2016,4.963695,28953.871,30765670,South America,2016,2023
Venezuela,VEN,2017,4.5500402,28562.709,30565285,South America,2017,2023
Venezuela,VEN,2018,3.7314487,24404.24,29807542,South America,2018,2023
Venezuela,VEN,2019,3.638351,22676.209,28938043,South America,2019,2023
Venezuela,VEN,2020,2.8451347,18527.613,28444030,South America,2020,2023
Venezuela,VEN,2021,2.7785442,21421.594,28237786,South America,2021,2023
Venezuela,VEN,2022,3.1019287,22976.66,28212961,South America,2022,2023
Venezuela,VEN,2023,3.5182343,24383.117,28300815,South America,2023,2023
Vietnam,VNM,1985,0.35721663,1030.7532,59060576,Asia,1985,2023
Vietnam,VNM,1986,0.34110507,1091.6514,60346997,Asia,1986,2023
Vietnam,VNM,1987,0.3782911,1201.4606,61584586,Asia,1987,2023
Vietnam,VNM,1988,0.36714464,1174.5634,62843178,Asia,1988,2023
Vietnam,VNM,1989,0.2712181,1095.0205,64147307,Asia,1989,2023
Vietnam,VNM,1990,0.3251478,1152.6678,65504503,Asia,1990,2023
Vietnam,VNM,1991,0.3195542,1148.5596,66891732,Asia,1991,2023
Vietnam,VNM,1992,0.3144795,1229.3212,68260287,Asia,1992,2023
Vietnam,VNM,1993,0.32841212,1376.4728,69586352,Asia,1993,2023
Vietnam,VNM,1994,0.38617468,1509.5682,70854342,Asia,1994,2023
Vietnam,VNM,1995,0.41761085,1723.8916,72049901,Asia,1995,2023
Vietnam,VNM,1996,0.48500896,1945.0249,73156404,Asia,1996,2023
Vietnam,VNM,1997,0.61301374,2207.7493,74226840,Asia,1997,2023
Vietnam,VNM,1998,0.6356786,2354.6465,75299613,Asia,1998,2023
Vietnam,VNM,1999,0.6363871,2407.0667,76287407,Asia,1999,2023
Vietnam,VNM,2000,0.69906276,2710.707,77153969,Asia,2000,2023
Vietnam,VNM,2001,0.7821518,3032.4685,77969304,Asia,2001,2023
Vietnam,VNM,2002,0.88264406,3283.0818,78772174,Asia,2002,2023
Vietnam,VNM,2003,0.9710653,3502.0044,79563721,Asia,2003,2023
Vietnam,VNM,2004,1.1070497,4225.116,80338926,Asia,2004,2023
Vietnam,VNM,2005,1.1819925,4447.702,81088259,Asia,2005,2023
Vietnam,VNM,2006,1.2127889,4037.6526,82167850,Asia,2006,2023
Vietnam,VNM,2007,1.2127885,4368.3804,83633326,Asia,2007,2023
Vietnam,VNM,2008,1.341963,5341.3945,85175740,Asia,2008,2023
Vietnam,VNM,2009,1.4398962,5408.298,86459976,Asia,2009,2023
Vietnam,VNM,2010,1.5958343,6180.2876,87455095,Asia,2010,2023
Vietnam,VNM,2011,1.7244632,6758.891,88468266,Asia,2011,2023
Vietnam,VNM,2012,1.6118838,6990.1753,89510294,Asia,2012,2023
Vietnam,VNM,2013,1.6719987,7304.9746,90573054,Asia,2013,2023
Vietnam,VNM,2014,1.9630398,7980.199,91679537,Asia,2014,2023
Vietnam,VNM,2015,2.298032,8964.749,92823207,Asia,2015,2023
Vietnam,VNM,2016,2.3508487,9651.152,94000065,Asia,2016,2023
Vietnam,VNM,2017,2.3914742,10247.799,95176934,Asia,2017,2023
Vietnam,VNM,2018,2.6530128,11413.172,96237273,Asia,2018,2023
Vietnam,VNM,2019,3.4901097,12556.66,97173733,Asia,2019,2023
Vietnam,VNM,2020,3.6955829,12461.562,98079150,Asia,2020,2023
Vietnam,VNM,2021,3.173522,12399.49,98935054,Asia,2021,2023
Vietnam,VNM,2022,2.9858754,12670.408,99680606,Asia,2022,2023
Vietnam,VNM,2023,3.335515,13744.149,100352143,Asia,2023,2023
World,OWID_WRL,1985,4.1717267,17346.605,4868943409,,1985,1985
World,OWID_WRL,1986,4.157858,17415.582,4958072773,,1986,1986
World,OWID_WRL,1987,4.208147,17720.008,5049746328,,1987,1987
World,OWID_WRL,1988,4.295053,18053.043,5141992501,,1988,1988
World,OWID_WRL,1989,4.2768035,18080.6,5234431681,,1989,1989
World,OWID_WRL,1990,4.266109,17972.46,5327803039,,1990,1990
World,OWID_WRL,1991,4.278877,17814.373,5418735854,,1991,1991
World,OWID_WRL,1992,4.091575,17637.264,5505989763,,1992,1992
World,OWID_WRL,1993,4.069678,17508.812,5591544754,,1993,1993
World,OWID_WRL,1994,4.051227,17470.807,5675551219,,1994,1994
World,OWID_WRL,1995,4.0862265,17595.95,5758878939,,1995,1995
World,OWID_WRL,1996,4.152334,17848.607,5842055673,,1996,1996
World,OWID_WRL,1997,4.118613,17781.023,5924787768,,1997,1997
World,OWID_WRL,1998,4.0458646,17642.604,6007066661,,1998,1998
World,OWID_WRL,1999,4.081738,17704.828,6089006306,,1999,1999
World,OWID_WRL,2000,4.1334705,17949.238,6171702952,,2000,2000
World,OWID_WRL,2001,4.1097608,17886.389,6254936409,,2001,2001
World,OWID_WRL,2002,4.146101,18029.49,6337730260,,2002,2002
World,OWID_WRL,2003,4.3096466,18425.412,6420361599,,2003,2003
World,OWID_WRL,2004,4.4027133,19106.504,6503377733,,2004,2004
World,OWID_WRL,2005,4.4959054,19498.543,6586970109,,2005,2005
World,OWID_WRL,2006,4.5909643,19798.291,6671451961,,2006,2006
World,OWID_WRL,2007,4.666746,20149.217,6757308732,,2007,2007
World,OWID_WRL,2008,4.6861563,20131.947,6844457620,,2008,2008
World,OWID_WRL,2009,4.549688,19563.13,6932766373,,2009,2009
World,OWID_WRL,2010,4.750381,20249.867,7021732097,,2010,2010
World,OWID_WRL,2011,4.852329,20458.84,7110923706,,2011,2011
World,OWID_WRL,2012,4.8603024,20490.223,7201202442,,2012,2012
World,OWID_WRL,2013,4.8412857,20591.31,7291793521,,2013,2013
World,OWID_WRL,2014,4.802484,20560.121,7381616193,,2014,2014
World,OWID_WRL,2015,4.7392993,20471.756,7470491849,,2015,2015
World,OWID_WRL,2016,4.685639,20444.303,7558554482,,2016,2016
World,OWID_WRL,2017,4.707258,20691.545,7645617937,,2017,2017
World,OWID_WRL,2018,4.751732,21020.674,7729902735,,2018,2018
World,OWID_WRL,2019,4.7500806,21036.396,7811293646,,2019,2019
World,OWID_WRL,2020,4.453724,20108.234,7887001253,,2020,2020
World,OWID_WRL,2021,4.650446,20953.705,7954448327,,2021,2021
World,OWID_WRL,2022,4.649288,21154.355,8021407128,,2022,2022
World,OWID_WRL,2023,4.6703916,21393.71,8091734853,,2023,2023
Yemen,YEM,1985,0.7485179,3877.409,11453783,Asia,1985,2023
Yemen,YEM,1986,0.6883491,3591.8438,11900998,Asia,1986,2023
Yemen,YEM,1987,0.69739234,3427.3337,12369868,Asia,1987,2023
Yemen,YEM,1988,0.74264973,3400.437,12859672,Asia,1988,2023
Yemen,YEM,1989,0.7434118,3495.1292,13364132,Asia,1989,2023
Yemen,YEM,1990,0.68550694,3518.4668,13887801,Asia,1990,2023
Yemen,YEM,1991,0.6325208,3504.7122,14430160,Asia,1991,2023
Yemen,YEM,1992,0.6587065,3536.7214,14989446,Asia,1992,2023
Yemen,YEM,1993,0.5541956,2806.359,15563867,Asia,1993,2023
Yemen,YEM,1994,0.6136621,2561.1243,16149093,Asia,1994,2023
Yemen,YEM,1995,0.6608387,2742.9705,16740017,Asia,1995,2023
Yemen,YEM,1996,0.6528345,2674.4197,17313127,Asia,1996,2023
Yemen,YEM,1997,0.6809609,2679.6123,17873898,Asia,1997,2023
Yemen,YEM,1998,0.6962424,2819.0642,18445969,Asia,1998,2023
Yemen,YEM,1999,0.77184266,2057.4478,19029377,Asia,1999,2023
Yemen,YEM,2000,0.8013273,3228.2104,19624093,Asia,2000,2023
Yemen,YEM,2001,0.84432006,3380.4053,20226100,Asia,2001,2023
Yemen,YEM,2002,0.79584324,3320.3242,20835051,Asia,2002,2023
Yemen,YEM,2003,0.8613577,3707.2222,21456325,Asia,2003,2023
Yemen,YEM,2004,0.90414464,3811.3972,22095118,Asia,2004,2023
Yemen,YEM,2005,0.95048374,3906.3083,22790036,Asia,2005,2023
Yemen,YEM,2006,1.0105301,3788.2456,23543046,Asia,2006,2023
Yemen,YEM,2007,0.9692661,3902.2861,24318038,Asia,2007,2023
Yemen,YEM,2008,0.97193366,3976.8901,25111897,Asia,2008,2023
Yemen,YEM,2009,1.0327454,4277.2236,25927683,Asia,2009,2023
Yemen,YEM,2010,0.9610927,4030.7585,26754341,Asia,2010,2023
Yemen,YEM,2011,0.8162799,3289.4512,27582855,Asia,2011,2023
Yemen,YEM,2012,0.7158934,2769.04,28433605,Asia,2012,2023
Yemen,YEM,2013,0.92656785,3797.829,29312908,Asia,2013,2023
Yemen,YEM,2014,0.876051,3495.329,30226266,Asia,2014,2023
Yemen,YEM,2015,0.45188546,1837.1029,31159328,Asia,2015,2023
Yemen,YEM,2016,0.3116606,1432.5522,32108978,Asia,2016,2023
Yemen,YEM,2017,0.29296905,1288.8767,33090884,Asia,2017,2023
Yemen,YEM,2018,0.34018838,1170.7261,34085134,Asia,2018,2023
Yemen,YEM,2019,0.33713272,1475.9852,35111377,Asia,2019,2023
Yemen,YEM,2020,0.30120492,1092.0021,36134822,Asia,2020,2023
Yemen,YEM,2021,0.29269132,1080.0393,37140180,Asia,2021,2023
Zambia,ZMB,1985,0.40300378,5664.311,6780909,Africa,1985,2023
Zambia,ZMB,1986,0.41016307,5470.4194,6986421,Africa,1986,2023
Zambia,ZMB,1987,0.37180835,4924.4634,7191237,Africa,1987,2023
Zambia,ZMB,1988,0.420627,4886.428,7391399,Africa,1988,2023
Zambia,ZMB,1989,0.33864063,4092.2612,7589181,Africa,1989,2023
Zambia,ZMB,1990,0.30915466,4286.728,7786113,Africa,1990,2023
Zambia,ZMB,1991,0.29841262,4023.2705,7981603,Africa,1991,2023
Zambia,ZMB,1992,0.29653963,4027.7708,8176624,Africa,1992,2023
Zambia,ZMB,1993,0.29448828,3758.6143,8373871,Africa,1993,2023
Zambia,ZMB,1994,0.27905756,3649.3577,8576216,Africa,1994,2023
Zambia,ZMB,1995,0.24384056,3421.5933,8785712,Africa,1995,2023
Zambia,ZMB,1996,0.20413065,3175.215,9004013,Africa,1996,2023
Zambia,ZMB,1997,0.25485525,3348.278,9237016,Africa,1997,2023
Zambia,ZMB,1998,0.24028376,3194.412,9482364,Africa,1998,2023
Zambia,ZMB,1999,0.18250623,3018.763,9739963,Africa,1999,2023
Zambia,ZMB,2000,0.1780982,2951.3672,10017580,Africa,2000,2023
Zambia,ZMB,2001,0.18262242,2997.7124,10325145,Africa,2001,2023
Zambia,ZMB,2002,0.18415745,3006.324,10647905,Africa,2002,2023
Zambia,ZMB,2003,0.18886524,3019.908,10983561,Africa,2003,2023
Zambia,ZMB,2004,0.18557978,3012.9995,11338148,Africa,2004,2023
Zambia,ZMB,2005,0.19136338,3068.1736,11718768,Africa,2005,2023
Zambia,ZMB,2006,0.18394133,3064.4688,12129509,Africa,2006,2023
Zambia,ZMB,2007,0.18259026,2793.334,12565040,Africa,2007,2023
Zambia,ZMB,2008,0.19606592,2786.6501,13021274,Africa,2008,2023
Zambia,ZMB,2009,0.21795855,2734.891,13490345,Africa,2009,2023
Zambia,ZMB,2010,0.2234287,2768.134,13965529,Africa,2010,2023
Zambia,ZMB,2011,0.23357998,2998.1587,14437740,Africa,2011,2023
Zambia,ZMB,2012,0.27933237,3116.7373,14913571,Africa,2012,2023
Zambia,ZMB,2013,0.28678313,3198.5288,15398950,Africa,2013,2023
Zambia,ZMB,2014,0.30679289,3323.3853,15895274,Africa,2014,2023
Zambia,ZMB,2015,0.30885813,3115.0676,16399034,Africa,2015,2023
Zambia,ZMB,2016,0.34670392,2846.699,16914380,Africa,2016,2023
Zambia,ZMB,2017,0.3927581,3202.0718,17441277,Africa,2017,2023
Zambia,ZMB,2018,0.41279456,3494.5369,17973515,Africa,2018,2023
Zambia,ZMB,2019,0.41865155,2983.8816,18513790,Africa,2019,2023
Zambia,ZMB,2020,0.4273149,3099.083,19059354,Africa,2020,2023
Zambia,ZMB,2021,0.3971593,3418.863,19603556,Africa,2021,2023
Zimbabwe,ZWE,1985,1.1757782,4938.069,8686765,Africa,1985,2023
Zimbabwe,ZWE,1986,1.4548266,5343.5034,8982530,Africa,1986,2023
Zimbabwe,ZWE,1987,1.6339009,5842.1016,9284594,Africa,1987,2023
Zimbabwe,ZWE,1988,1.6726881,5589.0674,9583054,Africa,1988,2023
Zimbabwe,ZWE,1989,1.633458,5882.1895,9864749,Africa,1989,2023
Zimbabwe,ZWE,1990,1.5326676,6057.5283,10137236,Africa,1990,2023
Zimbabwe,ZWE,1991,1.4887924,6036.0913,10404776,Africa,1991,2023
Zimbabwe,ZWE,1992,1.5605842,5412.468,10702643,Africa,1992,2023
Zimbabwe,ZWE,1993,1.476207,5147.9585,10860236,Africa,1993,2023
Zimbabwe,ZWE,1994,1.5986805,4898.5435,10873091,Africa,1994,2023
Zimbabwe,ZWE,1995,1.3683833,4794.385,10974557,Africa,1995,2023
Zimbabwe,ZWE,1996,1.3348118,4844.4297,11158312,Africa,1996,2023
Zimbabwe,ZWE,1997,1.2226263,4702.4746,11369780,Africa,1997,2023
Zimbabwe,ZWE,1998,1.2184908,4663.5015,11594240,Africa,1998,2023
Zimbabwe,ZWE,1999,1.3344281,5294.7417,11783404,Africa,1999,2023
Zimbabwe,ZWE,2000,1.161666,4919.5225,11892005,Africa,2000,2023
Zimbabwe,ZWE,2001,1.0448444,4614.9575,11971852,Africa,2001,2023
Zimbabwe,ZWE,2002,0.9841349,4561.243,12087610,Africa,2002,2023
Zimbabwe,ZWE,2003,0.86734307,4397.342,12232280,Africa,2003,2023
Zimbabwe,ZWE,2004,0.7624744,4045.2322,12365847,Africa,2004,2023
Zimbabwe,ZWE,2005,0.85701835,4160.4126,12483384,Africa,2005,2023
Zimbabwe,ZWE,2006,0.8202858,4158.7817,12636402,Africa,2006,2023
Zimbabwe,ZWE,2007,0.7681306,4036.7202,12804022,Africa,2007,2023
Zimbabwe,ZWE,2008,0.5957278,3324.8596,12959096,Africa,2008,2023
Zimbabwe,ZWE,2009,0.6277054,3254.282,13142740,Africa,2009,2023
Zimbabwe,ZWE,2010,0.655412,3592.6724,13356502,Africa,2010,2023
Zimbabwe,ZWE,2011,0.7622593,3860.7898,13595372,Africa,2011,2023
Zimbabwe,ZWE,2012,0.81443775,4106.9497,13817838,Africa,2012,2023
Zimbabwe,ZWE,2013,0.83285093,4085.332,14013761,Africa,2013,2023
Zimbabwe,ZWE,2014,0.8408449,3940.8862,14207314,Africa,2014,2023
Zimbabwe,ZWE,2015,0.83456004,3860.9202,14398957,Africa,2015,2023
Zimbabwe,ZWE,2016,0.72471976,3227.6802,14600243,Africa,2016,2023
Zimbabwe,ZWE,2017,0.6634106,3068.0115,14812430,Africa,2017,2023
Zimbabwe,ZWE,2018,0.74531716,3441.9858,15034396,Africa,2018,2023
Zimbabwe,ZWE,2019,0.67204034,3003.6553,15271330,Africa,2019,2023
Zimbabwe,ZWE,2020,0.5470852,2680.1318,15526837,Africa,2020,2023
Zimbabwe,ZWE,2021,0.64591527,2635.1536,15797165,Africa,2021,2023