Entity,Year,Population growth rate - Sex: all - Age: all - Variant: medium
Afghanistan,1950,1.275
Afghanistan,1951,1.36
Afghanistan,1952,1.374
Afghanistan,1953,1.335
Afghanistan,1954,1.394
Afghanistan,1955,1.485
Afghanistan,1956,1.55
Afghanistan,1957,1.596
Afghanistan,1958,1.525
Afghanistan,1959,1.789
Afghanistan,1960,1.913
Afghanistan,1961,2.01
Afghanistan,1962,2.078
Afghanistan,1963,2.132
Afghanistan,1964,2.19
Afghanistan,1965,2.276
Afghanistan,1966,2.263
Afghanistan,1967,2.349
Afghanistan,1968,2.372
Afghanistan,1969,2.413
Afghanistan,1970,2.477
Afghanistan,1971,2.382
Afghanistan,1972,2.502
Afghanistan,1973,2.567
Afghanistan,1974,2.488
Afghanistan,1975,2.344
Afghanistan,1976,2.086
Afghanistan,1977,2.17
Afghanistan,1978,1.851
Afghanistan,1979,-1.199
Afghanistan,1980,-6.144
Afghanistan,1981,-13.883
Afghanistan,1982,-2.164
Afghanistan,1983,0.833
Afghanistan,1984,4.053
Afghanistan,1985,0.173
Afghanistan,1986,-0.292
Afghanistan,1987,-0.274
Afghanistan,1988,2.622
Afghanistan,1989,3.364
Afghanistan,1990,-0.467
Afghanistan,1991,3.618
Afghanistan,1992,12.347
Afghanistan,1993,11.328
Afghanistan,1994,5.689
Afghanistan,1995,4.136
Afghanistan,1996,3.88
Afghanistan,1997,3.732
Afghanistan,1998,3.796
Afghanistan,1999,3.663
Afghanistan,2000,-1.208
Afghanistan,2001,2.718
Afghanistan,2002,7.658
Afghanistan,2003,4.723
Afghanistan,2004,2.469
Afghanistan,2005,4.533
Afghanistan,2006,3.67
Afghanistan,2007,0.149
Afghanistan,2008,4.181
Afghanistan,2009,3.131
Afghanistan,2010,2.744
Afghanistan,2011,4.605
Afghanistan,2012,3.513
Afghanistan,2013,3.327
Afghanistan,2014,3.927
Afghanistan,2015,2.337
Afghanistan,2016,2.729
Afghanistan,2017,2.885
Afghanistan,2018,2.935
Afghanistan,2019,3.032
Afghanistan,2020,3.272
Afghanistan,2021,1.462
Afghanistan,2022,1.41
Afghanistan,2023,2.846
Afghanistan,2024,2.827
Afghanistan,2025,2.709
Afghanistan,2026,2.705
Afghanistan,2027,2.606
Afghanistan,2028,2.566
Afghanistan,2029,2.652
Afghanistan,2030,2.668
Afghanistan,2031,2.605
Afghanistan,2032,2.515
Afghanistan,2033,2.493
Afghanistan,2034,2.318
Afghanistan,2035,2.281
Afghanistan,2036,2.279
Afghanistan,2037,2.244
Afghanistan,2038,2.157
Afghanistan,2039,2.237
Afghanistan,2040,2.243
Afghanistan,2041,2.102
Afghanistan,2042,1.94
Afghanistan,2043,2.001
Afghanistan,2044,1.906
Afghanistan,2045,1.892
Afghanistan,2046,1.964
Afghanistan,2047,1.844
Afghanistan,2048,1.843
Afghanistan,2049,1.915
Afghanistan,2050,1.682
Afghanistan,2051,1.596
Afghanistan,2052,1.708
Afghanistan,2053,1.697
Afghanistan,2054,1.677
Afghanistan,2055,1.658
Afghanistan,2056,1.668
Afghanistan,2057,1.63
Afghanistan,2058,1.54
Afghanistan,2059,1.42
Afghanistan,2060,1.435
Afghanistan,2061,1.359
Afghanistan,2062,1.453
Afghanistan,2063,1.42
Afghanistan,2064,1.451
Afghanistan,2065,1.425
Afghanistan,2066,1.267
Afghanistan,2067,1.236
Afghanistan,2068,1.305
Afghanistan,2069,1.222
Afghanistan,2070,1.275
Afghanistan,2071,1.11
Afghanistan,2072,1.13
Afghanistan,2073,1.175
Afghanistan,2074,1.059
Afghanistan,2075,0.94
Afghanistan,2076,0.965
Afghanistan,2077,0.974
Afghanistan,2078,0.881
Afghanistan,2079,1.01
Afghanistan,2080,0.901
Afghanistan,2081,0.768
Afghanistan,2082,0.752
Afghanistan,2083,0.723
Afghanistan,2084,0.829
Afghanistan,2085,0.74
Afghanistan,2086,0.63
Afghanistan,2087,0.723
Afghanistan,2088,0.655
Afghanistan,2089,0.638
Afghanistan,2090,0.698
Afghanistan,2091,0.605
Afghanistan,2092,0.591
Afghanistan,2093,0.584
Afghanistan,2094,0.556
Afghanistan,2095,0.523
Afghanistan,2096,0.51
Afghanistan,2097,0.518
Afghanistan,2098,0.507
Afghanistan,2099,0.501
Afghanistan,2100,0.424
Africa (UN),1950,2.052
Africa (UN),1951,2.102
Africa (UN),1952,2.137
Africa (UN),1953,2.149
Africa (UN),1954,2.188
Africa (UN),1955,2.223
Africa (UN),1956,2.249
Africa (UN),1957,2.219
Africa (UN),1958,2.192
Africa (UN),1959,2.351
Africa (UN),1960,2.389
Africa (UN),1961,2.407
Africa (UN),1962,2.447
Africa (UN),1963,2.467
Africa (UN),1964,2.507
Africa (UN),1965,2.51
Africa (UN),1966,2.557
Africa (UN),1967,2.599
Africa (UN),1968,2.63
Africa (UN),1969,2.624
Africa (UN),1970,2.653
Africa (UN),1971,2.625
Africa (UN),1972,2.627
Africa (UN),1973,2.754
Africa (UN),1974,2.752
Africa (UN),1975,2.851
Africa (UN),1976,2.834
Africa (UN),1977,2.74
Africa (UN),1978,2.992
Africa (UN),1979,2.918
Africa (UN),1980,2.902
Africa (UN),1981,3.039
Africa (UN),1982,3.032
Africa (UN),1983,2.839
Africa (UN),1984,2.91
Africa (UN),1985,2.901
Africa (UN),1986,2.843
Africa (UN),1987,2.851
Africa (UN),1988,2.737
Africa (UN),1989,2.757
Africa (UN),1990,2.729
Africa (UN),1991,2.585
Africa (UN),1992,2.626
Africa (UN),1993,2.629
Africa (UN),1994,2.443
Africa (UN),1995,2.584
Africa (UN),1996,2.478
Africa (UN),1997,2.492
Africa (UN),1998,2.531
Africa (UN),1999,2.494
Africa (UN),2000,2.505
Africa (UN),2001,2.514
Africa (UN),2002,2.523
Africa (UN),2003,2.525
Africa (UN),2004,2.555
Africa (UN),2005,2.553
Africa (UN),2006,2.555
Africa (UN),2007,2.574
Africa (UN),2008,2.601
Africa (UN),2009,2.579
Africa (UN),2010,2.605
Africa (UN),2011,2.539
Africa (UN),2012,2.61
Africa (UN),2013,2.625
Africa (UN),2014,2.562
Africa (UN),2015,2.561
Africa (UN),2016,2.479
Africa (UN),2017,2.523
Africa (UN),2018,2.482
Africa (UN),2019,2.414
Africa (UN),2020,2.396
Africa (UN),2021,2.318
Africa (UN),2022,2.315
Africa (UN),2023,2.316
Africa (UN),2024,2.274
Africa (UN),2025,2.258
Africa (UN),2026,2.223
Africa (UN),2027,2.18
Africa (UN),2028,2.145
Africa (UN),2029,2.116
Africa (UN),2030,2.084
Africa (UN),2031,2.057
Africa (UN),2032,2.023
Africa (UN),2033,1.992
Africa (UN),2034,1.965
Africa (UN),2035,1.937
Africa (UN),2036,1.904
Africa (UN),2037,1.872
Africa (UN),2038,1.841
Africa (UN),2039,1.812
Africa (UN),2040,1.782
Africa (UN),2041,1.752
Africa (UN),2042,1.721
Africa (UN),2043,1.692
Africa (UN),2044,1.661
Africa (UN),2045,1.627
Africa (UN),2046,1.598
Africa (UN),2047,1.571
Africa (UN),2048,1.54
Africa (UN),2049,1.509
Africa (UN),2050,1.48
Africa (UN),2051,1.456
Africa (UN),2052,1.426
Africa (UN),2053,1.395
Africa (UN),2054,1.37
Africa (UN),2055,1.344
Africa (UN),2056,1.316
Africa (UN),2057,1.286
Africa (UN),2058,1.261
Africa (UN),2059,1.242
Africa (UN),2060,1.212
Africa (UN),2061,1.19
Africa (UN),2062,1.159
Africa (UN),2063,1.133
Africa (UN),2064,1.11
Africa (UN),2065,1.085
Africa (UN),2066,1.06
Africa (UN),2067,1.038
Africa (UN),2068,1.01
Africa (UN),2069,0.988
Africa (UN),2070,0.964
Africa (UN),2071,0.943
Africa (UN),2072,0.92
Africa (UN),2073,0.895
Africa (UN),2074,0.875
Africa (UN),2075,0.851
Africa (UN),2076,0.826
Africa (UN),2077,0.808
Africa (UN),2078,0.785
Africa (UN),2079,0.759
Africa (UN),2080,0.737
Africa (UN),2081,0.715
Africa (UN),2082,0.696
Africa (UN),2083,0.676
Africa (UN),2084,0.653
Africa (UN),2085,0.636
Africa (UN),2086,0.617
Africa (UN),2087,0.593
Africa (UN),2088,0.57
Africa (UN),2089,0.554
Africa (UN),2090,0.535
Africa (UN),2091,0.513
Africa (UN),2092,0.494
Africa (UN),2093,0.476
Africa (UN),2094,0.458
Africa (UN),2095,0.439
Africa (UN),2096,0.425
Africa (UN),2097,0.406
Africa (UN),2098,0.39
Africa (UN),2099,0.372
Africa (UN),2100,0.359
Albania,1950,2.144
Albania,1951,2.372
Albania,1952,2.577
Albania,1953,2.733
Albania,1954,2.774
Albania,1955,2.623
Albania,1956,2.658
Albania,1957,2.907
Albania,1958,3.141
Albania,1959,3.359
Albania,1960,3.346
Albania,1961,2.568
Albania,1962,2.653
Albania,1963,2.727
Albania,1964,2.795
Albania,1965,2.865
Albania,1966,2.933
Albania,1967,2.975
Albania,1968,2.943
Albania,1969,2.595
Albania,1970,2.453
Albania,1971,2.418
Albania,1972,2.381
Albania,1973,2.354
Albania,1974,2.31
Albania,1975,2.261
Albania,1976,2.228
Albania,1977,2.186
Albania,1978,2.284
Albania,1979,1.998
Albania,1980,1.992
Albania,1981,1.989
Albania,1982,2.019
Albania,1983,2.03
Albania,1984,2.047
Albania,1985,2.045
Albania,1986,1.974
Albania,1987,1.951
Albania,1988,2.077
Albania,1989,0.864
Albania,1990,0.214
Albania,1991,0.069
Albania,1992,-0.075
Albania,1993,-0.21
Albania,1994,-0.304
Albania,1995,-0.36
Albania,1996,-0.433
Albania,1997,-0.557
Albania,1998,-0.656
Albania,1999,-0.691
Albania,2000,-0.723
Albania,2001,-0.43
Albania,2002,-0.452
Albania,2003,-0.572
Albania,2004,-0.678
Albania,2005,-0.779
Albania,2006,-0.876
Albania,2007,-0.963
Albania,2008,-1.029
Albania,2009,-1.084
Albania,2010,-1.141
Albania,2011,-0.035
Albania,2012,-0.068
Albania,2013,-0.099
Albania,2014,-0.164
Albania,2015,-0.189
Albania,2016,0.136
Albania,2017,-0.11
Albania,2018,-0.167
Albania,2019,-0.472
Albania,2020,-0.435
Albania,2021,-1.128
Albania,2022,-0.421
Albania,2023,-0.711
Albania,2024,-0.709
Albania,2025,-0.748
Albania,2026,-0.736
Albania,2027,-0.709
Albania,2028,-0.729
Albania,2029,-0.733
Albania,2030,-0.761
Albania,2031,-0.743
Albania,2032,-0.75
Albania,2033,-0.785
Albania,2034,-0.809
Albania,2035,-0.798
Albania,2036,-0.835
Albania,2037,-0.855
Albania,2038,-0.864
Albania,2039,-0.917
Albania,2040,-0.903
Albania,2041,-0.921
Albania,2042,-0.912
Albania,2043,-0.925
Albania,2044,-0.913
Albania,2045,-0.948
Albania,2046,-0.96
Albania,2047,-0.946
Albania,2048,-0.973
Albania,2049,-0.988
Albania,2050,-1
Albania,2051,-0.987
Albania,2052,-1.022
Albania,2053,-1.039
Albania,2054,-1.048
Albania,2055,-1.053
Albania,2056,-1.046
Albania,2057,-1.064
Albania,2058,-1.061
Albania,2059,-1.081
Albania,2060,-1.086
Albania,2061,-1.085
Albania,2062,-1.097
Albania,2063,-1.116
Albania,2064,-1.12
Albania,2065,-1.131
Albania,2066,-1.116
Albania,2067,-1.153
Albania,2068,-1.158
Albania,2069,-1.165
Albania,2070,-1.182
Albania,2071,-1.207
Albania,2072,-1.226
Albania,2073,-1.237
Albania,2074,-1.294
Albania,2075,-1.297
Albania,2076,-1.301
Albania,2077,-1.343
Albania,2078,-1.35
Albania,2079,-1.368
Albania,2080,-1.414
Albania,2081,-1.436
Albania,2082,-1.469
Albania,2083,-1.488
Albania,2084,-1.501
Albania,2085,-1.509
Albania,2086,-1.515
Albania,2087,-1.51
Albania,2088,-1.529
Albania,2089,-1.524
Albania,2090,-1.511
Albania,2091,-1.497
Albania,2092,-1.481
Albania,2093,-1.458
Albania,2094,-1.434
Albania,2095,-1.407
Albania,2096,-1.385
Albania,2097,-1.363
Albania,2098,-1.343
Albania,2099,-1.321
Albania,2100,-1.308
Algeria,1950,2.786
Algeria,1951,2.714
Algeria,1952,2.637
Algeria,1953,2.577
Algeria,1954,2.314
Algeria,1955,2.288
Algeria,1956,2.243
Algeria,1957,2.198
Algeria,1958,2.161
Algeria,1959,2.102
Algeria,1960,2.06
Algeria,1961,1.484
Algeria,1962,1.451
Algeria,1963,1.598
Algeria,1964,1.674
Algeria,1965,1.362
Algeria,1966,2.222
Algeria,1967,2.27
Algeria,1968,2.283
Algeria,1969,2.271
Algeria,1970,2.246
Algeria,1971,2.276
Algeria,1972,2.325
Algeria,1973,2.389
Algeria,1974,2.458
Algeria,1975,4.582
Algeria,1976,4.528
Algeria,1977,2.767
Algeria,1978,2.92
Algeria,1979,3.039
Algeria,1980,3.186
Algeria,1981,3.3
Algeria,1982,3.367
Algeria,1983,3.417
Algeria,1984,3.41
Algeria,1985,3.399
Algeria,1986,3.192
Algeria,1987,2.859
Algeria,1988,2.744
Algeria,1989,2.538
Algeria,1990,2.421
Algeria,1991,2.347
Algeria,1992,2.521
Algeria,1993,2.294
Algeria,1994,2.133
Algeria,1995,2.005
Algeria,1996,1.911
Algeria,1997,1.818
Algeria,1998,1.371
Algeria,1999,1.406
Algeria,2000,1.393
Algeria,2001,1.354
Algeria,2002,1.307
Algeria,2003,1.351
Algeria,2004,1.441
Algeria,2005,1.486
Algeria,2006,1.596
Algeria,2007,1.741
Algeria,2008,1.896
Algeria,2009,1.936
Algeria,2010,1.958
Algeria,2011,1.956
Algeria,2012,2.029
Algeria,2013,2.01
Algeria,2014,2.065
Algeria,2015,2.048
Algeria,2016,2.064
Algeria,2017,2.001
Algeria,2018,1.876
Algeria,2019,1.806
Algeria,2020,1.62
Algeria,2021,1.619
Algeria,2022,1.557
Algeria,2023,1.442
Algeria,2024,1.355
Algeria,2025,1.281
Algeria,2026,1.204
Algeria,2027,1.135
Algeria,2028,1.084
Algeria,2029,1.021
Algeria,2030,0.978
Algeria,2031,0.94
Algeria,2032,0.932
Algeria,2033,0.902
Algeria,2034,0.888
Algeria,2035,0.905
Algeria,2036,0.875
Algeria,2037,0.878
Algeria,2038,0.869
Algeria,2039,0.882
Algeria,2040,0.865
Algeria,2041,0.872
Algeria,2042,0.864
Algeria,2043,0.866
Algeria,2044,0.855
Algeria,2045,0.842
Algeria,2046,0.818
Algeria,2047,0.79
Algeria,2048,0.772
Algeria,2049,0.74
Algeria,2050,0.707
Algeria,2051,0.665
Algeria,2052,0.604
Algeria,2053,0.578
Algeria,2054,0.536
Algeria,2055,0.491
Algeria,2056,0.463
Algeria,2057,0.404
Algeria,2058,0.375
Algeria,2059,0.336
Algeria,2060,0.295
Algeria,2061,0.26
Algeria,2062,0.255
Algeria,2063,0.218
Algeria,2064,0.214
Algeria,2065,0.193
Algeria,2066,0.177
Algeria,2067,0.168
Algeria,2068,0.159
Algeria,2069,0.153
Algeria,2070,0.124
Algeria,2071,0.161
Algeria,2072,0.157
Algeria,2073,0.149
Algeria,2074,0.151
Algeria,2075,0.149
Algeria,2076,0.128
Algeria,2077,0.132
Algeria,2078,0.123
Algeria,2079,0.12
Algeria,2080,0.111
Algeria,2081,0.089
Algeria,2082,0.081
Algeria,2083,0.077
Algeria,2084,0.071
Algeria,2085,0.067
Algeria,2086,0.059
Algeria,2087,0.038
Algeria,2088,0.026
Algeria,2089,-0.003
Algeria,2090,0.003
Algeria,2091,-0.033
Algeria,2092,-0.043
Algeria,2093,-0.044
Algeria,2094,-0.087
Algeria,2095,-0.094
Algeria,2096,-0.118
Algeria,2097,-0.13
Algeria,2098,-0.157
Algeria,2099,-0.172
Algeria,2100,-0.186
American Samoa,1950,3.419
American Samoa,1951,0.592
American Samoa,1952,0.716
American Samoa,1953,0.437
American Samoa,1954,0.511
American Samoa,1955,0.488
American Samoa,1956,0.296
American Samoa,1957,-0.08
American Samoa,1958,-0.196
American Samoa,1959,-0.025
American Samoa,1960,2.25
American Samoa,1961,2.967
American Samoa,1962,3.062
American Samoa,1963,3.119
American Samoa,1964,3.211
American Samoa,1965,3.149
American Samoa,1966,2.996
American Samoa,1967,2.948
American Samoa,1968,2.999
American Samoa,1969,2.855
American Samoa,1970,2.031
American Samoa,1971,1.693
American Samoa,1972,1.64
American Samoa,1973,1.488
American Samoa,1974,1.572
American Samoa,1975,1.957
American Samoa,1976,1.883
American Samoa,1977,1.835
American Samoa,1978,1.767
American Samoa,1979,1.651
American Samoa,1980,3.275
American Samoa,1981,3.88
American Samoa,1982,3.856
American Samoa,1983,3.8
American Samoa,1984,3.754
American Samoa,1985,3.732
American Samoa,1986,3.638
American Samoa,1987,3.628
American Samoa,1988,3.577
American Samoa,1989,3.523
American Samoa,1990,2.8
American Samoa,1991,2.46
American Samoa,1992,2.315
American Samoa,1993,2.205
American Samoa,1994,2.103
American Samoa,1995,2.011
American Samoa,1996,1.917
American Samoa,1997,1.829
American Samoa,1998,1.715
American Samoa,1999,1.565
American Samoa,2000,0.586
American Samoa,2001,0.114
American Samoa,2002,-0.086
American Samoa,2003,-0.233
American Samoa,2004,-0.303
American Samoa,2005,-0.406
American Samoa,2006,-0.452
American Samoa,2007,-0.478
American Samoa,2008,-0.541
American Samoa,2009,-0.537
American Samoa,2010,-0.545
American Samoa,2011,-0.665
American Samoa,2012,-0.822
American Samoa,2013,-0.959
American Samoa,2014,-1.051
American Samoa,2015,-1.161
American Samoa,2016,-1.25
American Samoa,2017,-1.287
American Samoa,2018,-1.357
American Samoa,2019,-1.41
American Samoa,2020,-0.376
American Samoa,2021,-1.8
American Samoa,2022,-1.823
American Samoa,2023,-1.599
American Samoa,2024,-1.608
American Samoa,2025,-1.566
American Samoa,2026,-1.542
American Samoa,2027,-1.409
American Samoa,2028,-1.273
American Samoa,2029,-1.324
American Samoa,2030,-1.141
American Samoa,2031,-1.111
American Samoa,2032,-1.026
American Samoa,2033,-1.007
American Samoa,2034,-0.905
American Samoa,2035,-0.857
American Samoa,2036,-0.78
American Samoa,2037,-0.724
American Samoa,2038,-0.684
American Samoa,2039,-0.696
American Samoa,2040,-0.642
American Samoa,2041,-0.572
American Samoa,2042,-0.514
American Samoa,2043,-0.485
American Samoa,2044,-0.511
American Samoa,2045,-0.412
American Samoa,2046,-0.455
American Samoa,2047,-0.481
American Samoa,2048,-0.375
American Samoa,2049,-0.451
American Samoa,2050,-0.416
American Samoa,2051,-0.428
American Samoa,2052,-0.459
American Samoa,2053,-0.467
American Samoa,2054,-0.483
American Samoa,2055,-0.51
American Samoa,2056,-0.54
American Samoa,2057,-0.562
American Samoa,2058,-0.507
American Samoa,2059,-0.523
American Samoa,2060,-0.476
American Samoa,2061,-0.492
American Samoa,2062,-0.475
American Samoa,2063,-0.446
American Samoa,2064,-0.413
American Samoa,2065,-0.381
American Samoa,2066,-0.365
American Samoa,2067,-0.346
American Samoa,2068,-0.272
American Samoa,2069,-0.241
American Samoa,2070,-0.227
American Samoa,2071,-0.195
American Samoa,2072,-0.198
American Samoa,2073,-0.137
American Samoa,2074,-0.123
American Samoa,2075,-0.091
American Samoa,2076,-0.12
American Samoa,2077,-0.1
American Samoa,2078,-0.071
American Samoa,2079,-0.056
American Samoa,2080,-0.103
American Samoa,2081,-0.082
American Samoa,2082,-0.085
American Samoa,2083,-0.106
American Samoa,2084,-0.13
American Samoa,2085,-0.13
American Samoa,2086,-0.148
American Samoa,2087,-0.154
American Samoa,2088,-0.172
American Samoa,2089,-0.193
American Samoa,2090,-0.274
American Samoa,2091,-0.269
American Samoa,2092,-0.294
American Samoa,2093,-0.346
American Samoa,2094,-0.359
American Samoa,2095,-0.367
American Samoa,2096,-0.399
American Samoa,2097,-0.419
American Samoa,2098,-0.473
American Samoa,2099,-0.419
American Samoa,2100,-0.468
Andorra,1950,1.601
Andorra,1951,-7.755
Andorra,1952,-5.042
Andorra,1953,0.188
Andorra,1954,9.79
Andorra,1955,9.398
Andorra,1956,9.157
Andorra,1957,8.804
Andorra,1958,8.496
Andorra,1959,8.225
Andorra,1960,7.975
Andorra,1961,7.658
Andorra,1962,7.4
Andorra,1963,7.036
Andorra,1964,6.733
Andorra,1965,6.471
Andorra,1966,7.538
Andorra,1967,8.34
Andorra,1968,7.911
Andorra,1969,7.549
Andorra,1970,7.227
Andorra,1971,6.938
Andorra,1972,6.728
Andorra,1973,6.478
Andorra,1974,6.221
Andorra,1975,5.99
Andorra,1976,5.644
Andorra,1977,5.346
Andorra,1978,4.932
Andorra,1979,4.455
Andorra,1980,3.977
Andorra,1981,3.635
Andorra,1982,4.75
Andorra,1983,4.337
Andorra,1984,3.923
Andorra,1985,3.298
Andorra,1986,5.194
Andorra,1987,3.068
Andorra,1988,4.177
Andorra,1989,0.678
Andorra,1990,6.87
Andorra,1991,7.996
Andorra,1992,4.212
Andorra,1993,5.707
Andorra,1994,-1.438
Andorra,1995,-0.739
Andorra,1996,0.963
Andorra,1997,1.26
Andorra,1998,0.84
Andorra,1999,0.163
Andorra,2000,-0.237
Andorra,2001,0.744
Andorra,2002,1.23
Andorra,2003,7.402
Andorra,2004,6.108
Andorra,2005,2.135
Andorra,2006,3.364
Andorra,2007,2.329
Andorra,2008,1.589
Andorra,2009,-0.644
Andorra,2010,-7.219
Andorra,2011,-0.028
Andorra,2012,-2.442
Andorra,2013,-1.869
Andorra,2014,-2.045
Andorra,2015,-2.243
Andorra,2016,2.265
Andorra,2017,2.07
Andorra,2018,1.692
Andorra,2019,1.767
Andorra,2020,0.597
Andorra,2021,1.921
Andorra,2022,1.478
Andorra,2023,1.39
Andorra,2024,1.268
Andorra,2025,1.08
Andorra,2026,0.958
Andorra,2027,0.733
Andorra,2028,0.436
Andorra,2029,0.471
Andorra,2030,0.319
Andorra,2031,0.151
Andorra,2032,0.085
Andorra,2033,0.078
Andorra,2034,0.043
Andorra,2035,0.113
Andorra,2036,-0.233
Andorra,2037,-0.031
Andorra,2038,-0.123
Andorra,2039,-0.103
Andorra,2040,-0.308
Andorra,2041,-0.137
Andorra,2042,-0.317
Andorra,2043,-0.32
Andorra,2044,-0.47
Andorra,2045,-0.439
Andorra,2046,-0.458
Andorra,2047,-0.503
Andorra,2048,-0.526
Andorra,2049,-0.549
Andorra,2050,-0.533
Andorra,2051,-0.754
Andorra,2052,-0.703
Andorra,2053,-0.829
Andorra,2054,-0.896
Andorra,2055,-0.889
Andorra,2056,-0.956
Andorra,2057,-0.98
Andorra,2058,-1.002
Andorra,2059,-1.046
Andorra,2060,-1.086
Andorra,2061,-1.095
Andorra,2062,-1.123
Andorra,2063,-1.131
Andorra,2064,-1.162
Andorra,2065,-1.167
Andorra,2066,-0.974
Andorra,2067,-1.165
Andorra,2068,-1.188
Andorra,2069,-1.153
Andorra,2070,-1.117
Andorra,2071,-1.02
Andorra,2072,-1.122
Andorra,2073,-1.1
Andorra,2074,-1.049
Andorra,2075,-1.128
Andorra,2076,-1.085
Andorra,2077,-1.193
Andorra,2078,-1.213
Andorra,2079,-1.158
Andorra,2080,-1.163
Andorra,2081,-1.172
Andorra,2082,-1.232
Andorra,2083,-1.218
Andorra,2084,-1.101
Andorra,2085,-1.114
Andorra,2086,-1.187
Andorra,2087,-1.18
Andorra,2088,-1.168
Andorra,2089,-1.228
Andorra,2090,-1.168
Andorra,2091,-1.226
Andorra,2092,-1.239
Andorra,2093,-1.27
Andorra,2094,-1.235
Andorra,2095,-1.267
Andorra,2096,-1.24
Andorra,2097,-1.246
Andorra,2098,-1.222
Andorra,2099,-1.199
Andorra,2100,-1.192
Angola,1950,1.208
Angola,1951,1.008
Angola,1952,1.115
Angola,1953,1.222
Angola,1954,1.326
Angola,1955,1.425
Angola,1956,1.512
Angola,1957,1.578
Angola,1958,1.628
Angola,1959,1.663
Angola,1960,1.673
Angola,1961,0.987
Angola,1962,0.992
Angola,1963,1.015
Angola,1964,1.04
Angola,1965,1.064
Angola,1966,1.076
Angola,1967,1.077
Angola,1968,1.07
Angola,1969,1.058
Angola,1970,2.003
Angola,1971,2.66
Angola,1972,3.352
Angola,1973,3.469
Angola,1974,3.449
Angola,1975,3.377
Angola,1976,3.285
Angola,1977,3.471
Angola,1978,3.483
Angola,1979,3.532
Angola,1980,3.642
Angola,1981,3.643
Angola,1982,3.712
Angola,1983,3.72
Angola,1984,3.693
Angola,1985,3.665
Angola,1986,3.574
Angola,1987,3.377
Angola,1988,3.429
Angola,1989,3.401
Angola,1990,3.384
Angola,1991,3.335
Angola,1992,3.215
Angola,1993,3.176
Angola,1994,3.305
Angola,1995,3.374
Angola,1996,3.389
Angola,1997,3.402
Angola,1998,3.294
Angola,1999,3.297
Angola,2000,3.327
Angola,2001,3.379
Angola,2002,3.435
Angola,2003,3.55
Angola,2004,3.637
Angola,2005,3.655
Angola,2006,3.714
Angola,2007,3.77
Angola,2008,3.786
Angola,2009,3.817
Angola,2010,3.884
Angola,2011,3.891
Angola,2012,3.876
Angola,2013,3.825
Angola,2014,3.644
Angola,2015,3.568
Angola,2016,3.585
Angola,2017,3.498
Angola,2018,3.41
Angola,2019,3.366
Angola,2020,3.173
Angola,2021,3.19
Angola,2022,3.098
Angola,2023,3.064
Angola,2024,3.025
Angola,2025,2.978
Angola,2026,2.954
Angola,2027,2.927
Angola,2028,2.911
Angola,2029,2.869
Angola,2030,2.83
Angola,2031,2.801
Angola,2032,2.76
Angola,2033,2.742
Angola,2034,2.708
Angola,2035,2.668
Angola,2036,2.642
Angola,2037,2.588
Angola,2038,2.573
Angola,2039,2.529
Angola,2040,2.497
Angola,2041,2.447
Angola,2042,2.413
Angola,2043,2.383
Angola,2044,2.336
Angola,2045,2.288
Angola,2046,2.282
Angola,2047,2.236
Angola,2048,2.213
Angola,2049,2.189
Angola,2050,2.149
Angola,2051,2.106
Angola,2052,2.09
Angola,2053,2.051
Angola,2054,2.025
Angola,2055,1.995
Angola,2056,1.947
Angola,2057,1.935
Angola,2058,1.895
Angola,2059,1.861
Angola,2060,1.828
Angola,2061,1.808
Angola,2062,1.755
Angola,2063,1.738
Angola,2064,1.7
Angola,2065,1.665
Angola,2066,1.634
Angola,2067,1.603
Angola,2068,1.578
Angola,2069,1.556
Angola,2070,1.526
Angola,2071,1.495
Angola,2072,1.468
Angola,2073,1.451
Angola,2074,1.415
Angola,2075,1.365
Angola,2076,1.338
Angola,2077,1.329
Angola,2078,1.305
Angola,2079,1.257
Angola,2080,1.265
Angola,2081,1.209
Angola,2082,1.18
Angola,2083,1.15
Angola,2084,1.143
Angola,2085,1.121
Angola,2086,1.097
Angola,2087,1.054
Angola,2088,1.055
Angola,2089,1.035
Angola,2090,1.002
Angola,2091,0.971
Angola,2092,0.935
Angola,2093,0.912
Angola,2094,0.896
Angola,2095,0.871
Angola,2096,0.84
Angola,2097,0.816
Angola,2098,0.806
Angola,2099,0.771
Angola,2100,0.745
Anguilla,1950,4.479
Anguilla,1951,3.704
Anguilla,1952,2.31
Anguilla,1953,2.617
Anguilla,1954,2.445
Anguilla,1955,0.975
Anguilla,1956,0.398
Anguilla,1957,0.138
Anguilla,1958,-0.19
Anguilla,1959,-0.415
Anguilla,1960,0.571
Anguilla,1961,0.842
Anguilla,1962,0.953
Anguilla,1963,0.692
Anguilla,1964,0.854
Anguilla,1965,0.748
Anguilla,1966,1.038
Anguilla,1967,0.881
Anguilla,1968,0.841
Anguilla,1969,0.93
Anguilla,1970,1
Anguilla,1971,0.787
Anguilla,1972,0.718
Anguilla,1973,0.651
Anguilla,1974,0.324
Anguilla,1975,0.308
Anguilla,1976,0.353
Anguilla,1977,0.321
Anguilla,1978,0.244
Anguilla,1979,0.228
Anguilla,1980,0.121
Anguilla,1981,0.363
Anguilla,1982,0.347
Anguilla,1983,0.241
Anguilla,1984,2.581
Anguilla,1985,3.61
Anguilla,1986,3.851
Anguilla,1987,3.669
Anguilla,1988,3.842
Anguilla,1989,3.907
Anguilla,1990,3.596
Anguilla,1991,3.505
Anguilla,1992,2.828
Anguilla,1993,2.579
Anguilla,1994,2.535
Anguilla,1995,2.615
Anguilla,1996,2.736
Anguilla,1997,2.721
Anguilla,1998,2.724
Anguilla,1999,2.97
Anguilla,2000,3.123
Anguilla,2001,2.101
Anguilla,2002,1.617
Anguilla,2003,1.575
Anguilla,2004,1.649
Anguilla,2005,1.622
Anguilla,2006,1.66
Anguilla,2007,1.625
Anguilla,2008,1.715
Anguilla,2009,1.731
Anguilla,2010,1.761
Anguilla,2011,1.584
Anguilla,2012,-4.455
Anguilla,2013,2.581
Anguilla,2014,4.451
Anguilla,2015,2.47
Anguilla,2016,-0.901
Anguilla,2017,2.343
Anguilla,2018,1.725
Anguilla,2019,-0.331
Anguilla,2020,0.593
Anguilla,2021,-5.701
Anguilla,2022,1.657
Anguilla,2023,1.568
Anguilla,2024,1.034
Anguilla,2025,0.733
Anguilla,2026,0.472
Anguilla,2027,0.296
Anguilla,2028,0.248
Anguilla,2029,0.194
Anguilla,2030,0.207
Anguilla,2031,0.14
Anguilla,2032,0.186
Anguilla,2033,0.053
Anguilla,2034,0.166
Anguilla,2035,0.099
Anguilla,2036,-0.013
Anguilla,2037,-0.133
Anguilla,2038,-0.113
Anguilla,2039,-0.2
Anguilla,2040,-0.1
Anguilla,2041,-0.073
Anguilla,2042,-0.04
Anguilla,2043,-0.207
Anguilla,2044,-0.248
Anguilla,2045,-0.383
Anguilla,2046,-0.364
Anguilla,2047,-0.637
Anguilla,2048,-0.402
Anguilla,2049,-0.444
Anguilla,2050,-0.55
Anguilla,2051,-0.587
Anguilla,2052,-0.598
Anguilla,2053,-0.616
Anguilla,2054,-0.57
Anguilla,2055,-0.623
Anguilla,2056,-0.727
Anguilla,2057,-0.732
Anguilla,2058,-0.614
Anguilla,2059,-0.793
Anguilla,2060,-0.719
Anguilla,2061,-0.776
Anguilla,2062,-0.744
Anguilla,2063,-0.938
Anguilla,2064,-0.826
Anguilla,2065,-0.794
Anguilla,2066,-0.947
Anguilla,2067,-0.777
Anguilla,2068,-0.83
Anguilla,2069,-0.924
Anguilla,2070,-0.805
Anguilla,2071,-0.836
Anguilla,2072,-0.843
Anguilla,2073,-0.825
Anguilla,2074,-0.898
Anguilla,2075,-0.881
Anguilla,2076,-0.864
Anguilla,2077,-0.939
Anguilla,2078,-0.845
Anguilla,2079,-0.965
Anguilla,2080,-0.922
Anguilla,2081,-0.913
Anguilla,2082,-1.028
Anguilla,2083,-0.94
Anguilla,2084,-0.976
Anguilla,2085,-1.022
Anguilla,2086,-0.987
Anguilla,2087,-1.015
Anguilla,2088,-1.045
Anguilla,2089,-0.998
Anguilla,2090,-1.086
Anguilla,2091,-1.166
Anguilla,2092,-0.992
Anguilla,2093,-1.092
Anguilla,2094,-1.063
Anguilla,2095,-1.095
Anguilla,2096,-1.169
Anguilla,2097,-1.183
Anguilla,2098,-1.176
Anguilla,2099,-1.051
Anguilla,2100,-1.289
Antigua and Barbuda,1950,2.181
Antigua and Barbuda,1951,2.072
Antigua and Barbuda,1952,2.093
Antigua and Barbuda,1953,2.024
Antigua and Barbuda,1954,2.021
Antigua and Barbuda,1955,2.001
Antigua and Barbuda,1956,1.962
Antigua and Barbuda,1957,1.979
Antigua and Barbuda,1958,1.998
Antigua and Barbuda,1959,1.961
Antigua and Barbuda,1960,1.953
Antigua and Barbuda,1961,1.394
Antigua and Barbuda,1962,1.401
Antigua and Barbuda,1963,1.379
Antigua and Barbuda,1964,1.632
Antigua and Barbuda,1965,1.561
Antigua and Barbuda,1966,1.516
Antigua and Barbuda,1967,1.541
Antigua and Barbuda,1968,1.576
Antigua and Barbuda,1969,1.614
Antigua and Barbuda,1970,0.6
Antigua and Barbuda,1971,0.025
Antigua and Barbuda,1972,-0.378
Antigua and Barbuda,1973,-0.469
Antigua and Barbuda,1974,-0.414
Antigua and Barbuda,1975,-0.273
Antigua and Barbuda,1976,0.031
Antigua and Barbuda,1977,0.283
Antigua and Barbuda,1978,0.267
Antigua and Barbuda,1979,0.467
Antigua and Barbuda,1980,0.274
Antigua and Barbuda,1981,0.196
Antigua and Barbuda,1982,0.176
Antigua and Barbuda,1983,0.283
Antigua and Barbuda,1984,-0.442
Antigua and Barbuda,1985,-0.458
Antigua and Barbuda,1986,-0.518
Antigua and Barbuda,1987,-0.513
Antigua and Barbuda,1988,-0.501
Antigua and Barbuda,1989,-0.434
Antigua and Barbuda,1990,-0.385
Antigua and Barbuda,1991,1.395
Antigua and Barbuda,1992,1.787
Antigua and Barbuda,1993,1.851
Antigua and Barbuda,1994,1.94
Antigua and Barbuda,1995,2.046
Antigua and Barbuda,1996,2.085
Antigua and Barbuda,1997,2.015
Antigua and Barbuda,1998,1.777
Antigua and Barbuda,1999,1.658
Antigua and Barbuda,2000,1.695
Antigua and Barbuda,2001,1.372
Antigua and Barbuda,2002,1.145
Antigua and Barbuda,2003,1.055
Antigua and Barbuda,2004,1.079
Antigua and Barbuda,2005,1.172
Antigua and Barbuda,2006,1.308
Antigua and Barbuda,2007,1.403
Antigua and Barbuda,2008,1.532
Antigua and Barbuda,2009,1.487
Antigua and Barbuda,2010,1.222
Antigua and Barbuda,2011,1.135
Antigua and Barbuda,2012,1.004
Antigua and Barbuda,2013,0.832
Antigua and Barbuda,2014,0.753
Antigua and Barbuda,2015,0.693
Antigua and Barbuda,2016,0.556
Antigua and Barbuda,2017,0.55
Antigua and Barbuda,2018,0.46
Antigua and Barbuda,2019,0.5
Antigua and Barbuda,2020,0.553
Antigua and Barbuda,2021,0.539
Antigua and Barbuda,2022,0.521
Antigua and Barbuda,2023,0.5
Antigua and Barbuda,2024,0.475
Antigua and Barbuda,2025,0.455
Antigua and Barbuda,2026,0.428
Antigua and Barbuda,2027,0.382
Antigua and Barbuda,2028,0.372
Antigua and Barbuda,2029,0.331
Antigua and Barbuda,2030,0.285
Antigua and Barbuda,2031,0.243
Antigua and Barbuda,2032,0.233
Antigua and Barbuda,2033,0.178
Antigua and Barbuda,2034,0.181
Antigua and Barbuda,2035,0.133
Antigua and Barbuda,2036,0.076
Antigua and Barbuda,2037,0.028
Antigua and Barbuda,2038,0.017
Antigua and Barbuda,2039,-0.028
Antigua and Barbuda,2040,-0.061
Antigua and Barbuda,2041,-0.103
Antigua and Barbuda,2042,-0.127
Antigua and Barbuda,2043,-0.173
Antigua and Barbuda,2044,-0.191
Antigua and Barbuda,2045,-0.227
Antigua and Barbuda,2046,-0.247
Antigua and Barbuda,2047,-0.27
Antigua and Barbuda,2048,-0.291
Antigua and Barbuda,2049,-0.325
Antigua and Barbuda,2050,-0.358
Antigua and Barbuda,2051,-0.37
Antigua and Barbuda,2052,-0.395
Antigua and Barbuda,2053,-0.424
Antigua and Barbuda,2054,-0.45
Antigua and Barbuda,2055,-0.457
Antigua and Barbuda,2056,-0.426
Antigua and Barbuda,2057,-0.477
Antigua and Barbuda,2058,-0.493
Antigua and Barbuda,2059,-0.47
Antigua and Barbuda,2060,-0.505
Antigua and Barbuda,2061,-0.523
Antigua and Barbuda,2062,-0.518
Antigua and Barbuda,2063,-0.559
Antigua and Barbuda,2064,-0.549
Antigua and Barbuda,2065,-0.586
Antigua and Barbuda,2066,-0.575
Antigua and Barbuda,2067,-0.627
Antigua and Barbuda,2068,-0.623
Antigua and Barbuda,2069,-0.643
Antigua and Barbuda,2070,-0.638
Antigua and Barbuda,2071,-0.681
Antigua and Barbuda,2072,-0.694
Antigua and Barbuda,2073,-0.682
Antigua and Barbuda,2074,-0.705
Antigua and Barbuda,2075,-0.682
Antigua and Barbuda,2076,-0.722
Antigua and Barbuda,2077,-0.757
Antigua and Barbuda,2078,-0.76
Antigua and Barbuda,2079,-0.792
Antigua and Barbuda,2080,-0.778
Antigua and Barbuda,2081,-0.772
Antigua and Barbuda,2082,-0.788
Antigua and Barbuda,2083,-0.807
Antigua and Barbuda,2084,-0.803
Antigua and Barbuda,2085,-0.78
Antigua and Barbuda,2086,-0.836
Antigua and Barbuda,2087,-0.835
Antigua and Barbuda,2088,-0.809
Antigua and Barbuda,2089,-0.817
Antigua and Barbuda,2090,-0.822
Antigua and Barbuda,2091,-0.837
Antigua and Barbuda,2092,-0.836
Antigua and Barbuda,2093,-0.806
Antigua and Barbuda,2094,-0.817
Antigua and Barbuda,2095,-0.818
Antigua and Barbuda,2096,-0.819
Antigua and Barbuda,2097,-0.82
Antigua and Barbuda,2098,-0.778
Antigua and Barbuda,2099,-0.797
Antigua and Barbuda,2100,-0.789
Argentina,1950,1.979
Argentina,1951,1.96
Argentina,1952,1.947
Argentina,1953,1.886
Argentina,1954,1.848
Argentina,1955,1.763
Argentina,1956,1.774
Argentina,1957,1.694
Argentina,1958,1.695
Argentina,1959,1.679
Argentina,1960,1.65
Argentina,1961,1.66
Argentina,1962,1.653
Argentina,1963,1.634
Argentina,1964,1.587
Argentina,1965,1.541
Argentina,1966,1.522
Argentina,1967,1.529
Argentina,1968,1.531
Argentina,1969,1.539
Argentina,1970,1.581
Argentina,1971,1.568
Argentina,1972,1.598
Argentina,1973,1.635
Argentina,1974,1.654
Argentina,1975,1.562
Argentina,1976,1.568
Argentina,1977,1.599
Argentina,1978,1.599
Argentina,1979,1.595
Argentina,1980,1.591
Argentina,1981,1.613
Argentina,1982,1.596
Argentina,1983,1.608
Argentina,1984,1.577
Argentina,1985,1.568
Argentina,1986,1.543
Argentina,1987,1.548
Argentina,1988,1.552
Argentina,1989,1.511
Argentina,1990,1.473
Argentina,1991,1.404
Argentina,1992,1.365
Argentina,1993,1.342
Argentina,1994,1.338
Argentina,1995,1.283
Argentina,1996,1.233
Argentina,1997,1.197
Argentina,1998,1.154
Argentina,1999,1.152
Argentina,2000,1.115
Argentina,2001,1.081
Argentina,2002,1.058
Argentina,2003,1.009
Argentina,2004,1.019
Argentina,2005,1.036
Argentina,2006,1.021
Argentina,2007,0.962
Argentina,2008,1.064
Argentina,2009,1.056
Argentina,2010,1.057
Argentina,2011,1.073
Argentina,2012,0.983
Argentina,2013,1.003
Argentina,2014,1.06
Argentina,2015,1.034
Argentina,2016,0.904
Argentina,2017,0.858
Argentina,2018,0.788
Argentina,2019,0.635
Argentina,2020,0.336
Argentina,2021,0.196
Argentina,2022,0.225
Argentina,2023,0.349
Argentina,2024,0.343
Argentina,2025,0.335
Argentina,2026,0.328
Argentina,2027,0.321
Argentina,2028,0.313
Argentina,2029,0.307
Argentina,2030,0.3
Argentina,2031,0.294
Argentina,2032,0.288
Argentina,2033,0.282
Argentina,2034,0.275
Argentina,2035,0.265
Argentina,2036,0.256
Argentina,2037,0.246
Argentina,2038,0.234
Argentina,2039,0.219
Argentina,2040,0.203
Argentina,2041,0.185
Argentina,2042,0.166
Argentina,2043,0.147
Argentina,2044,0.127
Argentina,2045,0.106
Argentina,2046,0.084
Argentina,2047,0.061
Argentina,2048,0.037
Argentina,2049,0.014
Argentina,2050,-0.011
Argentina,2051,-0.038
Argentina,2052,-0.064
Argentina,2053,-0.092
Argentina,2054,-0.116
Argentina,2055,-0.143
Argentina,2056,-0.169
Argentina,2057,-0.193
Argentina,2058,-0.215
Argentina,2059,-0.235
Argentina,2060,-0.255
Argentina,2061,-0.272
Argentina,2062,-0.288
Argentina,2063,-0.302
Argentina,2064,-0.316
Argentina,2065,-0.33
Argentina,2066,-0.342
Argentina,2067,-0.355
Argentina,2068,-0.369
Argentina,2069,-0.383
Argentina,2070,-0.396
Argentina,2071,-0.411
Argentina,2072,-0.423
Argentina,2073,-0.439
Argentina,2074,-0.455
Argentina,2075,-0.469
Argentina,2076,-0.486
Argentina,2077,-0.501
Argentina,2078,-0.52
Argentina,2079,-0.537
Argentina,2080,-0.555
Argentina,2081,-0.573
Argentina,2082,-0.592
Argentina,2083,-0.609
Argentina,2084,-0.626
Argentina,2085,-0.643
Argentina,2086,-0.657
Argentina,2087,-0.671
Argentina,2088,-0.685
Argentina,2089,-0.699
Argentina,2090,-0.712
Argentina,2091,-0.724
Argentina,2092,-0.734
Argentina,2093,-0.743
Argentina,2094,-0.75
Argentina,2095,-0.759
Argentina,2096,-0.765
Argentina,2097,-0.77
Argentina,2098,-0.775
Argentina,2099,-0.78
Argentina,2100,-0.783
Armenia,1950,2.401
Armenia,1951,2.51
Armenia,1952,2.618
Armenia,1953,2.736
Armenia,1954,2.86
Armenia,1955,2.98
Armenia,1956,3.158
Armenia,1957,3.274
Armenia,1958,3.353
Armenia,1959,3.436
Armenia,1960,3.408
Armenia,1961,3.323
Armenia,1962,3.232
Armenia,1963,3.128
Armenia,1964,3.015
Armenia,1965,2.889
Armenia,1966,2.759
Armenia,1967,2.631
Armenia,1968,2.491
Armenia,1969,2.247
Armenia,1970,1.969
Armenia,1971,2.007
Armenia,1972,2.048
Armenia,1973,2.082
Armenia,1974,2.099
Armenia,1975,2.116
Armenia,1976,3.228
Armenia,1977,3.377
Armenia,1978,3.372
Armenia,1979,0.968
Armenia,1980,0.902
Armenia,1981,0.888
Armenia,1982,0.878
Armenia,1983,0.91
Armenia,1984,1.147
Armenia,1985,1.067
Armenia,1986,1.033
Armenia,1987,1
Armenia,1988,0.593
Armenia,1989,4.533
Armenia,1990,1.746
Armenia,1991,1.707
Armenia,1992,-4.086
Armenia,1993,-2.639
Armenia,1994,-2.565
Armenia,1995,-0.839
Armenia,1996,-0.913
Armenia,1997,-1.077
Armenia,1998,-1.272
Armenia,1999,-1.308
Armenia,2000,-1.341
Armenia,2001,-1.318
Armenia,2002,-0.549
Armenia,2003,-0.544
Armenia,2004,-0.54
Armenia,2005,-0.534
Armenia,2006,-0.531
Armenia,2007,-0.512
Armenia,2008,-0.487
Armenia,2009,-0.493
Armenia,2010,-0.49
Armenia,2011,-0.043
Armenia,2012,-0.008
Armenia,2013,0.007
Armenia,2014,-0.014
Armenia,2015,-0.072
Armenia,2016,-0.092
Armenia,2017,-0.171
Armenia,2018,-0.173
Armenia,2019,-0.24
Armenia,2020,-0.664
Armenia,2021,-0.763
Armenia,2022,1.491
Armenia,2023,2.789
Armenia,2024,-0.713
Armenia,2025,-0.737
Armenia,2026,-0.721
Armenia,2027,-0.677
Armenia,2028,-0.68
Armenia,2029,-0.695
Armenia,2030,-0.684
Armenia,2031,-0.686
Armenia,2032,-0.664
Armenia,2033,-0.674
Armenia,2034,-0.666
Armenia,2035,-0.682
Armenia,2036,-0.669
Armenia,2037,-0.667
Armenia,2038,-0.658
Armenia,2039,-0.691
Armenia,2040,-0.678
Armenia,2041,-0.663
Armenia,2042,-0.67
Armenia,2043,-0.658
Armenia,2044,-0.638
Armenia,2045,-0.645
Armenia,2046,-0.654
Armenia,2047,-0.662
Armenia,2048,-0.667
Armenia,2049,-0.67
Armenia,2050,-0.669
Armenia,2051,-0.686
Armenia,2052,-0.698
Armenia,2053,-0.657
Armenia,2054,-0.703
Armenia,2055,-0.685
Armenia,2056,-0.701
Armenia,2057,-0.724
Armenia,2058,-0.71
Armenia,2059,-0.736
Armenia,2060,-0.74
Armenia,2061,-0.752
Armenia,2062,-0.746
Armenia,2063,-0.775
Armenia,2064,-0.788
Armenia,2065,-0.808
Armenia,2066,-0.819
Armenia,2067,-0.832
Armenia,2068,-0.851
Armenia,2069,-0.854
Armenia,2070,-0.862
Armenia,2071,-0.871
Armenia,2072,-0.885
Armenia,2073,-0.896
Armenia,2074,-0.893
Armenia,2075,-0.889
Armenia,2076,-0.869
Armenia,2077,-0.875
Armenia,2078,-0.877
Armenia,2079,-0.864
Armenia,2080,-0.859
Armenia,2081,-0.854
Armenia,2082,-0.844
Armenia,2083,-0.817
Armenia,2084,-0.808
Armenia,2085,-0.795
Armenia,2086,-0.791
Armenia,2087,-0.765
Armenia,2088,-0.748
Armenia,2089,-0.734
Armenia,2090,-0.727
Armenia,2091,-0.72
Armenia,2092,-0.708
Armenia,2093,-0.709
Armenia,2094,-0.706
Armenia,2095,-0.696
Armenia,2096,-0.696
Armenia,2097,-0.702
Armenia,2098,-0.707
Armenia,2099,-0.709
Armenia,2100,-0.714
Aruba,1950,2.546
Aruba,1951,2.627
Aruba,1952,2.643
Aruba,1953,2.688
Aruba,1954,2.64
Aruba,1955,2.654
Aruba,1956,2.591
Aruba,1957,2.543
Aruba,1958,2.468
Aruba,1959,2.458
Aruba,1960,1.009
Aruba,1961,1.366
Aruba,1962,1.286
Aruba,1963,1.121
Aruba,1964,1.034
Aruba,1965,0.938
Aruba,1966,0.789
Aruba,1967,0.219
Aruba,1968,0.049
Aruba,1969,-0.108
Aruba,1970,-0.236
Aruba,1971,-0.342
Aruba,1972,0.732
Aruba,1973,1.092
Aruba,1974,1.204
Aruba,1975,1.08
Aruba,1976,0.424
Aruba,1977,0.358
Aruba,1978,0.318
Aruba,1979,0.255
Aruba,1980,0.206
Aruba,1981,0.524
Aruba,1982,0.712
Aruba,1983,0.702
Aruba,1984,0.477
Aruba,1985,0.127
Aruba,1986,-0.253
Aruba,1987,-0.42
Aruba,1988,-0.226
Aruba,1989,0.814
Aruba,1990,2.437
Aruba,1991,3.983
Aruba,1992,2.92
Aruba,1993,3.356
Aruba,1994,3.251
Aruba,1995,3.335
Aruba,1996,3.308
Aruba,1997,3.271
Aruba,1998,3.209
Aruba,1999,3.124
Aruba,2000,2.117
Aruba,2001,1.338
Aruba,2002,1.028
Aruba,2003,1.001
Aruba,2004,0.945
Aruba,2005,1.225
Aruba,2006,1.228
Aruba,2007,1.261
Aruba,2008,1.244
Aruba,2009,1.237
Aruba,2010,0.95
Aruba,2011,0.776
Aruba,2012,0.767
Aruba,2013,0.787
Aruba,2014,0.796
Aruba,2015,0.769
Aruba,2016,0.746
Aruba,2017,0.686
Aruba,2018,0.637
Aruba,2019,0.57
Aruba,2020,0.036
Aruba,2021,0.257
Aruba,2022,0.16
Aruba,2023,0.131
Aruba,2024,0.105
Aruba,2025,0.047
Aruba,2026,-0.017
Aruba,2027,-0.026
Aruba,2028,-0.076
Aruba,2029,-0.1
Aruba,2030,-0.136
Aruba,2031,-0.199
Aruba,2032,-0.191
Aruba,2033,-0.245
Aruba,2034,-0.273
Aruba,2035,-0.26
Aruba,2036,-0.308
Aruba,2037,-0.337
Aruba,2038,-0.356
Aruba,2039,-0.368
Aruba,2040,-0.386
Aruba,2041,-0.385
Aruba,2042,-0.4
Aruba,2043,-0.42
Aruba,2044,-0.467
Aruba,2045,-0.486
Aruba,2046,-0.525
Aruba,2047,-0.516
Aruba,2048,-0.533
Aruba,2049,-0.565
Aruba,2050,-0.564
Aruba,2051,-0.616
Aruba,2052,-0.611
Aruba,2053,-0.628
Aruba,2054,-0.623
Aruba,2055,-0.568
Aruba,2056,-0.575
Aruba,2057,-0.594
Aruba,2058,-0.579
Aruba,2059,-0.596
Aruba,2060,-0.592
Aruba,2061,-0.573
Aruba,2062,-0.57
Aruba,2063,-0.58
Aruba,2064,-0.531
Aruba,2065,-0.535
Aruba,2066,-0.533
Aruba,2067,-0.504
Aruba,2068,-0.52
Aruba,2069,-0.522
Aruba,2070,-0.494
Aruba,2071,-0.49
Aruba,2072,-0.484
Aruba,2073,-0.484
Aruba,2074,-0.49
Aruba,2075,-0.503
Aruba,2076,-0.481
Aruba,2077,-0.5
Aruba,2078,-0.499
Aruba,2079,-0.508
Aruba,2080,-0.513
Aruba,2081,-0.524
Aruba,2082,-0.529
Aruba,2083,-0.554
Aruba,2084,-0.569
Aruba,2085,-0.564
Aruba,2086,-0.572
Aruba,2087,-0.586
Aruba,2088,-0.598
Aruba,2089,-0.616
Aruba,2090,-0.619
Aruba,2091,-0.633
Aruba,2092,-0.632
Aruba,2093,-0.654
Aruba,2094,-0.64
Aruba,2095,-0.681
Aruba,2096,-0.662
Aruba,2097,-0.676
Aruba,2098,-0.662
Aruba,2099,-0.665
Aruba,2100,-0.653
Asia (UN),1950,1.921
Asia (UN),1951,1.95
Asia (UN),1952,2.251
Asia (UN),1953,2.153
Asia (UN),1954,2.299
Asia (UN),1955,2.313
Asia (UN),1956,2.246
Asia (UN),1957,2.372
Asia (UN),1958,2.24
Asia (UN),1959,1.748
Asia (UN),1960,1.48
Asia (UN),1961,1.616
Asia (UN),1962,2.427
Asia (UN),1963,2.746
Asia (UN),1964,2.536
Asia (UN),1965,2.445
Asia (UN),1966,2.371
Asia (UN),1967,2.328
Asia (UN),1968,2.49
Asia (UN),1969,2.428
Asia (UN),1970,2.448
Asia (UN),1971,2.248
Asia (UN),1972,2.284
Asia (UN),1973,2.225
Asia (UN),1974,2.143
Asia (UN),1975,2.012
Asia (UN),1976,1.963
Asia (UN),1977,1.919
Asia (UN),1978,1.877
Asia (UN),1979,1.949
Asia (UN),1980,1.956
Asia (UN),1981,1.983
Asia (UN),1982,2.048
Asia (UN),1983,1.957
Asia (UN),1984,1.971
Asia (UN),1985,1.973
Asia (UN),1986,2.024
Asia (UN),1987,2.032
Asia (UN),1988,1.96
Asia (UN),1989,1.957
Asia (UN),1990,1.907
Asia (UN),1991,1.744
Asia (UN),1992,1.69
Asia (UN),1993,1.605
Asia (UN),1994,1.544
Asia (UN),1995,1.527
Asia (UN),1996,1.492
Asia (UN),1997,1.454
Asia (UN),1998,1.419
Asia (UN),1999,1.376
Asia (UN),2000,1.377
Asia (UN),2001,1.334
Asia (UN),2002,1.252
Asia (UN),2003,1.251
Asia (UN),2004,1.228
Asia (UN),2005,1.217
Asia (UN),2006,1.217
Asia (UN),2007,1.184
Asia (UN),2008,1.184
Asia (UN),2009,1.197
Asia (UN),2010,1.17
Asia (UN),2011,1.159
Asia (UN),2012,1.164
Asia (UN),2013,1.098
Asia (UN),2014,1.078
Asia (UN),2015,1.001
Asia (UN),2016,1.001
Asia (UN),2017,0.936
Asia (UN),2018,0.856
Asia (UN),2019,0.817
Asia (UN),2020,0.713
Asia (UN),2021,0.572
Asia (UN),2022,0.668
Asia (UN),2023,0.606
Asia (UN),2024,0.599
Asia (UN),2025,0.58
Asia (UN),2026,0.575
Asia (UN),2027,0.558
Asia (UN),2028,0.538
Asia (UN),2029,0.52
Asia (UN),2030,0.501
Asia (UN),2031,0.482
Asia (UN),2032,0.462
Asia (UN),2033,0.444
Asia (UN),2034,0.423
Asia (UN),2035,0.404
Asia (UN),2036,0.386
Asia (UN),2037,0.367
Asia (UN),2038,0.347
Asia (UN),2039,0.329
Asia (UN),2040,0.31
Asia (UN),2041,0.288
Asia (UN),2042,0.267
Asia (UN),2043,0.248
Asia (UN),2044,0.228
Asia (UN),2045,0.206
Asia (UN),2046,0.184
Asia (UN),2047,0.158
Asia (UN),2048,0.135
Asia (UN),2049,0.112
Asia (UN),2050,0.086
Asia (UN),2051,0.059
Asia (UN),2052,0.036
Asia (UN),2053,0.016
Asia (UN),2054,-0.009
Asia (UN),2055,-0.029
Asia (UN),2056,-0.049
Asia (UN),2057,-0.068
Asia (UN),2058,-0.088
Asia (UN),2059,-0.107
Asia (UN),2060,-0.121
Asia (UN),2061,-0.137
Asia (UN),2062,-0.147
Asia (UN),2063,-0.159
Asia (UN),2064,-0.171
Asia (UN),2065,-0.181
Asia (UN),2066,-0.192
Asia (UN),2067,-0.205
Asia (UN),2068,-0.213
Asia (UN),2069,-0.225
Asia (UN),2070,-0.234
Asia (UN),2071,-0.247
Asia (UN),2072,-0.258
Asia (UN),2073,-0.268
Asia (UN),2074,-0.282
Asia (UN),2075,-0.296
Asia (UN),2076,-0.306
Asia (UN),2077,-0.32
Asia (UN),2078,-0.333
Asia (UN),2079,-0.342
Asia (UN),2080,-0.354
Asia (UN),2081,-0.367
Asia (UN),2082,-0.375
Asia (UN),2083,-0.386
Asia (UN),2084,-0.392
Asia (UN),2085,-0.4
Asia (UN),2086,-0.41
Asia (UN),2087,-0.413
Asia (UN),2088,-0.419
Asia (UN),2089,-0.425
Asia (UN),2090,-0.429
Asia (UN),2091,-0.433
Asia (UN),2092,-0.437
Asia (UN),2093,-0.443
Asia (UN),2094,-0.448
Asia (UN),2095,-0.453
Asia (UN),2096,-0.459
Asia (UN),2097,-0.464
Asia (UN),2098,-0.469
Asia (UN),2099,-0.473
Asia (UN),2100,-0.479
Australia,1950,3.127
Australia,1951,2.709
Australia,1952,2.273
Australia,1953,1.98
Australia,1954,2.134
Australia,1955,2.385
Australia,1956,2.328
Australia,1957,2.167
Australia,1958,2.121
Australia,1959,2.146
Australia,1960,2.195
Australia,1961,2.034
Australia,1962,1.868
Australia,1963,1.944
Australia,1964,1.958
Australia,1965,2.118
Australia,1966,1.979
Australia,1967,1.75
Australia,1968,1.932
Australia,1969,2.057
Australia,1970,3.188
Australia,1971,3.042
Australia,1972,1.642
Australia,1973,1.547
Australia,1974,1.403
Australia,1975,1.126
Australia,1976,1.061
Australia,1977,1.158
Australia,1978,1.132
Australia,1979,1.164
Australia,1980,1.409
Australia,1981,1.661
Australia,1982,1.569
Australia,1983,1.34
Australia,1984,1.312
Australia,1985,1.422
Australia,1986,1.51
Australia,1987,1.609
Australia,1988,1.693
Australia,1989,1.598
Australia,1990,1.427
Australia,1991,1.207
Australia,1992,1.041
Australia,1993,0.928
Australia,1994,1.031
Australia,1995,1.168
Australia,1996,1.14
Australia,1997,1.03
Australia,1998,1.086
Australia,1999,1.129
Australia,2000,1.21
Australia,2001,1.211
Australia,2002,1.15
Australia,2003,1.124
Australia,2004,1.156
Australia,2005,1.301
Australia,2006,1.594
Australia,2007,1.908
Australia,2008,2.023
Australia,2009,1.802
Australia,2010,1.466
Australia,2011,1.565
Australia,2012,1.724
Australia,2013,1.607
Australia,2014,1.463
Australia,2015,1.501
Australia,2016,1.662
Australia,2017,1.608
Australia,2018,1.511
Australia,2019,1.359
Australia,2020,0.683
Australia,2021,0.961
Australia,2022,0.915
Australia,2023,0.985
Australia,2024,0.986
Australia,2025,0.957
Australia,2026,0.911
Australia,2027,0.897
Australia,2028,0.876
Australia,2029,0.832
Australia,2030,0.82
Australia,2031,0.8
Australia,2032,0.772
Australia,2033,0.757
Australia,2034,0.744
Australia,2035,0.744
Australia,2036,0.735
Australia,2037,0.703
Australia,2038,0.714
Australia,2039,0.687
Australia,2040,0.695
Australia,2041,0.702
Australia,2042,0.706
Australia,2043,0.691
Australia,2044,0.684
Australia,2045,0.689
Australia,2046,0.702
Australia,2047,0.657
Australia,2048,0.69
Australia,2049,0.649
Australia,2050,0.646
Australia,2051,0.637
Australia,2052,0.618
Australia,2053,0.616
Australia,2054,0.622
Australia,2055,0.622
Australia,2056,0.603
Australia,2057,0.601
Australia,2058,0.619
Australia,2059,0.583
Australia,2060,0.578
Australia,2061,0.587
Australia,2062,0.586
Australia,2063,0.59
Australia,2064,0.556
Australia,2065,0.571
Australia,2066,0.592
Australia,2067,0.592
Australia,2068,0.592
Australia,2069,0.585
Australia,2070,0.568
Australia,2071,0.546
Australia,2072,0.546
Australia,2073,0.55
Australia,2074,0.557
Australia,2075,0.549
Australia,2076,0.542
Australia,2077,0.554
Australia,2078,0.547
Australia,2079,0.541
Australia,2080,0.537
Australia,2081,0.559
Australia,2082,0.537
Australia,2083,0.553
Australia,2084,0.52
Australia,2085,0.522
Australia,2086,0.537
Australia,2087,0.552
Australia,2088,0.579
Australia,2089,0.557
Australia,2090,0.573
Australia,2091,0.572
Australia,2092,0.559
Australia,2093,0.55
Australia,2094,0.517
Australia,2095,0.53
Australia,2096,0.547
Australia,2097,0.557
Australia,2098,0.522
Australia,2099,0.505
Australia,2100,0.503
Austria,1950,-0.039
Austria,1951,-0.133
Austria,1952,0.04
Austria,1953,0.1
Austria,1954,0.126
Austria,1955,0.069
Austria,1956,0.092
Austria,1957,0.298
Austria,1958,0.319
Austria,1959,0.45
Austria,1960,0.489
Austria,1961,0.609
Austria,1962,0.616
Austria,1963,0.668
Austria,1964,0.663
Austria,1965,0.635
Austria,1966,0.766
Austria,1967,0.725
Austria,1968,0.313
Austria,1969,0.379
Austria,1970,0.32
Austria,1971,0.57
Austria,1972,0.59
Austria,1973,0.517
Austria,1974,-0.178
Austria,1975,-0.353
Austria,1976,0
Austria,1977,0.076
Austria,1978,-0.238
Austria,1979,-0.103
Austria,1980,0.104
Austria,1981,0.402
Austria,1982,-0.256
Austria,1983,-0.059
Austria,1984,0.047
Austria,1985,0.048
Austria,1986,0.086
Austria,1987,0.044
Austria,1988,0.247
Austria,1989,0.674
Austria,1990,0.873
Austria,1991,1.134
Austria,1992,1.06
Austria,1993,0.587
Austria,1994,0.188
Austria,1995,0.118
Austria,1996,0.148
Austria,1997,0.075
Austria,1998,0.142
Austria,1999,0.244
Austria,2000,0.231
Austria,2001,0.498
Austria,2002,0.479
Austria,2003,0.532
Austria,2004,0.717
Austria,2005,0.642
Austria,2006,0.345
Austria,2007,0.308
Austria,2008,0.325
Austria,2009,0.199
Austria,2010,0.28
Austria,2011,0.392
Austria,2012,0.519
Austria,2013,0.658
Austria,2014,0.901
Austria,2015,1.336
Austria,2016,0.827
Austria,2017,0.562
Austria,2018,0.411
Austria,2019,0.475
Austria,2020,0.436
Austria,2021,0.584
Austria,2022,1.576
Austria,2023,-0.124
Austria,2024,-0.086
Austria,2025,-0.072
Austria,2026,-0.066
Austria,2027,-0.061
Austria,2028,-0.054
Austria,2029,-0.089
Austria,2030,-0.119
Austria,2031,-0.13
Austria,2032,-0.148
Austria,2033,-0.14
Austria,2034,-0.172
Austria,2035,-0.165
Austria,2036,-0.167
Austria,2037,-0.201
Austria,2038,-0.162
Austria,2039,-0.187
Austria,2040,-0.188
Austria,2041,-0.182
Austria,2042,-0.197
Austria,2043,-0.197
Austria,2044,-0.224
Austria,2045,-0.222
Austria,2046,-0.243
Austria,2047,-0.263
Austria,2048,-0.284
Austria,2049,-0.311
Austria,2050,-0.316
Austria,2051,-0.318
Austria,2052,-0.344
Austria,2053,-0.377
Austria,2054,-0.384
Austria,2055,-0.39
Austria,2056,-0.396
Austria,2057,-0.428
Austria,2058,-0.422
Austria,2059,-0.424
Austria,2060,-0.416
Austria,2061,-0.409
Austria,2062,-0.417
Austria,2063,-0.412
Austria,2064,-0.385
Austria,2065,-0.402
Austria,2066,-0.395
Austria,2067,-0.376
Austria,2068,-0.366
Austria,2069,-0.367
Austria,2070,-0.345
Austria,2071,-0.337
Austria,2072,-0.35
Austria,2073,-0.332
Austria,2074,-0.341
Austria,2075,-0.321
Austria,2076,-0.326
Austria,2077,-0.356
Austria,2078,-0.344
Austria,2079,-0.329
Austria,2080,-0.312
Austria,2081,-0.321
Austria,2082,-0.326
Austria,2083,-0.325
Austria,2084,-0.333
Austria,2085,-0.316
Austria,2086,-0.297
Austria,2087,-0.282
Austria,2088,-0.296
Austria,2089,-0.292
Austria,2090,-0.266
Austria,2091,-0.257
Austria,2092,-0.234
Austria,2093,-0.232
Austria,2094,-0.216
Austria,2095,-0.23
Austria,2096,-0.223
Austria,2097,-0.229
Austria,2098,-0.209
Austria,2099,-0.206
Austria,2100,-0.203
Azerbaijan,1950,1.698
Azerbaijan,1951,1.794
Azerbaijan,1952,1.925
Azerbaijan,1953,2.074
Azerbaijan,1954,2.231
Azerbaijan,1955,2.403
Azerbaijan,1956,2.573
Azerbaijan,1957,2.731
Azerbaijan,1958,2.881
Azerbaijan,1959,3.008
Azerbaijan,1960,3.103
Azerbaijan,1961,3.139
Azerbaijan,1962,3.111
Azerbaijan,1963,3.051
Azerbaijan,1964,2.883
Azerbaijan,1965,2.667
Azerbaijan,1966,2.519
Azerbaijan,1967,2.283
Azerbaijan,1968,2.155
Azerbaijan,1969,2.034
Azerbaijan,1970,1.944
Azerbaijan,1971,1.866
Azerbaijan,1972,1.788
Azerbaijan,1973,1.738
Azerbaijan,1974,1.724
Azerbaijan,1975,1.729
Azerbaijan,1976,2.514
Azerbaijan,1977,2.486
Azerbaijan,1978,2.095
Azerbaijan,1979,1.566
Azerbaijan,1980,1.564
Azerbaijan,1981,1.621
Azerbaijan,1982,1.666
Azerbaijan,1983,1.721
Azerbaijan,1984,1.406
Azerbaijan,1985,1.365
Azerbaijan,1986,1.31
Azerbaijan,1987,1.18
Azerbaijan,1988,1.767
Azerbaijan,1989,0.659
Azerbaijan,1990,1.103
Azerbaijan,1991,1.185
Azerbaijan,1992,1.3
Azerbaijan,1993,1.338
Azerbaijan,1994,1.435
Azerbaijan,1995,1.446
Azerbaijan,1996,1.427
Azerbaijan,1997,1.244
Azerbaijan,1998,1.003
Azerbaijan,1999,0.85
Azerbaijan,2000,0.976
Azerbaijan,2001,0.899
Azerbaijan,2002,0.895
Azerbaijan,2003,0.884
Azerbaijan,2004,1.23
Azerbaijan,2005,1.283
Azerbaijan,2006,1.354
Azerbaijan,2007,1.313
Azerbaijan,2008,1.26
Azerbaijan,2009,1.047
Azerbaijan,2010,1.163
Azerbaijan,2011,1.213
Azerbaijan,2012,1.363
Azerbaijan,2013,1.354
Azerbaijan,2014,1.296
Azerbaijan,2015,1.216
Azerbaijan,2016,1.14
Azerbaijan,2017,0.879
Azerbaijan,2018,0.547
Azerbaijan,2019,0.855
Azerbaijan,2020,0.551
Azerbaijan,2021,0.481
Azerbaijan,2022,0.706
Azerbaijan,2023,-0.26
Azerbaijan,2024,0.615
Azerbaijan,2025,0.564
Azerbaijan,2026,0.532
Azerbaijan,2027,0.51
Azerbaijan,2028,0.5
Azerbaijan,2029,0.485
Azerbaijan,2030,0.466
Azerbaijan,2031,0.455
Azerbaijan,2032,0.444
Azerbaijan,2033,0.425
Azerbaijan,2034,0.409
Azerbaijan,2035,0.394
Azerbaijan,2036,0.37
Azerbaijan,2037,0.349
Azerbaijan,2038,0.317
Azerbaijan,2039,0.298
Azerbaijan,2040,0.263
Azerbaijan,2041,0.234
Azerbaijan,2042,0.205
Azerbaijan,2043,0.18
Azerbaijan,2044,0.148
Azerbaijan,2045,0.133
Azerbaijan,2046,0.097
Azerbaijan,2047,0.082
Azerbaijan,2048,0.055
Azerbaijan,2049,0.018
Azerbaijan,2050,0.007
Azerbaijan,2051,-0.015
Azerbaijan,2052,-0.031
Azerbaijan,2053,-0.054
Azerbaijan,2054,-0.065
Azerbaijan,2055,-0.087
Azerbaijan,2056,-0.104
Azerbaijan,2057,-0.12
Azerbaijan,2058,-0.119
Azerbaijan,2059,-0.134
Azerbaijan,2060,-0.147
Azerbaijan,2061,-0.154
Azerbaijan,2062,-0.149
Azerbaijan,2063,-0.157
Azerbaijan,2064,-0.166
Azerbaijan,2065,-0.18
Azerbaijan,2066,-0.183
Azerbaijan,2067,-0.199
Azerbaijan,2068,-0.206
Azerbaijan,2069,-0.213
Azerbaijan,2070,-0.234
Azerbaijan,2071,-0.241
Azerbaijan,2072,-0.249
Azerbaijan,2073,-0.262
Azerbaijan,2074,-0.262
Azerbaijan,2075,-0.278
Azerbaijan,2076,-0.276
Azerbaijan,2077,-0.287
Azerbaijan,2078,-0.286
Azerbaijan,2079,-0.299
Azerbaijan,2080,-0.304
Azerbaijan,2081,-0.304
Azerbaijan,2082,-0.302
Azerbaijan,2083,-0.294
Azerbaijan,2084,-0.297
Azerbaijan,2085,-0.297
Azerbaijan,2086,-0.291
Azerbaijan,2087,-0.293
Azerbaijan,2088,-0.288
Azerbaijan,2089,-0.289
Azerbaijan,2090,-0.292
Azerbaijan,2091,-0.288
Azerbaijan,2092,-0.291
Azerbaijan,2093,-0.296
Azerbaijan,2094,-0.301
Azerbaijan,2095,-0.308
Azerbaijan,2096,-0.307
Azerbaijan,2097,-0.317
Azerbaijan,2098,-0.326
Azerbaijan,2099,-0.332
Azerbaijan,2100,-0.342
Bahamas,1950,1.039
Bahamas,1951,1.574
Bahamas,1952,2.118
Bahamas,1953,2.632
Bahamas,1954,3.14
Bahamas,1955,3.561
Bahamas,1956,3.92
Bahamas,1957,4.179
Bahamas,1958,4.415
Bahamas,1959,4.651
Bahamas,1960,4.851
Bahamas,1961,5.008
Bahamas,1962,5.039
Bahamas,1963,4.973
Bahamas,1964,4.357
Bahamas,1965,4.516
Bahamas,1966,4.627
Bahamas,1967,4.698
Bahamas,1968,4.717
Bahamas,1969,4.363
Bahamas,1970,3.372
Bahamas,1971,2.889
Bahamas,1972,2.49
Bahamas,1973,2.286
Bahamas,1974,2.197
Bahamas,1975,2.18
Bahamas,1976,2.171
Bahamas,1977,2.124
Bahamas,1978,2.035
Bahamas,1979,1.921
Bahamas,1980,1.81
Bahamas,1981,1.677
Bahamas,1982,1.676
Bahamas,1983,1.691
Bahamas,1984,1.685
Bahamas,1985,1.733
Bahamas,1986,1.7
Bahamas,1987,1.687
Bahamas,1988,1.729
Bahamas,1989,1.79
Bahamas,1990,1.696
Bahamas,1991,1.743
Bahamas,1992,1.923
Bahamas,1993,1.829
Bahamas,1994,1.69
Bahamas,1995,1.623
Bahamas,1996,1.542
Bahamas,1997,1.463
Bahamas,1998,1.389
Bahamas,1999,1.287
Bahamas,2000,1.337
Bahamas,2001,1.12
Bahamas,2002,1.171
Bahamas,2003,1.228
Bahamas,2004,1.238
Bahamas,2005,1.168
Bahamas,2006,1.419
Bahamas,2007,1.408
Bahamas,2008,1.284
Bahamas,2009,1.318
Bahamas,2010,1.239
Bahamas,2011,1.063
Bahamas,2012,0.94
Bahamas,2013,0.907
Bahamas,2014,0.851
Bahamas,2015,0.738
Bahamas,2016,0.664
Bahamas,2017,0.585
Bahamas,2018,0.555
Bahamas,2019,0.439
Bahamas,2020,0.162
Bahamas,2021,0.095
Bahamas,2022,0.491
Bahamas,2023,0.463
Bahamas,2024,0.457
Bahamas,2025,0.413
Bahamas,2026,0.377
Bahamas,2027,0.358
Bahamas,2028,0.35
Bahamas,2029,0.33
Bahamas,2030,0.314
Bahamas,2031,0.305
Bahamas,2032,0.27
Bahamas,2033,0.272
Bahamas,2034,0.255
Bahamas,2035,0.248
Bahamas,2036,0.212
Bahamas,2037,0.221
Bahamas,2038,0.214
Bahamas,2039,0.183
Bahamas,2040,0.181
Bahamas,2041,0.164
Bahamas,2042,0.153
Bahamas,2043,0.128
Bahamas,2044,0.103
Bahamas,2045,0.105
Bahamas,2046,0.089
Bahamas,2047,0.04
Bahamas,2048,0.04
Bahamas,2049,0.017
Bahamas,2050,-0.006
Bahamas,2051,-0.02
Bahamas,2052,-0.035
Bahamas,2053,-0.036
Bahamas,2054,-0.069
Bahamas,2055,-0.064
Bahamas,2056,-0.086
Bahamas,2057,-0.073
Bahamas,2058,-0.09
Bahamas,2059,-0.126
Bahamas,2060,-0.124
Bahamas,2061,-0.119
Bahamas,2062,-0.135
Bahamas,2063,-0.144
Bahamas,2064,-0.15
Bahamas,2065,-0.162
Bahamas,2066,-0.165
Bahamas,2067,-0.172
Bahamas,2068,-0.189
Bahamas,2069,-0.177
Bahamas,2070,-0.175
Bahamas,2071,-0.199
Bahamas,2072,-0.223
Bahamas,2073,-0.234
Bahamas,2074,-0.197
Bahamas,2075,-0.218
Bahamas,2076,-0.224
Bahamas,2077,-0.225
Bahamas,2078,-0.226
Bahamas,2079,-0.229
Bahamas,2080,-0.242
Bahamas,2081,-0.232
Bahamas,2082,-0.258
Bahamas,2083,-0.265
Bahamas,2084,-0.283
Bahamas,2085,-0.27
Bahamas,2086,-0.292
Bahamas,2087,-0.287
Bahamas,2088,-0.295
Bahamas,2089,-0.282
Bahamas,2090,-0.278
Bahamas,2091,-0.277
Bahamas,2092,-0.265
Bahamas,2093,-0.262
Bahamas,2094,-0.262
Bahamas,2095,-0.275
Bahamas,2096,-0.247
Bahamas,2097,-0.241
Bahamas,2098,-0.249
Bahamas,2099,-0.246
Bahamas,2100,-0.254
Bahrain,1950,2.886
Bahrain,1951,2.973
Bahrain,1952,3.059
Bahrain,1953,3.149
Bahrain,1954,3.27
Bahrain,1955,3.418
Bahrain,1956,3.533
Bahrain,1957,3.698
Bahrain,1958,3.852
Bahrain,1959,3.988
Bahrain,1960,4.096
Bahrain,1961,4.04
Bahrain,1962,3.928
Bahrain,1963,3.893
Bahrain,1964,3.803
Bahrain,1965,3.351
Bahrain,1966,3.192
Bahrain,1967,3.113
Bahrain,1968,1.655
Bahrain,1969,1.184
Bahrain,1970,0.91
Bahrain,1971,4.25
Bahrain,1972,5.351
Bahrain,1973,5.274
Bahrain,1974,5.196
Bahrain,1975,5.097
Bahrain,1976,4.972
Bahrain,1977,4.832
Bahrain,1978,4.675
Bahrain,1979,4.511
Bahrain,1980,4.333
Bahrain,1981,3.625
Bahrain,1982,3.457
Bahrain,1983,3.512
Bahrain,1984,3.571
Bahrain,1985,3.621
Bahrain,1986,3.647
Bahrain,1987,3.644
Bahrain,1988,3.602
Bahrain,1989,3.522
Bahrain,1990,3.385
Bahrain,1991,3.144
Bahrain,1992,2.746
Bahrain,1993,2.68
Bahrain,1994,2.631
Bahrain,1995,2.585
Bahrain,1996,2.532
Bahrain,1997,2.471
Bahrain,1998,2.397
Bahrain,1999,2.313
Bahrain,2000,2.209
Bahrain,2001,6.568
Bahrain,2002,7.784
Bahrain,2003,7.354
Bahrain,2004,6.968
Bahrain,2005,6.61
Bahrain,2006,6.276
Bahrain,2007,5.976
Bahrain,2008,5.663
Bahrain,2009,5.268
Bahrain,2010,-0.252
Bahrain,2011,-0.826
Bahrain,2012,2.394
Bahrain,2013,4.191
Bahrain,2014,4.465
Bahrain,2015,4.016
Bahrain,2016,4.542
Bahrain,2017,2.69
Bahrain,2018,-0.575
Bahrain,2019,-1.03
Bahrain,2020,0.682
Bahrain,2021,1.815
Bahrain,2022,2.357
Bahrain,2023,2.311
Bahrain,2024,2.395
Bahrain,2025,2.074
Bahrain,2026,1.815
Bahrain,2027,1.456
Bahrain,2028,1.267
Bahrain,2029,1.078
Bahrain,2030,1.013
Bahrain,2031,1.011
Bahrain,2032,1.009
Bahrain,2033,1.008
Bahrain,2034,1.007
Bahrain,2035,1.006
Bahrain,2036,1.003
Bahrain,2037,0.998
Bahrain,2038,0.994
Bahrain,2039,0.986
Bahrain,2040,0.98
Bahrain,2041,0.972
Bahrain,2042,0.96
Bahrain,2043,0.948
Bahrain,2044,0.936
Bahrain,2045,0.92
Bahrain,2046,0.907
Bahrain,2047,0.893
Bahrain,2048,0.882
Bahrain,2049,0.871
Bahrain,2050,0.862
Bahrain,2051,0.852
Bahrain,2052,0.844
Bahrain,2053,0.837
Bahrain,2054,0.828
Bahrain,2055,0.822
Bahrain,2056,0.815
Bahrain,2057,0.81
Bahrain,2058,0.808
Bahrain,2059,0.804
Bahrain,2060,0.8
Bahrain,2061,0.798
Bahrain,2062,0.796
Bahrain,2063,0.793
Bahrain,2064,0.79
Bahrain,2065,0.785
Bahrain,2066,0.782
Bahrain,2067,0.779
Bahrain,2068,0.773
Bahrain,2069,0.767
Bahrain,2070,0.76
Bahrain,2071,0.756
Bahrain,2072,0.748
Bahrain,2073,0.743
Bahrain,2074,0.736
Bahrain,2075,0.728
Bahrain,2076,0.721
Bahrain,2077,0.716
Bahrain,2078,0.711
Bahrain,2079,0.705
Bahrain,2080,0.701
Bahrain,2081,0.698
Bahrain,2082,0.694
Bahrain,2083,0.69
Bahrain,2084,0.686
Bahrain,2085,0.683
Bahrain,2086,0.678
Bahrain,2087,0.675
Bahrain,2088,0.674
Bahrain,2089,0.67
Bahrain,2090,0.669
Bahrain,2091,0.667
Bahrain,2092,0.664
Bahrain,2093,0.661
Bahrain,2094,0.659
Bahrain,2095,0.655
Bahrain,2096,0.652
Bahrain,2097,0.65
Bahrain,2098,0.647
Bahrain,2099,0.643
Bahrain,2100,0.639
Bangladesh,1950,1.896
Bangladesh,1951,2.021
Bangladesh,1952,2.08
Bangladesh,1953,2.066
Bangladesh,1954,2.224
Bangladesh,1955,2.311
Bangladesh,1956,2.381
Bangladesh,1957,2.468
Bangladesh,1958,2.387
Bangladesh,1959,2.66
Bangladesh,1960,2.764
Bangladesh,1961,2.872
Bangladesh,1962,2.935
Bangladesh,1963,2.895
Bangladesh,1964,2.943
Bangladesh,1965,2.899
Bangladesh,1966,2.916
Bangladesh,1967,2.967
Bangladesh,1968,2.921
Bangladesh,1969,2.766
Bangladesh,1970,2.416
Bangladesh,1971,1.092
Bangladesh,1972,2.739
Bangladesh,1973,2.983
Bangladesh,1974,2.683
Bangladesh,1975,2.563
Bangladesh,1976,2.513
Bangladesh,1977,2.464
Bangladesh,1978,2.417
Bangladesh,1979,2.401
Bangladesh,1980,2.386
Bangladesh,1981,2.74
Bangladesh,1982,2.747
Bangladesh,1983,2.614
Bangladesh,1984,2.523
Bangladesh,1985,2.404
Bangladesh,1986,2.293
Bangladesh,1987,2.186
Bangladesh,1988,2.07
Bangladesh,1989,2.025
Bangladesh,1990,1.956
Bangladesh,1991,1.866
Bangladesh,1992,1.903
Bangladesh,1993,1.823
Bangladesh,1994,1.885
Bangladesh,1995,1.832
Bangladesh,1996,1.824
Bangladesh,1997,1.883
Bangladesh,1998,1.893
Bangladesh,1999,1.906
Bangladesh,2000,1.75
Bangladesh,2001,1.585
Bangladesh,2002,1.503
Bangladesh,2003,1.409
Bangladesh,2004,1.315
Bangladesh,2005,1.207
Bangladesh,2006,1.116
Bangladesh,2007,1.036
Bangladesh,2008,0.962
Bangladesh,2009,0.902
Bangladesh,2010,0.851
Bangladesh,2011,0.966
Bangladesh,2012,0.951
Bangladesh,2013,0.926
Bangladesh,2014,0.897
Bangladesh,2015,0.891
Bangladesh,2016,0.894
Bangladesh,2017,0.808
Bangladesh,2018,0.833
Bangladesh,2019,0.859
Bangladesh,2020,0.813
Bangladesh,2021,0.816
Bangladesh,2022,1.23
Bangladesh,2023,1.214
Bangladesh,2024,1.216
Bangladesh,2025,1.218
Bangladesh,2026,1.194
Bangladesh,2027,1.168
Bangladesh,2028,1.136
Bangladesh,2029,1.104
Bangladesh,2030,1.066
Bangladesh,2031,1.022
Bangladesh,2032,0.967
Bangladesh,2033,0.933
Bangladesh,2034,0.879
Bangladesh,2035,0.84
Bangladesh,2036,0.804
Bangladesh,2037,0.763
Bangladesh,2038,0.733
Bangladesh,2039,0.696
Bangladesh,2040,0.672
Bangladesh,2041,0.656
Bangladesh,2042,0.635
Bangladesh,2043,0.614
Bangladesh,2044,0.598
Bangladesh,2045,0.581
Bangladesh,2046,0.565
Bangladesh,2047,0.546
Bangladesh,2048,0.526
Bangladesh,2049,0.507
Bangladesh,2050,0.493
Bangladesh,2051,0.475
Bangladesh,2052,0.45
Bangladesh,2053,0.431
Bangladesh,2054,0.406
Bangladesh,2055,0.393
Bangladesh,2056,0.365
Bangladesh,2057,0.347
Bangladesh,2058,0.32
Bangladesh,2059,0.289
Bangladesh,2060,0.265
Bangladesh,2061,0.239
Bangladesh,2062,0.209
Bangladesh,2063,0.183
Bangladesh,2064,0.153
Bangladesh,2065,0.131
Bangladesh,2066,0.106
Bangladesh,2067,0.081
Bangladesh,2068,0.054
Bangladesh,2069,0.03
Bangladesh,2070,0.012
Bangladesh,2071,-0.008
Bangladesh,2072,-0.03
Bangladesh,2073,-0.053
Bangladesh,2074,-0.069
Bangladesh,2075,-0.09
Bangladesh,2076,-0.114
Bangladesh,2077,-0.136
Bangladesh,2078,-0.146
Bangladesh,2079,-0.174
Bangladesh,2080,-0.19
Bangladesh,2081,-0.211
Bangladesh,2082,-0.218
Bangladesh,2083,-0.237
Bangladesh,2084,-0.25
Bangladesh,2085,-0.268
Bangladesh,2086,-0.292
Bangladesh,2087,-0.306
Bangladesh,2088,-0.326
Bangladesh,2089,-0.343
Bangladesh,2090,-0.366
Bangladesh,2091,-0.379
Bangladesh,2092,-0.403
Bangladesh,2093,-0.418
Bangladesh,2094,-0.437
Bangladesh,2095,-0.447
Bangladesh,2096,-0.458
Bangladesh,2097,-0.471
Bangladesh,2098,-0.486
Bangladesh,2099,-0.498
Bangladesh,2100,-0.502
Barbados,1950,1.747
Barbados,1951,1.544
Barbados,1952,1.35
Barbados,1953,1.154
Barbados,1954,0.953
Barbados,1955,0.61
Barbados,1956,0.482
Barbados,1957,0.657
Barbados,1958,0.636
Barbados,1959,0.699
Barbados,1960,1.137
Barbados,1961,0.809
Barbados,1962,0.963
Barbados,1963,1.01
Barbados,1964,1.001
Barbados,1965,1.037
Barbados,1966,1.079
Barbados,1967,0.626
Barbados,1968,0.543
Barbados,1969,0.184
Barbados,1970,-0.229
Barbados,1971,0.054
Barbados,1972,0.339
Barbados,1973,0.193
Barbados,1974,0.17
Barbados,1975,0.148
Barbados,1976,0.065
Barbados,1977,0.081
Barbados,1978,-0.141
Barbados,1979,-0.084
Barbados,1980,0.286
Barbados,1981,0.307
Barbados,1982,0.345
Barbados,1983,0.362
Barbados,1984,0.367
Barbados,1985,0.337
Barbados,1986,0.286
Barbados,1987,0.228
Barbados,1988,0.147
Barbados,1989,0.121
Barbados,1990,0.245
Barbados,1991,0.366
Barbados,1992,0.322
Barbados,1993,0.261
Barbados,1994,0.193
Barbados,1995,0.127
Barbados,1996,0.059
Barbados,1997,0.023
Barbados,1998,0.011
Barbados,1999,0.051
Barbados,2000,-0.398
Barbados,2001,0.674
Barbados,2002,0.634
Barbados,2003,0.594
Barbados,2004,0.548
Barbados,2005,0.503
Barbados,2006,0.459
Barbados,2007,0.492
Barbados,2008,0.556
Barbados,2009,0.474
Barbados,2010,0.343
Barbados,2011,0.307
Barbados,2012,0.27
Barbados,2013,0.254
Barbados,2014,0.237
Barbados,2015,0.224
Barbados,2016,0.211
Barbados,2017,0.198
Barbados,2018,0.186
Barbados,2019,0.167
Barbados,2020,0.181
Barbados,2021,0.137
Barbados,2022,-0.016
Barbados,2023,0.028
Barbados,2024,0.065
Barbados,2025,0.046
Barbados,2026,0.026
Barbados,2027,0.018
Barbados,2028,-0.014
Barbados,2029,-0.056
Barbados,2030,-0.089
Barbados,2031,-0.114
Barbados,2032,-0.142
Barbados,2033,-0.173
Barbados,2034,-0.181
Barbados,2035,-0.217
Barbados,2036,-0.247
Barbados,2037,-0.272
Barbados,2038,-0.313
Barbados,2039,-0.315
Barbados,2040,-0.358
Barbados,2041,-0.364
Barbados,2042,-0.407
Barbados,2043,-0.433
Barbados,2044,-0.435
Barbados,2045,-0.441
Barbados,2046,-0.476
Barbados,2047,-0.501
Barbados,2048,-0.496
Barbados,2049,-0.507
Barbados,2050,-0.505
Barbados,2051,-0.519
Barbados,2052,-0.511
Barbados,2053,-0.511
Barbados,2054,-0.508
Barbados,2055,-0.527
Barbados,2056,-0.523
Barbados,2057,-0.513
Barbados,2058,-0.517
Barbados,2059,-0.529
Barbados,2060,-0.546
Barbados,2061,-0.539
Barbados,2062,-0.55
Barbados,2063,-0.554
Barbados,2064,-0.547
Barbados,2065,-0.553
Barbados,2066,-0.552
Barbados,2067,-0.569
Barbados,2068,-0.575
Barbados,2069,-0.563
Barbados,2070,-0.587
Barbados,2071,-0.555
Barbados,2072,-0.576
Barbados,2073,-0.578
Barbados,2074,-0.606
Barbados,2075,-0.594
Barbados,2076,-0.624
Barbados,2077,-0.625
Barbados,2078,-0.624
Barbados,2079,-0.635
Barbados,2080,-0.642
Barbados,2081,-0.645
Barbados,2082,-0.653
Barbados,2083,-0.655
Barbados,2084,-0.665
Barbados,2085,-0.671
Barbados,2086,-0.678
Barbados,2087,-0.676
Barbados,2088,-0.667
Barbados,2089,-0.686
Barbados,2090,-0.693
Barbados,2091,-0.71
Barbados,2092,-0.713
Barbados,2093,-0.707
Barbados,2094,-0.712
Barbados,2095,-0.709
Barbados,2096,-0.705
Barbados,2097,-0.707
Barbados,2098,-0.708
Barbados,2099,-0.712
Barbados,2100,-0.709
Belarus,1950,0.772
Belarus,1951,0.955
Belarus,1952,1.125
Belarus,1953,1.229
Belarus,1954,1.425
Belarus,1955,1.553
Belarus,1956,1.653
Belarus,1957,1.663
Belarus,1958,1.707
Belarus,1959,1.719
Belarus,1960,1.395
Belarus,1961,1.327
Belarus,1962,1.16
Belarus,1963,1.042
Belarus,1964,0.948
Belarus,1965,0.837
Belarus,1966,0.839
Belarus,1967,0.761
Belarus,1968,0.776
Belarus,1969,0.642
Belarus,1970,0.7
Belarus,1971,0.734
Belarus,1972,0.69
Belarus,1973,0.641
Belarus,1974,0.657
Belarus,1975,0.604
Belarus,1976,0.59
Belarus,1977,0.577
Belarus,1978,0.499
Belarus,1979,0.592
Belarus,1980,0.775
Belarus,1981,0.778
Belarus,1982,0.669
Belarus,1983,0.707
Belarus,1984,0.637
Belarus,1985,0.624
Belarus,1986,0.581
Belarus,1987,0.482
Belarus,1988,0.51
Belarus,1989,0.499
Belarus,1990,0.041
Belarus,1991,0.108
Belarus,1992,0.355
Belarus,1993,0.11
Belarus,1994,-0.327
Belarus,1995,-0.313
Belarus,1996,-0.343
Belarus,1997,-0.478
Belarus,1998,-0.349
Belarus,1999,-0.474
Belarus,2000,-0.483
Belarus,2001,-0.586
Belarus,2002,-0.719
Belarus,2003,-0.709
Belarus,2004,-0.684
Belarus,2005,-0.702
Belarus,2006,-0.538
Belarus,2007,-0.398
Belarus,2008,-0.309
Belarus,2009,-0.153
Belarus,2010,-0.196
Belarus,2011,-0.184
Belarus,2012,-0.02
Belarus,2013,0.049
Belarus,2014,0.125
Belarus,2015,0.182
Belarus,2016,0.066
Belarus,2017,-0.135
Belarus,2018,-0.198
Belarus,2019,-0.747
Belarus,2020,-1.053
Belarus,2021,-1.089
Belarus,2022,-0.606
Belarus,2023,-0.653
Belarus,2024,-0.645
Belarus,2025,-0.664
Belarus,2026,-0.687
Belarus,2027,-0.692
Belarus,2028,-0.705
Belarus,2029,-0.725
Belarus,2030,-0.73
Belarus,2031,-0.73
Belarus,2032,-0.74
Belarus,2033,-0.746
Belarus,2034,-0.745
Belarus,2035,-0.744
Belarus,2036,-0.743
Belarus,2037,-0.743
Belarus,2038,-0.751
Belarus,2039,-0.757
Belarus,2040,-0.757
Belarus,2041,-0.762
Belarus,2042,-0.754
Belarus,2043,-0.757
Belarus,2044,-0.765
Belarus,2045,-0.773
Belarus,2046,-0.782
Belarus,2047,-0.801
Belarus,2048,-0.828
Belarus,2049,-0.845
Belarus,2050,-0.864
Belarus,2051,-0.887
Belarus,2052,-0.918
Belarus,2053,-0.945
Belarus,2054,-0.97
Belarus,2055,-0.999
Belarus,2056,-1.019
Belarus,2057,-1.036
Belarus,2058,-1.048
Belarus,2059,-1.065
Belarus,2060,-1.078
Belarus,2061,-1.083
Belarus,2062,-1.095
Belarus,2063,-1.105
Belarus,2064,-1.112
Belarus,2065,-1.118
Belarus,2066,-1.122
Belarus,2067,-1.123
Belarus,2068,-1.119
Belarus,2069,-1.121
Belarus,2070,-1.12
Belarus,2071,-1.124
Belarus,2072,-1.117
Belarus,2073,-1.12
Belarus,2074,-1.115
Belarus,2075,-1.113
Belarus,2076,-1.111
Belarus,2077,-1.113
Belarus,2078,-1.106
Belarus,2079,-1.104
Belarus,2080,-1.102
Belarus,2081,-1.094
Belarus,2082,-1.088
Belarus,2083,-1.081
Belarus,2084,-1.075
Belarus,2085,-1.071
Belarus,2086,-1.064
Belarus,2087,-1.061
Belarus,2088,-1.055
Belarus,2089,-1.058
Belarus,2090,-1.06
Belarus,2091,-1.062
Belarus,2092,-1.069
Belarus,2093,-1.081
Belarus,2094,-1.087
Belarus,2095,-1.098
Belarus,2096,-1.105
Belarus,2097,-1.12
Belarus,2098,-1.133
Belarus,2099,-1.151
Belarus,2100,-1.157
Belgium,1950,0.471
Belgium,1951,0.416
Belgium,1952,0.526
Belgium,1953,0.511
Belgium,1954,0.55
Belgium,1955,0.519
Belgium,1956,0.534
Belgium,1957,0.582
Belgium,1958,0.63
Belgium,1959,0.693
Belgium,1960,0.552
Belgium,1961,0.676
Belgium,1962,0.619
Belgium,1963,0.625
Belgium,1964,0.717
Belgium,1965,0.61
Belgium,1966,0.56
Belgium,1967,0.515
Belgium,1968,0.405
Belgium,1969,0.421
Belgium,1970,0.439
Belgium,1971,0.308
Belgium,1972,0.277
Belgium,1973,0.2
Belgium,1974,0.165
Belgium,1975,0.095
Belgium,1976,0.119
Belgium,1977,0.191
Belgium,1978,0.173
Belgium,1979,0.226
Belgium,1980,0.217
Belgium,1981,0.141
Belgium,1982,0.096
Belgium,1983,0.042
Belgium,1984,0.069
Belgium,1985,0.048
Belgium,1986,0.087
Belgium,1987,0.159
Belgium,1988,0.192
Belgium,1989,0.211
Belgium,1990,0.28
Belgium,1991,0.481
Belgium,1992,0.457
Belgium,1993,0.317
Belgium,1994,0.298
Belgium,1995,0.122
Belgium,1996,0.266
Belgium,1997,0.215
Belgium,1998,0.211
Belgium,1999,0.249
Belgium,2000,0.24
Belgium,2001,0.447
Belgium,2002,0.445
Belgium,2003,0.392
Belgium,2004,0.474
Belgium,2005,0.627
Belgium,2006,0.695
Belgium,2007,0.76
Belgium,2008,0.819
Belgium,2009,1.098
Belgium,2010,1.176
Belgium,2011,0.683
Belgium,2012,0.562
Belgium,2013,0.387
Belgium,2014,0.504
Belgium,2015,0.655
Belgium,2016,0.36
Belgium,2017,0.412
Belgium,2018,0.5
Belgium,2019,0.582
Belgium,2020,0.278
Belgium,2021,0.254
Belgium,2022,0.967
Belgium,2023,0.253
Belgium,2024,0.189
Belgium,2025,0.149
Belgium,2026,0.124
Belgium,2027,0.114
Belgium,2028,0.106
Belgium,2029,0.098
Belgium,2030,0.08
Belgium,2031,0.07
Belgium,2032,0.067
Belgium,2033,0.07
Belgium,2034,0.059
Belgium,2035,0.054
Belgium,2036,0.053
Belgium,2037,0.058
Belgium,2038,0.05
Belgium,2039,0.038
Belgium,2040,0.031
Belgium,2041,0.032
Belgium,2042,0.018
Belgium,2043,0.01
Belgium,2044,0.005
Belgium,2045,-0.014
Belgium,2046,-0.026
Belgium,2047,-0.041
Belgium,2048,-0.059
Belgium,2049,-0.075
Belgium,2050,-0.089
Belgium,2051,-0.112
Belgium,2052,-0.136
Belgium,2053,-0.153
Belgium,2054,-0.155
Belgium,2055,-0.165
Belgium,2056,-0.18
Belgium,2057,-0.194
Belgium,2058,-0.17
Belgium,2059,-0.182
Belgium,2060,-0.181
Belgium,2061,-0.2
Belgium,2062,-0.188
Belgium,2063,-0.185
Belgium,2064,-0.178
Belgium,2065,-0.168
Belgium,2066,-0.158
Belgium,2067,-0.148
Belgium,2068,-0.149
Belgium,2069,-0.139
Belgium,2070,-0.138
Belgium,2071,-0.116
Belgium,2072,-0.114
Belgium,2073,-0.114
Belgium,2074,-0.112
Belgium,2075,-0.103
Belgium,2076,-0.099
Belgium,2077,-0.111
Belgium,2078,-0.124
Belgium,2079,-0.113
Belgium,2080,-0.121
Belgium,2081,-0.105
Belgium,2082,-0.125
Belgium,2083,-0.116
Belgium,2084,-0.121
Belgium,2085,-0.119
Belgium,2086,-0.125
Belgium,2087,-0.135
Belgium,2088,-0.134
Belgium,2089,-0.127
Belgium,2090,-0.127
Belgium,2091,-0.127
Belgium,2092,-0.142
Belgium,2093,-0.137
Belgium,2094,-0.146
Belgium,2095,-0.141
Belgium,2096,-0.137
Belgium,2097,-0.144
Belgium,2098,-0.161
Belgium,2099,-0.163
Belgium,2100,-0.166
Belize,1950,2.658
Belize,1951,3.179
Belize,1952,2.978
Belize,1953,2.857
Belize,1954,2.784
Belize,1955,2.758
Belize,1956,2.717
Belize,1957,2.739
Belize,1958,2.683
Belize,1959,2.624
Belize,1960,2.543
Belize,1961,2.464
Belize,1962,2.616
Belize,1963,2.848
Belize,1964,2.942
Belize,1965,3.014
Belize,1966,3.063
Belize,1967,3.081
Belize,1968,3.012
Belize,1969,2.709
Belize,1970,1.816
Belize,1971,1.585
Belize,1972,1.439
Belize,1973,1.378
Belize,1974,1.357
Belize,1975,2.042
Belize,1976,2.074
Belize,1977,2.072
Belize,1978,2.045
Belize,1979,2.183
Belize,1980,2.534
Belize,1981,2.535
Belize,1982,2.46
Belize,1983,2.396
Belize,1984,2.343
Belize,1985,2.291
Belize,1986,2.246
Belize,1987,2.221
Belize,1988,2.216
Belize,1989,2.217
Belize,1990,2.167
Belize,1991,2.118
Belize,1992,2.055
Belize,1993,2.008
Belize,1994,2.248
Belize,1995,2.754
Belize,1996,3.189
Belize,1997,3.478
Belize,1998,3.505
Belize,1999,3.381
Belize,2000,3.157
Belize,2001,3.043
Belize,2002,3.009
Belize,2003,2.972
Belize,2004,2.936
Belize,2005,2.898
Belize,2006,2.845
Belize,2007,2.788
Belize,2008,2.717
Belize,2009,2.635
Belize,2010,2.194
Belize,2011,2.163
Belize,2012,2.139
Belize,2013,2.129
Belize,2014,2.097
Belize,2015,2.106
Belize,2016,2.534
Belize,2017,2.078
Belize,2018,1.656
Belize,2019,1.272
Belize,2020,1.295
Belize,2021,1.015
Belize,2022,2.672
Belize,2023,1.455
Belize,2024,1.426
Belize,2025,1.361
Belize,2026,1.326
Belize,2027,1.256
Belize,2028,1.201
Belize,2029,1.159
Belize,2030,1.097
Belize,2031,1.065
Belize,2032,1.031
Belize,2033,1
Belize,2034,0.961
Belize,2035,0.888
Belize,2036,0.837
Belize,2037,0.801
Belize,2038,0.741
Belize,2039,0.679
Belize,2040,0.653
Belize,2041,0.616
Belize,2042,0.582
Belize,2043,0.545
Belize,2044,0.519
Belize,2045,0.482
Belize,2046,0.471
Belize,2047,0.438
Belize,2048,0.431
Belize,2049,0.375
Belize,2050,0.365
Belize,2051,0.315
Belize,2052,0.306
Belize,2053,0.254
Belize,2054,0.237
Belize,2055,0.207
Belize,2056,0.175
Belize,2057,0.16
Belize,2058,0.129
Belize,2059,0.102
Belize,2060,0.065
Belize,2061,0.026
Belize,2062,0.026
Belize,2063,-0.003
Belize,2064,-0.031
Belize,2065,-0.056
Belize,2066,-0.088
Belize,2067,-0.111
Belize,2068,-0.176
Belize,2069,-0.188
Belize,2070,-0.2
Belize,2071,-0.251
Belize,2072,-0.266
Belize,2073,-0.307
Belize,2074,-0.33
Belize,2075,-0.34
Belize,2076,-0.376
Belize,2077,-0.434
Belize,2078,-0.439
Belize,2079,-0.451
Belize,2080,-0.47
Belize,2081,-0.486
Belize,2082,-0.516
Belize,2083,-0.54
Belize,2084,-0.547
Belize,2085,-0.555
Belize,2086,-0.566
Belize,2087,-0.614
Belize,2088,-0.607
Belize,2089,-0.605
Belize,2090,-0.624
Belize,2091,-0.639
Belize,2092,-0.641
Belize,2093,-0.653
Belize,2094,-0.671
Belize,2095,-0.681
Belize,2096,-0.684
Belize,2097,-0.678
Belize,2098,-0.691
Belize,2099,-0.704
Belize,2100,-0.713
Benin,1950,0.717
Benin,1951,0.773
Benin,1952,0.849
Benin,1953,0.93
Benin,1954,1.018
Benin,1955,1.105
Benin,1956,1.196
Benin,1957,1.297
Benin,1958,1.394
Benin,1959,1.489
Benin,1960,1.582
Benin,1961,1.721
Benin,1962,1.798
Benin,1963,1.872
Benin,1964,1.942
Benin,1965,2.007
Benin,1966,2.04
Benin,1967,2.087
Benin,1968,2.133
Benin,1969,2.18
Benin,1970,2.229
Benin,1971,2.268
Benin,1972,2.321
Benin,1973,2.359
Benin,1974,2.403
Benin,1975,2.46
Benin,1976,2.515
Benin,1977,2.572
Benin,1978,2.61
Benin,1979,2.708
Benin,1980,2.803
Benin,1981,2.875
Benin,1982,2.899
Benin,1983,2.904
Benin,1984,2.941
Benin,1985,2.968
Benin,1986,2.998
Benin,1987,3.03
Benin,1988,3.055
Benin,1989,3.064
Benin,1990,3.081
Benin,1991,3.088
Benin,1992,3.091
Benin,1993,5.724
Benin,1994,1.829
Benin,1995,2.393
Benin,1996,2.834
Benin,1997,3.066
Benin,1998,3.099
Benin,1999,3.089
Benin,2000,3.065
Benin,2001,3.044
Benin,2002,3.036
Benin,2003,3.062
Benin,2004,3.062
Benin,2005,3.374
Benin,2006,2.875
Benin,2007,3.033
Benin,2008,3.007
Benin,2009,2.992
Benin,2010,2.977
Benin,2011,2.979
Benin,2012,2.957
Benin,2013,2.941
Benin,2014,2.969
Benin,2015,2.94
Benin,2016,2.91
Benin,2017,2.853
Benin,2018,2.775
Benin,2019,2.697
Benin,2020,2.629
Benin,2021,2.556
Benin,2022,2.539
Benin,2023,2.507
Benin,2024,2.418
Benin,2025,2.389
Benin,2026,2.361
Benin,2027,2.318
Benin,2028,2.277
Benin,2029,2.248
Benin,2030,2.193
Benin,2031,2.178
Benin,2032,2.146
Benin,2033,2.123
Benin,2034,2.102
Benin,2035,2.081
Benin,2036,2.045
Benin,2037,2.008
Benin,2038,2.008
Benin,2039,1.969
Benin,2040,1.941
Benin,2041,1.91
Benin,2042,1.889
Benin,2043,1.848
Benin,2044,1.805
Benin,2045,1.802
Benin,2046,1.754
Benin,2047,1.708
Benin,2048,1.679
Benin,2049,1.647
Benin,2050,1.615
Benin,2051,1.585
Benin,2052,1.556
Benin,2053,1.509
Benin,2054,1.497
Benin,2055,1.466
Benin,2056,1.411
Benin,2057,1.398
Benin,2058,1.362
Benin,2059,1.345
Benin,2060,1.316
Benin,2061,1.287
Benin,2062,1.271
Benin,2063,1.246
Benin,2064,1.235
Benin,2065,1.207
Benin,2066,1.169
Benin,2067,1.145
Benin,2068,1.123
Benin,2069,1.118
Benin,2070,1.094
Benin,2071,1.058
Benin,2072,1.046
Benin,2073,1.007
Benin,2074,0.981
Benin,2075,0.932
Benin,2076,0.918
Benin,2077,0.898
Benin,2078,0.874
Benin,2079,0.848
Benin,2080,0.823
Benin,2081,0.801
Benin,2082,0.796
Benin,2083,0.76
Benin,2084,0.725
Benin,2085,0.713
Benin,2086,0.681
Benin,2087,0.671
Benin,2088,0.647
Benin,2089,0.625
Benin,2090,0.589
Benin,2091,0.572
Benin,2092,0.56
Benin,2093,0.535
Benin,2094,0.534
Benin,2095,0.504
Benin,2096,0.486
Benin,2097,0.448
Benin,2098,0.446
Benin,2099,0.429
Benin,2100,0.41
Bermuda,1950,1.556
Bermuda,1951,1.556
Bermuda,1952,1.27
Bermuda,1953,1.318
Bermuda,1954,1.304
Bermuda,1955,1.255
Bermuda,1956,1.187
Bermuda,1957,1.02
Bermuda,1958,1.034
Bermuda,1959,1.049
Bermuda,1960,1.642
Bermuda,1961,2.637
Bermuda,1962,2.48
Bermuda,1963,2.435
Bermuda,1964,2.235
Bermuda,1965,2.242
Bermuda,1966,2.229
Bermuda,1967,1.773
Bermuda,1968,1.79
Bermuda,1969,1.76
Bermuda,1970,1.406
Bermuda,1971,0.441
Bermuda,1972,0.301
Bermuda,1973,0.24
Bermuda,1974,0.179
Bermuda,1975,0.092
Bermuda,1976,0.214
Bermuda,1977,0.204
Bermuda,1978,0.206
Bermuda,1979,0.118
Bermuda,1980,0.462
Bermuda,1981,0.741
Bermuda,1982,0.699
Bermuda,1983,0.73
Bermuda,1984,0.698
Bermuda,1985,0.664
Bermuda,1986,0.567
Bermuda,1987,0.771
Bermuda,1988,0.764
Bermuda,1989,0.749
Bermuda,1990,0.749
Bermuda,1991,0.724
Bermuda,1992,0.731
Bermuda,1993,0.661
Bermuda,1994,0.622
Bermuda,1995,0.499
Bermuda,1996,0.461
Bermuda,1997,0.751
Bermuda,1998,0.777
Bermuda,1999,0.82
Bermuda,2000,0.57
Bermuda,2001,0.457
Bermuda,2002,0.43
Bermuda,2003,0.353
Bermuda,2004,0.189
Bermuda,2005,0.309
Bermuda,2006,0.081
Bermuda,2007,0.478
Bermuda,2008,0.441
Bermuda,2009,0.396
Bermuda,2010,0.108
Bermuda,2011,-0.086
Bermuda,2012,-0.185
Bermuda,2013,-0.042
Bermuda,2014,-0.098
Bermuda,2015,-0.109
Bermuda,2016,0.061
Bermuda,2017,0.348
Bermuda,2018,0.445
Bermuda,2019,0.418
Bermuda,2020,0.438
Bermuda,2021,0.387
Bermuda,2022,-0.076
Bermuda,2023,-0.08
Bermuda,2024,-0.11
Bermuda,2025,-0.144
Bermuda,2026,-0.152
Bermuda,2027,-0.216
Bermuda,2028,-0.223
Bermuda,2029,-0.267
Bermuda,2030,-0.277
Bermuda,2031,-0.311
Bermuda,2032,-0.304
Bermuda,2033,-0.362
Bermuda,2034,-0.384
Bermuda,2035,-0.435
Bermuda,2036,-0.464
Bermuda,2037,-0.492
Bermuda,2038,-0.506
Bermuda,2039,-0.564
Bermuda,2040,-0.57
Bermuda,2041,-0.595
Bermuda,2042,-0.648
Bermuda,2043,-0.672
Bermuda,2044,-0.682
Bermuda,2045,-0.729
Bermuda,2046,-0.743
Bermuda,2047,-0.786
Bermuda,2048,-0.817
Bermuda,2049,-0.853
Bermuda,2050,-0.868
Bermuda,2051,-0.888
Bermuda,2052,-0.926
Bermuda,2053,-0.964
Bermuda,2054,-0.955
Bermuda,2055,-0.984
Bermuda,2056,-1.002
Bermuda,2057,-0.982
Bermuda,2058,-0.991
Bermuda,2059,-1.011
Bermuda,2060,-1.017
Bermuda,2061,-1.008
Bermuda,2062,-1.018
Bermuda,2063,-1.005
Bermuda,2064,-0.975
Bermuda,2065,-1.003
Bermuda,2066,-0.998
Bermuda,2067,-0.973
Bermuda,2068,-0.997
Bermuda,2069,-0.975
Bermuda,2070,-0.979
Bermuda,2071,-0.973
Bermuda,2072,-0.948
Bermuda,2073,-0.95
Bermuda,2074,-0.955
Bermuda,2075,-0.973
Bermuda,2076,-0.939
Bermuda,2077,-0.939
Bermuda,2078,-0.936
Bermuda,2079,-0.957
Bermuda,2080,-0.893
Bermuda,2081,-0.903
Bermuda,2082,-0.907
Bermuda,2083,-0.883
Bermuda,2084,-0.896
Bermuda,2085,-0.872
Bermuda,2086,-0.882
Bermuda,2087,-0.888
Bermuda,2088,-0.848
Bermuda,2089,-0.875
Bermuda,2090,-0.88
Bermuda,2091,-0.873
Bermuda,2092,-0.854
Bermuda,2093,-0.883
Bermuda,2094,-0.885
Bermuda,2095,-0.853
Bermuda,2096,-0.906
Bermuda,2097,-0.906
Bermuda,2098,-0.89
Bermuda,2099,-0.892
Bermuda,2100,-0.894
Bhutan,1950,2.656
Bhutan,1951,2.705
Bhutan,1952,2.697
Bhutan,1953,2.749
Bhutan,1954,2.731
Bhutan,1955,2.781
Bhutan,1956,2.776
Bhutan,1957,2.803
Bhutan,1958,2.806
Bhutan,1959,2.835
Bhutan,1960,2.84
Bhutan,1961,2.894
Bhutan,1962,3.111
Bhutan,1963,3.12
Bhutan,1964,3.168
Bhutan,1965,3.221
Bhutan,1966,3.271
Bhutan,1967,3.313
Bhutan,1968,3.358
Bhutan,1969,3.396
Bhutan,1970,3.404
Bhutan,1971,3.403
Bhutan,1972,3.405
Bhutan,1973,3.406
Bhutan,1974,3.402
Bhutan,1975,3.412
Bhutan,1976,3.414
Bhutan,1977,3.416
Bhutan,1978,3.413
Bhutan,1979,3.36
Bhutan,1980,3.306
Bhutan,1981,3.246
Bhutan,1982,3.192
Bhutan,1983,3.181
Bhutan,1984,3.138
Bhutan,1985,3.099
Bhutan,1986,3.073
Bhutan,1987,3.026
Bhutan,1988,2.963
Bhutan,1989,2.911
Bhutan,1990,2.495
Bhutan,1991,1.049
Bhutan,1992,-8.713
Bhutan,1993,0.74
Bhutan,1994,-0.803
Bhutan,1995,-1.562
Bhutan,1996,1.85
Bhutan,1997,1.732
Bhutan,1998,2.073
Bhutan,1999,2.487
Bhutan,2000,2.359
Bhutan,2001,2.256
Bhutan,2002,2.154
Bhutan,2003,2.049
Bhutan,2004,1.952
Bhutan,2005,1.502
Bhutan,2006,1.181
Bhutan,2007,1.143
Bhutan,2008,1.116
Bhutan,2009,1.097
Bhutan,2010,1.094
Bhutan,2011,1.101
Bhutan,2012,1.114
Bhutan,2013,1.102
Bhutan,2014,1.056
Bhutan,2015,0.975
Bhutan,2016,0.973
Bhutan,2017,0.75
Bhutan,2018,0.683
Bhutan,2019,0.646
Bhutan,2020,0.704
Bhutan,2021,0.702
Bhutan,2022,0.704
Bhutan,2023,0.692
Bhutan,2024,0.611
Bhutan,2025,0.687
Bhutan,2026,0.697
Bhutan,2027,0.559
Bhutan,2028,0.571
Bhutan,2029,0.517
Bhutan,2030,0.564
Bhutan,2031,0.597
Bhutan,2032,0.581
Bhutan,2033,0.534
Bhutan,2034,0.436
Bhutan,2035,0.553
Bhutan,2036,0.512
Bhutan,2037,0.463
Bhutan,2038,0.408
Bhutan,2039,0.377
Bhutan,2040,0.369
Bhutan,2041,0.332
Bhutan,2042,0.36
Bhutan,2043,0.317
Bhutan,2044,0.288
Bhutan,2045,0.269
Bhutan,2046,0.184
Bhutan,2047,0.111
Bhutan,2048,0.124
Bhutan,2049,0.09
Bhutan,2050,0.115
Bhutan,2051,0.123
Bhutan,2052,-0.014
Bhutan,2053,-0.07
Bhutan,2054,0.056
Bhutan,2055,-0.066
Bhutan,2056,-0.137
Bhutan,2057,-0.011
Bhutan,2058,-0.15
Bhutan,2059,-0.145
Bhutan,2060,-0.215
Bhutan,2061,-0.237
Bhutan,2062,-0.258
Bhutan,2063,-0.222
Bhutan,2064,-0.254
Bhutan,2065,-0.374
Bhutan,2066,-0.405
Bhutan,2067,-0.397
Bhutan,2068,-0.409
Bhutan,2069,-0.453
Bhutan,2070,-0.43
Bhutan,2071,-0.519
Bhutan,2072,-0.552
Bhutan,2073,-0.619
Bhutan,2074,-0.625
Bhutan,2075,-0.583
Bhutan,2076,-0.574
Bhutan,2077,-0.576
Bhutan,2078,-0.672
Bhutan,2079,-0.716
Bhutan,2080,-0.716
Bhutan,2081,-0.752
Bhutan,2082,-0.71
Bhutan,2083,-0.769
Bhutan,2084,-0.7
Bhutan,2085,-0.718
Bhutan,2086,-0.735
Bhutan,2087,-0.826
Bhutan,2088,-0.784
Bhutan,2089,-0.81
Bhutan,2090,-0.788
Bhutan,2091,-0.813
Bhutan,2092,-0.761
Bhutan,2093,-0.701
Bhutan,2094,-0.727
Bhutan,2095,-0.729
Bhutan,2096,-0.661
Bhutan,2097,-0.676
Bhutan,2098,-0.637
Bhutan,2099,-0.699
Bhutan,2100,-0.739
Bolivia,1950,1.481
Bolivia,1951,1.558
Bolivia,1952,1.619
Bolivia,1953,1.705
Bolivia,1954,1.774
Bolivia,1955,1.841
Bolivia,1956,1.895
Bolivia,1957,1.939
Bolivia,1958,1.978
Bolivia,1959,2.009
Bolivia,1960,2.035
Bolivia,1961,2.05
Bolivia,1962,2.076
Bolivia,1963,2.102
Bolivia,1964,2.123
Bolivia,1965,2.146
Bolivia,1966,2.174
Bolivia,1967,2.207
Bolivia,1968,2.233
Bolivia,1969,2.241
Bolivia,1970,2.244
Bolivia,1971,2.251
Bolivia,1972,2.241
Bolivia,1973,2.258
Bolivia,1974,2.264
Bolivia,1975,2.266
Bolivia,1976,2.311
Bolivia,1977,2.303
Bolivia,1978,2.29
Bolivia,1979,2.263
Bolivia,1980,2.235
Bolivia,1981,2.203
Bolivia,1982,2.164
Bolivia,1983,2.142
Bolivia,1984,2.132
Bolivia,1985,2.1
Bolivia,1986,2.104
Bolivia,1987,2.114
Bolivia,1988,2.124
Bolivia,1989,2.11
Bolivia,1990,2.096
Bolivia,1991,2.072
Bolivia,1992,2.008
Bolivia,1993,1.959
Bolivia,1994,1.912
Bolivia,1995,1.866
Bolivia,1996,1.835
Bolivia,1997,1.777
Bolivia,1998,1.754
Bolivia,1999,1.738
Bolivia,2000,1.697
Bolivia,2001,1.677
Bolivia,2002,1.668
Bolivia,2003,1.682
Bolivia,2004,1.684
Bolivia,2005,1.688
Bolivia,2006,1.721
Bolivia,2007,1.7
Bolivia,2008,1.677
Bolivia,2009,1.654
Bolivia,2010,1.635
Bolivia,2011,1.611
Bolivia,2012,1.588
Bolivia,2013,1.559
Bolivia,2014,1.53
Bolivia,2015,1.504
Bolivia,2016,1.476
Bolivia,2017,1.447
Bolivia,2018,1.42
Bolivia,2019,1.393
Bolivia,2020,1.077
Bolivia,2021,0.963
Bolivia,2022,1.364
Bolivia,2023,1.383
Bolivia,2024,1.361
Bolivia,2025,1.336
Bolivia,2026,1.309
Bolivia,2027,1.284
Bolivia,2028,1.254
Bolivia,2029,1.227
Bolivia,2030,1.201
Bolivia,2031,1.171
Bolivia,2032,1.143
Bolivia,2033,1.113
Bolivia,2034,1.087
Bolivia,2035,1.057
Bolivia,2036,1.026
Bolivia,2037,0.998
Bolivia,2038,0.972
Bolivia,2039,0.941
Bolivia,2040,0.912
Bolivia,2041,0.886
Bolivia,2042,0.859
Bolivia,2043,0.832
Bolivia,2044,0.805
Bolivia,2045,0.779
Bolivia,2046,0.753
Bolivia,2047,0.728
Bolivia,2048,0.706
Bolivia,2049,0.681
Bolivia,2050,0.656
Bolivia,2051,0.632
Bolivia,2052,0.608
Bolivia,2053,0.584
Bolivia,2054,0.564
Bolivia,2055,0.539
Bolivia,2056,0.519
Bolivia,2057,0.497
Bolivia,2058,0.476
Bolivia,2059,0.455
Bolivia,2060,0.434
Bolivia,2061,0.415
Bolivia,2062,0.395
Bolivia,2063,0.376
Bolivia,2064,0.358
Bolivia,2065,0.336
Bolivia,2066,0.319
Bolivia,2067,0.299
Bolivia,2068,0.277
Bolivia,2069,0.259
Bolivia,2070,0.24
Bolivia,2071,0.224
Bolivia,2072,0.207
Bolivia,2073,0.188
Bolivia,2074,0.174
Bolivia,2075,0.158
Bolivia,2076,0.14
Bolivia,2077,0.121
Bolivia,2078,0.104
Bolivia,2079,0.09
Bolivia,2080,0.076
Bolivia,2081,0.063
Bolivia,2082,0.05
Bolivia,2083,0.038
Bolivia,2084,0.027
Bolivia,2085,0.015
Bolivia,2086,0.005
Bolivia,2087,-0.006
Bolivia,2088,-0.013
Bolivia,2089,-0.023
Bolivia,2090,-0.032
Bolivia,2091,-0.043
Bolivia,2092,-0.051
Bolivia,2093,-0.058
Bolivia,2094,-0.065
Bolivia,2095,-0.076
Bolivia,2096,-0.086
Bolivia,2097,-0.096
Bolivia,2098,-0.106
Bolivia,2099,-0.115
Bolivia,2100,-0.125
Bonaire Sint Eustatius and Saba,1950,0.186
Bonaire Sint Eustatius and Saba,1951,0.797
Bonaire Sint Eustatius and Saba,1952,1.63
Bonaire Sint Eustatius and Saba,1953,1.522
Bonaire Sint Eustatius and Saba,1954,4.247
Bonaire Sint Eustatius and Saba,1955,0.079
Bonaire Sint Eustatius and Saba,1956,0.197
Bonaire Sint Eustatius and Saba,1957,0.38
Bonaire Sint Eustatius and Saba,1958,0.716
Bonaire Sint Eustatius and Saba,1959,0.892
Bonaire Sint Eustatius and Saba,1960,1.557
Bonaire Sint Eustatius and Saba,1961,1.671
Bonaire Sint Eustatius and Saba,1962,1.839
Bonaire Sint Eustatius and Saba,1963,2.094
Bonaire Sint Eustatius and Saba,1964,2.39
Bonaire Sint Eustatius and Saba,1965,2.392
Bonaire Sint Eustatius and Saba,1966,2.57
Bonaire Sint Eustatius and Saba,1967,2.635
Bonaire Sint Eustatius and Saba,1968,2.642
Bonaire Sint Eustatius and Saba,1969,2.738
Bonaire Sint Eustatius and Saba,1970,2.615
Bonaire Sint Eustatius and Saba,1971,2.539
Bonaire Sint Eustatius and Saba,1972,2.037
Bonaire Sint Eustatius and Saba,1973,1.414
Bonaire Sint Eustatius and Saba,1974,1.487
Bonaire Sint Eustatius and Saba,1975,1.548
Bonaire Sint Eustatius and Saba,1976,1.659
Bonaire Sint Eustatius and Saba,1977,1.747
Bonaire Sint Eustatius and Saba,1978,1.639
Bonaire Sint Eustatius and Saba,1979,1.587
Bonaire Sint Eustatius and Saba,1980,1.57
Bonaire Sint Eustatius and Saba,1981,1.047
Bonaire Sint Eustatius and Saba,1982,0.855
Bonaire Sint Eustatius and Saba,1983,0.847
Bonaire Sint Eustatius and Saba,1984,0.889
Bonaire Sint Eustatius and Saba,1985,0.881
Bonaire Sint Eustatius and Saba,1986,0.802
Bonaire Sint Eustatius and Saba,1987,0.859
Bonaire Sint Eustatius and Saba,1988,0.922
Bonaire Sint Eustatius and Saba,1989,0.937
Bonaire Sint Eustatius and Saba,1990,0.951
Bonaire Sint Eustatius and Saba,1991,0.889
Bonaire Sint Eustatius and Saba,1992,0.858
Bonaire Sint Eustatius and Saba,1993,0.791
Bonaire Sint Eustatius and Saba,1994,0.889
Bonaire Sint Eustatius and Saba,1995,0.962
Bonaire Sint Eustatius and Saba,1996,1.033
Bonaire Sint Eustatius and Saba,1997,1.059
Bonaire Sint Eustatius and Saba,1998,1.062
Bonaire Sint Eustatius and Saba,1999,1.023
Bonaire Sint Eustatius and Saba,2000,1.124
Bonaire Sint Eustatius and Saba,2001,2.607
Bonaire Sint Eustatius and Saba,2002,4.186
Bonaire Sint Eustatius and Saba,2003,4.143
Bonaire Sint Eustatius and Saba,2004,4.129
Bonaire Sint Eustatius and Saba,2005,4.011
Bonaire Sint Eustatius and Saba,2006,4.001
Bonaire Sint Eustatius and Saba,2007,3.873
Bonaire Sint Eustatius and Saba,2008,3.755
Bonaire Sint Eustatius and Saba,2009,3.698
Bonaire Sint Eustatius and Saba,2010,3.585
Bonaire Sint Eustatius and Saba,2011,6.462
Bonaire Sint Eustatius and Saba,2012,4.361
Bonaire Sint Eustatius and Saba,2013,4.133
Bonaire Sint Eustatius and Saba,2014,1.324
Bonaire Sint Eustatius and Saba,2015,-0.138
Bonaire Sint Eustatius and Saba,2016,-0.407
Bonaire Sint Eustatius and Saba,2017,2.448
Bonaire Sint Eustatius and Saba,2018,0.433
Bonaire Sint Eustatius and Saba,2019,3.247
Bonaire Sint Eustatius and Saba,2020,3.115
Bonaire Sint Eustatius and Saba,2021,3.353
Bonaire Sint Eustatius and Saba,2022,5.912
Bonaire Sint Eustatius and Saba,2023,2.846
Bonaire Sint Eustatius and Saba,2024,2.292
Bonaire Sint Eustatius and Saba,2025,1.988
Bonaire Sint Eustatius and Saba,2026,1.648
Bonaire Sint Eustatius and Saba,2027,1.499
Bonaire Sint Eustatius and Saba,2028,1.205
Bonaire Sint Eustatius and Saba,2029,0.942
Bonaire Sint Eustatius and Saba,2030,0.83
Bonaire Sint Eustatius and Saba,2031,0.661
Bonaire Sint Eustatius and Saba,2032,0.627
Bonaire Sint Eustatius and Saba,2033,0.53
Bonaire Sint Eustatius and Saba,2034,0.414
Bonaire Sint Eustatius and Saba,2035,0.302
Bonaire Sint Eustatius and Saba,2036,0.211
Bonaire Sint Eustatius and Saba,2037,0.22
Bonaire Sint Eustatius and Saba,2038,0.187
Bonaire Sint Eustatius and Saba,2039,0.141
Bonaire Sint Eustatius and Saba,2040,0.181
Bonaire Sint Eustatius and Saba,2041,0.086
Bonaire Sint Eustatius and Saba,2042,0.109
Bonaire Sint Eustatius and Saba,2043,0.029
Bonaire Sint Eustatius and Saba,2044,0.014
Bonaire Sint Eustatius and Saba,2045,0.037
Bonaire Sint Eustatius and Saba,2046,-0.069
Bonaire Sint Eustatius and Saba,2047,-0.112
Bonaire Sint Eustatius and Saba,2048,-0.112
Bonaire Sint Eustatius and Saba,2049,-0.193
Bonaire Sint Eustatius and Saba,2050,-0.13
Bonaire Sint Eustatius and Saba,2051,-0.225
Bonaire Sint Eustatius and Saba,2052,-0.168
Bonaire Sint Eustatius and Saba,2053,-0.208
Bonaire Sint Eustatius and Saba,2054,-0.284
Bonaire Sint Eustatius and Saba,2055,-0.294
Bonaire Sint Eustatius and Saba,2056,-0.187
Bonaire Sint Eustatius and Saba,2057,-0.196
Bonaire Sint Eustatius and Saba,2058,-0.22
Bonaire Sint Eustatius and Saba,2059,-0.194
Bonaire Sint Eustatius and Saba,2060,-0.209
Bonaire Sint Eustatius and Saba,2061,-0.262
Bonaire Sint Eustatius and Saba,2062,-0.408
Bonaire Sint Eustatius and Saba,2063,-0.35
Bonaire Sint Eustatius and Saba,2064,-0.322
Bonaire Sint Eustatius and Saba,2065,-0.302
Bonaire Sint Eustatius and Saba,2066,-0.342
Bonaire Sint Eustatius and Saba,2067,-0.355
Bonaire Sint Eustatius and Saba,2068,-0.353
Bonaire Sint Eustatius and Saba,2069,-0.379
Bonaire Sint Eustatius and Saba,2070,-0.328
Bonaire Sint Eustatius and Saba,2071,-0.415
Bonaire Sint Eustatius and Saba,2072,-0.371
Bonaire Sint Eustatius and Saba,2073,-0.421
Bonaire Sint Eustatius and Saba,2074,-0.457
Bonaire Sint Eustatius and Saba,2075,-0.49
Bonaire Sint Eustatius and Saba,2076,-0.499
Bonaire Sint Eustatius and Saba,2077,-0.524
Bonaire Sint Eustatius and Saba,2078,-0.574
Bonaire Sint Eustatius and Saba,2079,-0.466
Bonaire Sint Eustatius and Saba,2080,-0.589
Bonaire Sint Eustatius and Saba,2081,-0.587
Bonaire Sint Eustatius and Saba,2082,-0.554
Bonaire Sint Eustatius and Saba,2083,-0.6
Bonaire Sint Eustatius and Saba,2084,-0.613
Bonaire Sint Eustatius and Saba,2085,-0.577
Bonaire Sint Eustatius and Saba,2086,-0.594
Bonaire Sint Eustatius and Saba,2087,-0.568
Bonaire Sint Eustatius and Saba,2088,-0.574
Bonaire Sint Eustatius and Saba,2089,-0.615
Bonaire Sint Eustatius and Saba,2090,-0.605
Bonaire Sint Eustatius and Saba,2091,-0.581
Bonaire Sint Eustatius and Saba,2092,-0.523
Bonaire Sint Eustatius and Saba,2093,-0.543
Bonaire Sint Eustatius and Saba,2094,-0.612
Bonaire Sint Eustatius and Saba,2095,-0.612
Bonaire Sint Eustatius and Saba,2096,-0.612
Bonaire Sint Eustatius and Saba,2097,-0.662
Bonaire Sint Eustatius and Saba,2098,-0.666
Bonaire Sint Eustatius and Saba,2099,-0.603
Bonaire Sint Eustatius and Saba,2100,-0.639
Bosnia and Herzegovina,1950,1.454
Bosnia and Herzegovina,1951,1.485
Bosnia and Herzegovina,1952,1.742
Bosnia and Herzegovina,1953,2.147
Bosnia and Herzegovina,1954,2.117
Bosnia and Herzegovina,1955,2.126
Bosnia and Herzegovina,1956,2.122
Bosnia and Herzegovina,1957,2.103
Bosnia and Herzegovina,1958,2.105
Bosnia and Herzegovina,1959,2.106
Bosnia and Herzegovina,1960,2.144
Bosnia and Herzegovina,1961,1.88
Bosnia and Herzegovina,1962,1.645
Bosnia and Herzegovina,1963,1.524
Bosnia and Herzegovina,1964,1.43
Bosnia and Herzegovina,1965,1.363
Bosnia and Herzegovina,1966,1.299
Bosnia and Herzegovina,1967,1.215
Bosnia and Herzegovina,1968,1.101
Bosnia and Herzegovina,1969,0.996
Bosnia and Herzegovina,1970,0.894
Bosnia and Herzegovina,1971,1.011
Bosnia and Herzegovina,1972,1.02
Bosnia and Herzegovina,1973,1.002
Bosnia and Herzegovina,1974,1
Bosnia and Herzegovina,1975,0.991
Bosnia and Herzegovina,1976,0.957
Bosnia and Herzegovina,1977,0.911
Bosnia and Herzegovina,1978,0.868
Bosnia and Herzegovina,1979,0.844
Bosnia and Herzegovina,1980,0.857
Bosnia and Herzegovina,1981,0.861
Bosnia and Herzegovina,1982,0.894
Bosnia and Herzegovina,1983,0.881
Bosnia and Herzegovina,1984,0.84
Bosnia and Herzegovina,1985,0.775
Bosnia and Herzegovina,1986,0.686
Bosnia and Herzegovina,1987,0.6
Bosnia and Herzegovina,1988,0.498
Bosnia and Herzegovina,1989,0.387
Bosnia and Herzegovina,1990,0.274
Bosnia and Herzegovina,1991,0.162
Bosnia and Herzegovina,1992,-10.747
Bosnia and Herzegovina,1993,-5.267
Bosnia and Herzegovina,1994,-4.095
Bosnia and Herzegovina,1995,3.576
Bosnia and Herzegovina,1996,4.814
Bosnia and Herzegovina,1997,2.475
Bosnia and Herzegovina,1998,1.047
Bosnia and Herzegovina,1999,0.946
Bosnia and Herzegovina,2000,0.477
Bosnia and Herzegovina,2001,0.466
Bosnia and Herzegovina,2002,-0.056
Bosnia and Herzegovina,2003,-0.398
Bosnia and Herzegovina,2004,-1.412
Bosnia and Herzegovina,2005,-0.745
Bosnia and Herzegovina,2006,-0.884
Bosnia and Herzegovina,2007,-1.589
Bosnia and Herzegovina,2008,-1.722
Bosnia and Herzegovina,2009,-1.74
Bosnia and Herzegovina,2010,-1.813
Bosnia and Herzegovina,2011,-1.877
Bosnia and Herzegovina,2012,-1.993
Bosnia and Herzegovina,2013,-1.257
Bosnia and Herzegovina,2014,-1.31
Bosnia and Herzegovina,2015,-1.304
Bosnia and Herzegovina,2016,-1.301
Bosnia and Herzegovina,2017,-1.267
Bosnia and Herzegovina,2018,-1.178
Bosnia and Herzegovina,2019,-1.286
Bosnia and Herzegovina,2020,-1.496
Bosnia and Herzegovina,2021,-1.835
Bosnia and Herzegovina,2022,-0.645
Bosnia and Herzegovina,2023,-0.59
Bosnia and Herzegovina,2024,-0.722
Bosnia and Herzegovina,2025,-0.811
Bosnia and Herzegovina,2026,-0.843
Bosnia and Herzegovina,2027,-0.844
Bosnia and Herzegovina,2028,-0.825
Bosnia and Herzegovina,2029,-0.786
Bosnia and Herzegovina,2030,-0.794
Bosnia and Herzegovina,2031,-0.796
Bosnia and Herzegovina,2032,-0.906
Bosnia and Herzegovina,2033,-0.92
Bosnia and Herzegovina,2034,-1.001
Bosnia and Herzegovina,2035,-0.949
Bosnia and Herzegovina,2036,-0.941
Bosnia and Herzegovina,2037,-0.941
Bosnia and Herzegovina,2038,-0.945
Bosnia and Herzegovina,2039,-1.021
Bosnia and Herzegovina,2040,-1.066
Bosnia and Herzegovina,2041,-1.117
Bosnia and Herzegovina,2042,-1.067
Bosnia and Herzegovina,2043,-1.085
Bosnia and Herzegovina,2044,-1.079
Bosnia and Herzegovina,2045,-1.101
Bosnia and Herzegovina,2046,-1.143
Bosnia and Herzegovina,2047,-1.158
Bosnia and Herzegovina,2048,-1.116
Bosnia and Herzegovina,2049,-1.186
Bosnia and Herzegovina,2050,-1.152
Bosnia and Herzegovina,2051,-1.215
Bosnia and Herzegovina,2052,-1.161
Bosnia and Herzegovina,2053,-1.205
Bosnia and Herzegovina,2054,-1.183
Bosnia and Herzegovina,2055,-1.294
Bosnia and Herzegovina,2056,-1.307
Bosnia and Herzegovina,2057,-1.252
Bosnia and Herzegovina,2058,-1.233
Bosnia and Herzegovina,2059,-1.232
Bosnia and Herzegovina,2060,-1.259
Bosnia and Herzegovina,2061,-1.24
Bosnia and Herzegovina,2062,-1.216
Bosnia and Herzegovina,2063,-1.237
Bosnia and Herzegovina,2064,-1.26
Bosnia and Herzegovina,2065,-1.294
Bosnia and Herzegovina,2066,-1.27
Bosnia and Herzegovina,2067,-1.293
Bosnia and Herzegovina,2068,-1.213
Bosnia and Herzegovina,2069,-1.224
Bosnia and Herzegovina,2070,-1.258
Bosnia and Herzegovina,2071,-1.227
Bosnia and Herzegovina,2072,-1.217
Bosnia and Herzegovina,2073,-1.203
Bosnia and Herzegovina,2074,-1.234
Bosnia and Herzegovina,2075,-1.25
Bosnia and Herzegovina,2076,-1.214
Bosnia and Herzegovina,2077,-1.192
Bosnia and Herzegovina,2078,-1.19
Bosnia and Herzegovina,2079,-1.178
Bosnia and Herzegovina,2080,-1.174
Bosnia and Herzegovina,2081,-1.145
Bosnia and Herzegovina,2082,-1.144
Bosnia and Herzegovina,2083,-1.159
Bosnia and Herzegovina,2084,-1.137
Bosnia and Herzegovina,2085,-1.093
Bosnia and Herzegovina,2086,-1.095
Bosnia and Herzegovina,2087,-1.057
Bosnia and Herzegovina,2088,-1.071
Bosnia and Herzegovina,2089,-1.065
Bosnia and Herzegovina,2090,-1.03
Bosnia and Herzegovina,2091,-1.02
Bosnia and Herzegovina,2092,-1.042
Bosnia and Herzegovina,2093,-1.073
Bosnia and Herzegovina,2094,-1.051
Bosnia and Herzegovina,2095,-1.063
Bosnia and Herzegovina,2096,-1.103
Bosnia and Herzegovina,2097,-1.136
Bosnia and Herzegovina,2098,-1.061
Bosnia and Herzegovina,2099,-1.029
Bosnia and Herzegovina,2100,-1.046
Botswana,1950,2.353
Botswana,1951,2.357
Botswana,1952,2.381
Botswana,1953,2.297
Botswana,1954,2.19
Botswana,1955,2.118
Botswana,1956,2.087
Botswana,1957,2.093
Botswana,1958,2.127
Botswana,1959,2.186
Botswana,1960,2.236
Botswana,1961,2.276
Botswana,1962,2.309
Botswana,1963,2.368
Botswana,1964,2.386
Botswana,1965,0.572
Botswana,1966,0.539
Botswana,1967,0.519
Botswana,1968,0.522
Botswana,1969,0.537
Botswana,1970,0.573
Botswana,1971,2.816
Botswana,1972,4.329
Botswana,1973,5.068
Botswana,1974,4.818
Botswana,1975,5.116
Botswana,1976,5.197
Botswana,1977,5.344
Botswana,1978,6.668
Botswana,1979,5.368
Botswana,1980,2.463
Botswana,1981,4.324
Botswana,1982,3.628
Botswana,1983,3.549
Botswana,1984,3.5
Botswana,1985,3.445
Botswana,1986,3.34
Botswana,1987,3.192
Botswana,1988,2.78
Botswana,1989,2.775
Botswana,1990,2.727
Botswana,1991,2.722
Botswana,1992,2.901
Botswana,1993,2.826
Botswana,1994,2.718
Botswana,1995,2.532
Botswana,1996,2.358
Botswana,1997,2.249
Botswana,1998,2.182
Botswana,1999,2.139
Botswana,2000,2.125
Botswana,2001,1.991
Botswana,2002,1.772
Botswana,2003,1.747
Botswana,2004,1.759
Botswana,2005,1.83
Botswana,2006,1.9
Botswana,2007,1.976
Botswana,2008,2.04
Botswana,2009,2.091
Botswana,2010,2.127
Botswana,2011,1.813
Botswana,2012,1.544
Botswana,2013,1.475
Botswana,2014,1.434
Botswana,2015,1.421
Botswana,2016,1.419
Botswana,2017,1.422
Botswana,2018,1.416
Botswana,2019,1.43
Botswana,2020,1.449
Botswana,2021,1.533
Botswana,2022,1.643
Botswana,2023,1.638
Botswana,2024,1.633
Botswana,2025,1.592
Botswana,2026,1.603
Botswana,2027,1.542
Botswana,2028,1.533
Botswana,2029,1.457
Botswana,2030,1.448
Botswana,2031,1.359
Botswana,2032,1.35
Botswana,2033,1.288
Botswana,2034,1.264
Botswana,2035,1.218
Botswana,2036,1.185
Botswana,2037,1.148
Botswana,2038,1.107
Botswana,2039,1.093
Botswana,2040,1.046
Botswana,2041,1.021
Botswana,2042,0.984
Botswana,2043,0.986
Botswana,2044,0.956
Botswana,2045,0.958
Botswana,2046,0.963
Botswana,2047,0.927
Botswana,2048,0.893
Botswana,2049,0.855
Botswana,2050,0.82
Botswana,2051,0.801
Botswana,2052,0.789
Botswana,2053,0.745
Botswana,2054,0.696
Botswana,2055,0.689
Botswana,2056,0.653
Botswana,2057,0.659
Botswana,2058,0.633
Botswana,2059,0.553
Botswana,2060,0.542
Botswana,2061,0.519
Botswana,2062,0.466
Botswana,2063,0.418
Botswana,2064,0.404
Botswana,2065,0.382
Botswana,2066,0.331
Botswana,2067,0.326
Botswana,2068,0.273
Botswana,2069,0.258
Botswana,2070,0.194
Botswana,2071,0.18
Botswana,2072,0.196
Botswana,2073,0.15
Botswana,2074,0.145
Botswana,2075,0.15
Botswana,2076,0.144
Botswana,2077,0.121
Botswana,2078,0.116
Botswana,2079,0.074
Botswana,2080,0.045
Botswana,2081,0.025
Botswana,2082,0.049
Botswana,2083,0.037
Botswana,2084,0.036
Botswana,2085,0.013
Botswana,2086,0.013
Botswana,2087,0.017
Botswana,2088,-0.004
Botswana,2089,-0.016
Botswana,2090,-0.072
Botswana,2091,-0.113
Botswana,2092,-0.101
Botswana,2093,-0.104
Botswana,2094,-0.109
Botswana,2095,-0.111
Botswana,2096,-0.126
Botswana,2097,-0.137
Botswana,2098,-0.156
Botswana,2099,-0.132
Botswana,2100,-0.16
Brazil,1950,2.952
Brazil,1951,2.989
Brazil,1952,3.012
Brazil,1953,3.029
Brazil,1954,3.043
Brazil,1955,3.059
Brazil,1956,3.07
Brazil,1957,3.074
Brazil,1958,3.072
Brazil,1959,3.066
Brazil,1960,3.032
Brazil,1961,3.003
Brazil,1962,2.966
Brazil,1963,2.929
Brazil,1964,2.86
Brazil,1965,2.777
Brazil,1966,2.689
Brazil,1967,2.598
Brazil,1968,2.527
Brazil,1969,2.49
Brazil,1970,2.457
Brazil,1971,2.439
Brazil,1972,2.428
Brazil,1973,2.415
Brazil,1974,2.379
Brazil,1975,2.378
Brazil,1976,2.385
Brazil,1977,2.388
Brazil,1978,2.384
Brazil,1979,2.369
Brazil,1980,2.351
Brazil,1981,2.307
Brazil,1982,2.252
Brazil,1983,2.216
Brazil,1984,2.157
Brazil,1985,2.105
Brazil,1986,2.017
Brazil,1987,1.947
Brazil,1988,1.874
Brazil,1989,1.814
Brazil,1990,1.758
Brazil,1991,1.674
Brazil,1992,1.661
Brazil,1993,1.58
Brazil,1994,1.547
Brazil,1995,1.531
Brazil,1996,1.497
Brazil,1997,1.476
Brazil,1998,1.5
Brazil,1999,1.414
Brazil,2000,1.337
Brazil,2001,1.27
Brazil,2002,1.213
Brazil,2003,1.148
Brazil,2004,1.112
Brazil,2005,1.08
Brazil,2006,1.037
Brazil,2007,0.988
Brazil,2008,0.928
Brazil,2009,0.863
Brazil,2010,0.819
Brazil,2011,0.809
Brazil,2012,0.814
Brazil,2013,0.807
Brazil,2014,0.806
Brazil,2015,0.778
Brazil,2016,0.746
Brazil,2017,0.71
Brazil,2018,0.657
Brazil,2019,0.647
Brazil,2020,0.512
Brazil,2021,0.339
Brazil,2022,0.381
Brazil,2023,0.411
Brazil,2024,0.4
Brazil,2025,0.366
Brazil,2026,0.338
Brazil,2027,0.315
Brazil,2028,0.291
Brazil,2029,0.27
Brazil,2030,0.248
Brazil,2031,0.226
Brazil,2032,0.206
Brazil,2033,0.185
Brazil,2034,0.166
Brazil,2035,0.145
Brazil,2036,0.126
Brazil,2037,0.105
Brazil,2038,0.085
Brazil,2039,0.063
Brazil,2040,0.045
Brazil,2041,0.019
Brazil,2042,-0.007
Brazil,2043,-0.032
Brazil,2044,-0.057
Brazil,2045,-0.083
Brazil,2046,-0.105
Brazil,2047,-0.129
Brazil,2048,-0.152
Brazil,2049,-0.178
Brazil,2050,-0.197
Brazil,2051,-0.216
Brazil,2052,-0.239
Brazil,2053,-0.261
Brazil,2054,-0.282
Brazil,2055,-0.302
Brazil,2056,-0.321
Brazil,2057,-0.343
Brazil,2058,-0.362
Brazil,2059,-0.384
Brazil,2060,-0.403
Brazil,2061,-0.422
Brazil,2062,-0.442
Brazil,2063,-0.461
Brazil,2064,-0.476
Brazil,2065,-0.495
Brazil,2066,-0.512
Brazil,2067,-0.527
Brazil,2068,-0.545
Brazil,2069,-0.559
Brazil,2070,-0.573
Brazil,2071,-0.588
Brazil,2072,-0.601
Brazil,2073,-0.614
Brazil,2074,-0.624
Brazil,2075,-0.633
Brazil,2076,-0.643
Brazil,2077,-0.653
Brazil,2078,-0.662
Brazil,2079,-0.67
Brazil,2080,-0.678
Brazil,2081,-0.687
Brazil,2082,-0.692
Brazil,2083,-0.695
Brazil,2084,-0.699
Brazil,2085,-0.704
Brazil,2086,-0.71
Brazil,2087,-0.714
Brazil,2088,-0.718
Brazil,2089,-0.719
Brazil,2090,-0.725
Brazil,2091,-0.726
Brazil,2092,-0.73
Brazil,2093,-0.729
Brazil,2094,-0.734
Brazil,2095,-0.735
Brazil,2096,-0.736
Brazil,2097,-0.737
Brazil,2098,-0.735
Brazil,2099,-0.734
Brazil,2100,-0.737
British Virgin Islands,1950,0.665
British Virgin Islands,1951,-0.081
British Virgin Islands,1952,-0.257
British Virgin Islands,1953,0.541
British Virgin Islands,1954,0.913
British Virgin Islands,1955,0.414
British Virgin Islands,1956,0.65
British Virgin Islands,1957,0.843
British Virgin Islands,1958,1.575
British Virgin Islands,1959,1.779
British Virgin Islands,1960,1.698
British Virgin Islands,1961,0.411
British Virgin Islands,1962,0.471
British Virgin Islands,1963,0.604
British Virgin Islands,1964,0.747
British Virgin Islands,1965,1.405
British Virgin Islands,1966,2.33
British Virgin Islands,1967,3.134
British Virgin Islands,1968,4.845
British Virgin Islands,1969,6.611
British Virgin Islands,1970,1.712
British Virgin Islands,1971,1.526
British Virgin Islands,1972,1.221
British Virgin Islands,1973,1.36
British Virgin Islands,1974,1.067
British Virgin Islands,1975,1.056
British Virgin Islands,1976,0.878
British Virgin Islands,1977,0.806
British Virgin Islands,1978,0.781
British Virgin Islands,1979,0.675
British Virgin Islands,1980,2.291
British Virgin Islands,1981,3.86
British Virgin Islands,1982,3.708
British Virgin Islands,1983,3.679
British Virgin Islands,1984,3.479
British Virgin Islands,1985,3.407
British Virgin Islands,1986,3.359
British Virgin Islands,1987,3.361
British Virgin Islands,1988,3.359
British Virgin Islands,1989,3.347
British Virgin Islands,1990,3.445
British Virgin Islands,1991,2.62
British Virgin Islands,1992,2.344
British Virgin Islands,1993,2.372
British Virgin Islands,1994,2.471
British Virgin Islands,1995,2.45
British Virgin Islands,1996,2.499
British Virgin Islands,1997,2.565
British Virgin Islands,1998,2.516
British Virgin Islands,1999,2.539
British Virgin Islands,2000,2.574
British Virgin Islands,2001,2.828
British Virgin Islands,2002,3.169
British Virgin Islands,2003,3.294
British Virgin Islands,2004,3.344
British Virgin Islands,2005,3.398
British Virgin Islands,2006,3.479
British Virgin Islands,2007,3.521
British Virgin Islands,2008,3.622
British Virgin Islands,2009,3.333
British Virgin Islands,2010,0.033
British Virgin Islands,2011,7.178
British Virgin Islands,2012,3.988
British Virgin Islands,2013,4.754
British Virgin Islands,2014,3.064
British Virgin Islands,2015,5.976
British Virgin Islands,2016,-9.749
British Virgin Islands,2017,2.881
British Virgin Islands,2018,8.587
British Virgin Islands,2019,1.377
British Virgin Islands,2020,2.637
British Virgin Islands,2021,0.981
British Virgin Islands,2022,1.691
British Virgin Islands,2023,1.755
British Virgin Islands,2024,0.73
British Virgin Islands,2025,0.589
British Virgin Islands,2026,0.436
British Virgin Islands,2027,0.434
British Virgin Islands,2028,0.454
British Virgin Islands,2029,0.349
British Virgin Islands,2030,0.347
British Virgin Islands,2031,0.221
British Virgin Islands,2032,0.279
British Virgin Islands,2033,0.213
British Virgin Islands,2034,0.207
British Virgin Islands,2035,0.166
British Virgin Islands,2036,0.214
British Virgin Islands,2037,-0.097
British Virgin Islands,2038,0.134
British Virgin Islands,2039,-0.002
British Virgin Islands,2040,-0.036
British Virgin Islands,2041,0.012
British Virgin Islands,2042,-0.121
British Virgin Islands,2043,-0.119
British Virgin Islands,2044,-0.202
British Virgin Islands,2045,-0.222
British Virgin Islands,2046,-0.254
British Virgin Islands,2047,-0.297
British Virgin Islands,2048,-0.246
British Virgin Islands,2049,-0.412
British Virgin Islands,2050,-0.461
British Virgin Islands,2051,-0.403
British Virgin Islands,2052,-0.275
British Virgin Islands,2053,-0.391
British Virgin Islands,2054,-0.498
British Virgin Islands,2055,-0.519
British Virgin Islands,2056,-0.634
British Virgin Islands,2057,-0.576
British Virgin Islands,2058,-0.587
British Virgin Islands,2059,-0.596
British Virgin Islands,2060,-0.738
British Virgin Islands,2061,-0.722
British Virgin Islands,2062,-0.815
British Virgin Islands,2063,-0.868
British Virgin Islands,2064,-0.665
British Virgin Islands,2065,-0.767
British Virgin Islands,2066,-0.858
British Virgin Islands,2067,-0.84
British Virgin Islands,2068,-0.817
British Virgin Islands,2069,-0.832
British Virgin Islands,2070,-0.833
British Virgin Islands,2071,-0.915
British Virgin Islands,2072,-0.929
British Virgin Islands,2073,-0.865
British Virgin Islands,2074,-1.022
British Virgin Islands,2075,-0.905
British Virgin Islands,2076,-0.799
British Virgin Islands,2077,-0.703
British Virgin Islands,2078,-0.83
British Virgin Islands,2079,-0.874
British Virgin Islands,2080,-0.795
British Virgin Islands,2081,-0.838
British Virgin Islands,2082,-0.811
British Virgin Islands,2083,-0.821
British Virgin Islands,2084,-0.866
British Virgin Islands,2085,-0.889
British Virgin Islands,2086,-0.819
British Virgin Islands,2087,-0.751
British Virgin Islands,2088,-0.773
British Virgin Islands,2089,-0.736
British Virgin Islands,2090,-0.584
British Virgin Islands,2091,-0.607
British Virgin Islands,2092,-0.747
British Virgin Islands,2093,-0.773
British Virgin Islands,2094,-0.765
British Virgin Islands,2095,-0.712
British Virgin Islands,2096,-0.598
British Virgin Islands,2097,-0.83
British Virgin Islands,2098,-0.802
British Virgin Islands,2099,-0.694
British Virgin Islands,2100,-0.782
Brunei,1950,5.959
Brunei,1951,5.682
Brunei,1952,5.862
Brunei,1953,6.036
Brunei,1954,6.256
Brunei,1955,6.405
Brunei,1956,6.473
Brunei,1957,6.383
Brunei,1958,6.188
Brunei,1959,5.791
Brunei,1960,4.704
Brunei,1961,4.526
Brunei,1962,4.36
Brunei,1963,4.612
Brunei,1964,4.589
Brunei,1965,4.487
Brunei,1966,4.401
Brunei,1967,4.287
Brunei,1968,4.139
Brunei,1969,3.974
Brunei,1970,1.601
Brunei,1971,2.467
Brunei,1972,3.611
Brunei,1973,3.547
Brunei,1974,3.502
Brunei,1975,3.468
Brunei,1976,3.418
Brunei,1977,3.397
Brunei,1978,3.125
Brunei,1979,3.111
Brunei,1980,3.098
Brunei,1981,3.108
Brunei,1982,3.234
Brunei,1983,3.294
Brunei,1984,3.352
Brunei,1985,3.391
Brunei,1986,3.412
Brunei,1987,2.994
Brunei,1988,2.949
Brunei,1989,2.902
Brunei,1990,2.844
Brunei,1991,2.799
Brunei,1992,2.645
Brunei,1993,2.573
Brunei,1994,2.504
Brunei,1995,2.437
Brunei,1996,2.369
Brunei,1997,2.315
Brunei,1998,2.248
Brunei,1999,2.201
Brunei,2000,2.143
Brunei,2001,2.054
Brunei,2002,1.958
Brunei,2003,1.851
Brunei,2004,1.737
Brunei,2005,1.638
Brunei,2006,1.54
Brunei,2007,1.835
Brunei,2008,1.862
Brunei,2009,1.892
Brunei,2010,1.906
Brunei,2011,1.662
Brunei,2012,1.405
Brunei,2013,1.36
Brunei,2014,1.321
Brunei,2015,1.283
Brunei,2016,1.237
Brunei,2017,1.185
Brunei,2018,1.13
Brunei,2019,1.083
Brunei,2020,1.04
Brunei,2021,0.881
Brunei,2022,0.728
Brunei,2023,0.837
Brunei,2024,0.801
Brunei,2025,0.753
Brunei,2026,0.719
Brunei,2027,0.715
Brunei,2028,0.665
Brunei,2029,0.616
Brunei,2030,0.611
Brunei,2031,0.575
Brunei,2032,0.508
Brunei,2033,0.508
Brunei,2034,0.492
Brunei,2035,0.478
Brunei,2036,0.435
Brunei,2037,0.427
Brunei,2038,0.457
Brunei,2039,0.396
Brunei,2040,0.36
Brunei,2041,0.361
Brunei,2042,0.324
Brunei,2043,0.297
Brunei,2044,0.276
Brunei,2045,0.292
Brunei,2046,0.239
Brunei,2047,0.221
Brunei,2048,0.202
Brunei,2049,0.18
Brunei,2050,0.152
Brunei,2051,0.124
Brunei,2052,0.07
Brunei,2053,0.039
Brunei,2054,0.035
Brunei,2055,-0.002
Brunei,2056,-0.009
Brunei,2057,-0.046
Brunei,2058,-0.064
Brunei,2059,-0.072
Brunei,2060,-0.081
Brunei,2061,-0.099
Brunei,2062,-0.096
Brunei,2063,-0.136
Brunei,2064,-0.161
Brunei,2065,-0.189
Brunei,2066,-0.213
Brunei,2067,-0.256
Brunei,2068,-0.256
Brunei,2069,-0.247
Brunei,2070,-0.231
Brunei,2071,-0.237
Brunei,2072,-0.281
Brunei,2073,-0.301
Brunei,2074,-0.332
Brunei,2075,-0.356
Brunei,2076,-0.3
Brunei,2077,-0.316
Brunei,2078,-0.298
Brunei,2079,-0.315
Brunei,2080,-0.32
Brunei,2081,-0.331
Brunei,2082,-0.339
Brunei,2083,-0.34
Brunei,2084,-0.324
Brunei,2085,-0.334
Brunei,2086,-0.307
Brunei,2087,-0.318
Brunei,2088,-0.337
Brunei,2089,-0.336
Brunei,2090,-0.317
Brunei,2091,-0.307
Brunei,2092,-0.317
Brunei,2093,-0.31
Brunei,2094,-0.316
Brunei,2095,-0.303
Brunei,2096,-0.317
Brunei,2097,-0.3
Brunei,2098,-0.323
Brunei,2099,-0.329
Brunei,2100,-0.318
Bulgaria,1950,1.135
Bulgaria,1951,0.678
Bulgaria,1952,0.618
Bulgaria,1953,0.842
Bulgaria,1954,0.779
Bulgaria,1955,0.751
Bulgaria,1956,0.665
Bulgaria,1957,0.971
Bulgaria,1958,0.989
Bulgaria,1959,0.797
Bulgaria,1960,0.959
Bulgaria,1961,0.95
Bulgaria,1962,0.808
Bulgaria,1963,0.819
Bulgaria,1964,0.818
Bulgaria,1965,0.708
Bulgaria,1966,0.662
Bulgaria,1967,0.602
Bulgaria,1968,0.824
Bulgaria,1969,0.715
Bulgaria,1970,0.598
Bulgaria,1971,0.531
Bulgaria,1972,0.428
Bulgaria,1973,0.615
Bulgaria,1974,0.724
Bulgaria,1975,0.206
Bulgaria,1976,0.624
Bulgaria,1977,0.408
Bulgaria,1978,-0.201
Bulgaria,1979,0.456
Bulgaria,1980,0.326
Bulgaria,1981,0.312
Bulgaria,1982,0.249
Bulgaria,1983,0.213
Bulgaria,1984,0.218
Bulgaria,1985,-0.079
Bulgaria,1986,0.182
Bulgaria,1987,0.102
Bulgaria,1988,0.109
Bulgaria,1989,-1.214
Bulgaria,1990,-1.355
Bulgaria,1991,-1.536
Bulgaria,1992,-1.633
Bulgaria,1993,-0.535
Bulgaria,1994,-0.64
Bulgaria,1995,-0.775
Bulgaria,1996,-0.815
Bulgaria,1997,-0.986
Bulgaria,1998,-0.943
Bulgaria,1999,-0.802
Bulgaria,2000,-0.865
Bulgaria,2001,-0.945
Bulgaria,2002,-0.739
Bulgaria,2003,-0.73
Bulgaria,2004,-0.684
Bulgaria,2005,-0.725
Bulgaria,2006,-0.703
Bulgaria,2007,-0.7
Bulgaria,2008,-0.657
Bulgaria,2009,-0.61
Bulgaria,2010,-0.742
Bulgaria,2011,-0.813
Bulgaria,2012,-0.903
Bulgaria,2013,-0.534
Bulgaria,2014,-0.603
Bulgaria,2015,-0.673
Bulgaria,2016,-0.727
Bulgaria,2017,-0.732
Bulgaria,2018,-0.712
Bulgaria,2019,-0.696
Bulgaria,2020,-0.506
Bulgaria,2021,-1.131
Bulgaria,2022,-0.366
Bulgaria,2023,-0.517
Bulgaria,2024,-0.608
Bulgaria,2025,-0.673
Bulgaria,2026,-0.729
Bulgaria,2027,-0.771
Bulgaria,2028,-0.801
Bulgaria,2029,-0.828
Bulgaria,2030,-0.855
Bulgaria,2031,-0.859
Bulgaria,2032,-0.859
Bulgaria,2033,-0.879
Bulgaria,2034,-0.885
Bulgaria,2035,-0.89
Bulgaria,2036,-0.912
Bulgaria,2037,-0.917
Bulgaria,2038,-0.904
Bulgaria,2039,-0.921
Bulgaria,2040,-0.914
Bulgaria,2041,-0.911
Bulgaria,2042,-0.897
Bulgaria,2043,-0.894
Bulgaria,2044,-0.89
Bulgaria,2045,-0.885
Bulgaria,2046,-0.887
Bulgaria,2047,-0.897
Bulgaria,2048,-0.888
Bulgaria,2049,-0.892
Bulgaria,2050,-0.894
Bulgaria,2051,-0.894
Bulgaria,2052,-0.896
Bulgaria,2053,-0.911
Bulgaria,2054,-0.915
Bulgaria,2055,-0.922
Bulgaria,2056,-0.922
Bulgaria,2057,-0.931
Bulgaria,2058,-0.936
Bulgaria,2059,-0.96
Bulgaria,2060,-0.973
Bulgaria,2061,-0.981
Bulgaria,2062,-0.98
Bulgaria,2063,-0.989
Bulgaria,2064,-0.997
Bulgaria,2065,-1
Bulgaria,2066,-0.998
Bulgaria,2067,-0.991
Bulgaria,2068,-0.978
Bulgaria,2069,-0.974
Bulgaria,2070,-0.974
Bulgaria,2071,-0.959
Bulgaria,2072,-0.948
Bulgaria,2073,-0.943
Bulgaria,2074,-0.938
Bulgaria,2075,-0.905
Bulgaria,2076,-0.887
Bulgaria,2077,-0.879
Bulgaria,2078,-0.859
Bulgaria,2079,-0.853
Bulgaria,2080,-0.836
Bulgaria,2081,-0.795
Bulgaria,2082,-0.786
Bulgaria,2083,-0.764
Bulgaria,2084,-0.757
Bulgaria,2085,-0.739
Bulgaria,2086,-0.722
Bulgaria,2087,-0.706
Bulgaria,2088,-0.688
Bulgaria,2089,-0.684
Bulgaria,2090,-0.675
Bulgaria,2091,-0.675
Bulgaria,2092,-0.68
Bulgaria,2093,-0.682
Bulgaria,2094,-0.688
Bulgaria,2095,-0.687
Bulgaria,2096,-0.706
Bulgaria,2097,-0.708
Bulgaria,2098,-0.711
Bulgaria,2099,-0.722
Bulgaria,2100,-0.733
Burkina Faso,1950,1.076
Burkina Faso,1951,1.154
Burkina Faso,1952,1.178
Burkina Faso,1953,1.173
Burkina Faso,1954,1.223
Burkina Faso,1955,1.262
Burkina Faso,1956,1.3
Burkina Faso,1957,1.33
Burkina Faso,1958,1.3
Burkina Faso,1959,1.416
Burkina Faso,1960,1.44
Burkina Faso,1961,1.452
Burkina Faso,1962,1.474
Burkina Faso,1963,1.51
Burkina Faso,1964,1.567
Burkina Faso,1965,1.633
Burkina Faso,1966,1.643
Burkina Faso,1967,1.705
Burkina Faso,1968,1.731
Burkina Faso,1969,1.728
Burkina Faso,1970,1.765
Burkina Faso,1971,1.689
Burkina Faso,1972,1.758
Burkina Faso,1973,1.815
Burkina Faso,1974,1.969
Burkina Faso,1975,2.061
Burkina Faso,1976,2.22
Burkina Faso,1977,2.438
Burkina Faso,1978,2.545
Burkina Faso,1979,2.633
Burkina Faso,1980,2.733
Burkina Faso,1981,2.729
Burkina Faso,1982,2.793
Burkina Faso,1983,2.872
Burkina Faso,1984,2.9
Burkina Faso,1985,2.875
Burkina Faso,1986,2.769
Burkina Faso,1987,2.704
Burkina Faso,1988,2.671
Burkina Faso,1989,2.64
Burkina Faso,1990,2.63
Burkina Faso,1991,2.445
Burkina Faso,1992,2.489
Burkina Faso,1993,2.485
Burkina Faso,1994,2.558
Burkina Faso,1995,2.57
Burkina Faso,1996,2.548
Burkina Faso,1997,2.607
Burkina Faso,1998,2.917
Burkina Faso,1999,2.944
Burkina Faso,2000,3.023
Burkina Faso,2001,3.078
Burkina Faso,2002,3.103
Burkina Faso,2003,3.133
Burkina Faso,2004,3.157
Burkina Faso,2005,3.137
Burkina Faso,2006,3.104
Burkina Faso,2007,2.964
Burkina Faso,2008,2.913
Burkina Faso,2009,2.925
Burkina Faso,2010,2.927
Burkina Faso,2011,2.985
Burkina Faso,2012,3.048
Burkina Faso,2013,2.955
Burkina Faso,2014,2.991
Burkina Faso,2015,2.934
Burkina Faso,2016,2.917
Burkina Faso,2017,2.791
Burkina Faso,2018,2.606
Burkina Faso,2019,2.456
Burkina Faso,2020,2.415
Burkina Faso,2021,2.339
Burkina Faso,2022,2.28
Burkina Faso,2023,2.26
Burkina Faso,2024,2.233
Burkina Faso,2025,2.184
Burkina Faso,2026,2.148
Burkina Faso,2027,2.109
Burkina Faso,2028,2.073
Burkina Faso,2029,2.036
Burkina Faso,2030,2.013
Burkina Faso,2031,1.991
Burkina Faso,2032,1.962
Burkina Faso,2033,1.945
Burkina Faso,2034,1.918
Burkina Faso,2035,1.87
Burkina Faso,2036,1.829
Burkina Faso,2037,1.787
Burkina Faso,2038,1.748
Burkina Faso,2039,1.709
Burkina Faso,2040,1.667
Burkina Faso,2041,1.631
Burkina Faso,2042,1.595
Burkina Faso,2043,1.554
Burkina Faso,2044,1.52
Burkina Faso,2045,1.477
Burkina Faso,2046,1.429
Burkina Faso,2047,1.396
Burkina Faso,2048,1.345
Burkina Faso,2049,1.316
Burkina Faso,2050,1.279
Burkina Faso,2051,1.24
Burkina Faso,2052,1.209
Burkina Faso,2053,1.178
Burkina Faso,2054,1.138
Burkina Faso,2055,1.11
Burkina Faso,2056,1.078
Burkina Faso,2057,1.056
Burkina Faso,2058,1.026
Burkina Faso,2059,0.991
Burkina Faso,2060,0.968
Burkina Faso,2061,0.948
Burkina Faso,2062,0.908
Burkina Faso,2063,0.883
Burkina Faso,2064,0.862
Burkina Faso,2065,0.823
Burkina Faso,2066,0.803
Burkina Faso,2067,0.777
Burkina Faso,2068,0.751
Burkina Faso,2069,0.725
Burkina Faso,2070,0.695
Burkina Faso,2071,0.668
Burkina Faso,2072,0.647
Burkina Faso,2073,0.621
Burkina Faso,2074,0.583
Burkina Faso,2075,0.55
Burkina Faso,2076,0.532
Burkina Faso,2077,0.504
Burkina Faso,2078,0.466
Burkina Faso,2079,0.438
Burkina Faso,2080,0.412
Burkina Faso,2081,0.386
Burkina Faso,2082,0.358
Burkina Faso,2083,0.339
Burkina Faso,2084,0.311
Burkina Faso,2085,0.29
Burkina Faso,2086,0.268
Burkina Faso,2087,0.255
Burkina Faso,2088,0.229
Burkina Faso,2089,0.206
Burkina Faso,2090,0.185
Burkina Faso,2091,0.158
Burkina Faso,2092,0.153
Burkina Faso,2093,0.129
Burkina Faso,2094,0.113
Burkina Faso,2095,0.095
Burkina Faso,2096,0.094
Burkina Faso,2097,0.078
Burkina Faso,2098,0.061
Burkina Faso,2099,0.048
Burkina Faso,2100,0.034
Burundi,1950,2.272
Burundi,1951,2.185
Burundi,1952,2.111
Burundi,1953,2.039
Burundi,1954,2.028
Burundi,1955,2.011
Burundi,1956,1.994
Burundi,1957,1.972
Burundi,1958,1.899
Burundi,1959,1.99
Burundi,1960,2.005
Burundi,1961,3.045
Burundi,1962,2.041
Burundi,1963,2.171
Burundi,1964,3.507
Burundi,1965,2.046
Burundi,1966,2.763
Burundi,1967,2.319
Burundi,1968,2.451
Burundi,1969,1.898
Burundi,1970,2.44
Burundi,1971,2.422
Burundi,1972,-2.431
Burundi,1973,2.15
Burundi,1974,2.85
Burundi,1975,2.12
Burundi,1976,2.358
Burundi,1977,2.771
Burundi,1978,3.003
Burundi,1979,1.98
Burundi,1980,6.323
Burundi,1981,1.917
Burundi,1982,3.06
Burundi,1983,2.309
Burundi,1984,2.534
Burundi,1985,1.794
Burundi,1986,1.958
Burundi,1987,2.598
Burundi,1988,1.841
Burundi,1989,2.083
Burundi,1990,2.089
Burundi,1991,2.05
Burundi,1992,3.281
Burundi,1993,-9.79
Burundi,1994,11.025
Burundi,1995,1.246
Burundi,1996,-1.107
Burundi,1997,1.092
Burundi,1998,2.713
Burundi,1999,2.087
Burundi,2000,2.069
Burundi,2001,2.932
Burundi,2002,2.712
Burundi,2003,3.593
Burundi,2004,3.858
Burundi,2005,3.576
Burundi,2006,3.626
Burundi,2007,3.767
Burundi,2008,4.469
Burundi,2009,5.634
Burundi,2010,3.772
Burundi,2011,3.39
Burundi,2012,3.741
Burundi,2013,3.448
Burundi,2014,3.342
Burundi,2015,1.219
Burundi,2016,2.216
Burundi,2017,2.482
Burundi,2018,3.541
Burundi,2019,3.035
Burundi,2020,2.786
Burundi,2021,2.664
Burundi,2022,2.746
Burundi,2023,2.71
Burundi,2024,2.462
Burundi,2025,2.354
Burundi,2026,2.306
Burundi,2027,2.361
Burundi,2028,2.448
Burundi,2029,2.312
Burundi,2030,2.266
Burundi,2031,2.291
Burundi,2032,2.25
Burundi,2033,2.216
Burundi,2034,2.162
Burundi,2035,2.142
Burundi,2036,2.202
Burundi,2037,2.188
Burundi,2038,2.13
Burundi,2039,2.104
Burundi,2040,2.041
Burundi,2041,1.956
Burundi,2042,2.035
Burundi,2043,1.929
Burundi,2044,1.916
Burundi,2045,1.833
Burundi,2046,1.637
Burundi,2047,1.733
Burundi,2048,1.622
Burundi,2049,1.693
Burundi,2050,1.506
Burundi,2051,1.511
Burundi,2052,1.508
Burundi,2053,1.48
Burundi,2054,1.464
Burundi,2055,1.367
Burundi,2056,1.373
Burundi,2057,1.286
Burundi,2058,1.265
Burundi,2059,1.276
Burundi,2060,1.241
Burundi,2061,1.232
Burundi,2062,1.21
Burundi,2063,1.155
Burundi,2064,1.167
Burundi,2065,1.253
Burundi,2066,1.164
Burundi,2067,1.178
Burundi,2068,1.11
Burundi,2069,1.09
Burundi,2070,1.101
Burundi,2071,0.964
Burundi,2072,1.007
Burundi,2073,0.996
Burundi,2074,0.937
Burundi,2075,0.963
Burundi,2076,0.854
Burundi,2077,0.924
Burundi,2078,0.842
Burundi,2079,0.809
Burundi,2080,0.708
Burundi,2081,0.784
Burundi,2082,0.723
Burundi,2083,0.626
Burundi,2084,0.642
Burundi,2085,0.673
Burundi,2086,0.582
Burundi,2087,0.525
Burundi,2088,0.573
Burundi,2089,0.565
Burundi,2090,0.466
Burundi,2091,0.447
Burundi,2092,0.445
Burundi,2093,0.436
Burundi,2094,0.473
Burundi,2095,0.377
Burundi,2096,0.363
Burundi,2097,0.365
Burundi,2098,0.373
Burundi,2099,0.313
Burundi,2100,0.271
Cambodia,1950,2.275
Cambodia,1951,2.265
Cambodia,1952,2.254
Cambodia,1953,2.175
Cambodia,1954,2.194
Cambodia,1955,2.211
Cambodia,1956,2.203
Cambodia,1957,2.187
Cambodia,1958,2.088
Cambodia,1959,2.16
Cambodia,1960,2.182
Cambodia,1961,2.217
Cambodia,1962,2.269
Cambodia,1963,2.089
Cambodia,1964,2.097
Cambodia,1965,2.1
Cambodia,1966,2.102
Cambodia,1967,2.101
Cambodia,1968,2.098
Cambodia,1969,2.106
Cambodia,1970,-1.057
Cambodia,1971,0.507
Cambodia,1972,1.085
Cambodia,1973,0.879
Cambodia,1974,0.409
Cambodia,1975,-6.559
Cambodia,1976,-7.522
Cambodia,1977,-8.325
Cambodia,1978,-8.489
Cambodia,1979,3.861
Cambodia,1980,0.493
Cambodia,1981,2.717
Cambodia,1982,2.948
Cambodia,1983,4.246
Cambodia,1984,3.055
Cambodia,1985,3.62
Cambodia,1986,4.217
Cambodia,1987,4.263
Cambodia,1988,3.356
Cambodia,1989,4.162
Cambodia,1990,4.18
Cambodia,1991,4.111
Cambodia,1992,6.615
Cambodia,1993,5.457
Cambodia,1994,8.398
Cambodia,1995,7.822
Cambodia,1996,7.246
Cambodia,1997,6.545
Cambodia,1998,1.802
Cambodia,1999,1.613
Cambodia,2000,1.568
Cambodia,2001,1.556
Cambodia,2002,1.529
Cambodia,2003,1.493
Cambodia,2004,1.455
Cambodia,2005,1.46
Cambodia,2006,1.491
Cambodia,2007,1.46
Cambodia,2008,1.575
Cambodia,2009,1.578
Cambodia,2010,1.534
Cambodia,2011,1.503
Cambodia,2012,1.497
Cambodia,2013,1.493
Cambodia,2014,1.472
Cambodia,2015,1.449
Cambodia,2016,1.469
Cambodia,2017,1.296
Cambodia,2018,1.192
Cambodia,2019,1.332
Cambodia,2020,1.607
Cambodia,2021,1.349
Cambodia,2022,1.313
Cambodia,2023,1.253
Cambodia,2024,1.199
Cambodia,2025,1.159
Cambodia,2026,1.105
Cambodia,2027,1.087
Cambodia,2028,1.057
Cambodia,2029,1.021
Cambodia,2030,0.986
Cambodia,2031,0.966
Cambodia,2032,0.932
Cambodia,2033,0.916
Cambodia,2034,0.886
Cambodia,2035,0.879
Cambodia,2036,0.831
Cambodia,2037,0.831
Cambodia,2038,0.811
Cambodia,2039,0.786
Cambodia,2040,0.757
Cambodia,2041,0.744
Cambodia,2042,0.73
Cambodia,2043,0.706
Cambodia,2044,0.68
Cambodia,2045,0.655
Cambodia,2046,0.638
Cambodia,2047,0.608
Cambodia,2048,0.585
Cambodia,2049,0.564
Cambodia,2050,0.527
Cambodia,2051,0.514
Cambodia,2052,0.48
Cambodia,2053,0.455
Cambodia,2054,0.433
Cambodia,2055,0.403
Cambodia,2056,0.383
Cambodia,2057,0.368
Cambodia,2058,0.344
Cambodia,2059,0.323
Cambodia,2060,0.3
Cambodia,2061,0.273
Cambodia,2062,0.242
Cambodia,2063,0.227
Cambodia,2064,0.216
Cambodia,2065,0.178
Cambodia,2066,0.175
Cambodia,2067,0.164
Cambodia,2068,0.133
Cambodia,2069,0.117
Cambodia,2070,0.095
Cambodia,2071,0.088
Cambodia,2072,0.076
Cambodia,2073,0.053
Cambodia,2074,0.053
Cambodia,2075,0.026
Cambodia,2076,0.031
Cambodia,2077,0.018
Cambodia,2078,-0.004
Cambodia,2079,-0.018
Cambodia,2080,-0.025
Cambodia,2081,-0.026
Cambodia,2082,-0.034
Cambodia,2083,-0.053
Cambodia,2084,-0.073
Cambodia,2085,-0.077
Cambodia,2086,-0.093
Cambodia,2087,-0.105
Cambodia,2088,-0.1
Cambodia,2089,-0.135
Cambodia,2090,-0.137
Cambodia,2091,-0.137
Cambodia,2092,-0.163
Cambodia,2093,-0.172
Cambodia,2094,-0.193
Cambodia,2095,-0.189
Cambodia,2096,-0.216
Cambodia,2097,-0.233
Cambodia,2098,-0.248
Cambodia,2099,-0.246
Cambodia,2100,-0.266
Cameroon,1950,1.461
Cameroon,1951,1.53
Cameroon,1952,1.601
Cameroon,1953,1.674
Cameroon,1954,1.752
Cameroon,1955,1.827
Cameroon,1956,1.886
Cameroon,1957,1.863
Cameroon,1958,1.924
Cameroon,1959,1.973
Cameroon,1960,1.511
Cameroon,1961,1.574
Cameroon,1962,2.177
Cameroon,1963,2.195
Cameroon,1964,2.214
Cameroon,1965,2.268
Cameroon,1966,2.327
Cameroon,1967,2.413
Cameroon,1968,2.496
Cameroon,1969,2.583
Cameroon,1970,2.641
Cameroon,1971,2.701
Cameroon,1972,2.733
Cameroon,1973,2.766
Cameroon,1974,2.785
Cameroon,1975,2.795
Cameroon,1976,2.566
Cameroon,1977,2.593
Cameroon,1978,2.854
Cameroon,1979,2.752
Cameroon,1980,3.741
Cameroon,1981,3.289
Cameroon,1982,1.492
Cameroon,1983,2.591
Cameroon,1984,2.962
Cameroon,1985,2.999
Cameroon,1986,3.027
Cameroon,1987,3.05
Cameroon,1988,2.922
Cameroon,1989,2.94
Cameroon,1990,2.954
Cameroon,1991,2.88
Cameroon,1992,2.852
Cameroon,1993,2.843
Cameroon,1994,2.774
Cameroon,1995,2.718
Cameroon,1996,2.666
Cameroon,1997,2.637
Cameroon,1998,2.658
Cameroon,1999,2.648
Cameroon,2000,2.618
Cameroon,2001,2.634
Cameroon,2002,2.727
Cameroon,2003,2.728
Cameroon,2004,2.766
Cameroon,2005,2.746
Cameroon,2006,2.751
Cameroon,2007,2.86
Cameroon,2008,2.865
Cameroon,2009,2.865
Cameroon,2010,2.85
Cameroon,2011,2.807
Cameroon,2012,2.819
Cameroon,2013,2.8
Cameroon,2014,3.245
Cameroon,2015,3.037
Cameroon,2016,2.943
Cameroon,2017,2.73
Cameroon,2018,2.81
Cameroon,2019,2.754
Cameroon,2020,2.696
Cameroon,2021,2.615
Cameroon,2022,2.642
Cameroon,2023,2.643
Cameroon,2024,2.584
Cameroon,2025,2.54
Cameroon,2026,2.494
Cameroon,2027,2.467
Cameroon,2028,2.441
Cameroon,2029,2.4
Cameroon,2030,2.381
Cameroon,2031,2.341
Cameroon,2032,2.321
Cameroon,2033,2.281
Cameroon,2034,2.258
Cameroon,2035,2.221
Cameroon,2036,2.209
Cameroon,2037,2.172
Cameroon,2038,2.138
Cameroon,2039,2.116
Cameroon,2040,2.075
Cameroon,2041,2.061
Cameroon,2042,2.01
Cameroon,2043,1.961
Cameroon,2044,1.941
Cameroon,2045,1.903
Cameroon,2046,1.879
Cameroon,2047,1.852
Cameroon,2048,1.811
Cameroon,2049,1.785
Cameroon,2050,1.742
Cameroon,2051,1.722
Cameroon,2052,1.698
Cameroon,2053,1.656
Cameroon,2054,1.629
Cameroon,2055,1.587
Cameroon,2056,1.56
Cameroon,2057,1.544
Cameroon,2058,1.516
Cameroon,2059,1.486
Cameroon,2060,1.457
Cameroon,2061,1.424
Cameroon,2062,1.397
Cameroon,2063,1.37
Cameroon,2064,1.351
Cameroon,2065,1.327
Cameroon,2066,1.304
Cameroon,2067,1.275
Cameroon,2068,1.247
Cameroon,2069,1.227
Cameroon,2070,1.205
Cameroon,2071,1.184
Cameroon,2072,1.167
Cameroon,2073,1.136
Cameroon,2074,1.12
Cameroon,2075,1.09
Cameroon,2076,1.059
Cameroon,2077,1.043
Cameroon,2078,1.017
Cameroon,2079,0.994
Cameroon,2080,0.982
Cameroon,2081,0.949
Cameroon,2082,0.923
Cameroon,2083,0.904
Cameroon,2084,0.877
Cameroon,2085,0.859
Cameroon,2086,0.832
Cameroon,2087,0.818
Cameroon,2088,0.795
Cameroon,2089,0.778
Cameroon,2090,0.755
Cameroon,2091,0.736
Cameroon,2092,0.709
Cameroon,2093,0.696
Cameroon,2094,0.681
Cameroon,2095,0.655
Cameroon,2096,0.642
Cameroon,2097,0.624
Cameroon,2098,0.602
Cameroon,2099,0.587
Cameroon,2100,0.571
Canada,1950,2.156
Canada,1951,2.747
Canada,1952,2.846
Canada,1953,2.806
Canada,1954,2.77
Canada,1955,2.507
Canada,1956,2.899
Canada,1957,2.975
Canada,1958,2.517
Canada,1959,2.24
Canada,1960,2.091
Canada,1961,1.941
Canada,1962,1.862
Canada,1963,1.87
Canada,1964,1.864
Canada,1965,1.867
Canada,1966,1.839
Canada,1967,1.673
Canada,1968,1.492
Canada,1969,1.415
Canada,1970,2.366
Canada,1971,1.846
Canada,1972,1.198
Canada,1973,1.317
Canada,1974,1.434
Canada,1975,1.393
Canada,1976,1.241
Canada,1977,1.087
Canada,1978,0.996
Canada,1979,1.148
Canada,1980,1.284
Canada,1981,1.237
Canada,1982,1.126
Canada,1983,1.03
Canada,1984,0.988
Canada,1985,1.005
Canada,1986,1.17
Canada,1987,1.33
Canada,1988,1.563
Canada,1989,1.664
Canada,1990,1.409
Canada,1991,1.221
Canada,1992,1.2
Canada,1993,1.107
Canada,1994,1.078
Canada,1995,1.05
Canada,1996,1.031
Canada,1997,0.921
Canada,1998,0.873
Canada,1999,0.896
Canada,2000,1.005
Canada,2001,1.067
Canada,2002,0.986
Canada,2003,0.913
Canada,2004,0.939
Canada,2005,0.966
Canada,2006,0.991
Canada,2007,1.032
Canada,2008,1.113
Canada,2009,1.13
Canada,2010,1.05
Canada,2011,1.037
Canada,2012,1.077
Canada,2013,1.037
Canada,2014,0.886
Canada,2015,0.946
Canada,2016,1.216
Canada,2017,1.272
Canada,2018,1.353
Canada,2019,1.247
Canada,2020,0.804
Canada,2021,0.67
Canada,2022,1.229
Canada,2023,1.218
Canada,2024,1.026
Canada,2025,0.899
Canada,2026,0.794
Canada,2027,0.754
Canada,2028,0.727
Canada,2029,0.683
Canada,2030,0.662
Canada,2031,0.644
Canada,2032,0.607
Canada,2033,0.557
Canada,2034,0.563
Canada,2035,0.506
Canada,2036,0.513
Canada,2037,0.498
Canada,2038,0.482
Canada,2039,0.45
Canada,2040,0.426
Canada,2041,0.421
Canada,2042,0.412
Canada,2043,0.395
Canada,2044,0.388
Canada,2045,0.391
Canada,2046,0.351
Canada,2047,0.344
Canada,2048,0.344
Canada,2049,0.306
Canada,2050,0.33
Canada,2051,0.325
Canada,2052,0.336
Canada,2053,0.308
Canada,2054,0.309
Canada,2055,0.313
Canada,2056,0.321
Canada,2057,0.331
Canada,2058,0.356
Canada,2059,0.352
Canada,2060,0.342
Canada,2061,0.356
Canada,2062,0.37
Canada,2063,0.365
Canada,2064,0.36
Canada,2065,0.358
Canada,2066,0.358
Canada,2067,0.375
Canada,2068,0.345
Canada,2069,0.342
Canada,2070,0.336
Canada,2071,0.338
Canada,2072,0.331
Canada,2073,0.314
Canada,2074,0.316
Canada,2075,0.329
Canada,2076,0.333
Canada,2077,0.301
Canada,2078,0.322
Canada,2079,0.303
Canada,2080,0.301
Canada,2081,0.32
Canada,2082,0.285
Canada,2083,0.31
Canada,2084,0.294
Canada,2085,0.281
Canada,2086,0.288
Canada,2087,0.275
Canada,2088,0.331
Canada,2089,0.276
Canada,2090,0.267
Canada,2091,0.303
Canada,2092,0.289
Canada,2093,0.304
Canada,2094,0.301
Canada,2095,0.308
Canada,2096,0.314
Canada,2097,0.351
Canada,2098,0.341
Canada,2099,0.328
Canada,2100,0.327
Cape Verde,1950,1.169
Cape Verde,1951,1.223
Cape Verde,1952,1.15
Cape Verde,1953,1.07
Cape Verde,1954,1.011
Cape Verde,1955,1.112
Cape Verde,1956,1.158
Cape Verde,1957,1.291
Cape Verde,1958,1.488
Cape Verde,1959,1.7
Cape Verde,1960,1.825
Cape Verde,1961,2.926
Cape Verde,1962,3.322
Cape Verde,1963,3.285
Cape Verde,1964,3.263
Cape Verde,1965,3.254
Cape Verde,1966,3.27
Cape Verde,1967,3.285
Cape Verde,1968,3.306
Cape Verde,1969,3.307
Cape Verde,1970,2.793
Cape Verde,1971,1.457
Cape Verde,1972,0.806
Cape Verde,1973,0.865
Cape Verde,1974,0.92
Cape Verde,1975,1.233
Cape Verde,1976,1.114
Cape Verde,1977,1.058
Cape Verde,1978,1.049
Cape Verde,1979,1.048
Cape Verde,1980,1.328
Cape Verde,1981,1.463
Cape Verde,1982,1.491
Cape Verde,1983,1.451
Cape Verde,1984,1.403
Cape Verde,1985,1.415
Cape Verde,1986,1.413
Cape Verde,1987,1.401
Cape Verde,1988,1.394
Cape Verde,1989,1.604
Cape Verde,1990,2.49
Cape Verde,1991,2.331
Cape Verde,1992,2.209
Cape Verde,1993,2.092
Cape Verde,1994,1.979
Cape Verde,1995,1.827
Cape Verde,1996,1.719
Cape Verde,1997,1.644
Cape Verde,1998,1.559
Cape Verde,1999,1.482
Cape Verde,2000,1.54
Cape Verde,2001,1.515
Cape Verde,2002,1.399
Cape Verde,2003,1.297
Cape Verde,2004,1.217
Cape Verde,2005,1.167
Cape Verde,2006,1.134
Cape Verde,2007,1.08
Cape Verde,2008,0.992
Cape Verde,2009,0.909
Cape Verde,2010,0.527
Cape Verde,2011,0.125
Cape Verde,2012,0.074
Cape Verde,2013,0.031
Cape Verde,2014,0.008
Cape Verde,2015,0.019
Cape Verde,2016,0.044
Cape Verde,2017,0.088
Cape Verde,2018,0.116
Cape Verde,2019,0.152
Cape Verde,2020,0.071
Cape Verde,2021,0.691
Cape Verde,2022,0.503
Cape Verde,2023,0.491
Cape Verde,2024,0.481
Cape Verde,2025,0.45
Cape Verde,2026,0.422
Cape Verde,2027,0.422
Cape Verde,2028,0.419
Cape Verde,2029,0.415
Cape Verde,2030,0.429
Cape Verde,2031,0.368
Cape Verde,2032,0.382
Cape Verde,2033,0.34
Cape Verde,2034,0.354
Cape Verde,2035,0.354
Cape Verde,2036,0.331
Cape Verde,2037,0.327
Cape Verde,2038,0.322
Cape Verde,2039,0.296
Cape Verde,2040,0.271
Cape Verde,2041,0.247
Cape Verde,2042,0.225
Cape Verde,2043,0.207
Cape Verde,2044,0.19
Cape Verde,2045,0.169
Cape Verde,2046,0.142
Cape Verde,2047,0.095
Cape Verde,2048,0.078
Cape Verde,2049,0.06
Cape Verde,2050,0.023
Cape Verde,2051,0
Cape Verde,2052,-0.02
Cape Verde,2053,-0.062
Cape Verde,2054,-0.117
Cape Verde,2055,-0.146
Cape Verde,2056,-0.165
Cape Verde,2057,-0.204
Cape Verde,2058,-0.235
Cape Verde,2059,-0.284
Cape Verde,2060,-0.297
Cape Verde,2061,-0.337
Cape Verde,2062,-0.375
Cape Verde,2063,-0.387
Cape Verde,2064,-0.399
Cape Verde,2065,-0.435
Cape Verde,2066,-0.475
Cape Verde,2067,-0.513
Cape Verde,2068,-0.513
Cape Verde,2069,-0.54
Cape Verde,2070,-0.55
Cape Verde,2071,-0.537
Cape Verde,2072,-0.575
Cape Verde,2073,-0.596
Cape Verde,2074,-0.621
Cape Verde,2075,-0.652
Cape Verde,2076,-0.671
Cape Verde,2077,-0.68
Cape Verde,2078,-0.703
Cape Verde,2079,-0.75
Cape Verde,2080,-0.77
Cape Verde,2081,-0.795
Cape Verde,2082,-0.814
Cape Verde,2083,-0.812
Cape Verde,2084,-0.854
Cape Verde,2085,-0.868
Cape Verde,2086,-0.874
Cape Verde,2087,-0.891
Cape Verde,2088,-0.905
Cape Verde,2089,-0.941
Cape Verde,2090,-0.935
Cape Verde,2091,-0.94
Cape Verde,2092,-0.95
Cape Verde,2093,-0.975
Cape Verde,2094,-0.977
Cape Verde,2095,-0.983
Cape Verde,2096,-0.979
Cape Verde,2097,-0.993
Cape Verde,2098,-0.987
Cape Verde,2099,-1.013
Cape Verde,2100,-1.013
Cayman Islands,1950,2.285
Cayman Islands,1951,1.444
Cayman Islands,1952,1.998
Cayman Islands,1953,2.106
Cayman Islands,1954,1.8
Cayman Islands,1955,1.872
Cayman Islands,1956,1.9
Cayman Islands,1957,1.865
Cayman Islands,1958,1.624
Cayman Islands,1959,1.766
Cayman Islands,1960,2.029
Cayman Islands,1961,2.058
Cayman Islands,1962,2.073
Cayman Islands,1963,2.185
Cayman Islands,1964,2.149
Cayman Islands,1965,2.062
Cayman Islands,1966,2.144
Cayman Islands,1967,2.17
Cayman Islands,1968,1.926
Cayman Islands,1969,1.938
Cayman Islands,1970,4.812
Cayman Islands,1971,5.904
Cayman Islands,1972,5.757
Cayman Islands,1973,5.412
Cayman Islands,1974,5.171
Cayman Islands,1975,4.86
Cayman Islands,1976,4.574
Cayman Islands,1977,4.251
Cayman Islands,1978,3.835
Cayman Islands,1979,3.939
Cayman Islands,1980,4.755
Cayman Islands,1981,4.692
Cayman Islands,1982,4.529
Cayman Islands,1983,4.323
Cayman Islands,1984,4.239
Cayman Islands,1985,4.09
Cayman Islands,1986,3.934
Cayman Islands,1987,3.814
Cayman Islands,1988,3.654
Cayman Islands,1989,3.904
Cayman Islands,1990,4.924
Cayman Islands,1991,4.804
Cayman Islands,1992,4.69
Cayman Islands,1993,4.564
Cayman Islands,1994,4.415
Cayman Islands,1995,4.27
Cayman Islands,1996,4.107
Cayman Islands,1997,3.934
Cayman Islands,1998,3.681
Cayman Islands,1999,3.568
Cayman Islands,2000,3.564
Cayman Islands,2001,3.447
Cayman Islands,2002,3.371
Cayman Islands,2003,3.207
Cayman Islands,2004,3.142
Cayman Islands,2005,3.093
Cayman Islands,2006,2.99
Cayman Islands,2007,2.955
Cayman Islands,2008,2.856
Cayman Islands,2009,2.8
Cayman Islands,2010,2.749
Cayman Islands,2011,2.75
Cayman Islands,2012,2.676
Cayman Islands,2013,2.575
Cayman Islands,2014,2.495
Cayman Islands,2015,2.373
Cayman Islands,2016,2.303
Cayman Islands,2017,2.196
Cayman Islands,2018,2.113
Cayman Islands,2019,2.05
Cayman Islands,2020,1.944
Cayman Islands,2021,2.155
Cayman Islands,2022,2.035
Cayman Islands,2023,1.966
Cayman Islands,2024,1.884
Cayman Islands,2025,1.805
Cayman Islands,2026,1.731
Cayman Islands,2027,1.703
Cayman Islands,2028,1.638
Cayman Islands,2029,1.568
Cayman Islands,2030,1.537
Cayman Islands,2031,1.514
Cayman Islands,2032,1.427
Cayman Islands,2033,1.419
Cayman Islands,2034,1.324
Cayman Islands,2035,1.276
Cayman Islands,2036,1.28
Cayman Islands,2037,1.252
Cayman Islands,2038,1.223
Cayman Islands,2039,1.195
Cayman Islands,2040,1.199
Cayman Islands,2041,1.139
Cayman Islands,2042,1.115
Cayman Islands,2043,1.086
Cayman Islands,2044,1.01
Cayman Islands,2045,0.99
Cayman Islands,2046,0.936
Cayman Islands,2047,0.902
Cayman Islands,2048,0.925
Cayman Islands,2049,0.812
Cayman Islands,2050,0.867
Cayman Islands,2051,0.828
Cayman Islands,2052,0.703
Cayman Islands,2053,0.691
Cayman Islands,2054,0.655
Cayman Islands,2055,0.647
Cayman Islands,2056,0.652
Cayman Islands,2057,0.51
Cayman Islands,2058,0.518
Cayman Islands,2059,0.472
Cayman Islands,2060,0.424
Cayman Islands,2061,0.371
Cayman Islands,2062,0.366
Cayman Islands,2063,0.33
Cayman Islands,2064,0.293
Cayman Islands,2065,0.257
Cayman Islands,2066,0.259
Cayman Islands,2067,0.276
Cayman Islands,2068,0.295
Cayman Islands,2069,0.256
Cayman Islands,2070,0.264
Cayman Islands,2071,0.216
Cayman Islands,2072,0.251
Cayman Islands,2073,0.157
Cayman Islands,2074,0.197
Cayman Islands,2075,0.147
Cayman Islands,2076,0.151
Cayman Islands,2077,0.189
Cayman Islands,2078,0.105
Cayman Islands,2079,0.136
Cayman Islands,2080,0.109
Cayman Islands,2081,0.121
Cayman Islands,2082,0.133
Cayman Islands,2083,0.13
Cayman Islands,2084,0.135
Cayman Islands,2085,0.123
Cayman Islands,2086,0.104
Cayman Islands,2087,0.11
Cayman Islands,2088,0.078
Cayman Islands,2089,0.083
Cayman Islands,2090,0.132
Cayman Islands,2091,0.146
Cayman Islands,2092,0.093
Cayman Islands,2093,0.07
Cayman Islands,2094,0.069
Cayman Islands,2095,0.048
Cayman Islands,2096,0.03
Cayman Islands,2097,0.025
Cayman Islands,2098,-0.034
Cayman Islands,2099,-0.024
Cayman Islands,2100,-0.072
Central African Republic,1950,1.605
Central African Republic,1951,1.595
Central African Republic,1952,1.606
Central African Republic,1953,1.617
Central African Republic,1954,1.644
Central African Republic,1955,1.667
Central African Republic,1956,1.701
Central African Republic,1957,1.729
Central African Republic,1958,1.76
Central African Republic,1959,1.821
Central African Republic,1960,1.857
Central African Republic,1961,1.895
Central African Republic,1962,1.935
Central African Republic,1963,1.979
Central African Republic,1964,2.03
Central African Republic,1965,2.087
Central African Republic,1966,2.151
Central African Republic,1967,2.217
Central African Republic,1968,2.287
Central African Republic,1969,2.29
Central African Republic,1970,2.146
Central African Republic,1971,2.003
Central African Republic,1972,1.912
Central African Republic,1973,1.919
Central African Republic,1974,1.936
Central African Republic,1975,1.954
Central African Republic,1976,1.025
Central African Republic,1977,1.039
Central African Republic,1978,1.06
Central African Republic,1979,1.083
Central African Republic,1980,1.111
Central African Republic,1981,1.15
Central African Republic,1982,1.174
Central African Republic,1983,1.207
Central African Republic,1984,1.238
Central African Republic,1985,1.263
Central African Republic,1986,1.283
Central African Republic,1987,1.348
Central African Republic,1988,1.976
Central African Republic,1989,3.103
Central African Republic,1990,3.117
Central African Republic,1991,3.141
Central African Republic,1992,3.211
Central African Republic,1993,3.161
Central African Republic,1994,3.083
Central African Republic,1995,2.383
Central African Republic,1996,2.796
Central African Republic,1997,2.702
Central African Republic,1998,2.724
Central African Republic,1999,2.746
Central African Republic,2000,2.753
Central African Republic,2001,1.699
Central African Republic,2002,2.66
Central African Republic,2003,2.131
Central African Republic,2004,2.195
Central African Republic,2005,2.33
Central African Republic,2006,1.773
Central African Republic,2007,2.079
Central African Republic,2008,2.186
Central African Republic,2009,-3.523
Central African Republic,2010,1.946
Central African Republic,2011,1.241
Central African Republic,2012,0.76
Central African Republic,2013,0.606
Central African Republic,2014,-1.441
Central African Republic,2015,1.704
Central African Republic,2016,1.905
Central African Republic,2017,1.458
Central African Republic,2018,2.058
Central African Republic,2019,0.641
Central African Republic,2020,2.63
Central African Republic,2021,0.758
Central African Republic,2022,-1.312
Central African Republic,2023,3.41
Central African Republic,2024,3.394
Central African Republic,2025,3.343
Central African Republic,2026,3.283
Central African Republic,2027,3.247
Central African Republic,2028,3.247
Central African Republic,2029,3.138
Central African Republic,2030,3.087
Central African Republic,2031,3.048
Central African Republic,2032,2.971
Central African Republic,2033,2.907
Central African Republic,2034,2.845
Central African Republic,2035,2.734
Central African Republic,2036,2.657
Central African Republic,2037,2.57
Central African Republic,2038,2.528
Central African Republic,2039,2.479
Central African Republic,2040,2.387
Central African Republic,2041,2.311
Central African Republic,2042,2.267
Central African Republic,2043,2.246
Central African Republic,2044,2.23
Central African Republic,2045,2.198
Central African Republic,2046,2.164
Central African Republic,2047,2.12
Central African Republic,2048,2.111
Central African Republic,2049,2.059
Central African Republic,2050,2.054
Central African Republic,2051,2.004
Central African Republic,2052,1.98
Central African Republic,2053,1.95
Central African Republic,2054,1.908
Central African Republic,2055,1.868
Central African Republic,2056,1.829
Central African Republic,2057,1.797
Central African Republic,2058,1.754
Central African Republic,2059,1.707
Central African Republic,2060,1.668
Central African Republic,2061,1.606
Central African Republic,2062,1.581
Central African Republic,2063,1.561
Central African Republic,2064,1.481
Central African Republic,2065,1.447
Central African Republic,2066,1.421
Central African Republic,2067,1.398
Central African Republic,2068,1.342
Central African Republic,2069,1.314
Central African Republic,2070,1.292
Central African Republic,2071,1.231
Central African Republic,2072,1.164
Central African Republic,2073,1.155
Central African Republic,2074,1.082
Central African Republic,2075,1.089
Central African Republic,2076,1.069
Central African Republic,2077,1.031
Central African Republic,2078,0.971
Central African Republic,2079,0.916
Central African Republic,2080,0.93
Central African Republic,2081,0.882
Central African Republic,2082,0.877
Central African Republic,2083,0.851
Central African Republic,2084,0.81
Central African Republic,2085,0.767
Central African Republic,2086,0.769
Central African Republic,2087,0.716
Central African Republic,2088,0.692
Central African Republic,2089,0.637
Central African Republic,2090,0.648
Central African Republic,2091,0.609
Central African Republic,2092,0.591
Central African Republic,2093,0.549
Central African Republic,2094,0.539
Central African Republic,2095,0.527
Central African Republic,2096,0.484
Central African Republic,2097,0.454
Central African Republic,2098,0.447
Central African Republic,2099,0.421
Central African Republic,2100,0.39
Chad,1950,1.771
Chad,1951,1.758
Chad,1952,1.782
Chad,1953,1.813
Chad,1954,1.85
Chad,1955,1.892
Chad,1956,1.935
Chad,1957,1.961
Chad,1958,1.987
Chad,1959,1.997
Chad,1960,2.011
Chad,1961,2.021
Chad,1962,2.029
Chad,1963,2.042
Chad,1964,2.025
Chad,1965,1.972
Chad,1966,1.943
Chad,1967,1.949
Chad,1968,1.986
Chad,1969,2.046
Chad,1970,2.112
Chad,1971,2.108
Chad,1972,2.353
Chad,1973,2.351
Chad,1974,2.236
Chad,1975,2.077
Chad,1976,1.919
Chad,1977,1.828
Chad,1978,1.819
Chad,1979,2.393
Chad,1980,-1.942
Chad,1981,2.183
Chad,1982,7.102
Chad,1983,2.911
Chad,1984,-0.256
Chad,1985,2.26
Chad,1986,3.704
Chad,1987,3.311
Chad,1988,3.459
Chad,1989,3.324
Chad,1990,2.225
Chad,1991,5.038
Chad,1992,3.481
Chad,1993,1.261
Chad,1994,3.317
Chad,1995,5.45
Chad,1996,3.453
Chad,1997,3.451
Chad,1998,3.43
Chad,1999,3.593
Chad,2000,3.329
Chad,2001,3.416
Chad,2002,3.548
Chad,2003,4.426
Chad,2004,4.482
Chad,2005,3.598
Chad,2006,3.597
Chad,2007,3.298
Chad,2008,3.694
Chad,2009,3.456
Chad,2010,3.465
Chad,2011,3.593
Chad,2012,3.435
Chad,2013,3.699
Chad,2014,3.445
Chad,2015,2.93
Chad,2016,3.341
Chad,2017,3.273
Chad,2018,3.444
Chad,2019,3.003
Chad,2020,3.355
Chad,2021,3.53
Chad,2022,3.385
Chad,2023,5.71
Chad,2024,4.224
Chad,2025,2.627
Chad,2026,2.605
Chad,2027,3.015
Chad,2028,2.96
Chad,2029,2.892
Chad,2030,2.82
Chad,2031,2.799
Chad,2032,2.739
Chad,2033,2.67
Chad,2034,2.582
Chad,2035,2.537
Chad,2036,2.547
Chad,2037,2.476
Chad,2038,2.431
Chad,2039,2.389
Chad,2040,2.282
Chad,2041,2.313
Chad,2042,2.27
Chad,2043,2.241
Chad,2044,2.168
Chad,2045,2.184
Chad,2046,2.119
Chad,2047,2.078
Chad,2048,2.095
Chad,2049,1.999
Chad,2050,1.998
Chad,2051,1.969
Chad,2052,1.935
Chad,2053,1.896
Chad,2054,1.84
Chad,2055,1.839
Chad,2056,1.782
Chad,2057,1.732
Chad,2058,1.71
Chad,2059,1.706
Chad,2060,1.669
Chad,2061,1.572
Chad,2062,1.542
Chad,2063,1.505
Chad,2064,1.506
Chad,2065,1.432
Chad,2066,1.424
Chad,2067,1.319
Chad,2068,1.321
Chad,2069,1.288
Chad,2070,1.264
Chad,2071,1.256
Chad,2072,1.242
Chad,2073,1.188
Chad,2074,1.141
Chad,2075,1.134
Chad,2076,1.097
Chad,2077,1.076
Chad,2078,1.074
Chad,2079,1.038
Chad,2080,0.994
Chad,2081,0.982
Chad,2082,0.893
Chad,2083,0.909
Chad,2084,0.882
Chad,2085,0.86
Chad,2086,0.81
Chad,2087,0.794
Chad,2088,0.735
Chad,2089,0.745
Chad,2090,0.737
Chad,2091,0.676
Chad,2092,0.668
Chad,2093,0.627
Chad,2094,0.573
Chad,2095,0.564
Chad,2096,0.561
Chad,2097,0.554
Chad,2098,0.465
Chad,2099,0.462
Chad,2100,0.458
Chile,1950,1.871
Chile,1951,1.956
Chile,1952,2.009
Chile,1953,2.056
Chile,1954,2.082
Chile,1955,2.1
Chile,1956,2.143
Chile,1957,2.131
Chile,1958,2.128
Chile,1959,2.112
Chile,1960,2.101
Chile,1961,2.062
Chile,1962,2.035
Chile,1963,1.999
Chile,1964,1.939
Chile,1965,1.879
Chile,1966,1.832
Chile,1967,1.778
Chile,1968,1.738
Chile,1969,1.713
Chile,1970,1.669
Chile,1971,1.642
Chile,1972,1.627
Chile,1973,1.603
Chile,1974,1.572
Chile,1975,1.559
Chile,1976,1.541
Chile,1977,1.522
Chile,1978,1.493
Chile,1979,1.476
Chile,1980,1.479
Chile,1981,1.457
Chile,1982,1.459
Chile,1983,1.488
Chile,1984,1.509
Chile,1985,1.54
Chile,1986,1.56
Chile,1987,1.611
Chile,1988,1.635
Chile,1989,1.655
Chile,1990,1.679
Chile,1991,1.647
Chile,1992,1.579
Chile,1993,1.533
Chile,1994,1.479
Chile,1995,1.449
Chile,1996,1.377
Chile,1997,1.299
Chile,1998,1.301
Chile,1999,1.216
Chile,2000,1.177
Chile,2001,1.135
Chile,2002,1.073
Chile,2003,1.02
Chile,2004,0.998
Chile,2005,0.987
Chile,2006,0.966
Chile,2007,0.991
Chile,2008,1.007
Chile,2009,1.011
Chile,2010,0.999
Chile,2011,0.975
Chile,2012,0.945
Chile,2013,0.963
Chile,2014,1.03
Chile,2015,1.013
Chile,2016,1.404
Chile,2017,1.761
Chile,2018,1.809
Chile,2019,1.393
Chile,2020,0.405
Chile,2021,0.478
Chile,2022,0.514
Chile,2023,0.566
Chile,2024,0.509
Chile,2025,0.451
Chile,2026,0.412
Chile,2027,0.391
Chile,2028,0.354
Chile,2029,0.328
Chile,2030,0.301
Chile,2031,0.269
Chile,2032,0.231
Chile,2033,0.194
Chile,2034,0.173
Chile,2035,0.153
Chile,2036,0.131
Chile,2037,0.092
Chile,2038,0.069
Chile,2039,0.04
Chile,2040,0.022
Chile,2041,-0.011
Chile,2042,-0.022
Chile,2043,-0.046
Chile,2044,-0.083
Chile,2045,-0.117
Chile,2046,-0.135
Chile,2047,-0.154
Chile,2048,-0.193
Chile,2049,-0.218
Chile,2050,-0.235
Chile,2051,-0.269
Chile,2052,-0.302
Chile,2053,-0.342
Chile,2054,-0.366
Chile,2055,-0.402
Chile,2056,-0.427
Chile,2057,-0.458
Chile,2058,-0.472
Chile,2059,-0.512
Chile,2060,-0.531
Chile,2061,-0.563
Chile,2062,-0.589
Chile,2063,-0.63
Chile,2064,-0.659
Chile,2065,-0.673
Chile,2066,-0.705
Chile,2067,-0.718
Chile,2068,-0.735
Chile,2069,-0.746
Chile,2070,-0.765
Chile,2071,-0.789
Chile,2072,-0.796
Chile,2073,-0.815
Chile,2074,-0.843
Chile,2075,-0.871
Chile,2076,-0.889
Chile,2077,-0.912
Chile,2078,-0.934
Chile,2079,-0.952
Chile,2080,-0.975
Chile,2081,-0.992
Chile,2082,-0.994
Chile,2083,-1.026
Chile,2084,-1.044
Chile,2085,-1.074
Chile,2086,-1.087
Chile,2087,-1.109
Chile,2088,-1.131
Chile,2089,-1.141
Chile,2090,-1.144
Chile,2091,-1.148
Chile,2092,-1.14
Chile,2093,-1.153
Chile,2094,-1.151
Chile,2095,-1.156
Chile,2096,-1.149
Chile,2097,-1.143
Chile,2098,-1.15
Chile,2099,-1.148
Chile,2100,-1.148
China,1950,1.785
China,1951,1.755
China,1952,2.305
China,1953,2.047
China,1954,2.252
China,1955,2.25
China,1956,2.019
China,1957,2.403
China,1958,1.952
China,1959,0.674
China,1960,-0.032
China,1961,0.329
China,1962,2.473
China,1963,3.289
China,1964,2.551
China,1965,2.662
China,1966,2.521
China,1967,2.435
China,1968,2.745
China,1969,2.596
China,1970,2.614
China,1971,2.37
China,1972,2.225
China,1973,2.106
China,1974,1.874
China,1975,1.609
China,1976,1.48
China,1977,1.333
China,1978,1.323
China,1979,1.404
China,1980,1.439
China,1981,1.5
China,1982,1.654
China,1983,1.379
China,1984,1.474
China,1985,1.56
China,1986,1.7
China,1987,1.793
China,1988,1.65
China,1989,1.684
China,1990,1.742
China,1991,1.223
China,1992,1.119
China,1993,1.02
China,1994,0.924
China,1995,0.909
China,1996,0.856
China,1997,0.794
China,1998,0.764
China,1999,0.722
China,2000,0.765
China,2001,0.671
China,2002,0.599
China,2003,0.587
China,2004,0.581
China,2005,0.632
China,2006,0.589
China,2007,0.585
China,2008,0.62
China,2009,0.681
China,2010,0.661
China,2011,0.62
China,2012,0.738
China,2013,0.643
China,2014,0.65
China,2015,0.526
China,2016,0.605
China,2017,0.575
China,2018,0.366
China,2019,0.269
China,2020,0.094
China,2021,-0.048
China,2022,-0.129
China,2023,-0.236
China,2024,-0.224
China,2025,-0.231
China,2026,-0.219
China,2027,-0.24
China,2028,-0.263
China,2029,-0.285
China,2030,-0.304
China,2031,-0.327
China,2032,-0.347
China,2033,-0.369
China,2034,-0.387
China,2035,-0.405
China,2036,-0.424
China,2037,-0.442
China,2038,-0.457
China,2039,-0.479
China,2040,-0.499
China,2041,-0.521
China,2042,-0.542
China,2043,-0.562
China,2044,-0.587
China,2045,-0.619
China,2046,-0.655
China,2047,-0.69
China,2048,-0.732
China,2049,-0.776
China,2050,-0.819
China,2051,-0.87
China,2052,-0.921
China,2053,-0.966
China,2054,-1.013
China,2055,-1.058
China,2056,-1.1
China,2057,-1.136
China,2058,-1.172
China,2059,-1.202
China,2060,-1.228
China,2061,-1.246
China,2062,-1.262
China,2063,-1.271
China,2064,-1.283
China,2065,-1.286
China,2066,-1.291
China,2067,-1.295
China,2068,-1.296
China,2069,-1.301
China,2070,-1.304
China,2071,-1.312
China,2072,-1.323
China,2073,-1.336
China,2074,-1.349
China,2075,-1.368
China,2076,-1.388
China,2077,-1.41
China,2078,-1.434
China,2079,-1.461
China,2080,-1.485
China,2081,-1.507
China,2082,-1.523
China,2083,-1.541
China,2084,-1.559
China,2085,-1.567
China,2086,-1.572
China,2087,-1.579
China,2088,-1.584
China,2089,-1.586
China,2090,-1.585
China,2091,-1.587
China,2092,-1.593
China,2093,-1.599
China,2094,-1.606
China,2095,-1.616
China,2096,-1.628
China,2097,-1.64
China,2098,-1.653
China,2099,-1.666
China,2100,-1.679
Colombia,1950,2.586
Colombia,1951,2.644
Colombia,1952,2.698
Colombia,1953,2.712
Colombia,1954,2.778
Colombia,1955,2.824
Colombia,1956,2.864
Colombia,1957,2.943
Colombia,1958,2.9
Colombia,1959,3.038
Colombia,1960,3.077
Colombia,1961,3.093
Colombia,1962,3.072
Colombia,1963,3.037
Colombia,1964,2.991
Colombia,1965,2.949
Colombia,1966,2.842
Colombia,1967,2.778
Colombia,1968,2.671
Colombia,1969,2.574
Colombia,1970,2.486
Colombia,1971,2.333
Colombia,1972,2.308
Colombia,1973,2.275
Colombia,1974,2.226
Colombia,1975,2.202
Colombia,1976,2.155
Colombia,1977,2.276
Colombia,1978,2.239
Colombia,1979,2.242
Colombia,1980,2.32
Colombia,1981,2.291
Colombia,1982,2.335
Colombia,1983,2.363
Colombia,1984,2.261
Colombia,1985,2.064
Colombia,1986,2.066
Colombia,1987,2.044
Colombia,1988,2.052
Colombia,1989,2.054
Colombia,1990,2.08
Colombia,1991,1.939
Colombia,1992,2.022
Colombia,1993,1.972
Colombia,1994,1.972
Colombia,1995,1.849
Colombia,1996,1.795
Colombia,1997,1.785
Colombia,1998,1.798
Colombia,1999,1.68
Colombia,2000,1.597
Colombia,2001,1.547
Colombia,2002,1.529
Colombia,2003,1.488
Colombia,2004,1.45
Colombia,2005,1.351
Colombia,2006,1.3
Colombia,2007,1.234
Colombia,2008,1.173
Colombia,2009,1.157
Colombia,2010,1.115
Colombia,2011,1.028
Colombia,2012,0.978
Colombia,2013,0.919
Colombia,2014,0.866
Colombia,2015,0.864
Colombia,2016,1.116
Colombia,2017,1.782
Colombia,2018,1.895
Colombia,2019,1.679
Colombia,2020,1.197
Colombia,2021,0.997
Colombia,2022,1.139
Colombia,2023,1.103
Colombia,2024,1.046
Colombia,2025,0.983
Colombia,2026,0.92
Colombia,2027,0.875
Colombia,2028,0.819
Colombia,2029,0.769
Colombia,2030,0.722
Colombia,2031,0.671
Colombia,2032,0.624
Colombia,2033,0.583
Colombia,2034,0.538
Colombia,2035,0.489
Colombia,2036,0.453
Colombia,2037,0.406
Colombia,2038,0.368
Colombia,2039,0.333
Colombia,2040,0.29
Colombia,2041,0.257
Colombia,2042,0.224
Colombia,2043,0.191
Colombia,2044,0.162
Colombia,2045,0.13
Colombia,2046,0.103
Colombia,2047,0.077
Colombia,2048,0.051
Colombia,2049,0.029
Colombia,2050,0.006
Colombia,2051,-0.014
Colombia,2052,-0.035
Colombia,2053,-0.055
Colombia,2054,-0.075
Colombia,2055,-0.094
Colombia,2056,-0.113
Colombia,2057,-0.132
Colombia,2058,-0.152
Colombia,2059,-0.171
Colombia,2060,-0.19
Colombia,2061,-0.209
Colombia,2062,-0.23
Colombia,2063,-0.249
Colombia,2064,-0.271
Colombia,2065,-0.291
Colombia,2066,-0.315
Colombia,2067,-0.337
Colombia,2068,-0.359
Colombia,2069,-0.381
Colombia,2070,-0.405
Colombia,2071,-0.427
Colombia,2072,-0.45
Colombia,2073,-0.471
Colombia,2074,-0.494
Colombia,2075,-0.515
Colombia,2076,-0.537
Colombia,2077,-0.558
Colombia,2078,-0.579
Colombia,2079,-0.596
Colombia,2080,-0.615
Colombia,2081,-0.631
Colombia,2082,-0.649
Colombia,2083,-0.663
Colombia,2084,-0.677
Colombia,2085,-0.69
Colombia,2086,-0.702
Colombia,2087,-0.713
Colombia,2088,-0.723
Colombia,2089,-0.729
Colombia,2090,-0.734
Colombia,2091,-0.737
Colombia,2092,-0.74
Colombia,2093,-0.742
Colombia,2094,-0.743
Colombia,2095,-0.739
Colombia,2096,-0.734
Colombia,2097,-0.734
Colombia,2098,-0.732
Colombia,2099,-0.727
Colombia,2100,-0.722
Comoros,1950,2.444
Comoros,1951,1.953
Comoros,1952,2.163
Comoros,1953,2.082
Comoros,1954,1.977
Comoros,1955,1.901
Comoros,1956,1.82
Comoros,1957,2.084
Comoros,1958,2.155
Comoros,1959,1.719
Comoros,1960,1.765
Comoros,1961,1.746
Comoros,1962,1.704
Comoros,1963,1.671
Comoros,1964,1.625
Comoros,1965,1.491
Comoros,1966,1.914
Comoros,1967,2.773
Comoros,1968,2.851
Comoros,1969,2.933
Comoros,1970,3.038
Comoros,1971,3.154
Comoros,1972,3.26
Comoros,1973,3.351
Comoros,1974,3.418
Comoros,1975,3.383
Comoros,1976,3.348
Comoros,1977,3.291
Comoros,1978,3.179
Comoros,1979,3.084
Comoros,1980,2.888
Comoros,1981,2.755
Comoros,1982,2.784
Comoros,1983,2.79
Comoros,1984,2.797
Comoros,1985,2.799
Comoros,1986,2.77
Comoros,1987,2.724
Comoros,1988,2.683
Comoros,1989,2.66
Comoros,1990,2.58
Comoros,1991,2.294
Comoros,1992,1.863
Comoros,1993,1.789
Comoros,1994,1.752
Comoros,1995,1.721
Comoros,1996,1.723
Comoros,1997,1.721
Comoros,1998,1.723
Comoros,1999,1.841
Comoros,2000,1.997
Comoros,2001,2.115
Comoros,2002,2.117
Comoros,2003,1.74
Comoros,2004,2.049
Comoros,2005,2.033
Comoros,2006,2.002
Comoros,2007,1.985
Comoros,2008,1.989
Comoros,2009,1.988
Comoros,2010,1.987
Comoros,2011,2.01
Comoros,2012,2.013
Comoros,2013,2.213
Comoros,2014,2.139
Comoros,2015,2.084
Comoros,2016,2.019
Comoros,2017,1.967
Comoros,2018,1.939
Comoros,2019,1.909
Comoros,2020,2.014
Comoros,2021,1.94
Comoros,2022,1.937
Comoros,2023,1.91
Comoros,2024,1.874
Comoros,2025,1.835
Comoros,2026,1.794
Comoros,2027,1.77
Comoros,2028,1.752
Comoros,2029,1.734
Comoros,2030,1.709
Comoros,2031,1.687
Comoros,2032,1.665
Comoros,2033,1.659
Comoros,2034,1.629
Comoros,2035,1.622
Comoros,2036,1.614
Comoros,2037,1.582
Comoros,2038,1.564
Comoros,2039,1.555
Comoros,2040,1.531
Comoros,2041,1.51
Comoros,2042,1.484
Comoros,2043,1.48
Comoros,2044,1.464
Comoros,2045,1.428
Comoros,2046,1.399
Comoros,2047,1.369
Comoros,2048,1.372
Comoros,2049,1.333
Comoros,2050,1.314
Comoros,2051,1.289
Comoros,2052,1.267
Comoros,2053,1.225
Comoros,2054,1.198
Comoros,2055,1.174
Comoros,2056,1.144
Comoros,2057,1.118
Comoros,2058,1.095
Comoros,2059,1.075
Comoros,2060,1.055
Comoros,2061,1.034
Comoros,2062,0.995
Comoros,2063,0.983
Comoros,2064,0.964
Comoros,2065,0.941
Comoros,2066,0.928
Comoros,2067,0.912
Comoros,2068,0.886
Comoros,2069,0.861
Comoros,2070,0.834
Comoros,2071,0.833
Comoros,2072,0.807
Comoros,2073,0.789
Comoros,2074,0.769
Comoros,2075,0.759
Comoros,2076,0.74
Comoros,2077,0.71
Comoros,2078,0.693
Comoros,2079,0.661
Comoros,2080,0.648
Comoros,2081,0.628
Comoros,2082,0.615
Comoros,2083,0.604
Comoros,2084,0.574
Comoros,2085,0.548
Comoros,2086,0.537
Comoros,2087,0.508
Comoros,2088,0.497
Comoros,2089,0.479
Comoros,2090,0.461
Comoros,2091,0.441
Comoros,2092,0.418
Comoros,2093,0.396
Comoros,2094,0.387
Comoros,2095,0.374
Comoros,2096,0.347
Comoros,2097,0.339
Comoros,2098,0.314
Comoros,2099,0.3
Comoros,2100,0.282
Congo,1950,2.16
Congo,1951,2.191
Congo,1952,2.222
Congo,1953,2.261
Congo,1954,2.292
Congo,1955,2.344
Congo,1956,2.391
Congo,1957,2.435
Congo,1958,2.488
Congo,1959,2.53
Congo,1960,2.563
Congo,1961,2.603
Congo,1962,2.636
Congo,1963,2.697
Congo,1964,2.747
Congo,1965,2.803
Congo,1966,2.853
Congo,1967,2.883
Congo,1968,2.947
Congo,1969,2.989
Congo,1970,3.032
Congo,1971,3.083
Congo,1972,3.124
Congo,1973,3.129
Congo,1974,3.113
Congo,1975,2.472
Congo,1976,2.41
Congo,1977,2.372
Congo,1978,2.319
Congo,1979,2.255
Congo,1980,2.219
Congo,1981,2.191
Congo,1982,2.114
Congo,1983,2.02
Congo,1984,2.952
Congo,1985,2.941
Congo,1986,2.925
Congo,1987,2.918
Congo,1988,2.876
Congo,1989,2.903
Congo,1990,2.808
Congo,1991,2.879
Congo,1992,2.777
Congo,1993,3.135
Congo,1994,2.795
Congo,1995,2.835
Congo,1996,2.714
Congo,1997,1.574
Congo,1998,2.81
Congo,1999,2.594
Congo,2000,5.024
Congo,2001,2.57
Congo,2002,2.16
Congo,2003,3.413
Congo,2004,3.422
Congo,2005,3.779
Congo,2006,3.71
Congo,2007,3.61
Congo,2008,2.978
Congo,2009,4.974
Congo,2010,3.344
Congo,2011,3.16
Congo,2012,2.443
Congo,2013,2.419
Congo,2014,2.413
Congo,2015,2.419
Congo,2016,2.424
Congo,2017,2.436
Congo,2018,2.441
Congo,2019,2.372
Congo,2020,2.417
Congo,2021,2.372
Congo,2022,2.421
Congo,2023,2.418
Congo,2024,2.379
Congo,2025,2.349
Congo,2026,2.326
Congo,2027,2.335
Congo,2028,2.312
Congo,2029,2.308
Congo,2030,2.299
Congo,2031,2.32
Congo,2032,2.298
Congo,2033,2.279
Congo,2034,2.241
Congo,2035,2.205
Congo,2036,2.183
Congo,2037,2.16
Congo,2038,2.132
Congo,2039,2.104
Congo,2040,2.074
Congo,2041,2.081
Congo,2042,2.02
Congo,2043,1.997
Congo,2044,1.933
Congo,2045,1.916
Congo,2046,1.882
Congo,2047,1.865
Congo,2048,1.812
Congo,2049,1.776
Congo,2050,1.759
Congo,2051,1.735
Congo,2052,1.701
Congo,2053,1.679
Congo,2054,1.66
Congo,2055,1.606
Congo,2056,1.591
Congo,2057,1.565
Congo,2058,1.55
Congo,2059,1.54
Congo,2060,1.522
Congo,2061,1.509
Congo,2062,1.514
Congo,2063,1.468
Congo,2064,1.436
Congo,2065,1.42
Congo,2066,1.41
Congo,2067,1.358
Congo,2068,1.349
Congo,2069,1.348
Congo,2070,1.3
Congo,2071,1.284
Congo,2072,1.259
Congo,2073,1.238
Congo,2074,1.198
Congo,2075,1.189
Congo,2076,1.137
Congo,2077,1.124
Congo,2078,1.119
Congo,2079,1.08
Congo,2080,1.075
Congo,2081,1.033
Congo,2082,1.051
Congo,2083,1.016
Congo,2084,0.996
Congo,2085,0.961
Congo,2086,0.963
Congo,2087,0.942
Congo,2088,0.936
Congo,2089,0.89
Congo,2090,0.881
Congo,2091,0.859
Congo,2092,0.843
Congo,2093,0.809
Congo,2094,0.788
Congo,2095,0.773
Congo,2096,0.76
Congo,2097,0.74
Congo,2098,0.732
Congo,2099,0.701
Congo,2100,0.684
Cook Islands,1950,2.757
Cook Islands,1951,2.112
Cook Islands,1952,1.649
Cook Islands,1953,1.82
Cook Islands,1954,1.731
Cook Islands,1955,1.763
Cook Islands,1956,1.503
Cook Islands,1957,1.558
Cook Islands,1958,1.78
Cook Islands,1959,2.007
Cook Islands,1960,2.214
Cook Islands,1961,2.012
Cook Islands,1962,0.7
Cook Islands,1963,0.809
Cook Islands,1964,0.952
Cook Islands,1965,1.124
Cook Islands,1966,1.367
Cook Islands,1967,1.878
Cook Islands,1968,1.879
Cook Islands,1969,2.027
Cook Islands,1970,1.987
Cook Islands,1971,1.696
Cook Islands,1972,-2.663
Cook Islands,1973,-3.022
Cook Islands,1974,-3.324
Cook Islands,1975,-3.562
Cook Islands,1976,-3.42
Cook Islands,1977,-0.285
Cook Islands,1978,-0.398
Cook Islands,1979,-0.405
Cook Islands,1980,-0.514
Cook Islands,1981,-0.528
Cook Islands,1982,-0.996
Cook Islands,1983,-1.21
Cook Islands,1984,-1.319
Cook Islands,1985,-1.402
Cook Islands,1986,-1.355
Cook Islands,1987,1.068
Cook Islands,1988,1.033
Cook Islands,1989,1.093
Cook Islands,1990,1.122
Cook Islands,1991,1.08
Cook Islands,1992,0.773
Cook Islands,1993,0.608
Cook Islands,1994,0.497
Cook Islands,1995,0.54
Cook Islands,1996,0.297
Cook Islands,1997,-2.951
Cook Islands,1998,-3.314
Cook Islands,1999,-3.792
Cook Islands,2000,-3.993
Cook Islands,2001,-3.978
Cook Islands,2002,0.474
Cook Islands,2003,0.319
Cook Islands,2004,0.352
Cook Islands,2005,0.363
Cook Islands,2006,0.618
Cook Islands,2007,3.124
Cook Islands,2008,3.054
Cook Islands,2009,3.035
Cook Islands,2010,2.957
Cook Islands,2011,2.613
Cook Islands,2012,-0.249
Cook Islands,2013,-0.386
Cook Islands,2014,-0.439
Cook Islands,2015,-0.55
Cook Islands,2016,-0.756
Cook Islands,2017,-2.581
Cook Islands,2018,-2.778
Cook Islands,2019,-2.939
Cook Islands,2020,-3.177
Cook Islands,2021,-2.799
Cook Islands,2022,-3.349
Cook Islands,2023,-3.586
Cook Islands,2024,-3.467
Cook Islands,2025,-3.438
Cook Islands,2026,-3.259
Cook Islands,2027,-2.944
Cook Islands,2028,-2.714
Cook Islands,2029,-2.548
Cook Islands,2030,-2.218
Cook Islands,2031,-1.909
Cook Islands,2032,-1.764
Cook Islands,2033,-1.628
Cook Islands,2034,-1.495
Cook Islands,2035,-1.585
Cook Islands,2036,-1.319
Cook Islands,2037,-1.101
Cook Islands,2038,-1.213
Cook Islands,2039,-0.807
Cook Islands,2040,-1.076
Cook Islands,2041,-0.69
Cook Islands,2042,-0.541
Cook Islands,2043,-0.585
Cook Islands,2044,-0.609
Cook Islands,2045,-0.634
Cook Islands,2046,-0.533
Cook Islands,2047,-0.694
Cook Islands,2048,-0.508
Cook Islands,2049,-0.67
Cook Islands,2050,-0.643
Cook Islands,2051,-0.668
Cook Islands,2052,-0.749
Cook Islands,2053,-0.81
Cook Islands,2054,-0.772
Cook Islands,2055,-0.845
Cook Islands,2056,-0.796
Cook Islands,2057,-0.791
Cook Islands,2058,-0.809
Cook Islands,2059,-0.746
Cook Islands,2060,-0.798
Cook Islands,2061,-0.84
Cook Islands,2062,-0.693
Cook Islands,2063,-0.615
Cook Islands,2064,-0.571
Cook Islands,2065,-0.611
Cook Islands,2066,-0.445
Cook Islands,2067,-0.459
Cook Islands,2068,-0.218
Cook Islands,2069,-0.377
Cook Islands,2070,-0.317
Cook Islands,2071,-0.098
Cook Islands,2072,-0.098
Cook Islands,2073,-0.037
Cook Islands,2074,-0.037
Cook Islands,2075,-0.049
Cook Islands,2076,-0.025
Cook Islands,2077,0.012
Cook Islands,2078,0.037
Cook Islands,2079,0.074
Cook Islands,2080,0.012
Cook Islands,2081,0.025
Cook Islands,2082,0.024
Cook Islands,2083,0.037
Cook Islands,2084,0.037
Cook Islands,2085,-0.024
Cook Islands,2086,0.012
Cook Islands,2087,-0.073
Cook Islands,2088,-0.098
Cook Islands,2089,-0.16
Cook Islands,2090,-0.098
Cook Islands,2091,-0.234
Cook Islands,2092,-0.247
Cook Islands,2093,-0.173
Cook Islands,2094,-0.26
Cook Islands,2095,-0.36
Cook Islands,2096,-0.299
Cook Islands,2097,-0.275
Cook Islands,2098,-0.376
Cook Islands,2099,-0.479
Cook Islands,2100,-0.367
Costa Rica,1950,3.32
Costa Rica,1951,3.396
Costa Rica,1952,3.452
Costa Rica,1953,3.525
Costa Rica,1954,3.574
Costa Rica,1955,3.611
Costa Rica,1956,3.652
Costa Rica,1957,3.692
Costa Rica,1958,3.738
Costa Rica,1959,3.758
Costa Rica,1960,3.75
Costa Rica,1961,3.707
Costa Rica,1962,3.636
Costa Rica,1963,3.533
Costa Rica,1964,3.414
Costa Rica,1965,3.287
Costa Rica,1966,3.155
Costa Rica,1967,3.026
Costa Rica,1968,2.833
Costa Rica,1969,2.783
Costa Rica,1970,2.694
Costa Rica,1971,2.628
Costa Rica,1972,2.569
Costa Rica,1973,2.535
Costa Rica,1974,2.559
Costa Rica,1975,2.579
Costa Rica,1976,2.615
Costa Rica,1977,2.646
Costa Rica,1978,2.677
Costa Rica,1979,2.723
Costa Rica,1980,2.717
Costa Rica,1981,2.73
Costa Rica,1982,2.744
Costa Rica,1983,2.752
Costa Rica,1984,2.754
Costa Rica,1985,2.74
Costa Rica,1986,2.681
Costa Rica,1987,2.608
Costa Rica,1988,2.539
Costa Rica,1989,2.5
Costa Rica,1990,2.552
Costa Rica,1991,2.538
Costa Rica,1992,2.524
Costa Rica,1993,2.479
Costa Rica,1994,2.432
Costa Rica,1995,2.382
Costa Rica,1996,2.307
Costa Rica,1997,2.213
Costa Rica,1998,2.124
Costa Rica,1999,2.024
Costa Rica,2000,1.856
Costa Rica,2001,1.729
Costa Rica,2002,1.575
Costa Rica,2003,1.497
Costa Rica,2004,1.443
Costa Rica,2005,1.448
Costa Rica,2006,1.354
Costa Rica,2007,1.354
Costa Rica,2008,1.358
Costa Rica,2009,1.315
Costa Rica,2010,1.167
Costa Rica,2011,1.184
Costa Rica,2012,1.15
Costa Rica,2013,1.077
Costa Rica,2014,1.073
Costa Rica,2015,1.052
Costa Rica,2016,0.97
Costa Rica,2017,0.919
Costa Rica,2018,0.89
Costa Rica,2019,0.787
Costa Rica,2020,0.6
Costa Rica,2021,0.418
Costa Rica,2022,0.441
Costa Rica,2023,0.492
Costa Rica,2024,0.461
Costa Rica,2025,0.435
Costa Rica,2026,0.411
Costa Rica,2027,0.39
Costa Rica,2028,0.367
Costa Rica,2029,0.346
Costa Rica,2030,0.326
Costa Rica,2031,0.307
Costa Rica,2032,0.287
Costa Rica,2033,0.269
Costa Rica,2034,0.246
Costa Rica,2035,0.225
Costa Rica,2036,0.204
Costa Rica,2037,0.181
Costa Rica,2038,0.16
Costa Rica,2039,0.133
Costa Rica,2040,0.107
Costa Rica,2041,0.084
Costa Rica,2042,0.055
Costa Rica,2043,0.028
Costa Rica,2044,0.002
Costa Rica,2045,-0.028
Costa Rica,2046,-0.056
Costa Rica,2047,-0.085
Costa Rica,2048,-0.115
Costa Rica,2049,-0.143
Costa Rica,2050,-0.174
Costa Rica,2051,-0.203
Costa Rica,2052,-0.235
Costa Rica,2053,-0.265
Costa Rica,2054,-0.291
Costa Rica,2055,-0.317
Costa Rica,2056,-0.344
Costa Rica,2057,-0.367
Costa Rica,2058,-0.39
Costa Rica,2059,-0.412
Costa Rica,2060,-0.437
Costa Rica,2061,-0.455
Costa Rica,2062,-0.472
Costa Rica,2063,-0.495
Costa Rica,2064,-0.511
Costa Rica,2065,-0.531
Costa Rica,2066,-0.547
Costa Rica,2067,-0.563
Costa Rica,2068,-0.584
Costa Rica,2069,-0.607
Costa Rica,2070,-0.626
Costa Rica,2071,-0.647
Costa Rica,2072,-0.669
Costa Rica,2073,-0.692
Costa Rica,2074,-0.715
Costa Rica,2075,-0.735
Costa Rica,2076,-0.756
Costa Rica,2077,-0.779
Costa Rica,2078,-0.8
Costa Rica,2079,-0.821
Costa Rica,2080,-0.839
Costa Rica,2081,-0.86
Costa Rica,2082,-0.877
Costa Rica,2083,-0.893
Costa Rica,2084,-0.909
Costa Rica,2085,-0.925
Costa Rica,2086,-0.938
Costa Rica,2087,-0.95
Costa Rica,2088,-0.959
Costa Rica,2089,-0.969
Costa Rica,2090,-0.978
Costa Rica,2091,-0.985
Costa Rica,2092,-0.989
Costa Rica,2093,-0.993
Costa Rica,2094,-0.994
Costa Rica,2095,-0.998
Costa Rica,2096,-0.999
Costa Rica,2097,-1
Costa Rica,2098,-0.999
Costa Rica,2099,-1
Costa Rica,2100,-1.003
Cote d'Ivoire,1950,2.681
Cote d'Ivoire,1951,2.671
Cote d'Ivoire,1952,2.691
Cote d'Ivoire,1953,2.738
Cote d'Ivoire,1954,2.809
Cote d'Ivoire,1955,2.888
Cote d'Ivoire,1956,2.978
Cote d'Ivoire,1957,3.074
Cote d'Ivoire,1958,3.181
Cote d'Ivoire,1959,3.338
Cote d'Ivoire,1960,3.566
Cote d'Ivoire,1961,3.727
Cote d'Ivoire,1962,3.832
Cote d'Ivoire,1963,3.859
Cote d'Ivoire,1964,3.864
Cote d'Ivoire,1965,3.866
Cote d'Ivoire,1966,3.868
Cote d'Ivoire,1967,3.873
Cote d'Ivoire,1968,3.902
Cote d'Ivoire,1969,4.04
Cote d'Ivoire,1970,4.232
Cote d'Ivoire,1971,4.418
Cote d'Ivoire,1972,4.537
Cote d'Ivoire,1973,4.567
Cote d'Ivoire,1974,4.57
Cote d'Ivoire,1975,4.556
Cote d'Ivoire,1976,3.609
Cote d'Ivoire,1977,3.733
Cote d'Ivoire,1978,3.802
Cote d'Ivoire,1979,3.914
Cote d'Ivoire,1980,3.986
Cote d'Ivoire,1981,4.022
Cote d'Ivoire,1982,4.026
Cote d'Ivoire,1983,4.002
Cote d'Ivoire,1984,3.985
Cote d'Ivoire,1985,3.939
Cote d'Ivoire,1986,3.884
Cote d'Ivoire,1987,3.831
Cote d'Ivoire,1988,3.83
Cote d'Ivoire,1989,3.903
Cote d'Ivoire,1990,3.96
Cote d'Ivoire,1991,3.987
Cote d'Ivoire,1992,3.995
Cote d'Ivoire,1993,3.961
Cote d'Ivoire,1994,3.91
Cote d'Ivoire,1995,3.893
Cote d'Ivoire,1996,3.855
Cote d'Ivoire,1997,3.829
Cote d'Ivoire,1998,3.716
Cote d'Ivoire,1999,2.816
Cote d'Ivoire,2000,2.719
Cote d'Ivoire,2001,2.632
Cote d'Ivoire,2002,2.537
Cote d'Ivoire,2003,2.449
Cote d'Ivoire,2004,2.402
Cote d'Ivoire,2005,2.374
Cote d'Ivoire,2006,2.338
Cote d'Ivoire,2007,2.317
Cote d'Ivoire,2008,2.234
Cote d'Ivoire,2009,2.211
Cote d'Ivoire,2010,2.196
Cote d'Ivoire,2011,2.15
Cote d'Ivoire,2012,2.029
Cote d'Ivoire,2013,1.96
Cote d'Ivoire,2014,2.879
Cote d'Ivoire,2015,2.899
Cote d'Ivoire,2016,2.902
Cote d'Ivoire,2017,2.745
Cote d'Ivoire,2018,2.65
Cote d'Ivoire,2019,2.589
Cote d'Ivoire,2020,2.473
Cote d'Ivoire,2021,2.475
Cote d'Ivoire,2022,2.557
Cote d'Ivoire,2023,2.452
Cote d'Ivoire,2024,2.42
Cote d'Ivoire,2025,2.39
Cote d'Ivoire,2026,2.34
Cote d'Ivoire,2027,2.304
Cote d'Ivoire,2028,2.287
Cote d'Ivoire,2029,2.259
Cote d'Ivoire,2030,2.236
Cote d'Ivoire,2031,2.239
Cote d'Ivoire,2032,2.226
Cote d'Ivoire,2033,2.245
Cote d'Ivoire,2034,2.232
Cote d'Ivoire,2035,2.209
Cote d'Ivoire,2036,2.2
Cote d'Ivoire,2037,2.193
Cote d'Ivoire,2038,2.164
Cote d'Ivoire,2039,2.145
Cote d'Ivoire,2040,2.121
Cote d'Ivoire,2041,2.091
Cote d'Ivoire,2042,2.081
Cote d'Ivoire,2043,2.063
Cote d'Ivoire,2044,2.037
Cote d'Ivoire,2045,1.975
Cote d'Ivoire,2046,1.938
Cote d'Ivoire,2047,1.905
Cote d'Ivoire,2048,1.887
Cote d'Ivoire,2049,1.834
Cote d'Ivoire,2050,1.814
Cote d'Ivoire,2051,1.786
Cote d'Ivoire,2052,1.752
Cote d'Ivoire,2053,1.717
Cote d'Ivoire,2054,1.705
Cote d'Ivoire,2055,1.672
Cote d'Ivoire,2056,1.625
Cote d'Ivoire,2057,1.601
Cote d'Ivoire,2058,1.594
Cote d'Ivoire,2059,1.552
Cote d'Ivoire,2060,1.525
Cote d'Ivoire,2061,1.523
Cote d'Ivoire,2062,1.492
Cote d'Ivoire,2063,1.49
Cote d'Ivoire,2064,1.469
Cote d'Ivoire,2065,1.463
Cote d'Ivoire,2066,1.462
Cote d'Ivoire,2067,1.421
Cote d'Ivoire,2068,1.413
Cote d'Ivoire,2069,1.367
Cote d'Ivoire,2070,1.35
Cote d'Ivoire,2071,1.33
Cote d'Ivoire,2072,1.29
Cote d'Ivoire,2073,1.271
Cote d'Ivoire,2074,1.251
Cote d'Ivoire,2075,1.253
Cote d'Ivoire,2076,1.208
Cote d'Ivoire,2077,1.191
Cote d'Ivoire,2078,1.172
Cote d'Ivoire,2079,1.144
Cote d'Ivoire,2080,1.132
Cote d'Ivoire,2081,1.116
Cote d'Ivoire,2082,1.091
Cote d'Ivoire,2083,1.076
Cote d'Ivoire,2084,1.024
Cote d'Ivoire,2085,1.023
Cote d'Ivoire,2086,1.018
Cote d'Ivoire,2087,0.992
Cote d'Ivoire,2088,0.972
Cote d'Ivoire,2089,0.972
Cote d'Ivoire,2090,0.959
Cote d'Ivoire,2091,0.945
Cote d'Ivoire,2092,0.921
Cote d'Ivoire,2093,0.882
Cote d'Ivoire,2094,0.871
Cote d'Ivoire,2095,0.846
Cote d'Ivoire,2096,0.827
Cote d'Ivoire,2097,0.796
Cote d'Ivoire,2098,0.793
Cote d'Ivoire,2099,0.772
Cote d'Ivoire,2100,0.754
Croatia,1950,1.287
Croatia,1951,1.115
Croatia,1952,1.209
Croatia,1953,1.237
Croatia,1954,0.85
Croatia,1955,0.755
Croatia,1956,0.68
Croatia,1957,0.609
Croatia,1958,0.547
Croatia,1959,0.479
Croatia,1960,0.388
Croatia,1961,0.711
Croatia,1962,0.779
Croatia,1963,0.731
Croatia,1964,0.686
Croatia,1965,0.65
Croatia,1966,0.616
Croatia,1967,0.568
Croatia,1968,0.5
Croatia,1969,0.43
Croatia,1970,0.388
Croatia,1971,0.394
Croatia,1972,0.396
Croatia,1973,0.397
Croatia,1974,0.407
Croatia,1975,0.419
Croatia,1976,0.415
Croatia,1977,0.409
Croatia,1978,0.391
Croatia,1979,0.386
Croatia,1980,0.345
Croatia,1981,0.53
Croatia,1982,0.535
Croatia,1983,0.475
Croatia,1984,0.44
Croatia,1985,0.406
Croatia,1986,0.37
Croatia,1987,0.347
Croatia,1988,0.312
Croatia,1989,0.298
Croatia,1990,0.295
Croatia,1991,-0.707
Croatia,1992,-1.082
Croatia,1993,-1.125
Croatia,1994,-1.181
Croatia,1995,-1.236
Croatia,1996,-1.25
Croatia,1997,-1.294
Croatia,1998,-1.341
Croatia,1999,-1.37
Croatia,2000,-1.372
Croatia,2001,0.216
Croatia,2002,0.003
Croatia,2003,0.039
Croatia,2004,0.117
Croatia,2005,0.063
Croatia,2006,0.023
Croatia,2007,-0.016
Croatia,2008,-0.046
Croatia,2009,-0.145
Croatia,2010,-0.291
Croatia,2011,-0.657
Croatia,2012,-0.354
Croatia,2013,-0.439
Croatia,2014,-0.645
Croatia,2015,-1.058
Croatia,2016,-1.216
Croatia,2017,-1.574
Croatia,2018,-1.105
Croatia,2019,-0.818
Croatia,2020,-0.813
Croatia,2021,-0.676
Croatia,2022,-0.221
Croatia,2023,-0.343
Croatia,2024,-0.723
Croatia,2025,-0.684
Croatia,2026,-0.662
Croatia,2027,-0.65
Croatia,2028,-0.621
Croatia,2029,-0.639
Croatia,2030,-0.635
Croatia,2031,-0.662
Croatia,2032,-0.651
Croatia,2033,-0.642
Croatia,2034,-0.648
Croatia,2035,-0.627
Croatia,2036,-0.644
Croatia,2037,-0.678
Croatia,2038,-0.683
Croatia,2039,-0.686
Croatia,2040,-0.696
Croatia,2041,-0.715
Croatia,2042,-0.724
Croatia,2043,-0.734
Croatia,2044,-0.759
Croatia,2045,-0.759
Croatia,2046,-0.76
Croatia,2047,-0.782
Croatia,2048,-0.787
Croatia,2049,-0.794
Croatia,2050,-0.805
Croatia,2051,-0.805
Croatia,2052,-0.8
Croatia,2053,-0.814
Croatia,2054,-0.812
Croatia,2055,-0.823
Croatia,2056,-0.84
Croatia,2057,-0.832
Croatia,2058,-0.845
Croatia,2059,-0.845
Croatia,2060,-0.856
Croatia,2061,-0.858
Croatia,2062,-0.859
Croatia,2063,-0.858
Croatia,2064,-0.838
Croatia,2065,-0.85
Croatia,2066,-0.856
Croatia,2067,-0.851
Croatia,2068,-0.857
Croatia,2069,-0.843
Croatia,2070,-0.814
Croatia,2071,-0.828
Croatia,2072,-0.84
Croatia,2073,-0.826
Croatia,2074,-0.823
Croatia,2075,-0.836
Croatia,2076,-0.832
Croatia,2077,-0.834
Croatia,2078,-0.821
Croatia,2079,-0.821
Croatia,2080,-0.809
Croatia,2081,-0.802
Croatia,2082,-0.806
Croatia,2083,-0.8
Croatia,2084,-0.805
Croatia,2085,-0.797
Croatia,2086,-0.791
Croatia,2087,-0.79
Croatia,2088,-0.808
Croatia,2089,-0.805
Croatia,2090,-0.792
Croatia,2091,-0.807
Croatia,2092,-0.814
Croatia,2093,-0.813
Croatia,2094,-0.828
Croatia,2095,-0.828
Croatia,2096,-0.833
Croatia,2097,-0.82
Croatia,2098,-0.828
Croatia,2099,-0.826
Croatia,2100,-0.824
Cuba,1950,1.979
Cuba,1951,1.956
Cuba,1952,1.976
Cuba,1953,1.994
Cuba,1954,2.009
Cuba,1955,2.012
Cuba,1956,2.011
Cuba,1957,2.013
Cuba,1958,2.015
Cuba,1959,2.031
Cuba,1960,2.037
Cuba,1961,2.039
Cuba,1962,2.086
Cuba,1963,2.127
Cuba,1964,2.097
Cuba,1965,2.05
Cuba,1966,1.961
Cuba,1967,1.888
Cuba,1968,1.835
Cuba,1969,1.825
Cuba,1970,1.783
Cuba,1971,1.693
Cuba,1972,1.508
Cuba,1973,1.354
Cuba,1974,1.199
Cuba,1975,1.041
Cuba,1976,0.881
Cuba,1977,0.726
Cuba,1978,0.587
Cuba,1979,0.468
Cuba,1980,0.379
Cuba,1981,0.527
Cuba,1982,0.755
Cuba,1983,0.819
Cuba,1984,0.821
Cuba,1985,0.839
Cuba,1986,0.867
Cuba,1987,0.903
Cuba,1988,0.97
Cuba,1989,0.951
Cuba,1990,0.912
Cuba,1991,0.697
Cuba,1992,0.571
Cuba,1993,0.451
Cuba,1994,0.378
Cuba,1995,0.344
Cuba,1996,0.326
Cuba,1997,0.328
Cuba,1998,0.339
Cuba,1999,0.34
Cuba,2000,0.325
Cuba,2001,0.304
Cuba,2002,0.292
Cuba,2003,0.279
Cuba,2004,0.245
Cuba,2005,0.178
Cuba,2006,0.105
Cuba,2007,0.049
Cuba,2008,0.03
Cuba,2009,0.022
Cuba,2010,0.026
Cuba,2011,0.048
Cuba,2012,-0.02
Cuba,2013,-0.069
Cuba,2014,-0.151
Cuba,2015,-0.039
Cuba,2016,-0.129
Cuba,2017,-0.187
Cuba,2018,-0.181
Cuba,2019,-0.252
Cuba,2020,-0.222
Cuba,2021,-0.752
Cuba,2022,-0.372
Cuba,2023,-0.351
Cuba,2024,-0.379
Cuba,2025,-0.398
Cuba,2026,-0.418
Cuba,2027,-0.427
Cuba,2028,-0.443
Cuba,2029,-0.461
Cuba,2030,-0.473
Cuba,2031,-0.485
Cuba,2032,-0.5
Cuba,2033,-0.518
Cuba,2034,-0.534
Cuba,2035,-0.547
Cuba,2036,-0.565
Cuba,2037,-0.587
Cuba,2038,-0.602
Cuba,2039,-0.626
Cuba,2040,-0.647
Cuba,2041,-0.672
Cuba,2042,-0.693
Cuba,2043,-0.718
Cuba,2044,-0.738
Cuba,2045,-0.762
Cuba,2046,-0.787
Cuba,2047,-0.81
Cuba,2048,-0.83
Cuba,2049,-0.858
Cuba,2050,-0.881
Cuba,2051,-0.906
Cuba,2052,-0.931
Cuba,2053,-0.956
Cuba,2054,-0.981
Cuba,2055,-0.997
Cuba,2056,-1.016
Cuba,2057,-1.027
Cuba,2058,-1.039
Cuba,2059,-1.05
Cuba,2060,-1.057
Cuba,2061,-1.057
Cuba,2062,-1.057
Cuba,2063,-1.051
Cuba,2064,-1.048
Cuba,2065,-1.042
Cuba,2066,-1.033
Cuba,2067,-1.027
Cuba,2068,-1.018
Cuba,2069,-1.013
Cuba,2070,-1.007
Cuba,2071,-0.998
Cuba,2072,-1
Cuba,2073,-0.997
Cuba,2074,-1.001
Cuba,2075,-1.004
Cuba,2076,-1.01
Cuba,2077,-1.022
Cuba,2078,-1.03
Cuba,2079,-1.04
Cuba,2080,-1.051
Cuba,2081,-1.06
Cuba,2082,-1.071
Cuba,2083,-1.076
Cuba,2084,-1.083
Cuba,2085,-1.091
Cuba,2086,-1.094
Cuba,2087,-1.093
Cuba,2088,-1.091
Cuba,2089,-1.093
Cuba,2090,-1.089
Cuba,2091,-1.084
Cuba,2092,-1.084
Cuba,2093,-1.084
Cuba,2094,-1.079
Cuba,2095,-1.081
Cuba,2096,-1.078
Cuba,2097,-1.077
Cuba,2098,-1.077
Cuba,2099,-1.078
Cuba,2100,-1.077
Curacao,1950,2.525
Curacao,1951,2.593
Curacao,1952,2.636
Curacao,1953,2.644
Curacao,1954,2.684
Curacao,1955,2.718
Curacao,1956,2.72
Curacao,1957,2.718
Curacao,1958,2.728
Curacao,1959,2.695
Curacao,1960,1.511
Curacao,1961,1.655
Curacao,1962,1.539
Curacao,1963,1.469
Curacao,1964,1.406
Curacao,1965,1.329
Curacao,1966,1.258
Curacao,1967,1.194
Curacao,1968,1.117
Curacao,1969,1.036
Curacao,1970,0.924
Curacao,1971,0.815
Curacao,1972,0.626
Curacao,1973,0.413
Curacao,1974,0.361
Curacao,1975,0.308
Curacao,1976,0.24
Curacao,1977,0.205
Curacao,1978,0.161
Curacao,1979,0.127
Curacao,1980,0.106
Curacao,1981,0.066
Curacao,1982,-0.004
Curacao,1983,-0.017
Curacao,1984,-0.042
Curacao,1985,-0.063
Curacao,1986,-0.075
Curacao,1987,-0.114
Curacao,1988,-0.132
Curacao,1989,-0.165
Curacao,1990,-0.192
Curacao,1991,-0.184
Curacao,1992,-0.283
Curacao,1993,-0.481
Curacao,1994,-0.588
Curacao,1995,-0.69
Curacao,1996,-0.782
Curacao,1997,-0.901
Curacao,1998,-1.021
Curacao,1999,-1.15
Curacao,2000,-1.216
Curacao,2001,0.148
Curacao,2002,1.43
Curacao,2003,1.308
Curacao,2004,1.225
Curacao,2005,0.792
Curacao,2006,0.778
Curacao,2007,0.739
Curacao,2008,0.699
Curacao,2009,0.653
Curacao,2010,0.695
Curacao,2011,1.44
Curacao,2012,1.469
Curacao,2013,1.272
Curacao,2014,1.068
Curacao,2015,0.845
Curacao,2016,0.556
Curacao,2017,0.317
Curacao,2018,14.122
Curacao,2019,-5.109
Curacao,2020,0.342
Curacao,2021,-0.021
Curacao,2022,0.053
Curacao,2023,0.036
Curacao,2024,0.023
Curacao,2025,-0.017
Curacao,2026,-0.033
Curacao,2027,-0.051
Curacao,2028,-0.075
Curacao,2029,-0.115
Curacao,2030,-0.151
Curacao,2031,-0.163
Curacao,2032,-0.18
Curacao,2033,-0.206
Curacao,2034,-0.237
Curacao,2035,-0.231
Curacao,2036,-0.28
Curacao,2037,-0.278
Curacao,2038,-0.278
Curacao,2039,-0.327
Curacao,2040,-0.335
Curacao,2041,-0.333
Curacao,2042,-0.36
Curacao,2043,-0.356
Curacao,2044,-0.385
Curacao,2045,-0.388
Curacao,2046,-0.381
Curacao,2047,-0.431
Curacao,2048,-0.427
Curacao,2049,-0.445
Curacao,2050,-0.458
Curacao,2051,-0.479
Curacao,2052,-0.495
Curacao,2053,-0.516
Curacao,2054,-0.542
Curacao,2055,-0.549
Curacao,2056,-0.563
Curacao,2057,-0.555
Curacao,2058,-0.531
Curacao,2059,-0.567
Curacao,2060,-0.564
Curacao,2061,-0.571
Curacao,2062,-0.57
Curacao,2063,-0.582
Curacao,2064,-0.575
Curacao,2065,-0.582
Curacao,2066,-0.594
Curacao,2067,-0.594
Curacao,2068,-0.601
Curacao,2069,-0.628
Curacao,2070,-0.625
Curacao,2071,-0.638
Curacao,2072,-0.667
Curacao,2073,-0.675
Curacao,2074,-0.709
Curacao,2075,-0.705
Curacao,2076,-0.72
Curacao,2077,-0.746
Curacao,2078,-0.774
Curacao,2079,-0.805
Curacao,2080,-0.828
Curacao,2081,-0.806
Curacao,2082,-0.868
Curacao,2083,-0.867
Curacao,2084,-0.909
Curacao,2085,-0.909
Curacao,2086,-0.93
Curacao,2087,-0.935
Curacao,2088,-0.937
Curacao,2089,-0.944
Curacao,2090,-0.932
Curacao,2091,-0.942
Curacao,2092,-0.916
Curacao,2093,-0.923
Curacao,2094,-0.927
Curacao,2095,-0.924
Curacao,2096,-0.895
Curacao,2097,-0.906
Curacao,2098,-0.905
Curacao,2099,-0.888
Curacao,2100,-0.895
Cyprus,1950,1.408
Cyprus,1951,1.478
Cyprus,1952,1.548
Cyprus,1953,1.588
Cyprus,1954,1.63
Cyprus,1955,1.677
Cyprus,1956,1.741
Cyprus,1957,1.82
Cyprus,1958,1.926
Cyprus,1959,2.037
Cyprus,1960,2.073
Cyprus,1961,0.989
Cyprus,1962,1
Cyprus,1963,0.916
Cyprus,1964,0.813
Cyprus,1965,0.882
Cyprus,1966,0.94
Cyprus,1967,0.932
Cyprus,1968,0.936
Cyprus,1969,0.954
Cyprus,1970,0.988
Cyprus,1971,1.041
Cyprus,1972,1.091
Cyprus,1973,0.381
Cyprus,1974,-1.191
Cyprus,1975,0.031
Cyprus,1976,0.763
Cyprus,1977,0.763
Cyprus,1978,0.775
Cyprus,1979,0.796
Cyprus,1980,0.829
Cyprus,1981,0.867
Cyprus,1982,1.327
Cyprus,1983,1.727
Cyprus,1984,1.669
Cyprus,1985,1.625
Cyprus,1986,1.584
Cyprus,1987,1.535
Cyprus,1988,1.476
Cyprus,1989,1.423
Cyprus,1990,1.37
Cyprus,1991,1.3
Cyprus,1992,1.531
Cyprus,1993,2.298
Cyprus,1994,2.165
Cyprus,1995,2.06
Cyprus,1996,1.979
Cyprus,1997,1.909
Cyprus,1998,1.84
Cyprus,1999,1.777
Cyprus,2000,1.722
Cyprus,2001,1.722
Cyprus,2002,1.837
Cyprus,2003,1.828
Cyprus,2004,1.797
Cyprus,2005,1.762
Cyprus,2006,1.733
Cyprus,2007,1.707
Cyprus,2008,1.678
Cyprus,2009,1.657
Cyprus,2010,1.642
Cyprus,2011,1.643
Cyprus,2012,1.628
Cyprus,2013,1.523
Cyprus,2014,1.48
Cyprus,2015,1.445
Cyprus,2016,1.423
Cyprus,2017,1.333
Cyprus,2018,1.275
Cyprus,2019,1.217
Cyprus,2020,1.189
Cyprus,2021,1.111
Cyprus,2022,1.013
Cyprus,2023,1.02
Cyprus,2024,0.949
Cyprus,2025,0.879
Cyprus,2026,0.804
Cyprus,2027,0.782
Cyprus,2028,0.711
Cyprus,2029,0.647
Cyprus,2030,0.619
Cyprus,2031,0.554
Cyprus,2032,0.537
Cyprus,2033,0.495
Cyprus,2034,0.456
Cyprus,2035,0.416
Cyprus,2036,0.403
Cyprus,2037,0.352
Cyprus,2038,0.338
Cyprus,2039,0.305
Cyprus,2040,0.276
Cyprus,2041,0.241
Cyprus,2042,0.209
Cyprus,2043,0.185
Cyprus,2044,0.171
Cyprus,2045,0.151
Cyprus,2046,0.142
Cyprus,2047,0.119
Cyprus,2048,0.105
Cyprus,2049,0.08
Cyprus,2050,0.075
Cyprus,2051,0.058
Cyprus,2052,-0.003
Cyprus,2053,-0.017
Cyprus,2054,-0.026
Cyprus,2055,-0.03
Cyprus,2056,-0.033
Cyprus,2057,-0.062
Cyprus,2058,-0.091
Cyprus,2059,-0.091
Cyprus,2060,-0.122
Cyprus,2061,-0.148
Cyprus,2062,-0.213
Cyprus,2063,-0.232
Cyprus,2064,-0.255
Cyprus,2065,-0.282
Cyprus,2066,-0.31
Cyprus,2067,-0.358
Cyprus,2068,-0.395
Cyprus,2069,-0.412
Cyprus,2070,-0.431
Cyprus,2071,-0.447
Cyprus,2072,-0.502
Cyprus,2073,-0.517
Cyprus,2074,-0.535
Cyprus,2075,-0.54
Cyprus,2076,-0.533
Cyprus,2077,-0.56
Cyprus,2078,-0.556
Cyprus,2079,-0.56
Cyprus,2080,-0.567
Cyprus,2081,-0.561
Cyprus,2082,-0.529
Cyprus,2083,-0.52
Cyprus,2084,-0.515
Cyprus,2085,-0.507
Cyprus,2086,-0.496
Cyprus,2087,-0.449
Cyprus,2088,-0.429
Cyprus,2089,-0.417
Cyprus,2090,-0.392
Cyprus,2091,-0.371
Cyprus,2092,-0.362
Cyprus,2093,-0.324
Cyprus,2094,-0.324
Cyprus,2095,-0.342
Cyprus,2096,-0.33
Cyprus,2097,-0.327
Cyprus,2098,-0.348
Cyprus,2099,-0.341
Cyprus,2100,-0.343
Czechia,1950,0.907
Czechia,1951,0.891
Czechia,1952,0.879
Czechia,1953,0.776
Czechia,1954,0.718
Czechia,1955,0.757
Czechia,1956,0.715
Czechia,1957,0.584
Czechia,1958,0.491
Czechia,1959,0.325
Czechia,1960,0.373
Czechia,1961,0.293
Czechia,1962,0.21
Czechia,1963,0.412
Czechia,1964,0.447
Czechia,1965,0.34
Czechia,1966,0.265
Czechia,1967,0.202
Czechia,1968,0.128
Czechia,1969,0.131
Czechia,1970,0.144
Czechia,1971,0.294
Czechia,1972,0.423
Czechia,1973,0.551
Czechia,1974,0.651
Czechia,1975,0.646
Czechia,1976,0.59
Czechia,1977,0.525
Czechia,1978,0.485
Czechia,1979,0.404
Czechia,1980,0.167
Czechia,1981,0.108
Czechia,1982,0.077
Czechia,1983,0
Czechia,1984,0.017
Czechia,1985,0.009
Czechia,1986,-0.024
Czechia,1987,0.005
Czechia,1988,0.034
Czechia,1989,-0.031
Czechia,1990,-0.039
Czechia,1991,0.086
Czechia,1992,0.069
Czechia,1993,0.085
Czechia,1994,-0.047
Czechia,1995,-0.152
Czechia,1996,-0.157
Czechia,1997,-0.156
Czechia,1998,-0.129
Czechia,1999,-0.145
Czechia,2000,-0.139
Czechia,2001,0.044
Czechia,2002,0.103
Czechia,2003,0.082
Czechia,2004,0.163
Czechia,2005,0.201
Czechia,2006,0.273
Czechia,2007,0.365
Czechia,2008,0.422
Czechia,2009,0.399
Czechia,2010,0.425
Czechia,2011,0.176
Czechia,2012,0.049
Czechia,2013,0.023
Czechia,2014,0.092
Czechia,2015,0.045
Czechia,2016,0.098
Czechia,2017,0.08
Czechia,2018,0.064
Czechia,2019,0.049
Czechia,2020,-0.139
Czechia,2021,-0.23
Czechia,2022,2.898
Czechia,2023,-0.336
Czechia,2024,-1.038
Czechia,2025,-1.337
Czechia,2026,-0.2
Czechia,2027,-0.22
Czechia,2028,-0.25
Czechia,2029,-0.269
Czechia,2030,-0.283
Czechia,2031,-0.296
Czechia,2032,-0.307
Czechia,2033,-0.314
Czechia,2034,-0.318
Czechia,2035,-0.32
Czechia,2036,-0.315
Czechia,2037,-0.319
Czechia,2038,-0.309
Czechia,2039,-0.307
Czechia,2040,-0.296
Czechia,2041,-0.294
Czechia,2042,-0.285
Czechia,2043,-0.279
Czechia,2044,-0.274
Czechia,2045,-0.274
Czechia,2046,-0.278
Czechia,2047,-0.277
Czechia,2048,-0.281
Czechia,2049,-0.285
Czechia,2050,-0.303
Czechia,2051,-0.313
Czechia,2052,-0.327
Czechia,2053,-0.346
Czechia,2054,-0.369
Czechia,2055,-0.386
Czechia,2056,-0.409
Czechia,2057,-0.43
Czechia,2058,-0.446
Czechia,2059,-0.464
Czechia,2060,-0.483
Czechia,2061,-0.503
Czechia,2062,-0.516
Czechia,2063,-0.53
Czechia,2064,-0.533
Czechia,2065,-0.544
Czechia,2066,-0.536
Czechia,2067,-0.526
Czechia,2068,-0.515
Czechia,2069,-0.506
Czechia,2070,-0.491
Czechia,2071,-0.472
Czechia,2072,-0.454
Czechia,2073,-0.432
Czechia,2074,-0.41
Czechia,2075,-0.391
Czechia,2076,-0.365
Czechia,2077,-0.347
Czechia,2078,-0.334
Czechia,2079,-0.318
Czechia,2080,-0.302
Czechia,2081,-0.287
Czechia,2082,-0.273
Czechia,2083,-0.256
Czechia,2084,-0.249
Czechia,2085,-0.239
Czechia,2086,-0.238
Czechia,2087,-0.227
Czechia,2088,-0.215
Czechia,2089,-0.214
Czechia,2090,-0.215
Czechia,2091,-0.206
Czechia,2092,-0.211
Czechia,2093,-0.214
Czechia,2094,-0.221
Czechia,2095,-0.223
Czechia,2096,-0.237
Czechia,2097,-0.233
Czechia,2098,-0.246
Czechia,2099,-0.254
Czechia,2100,-0.271
Democratic Republic of Congo,1950,1.956
Democratic Republic of Congo,1951,2.043
Democratic Republic of Congo,1952,2.076
Democratic Republic of Congo,1953,2.034
Democratic Republic of Congo,1954,2.108
Democratic Republic of Congo,1955,2.152
Democratic Republic of Congo,1956,2.196
Democratic Republic of Congo,1957,2.239
Democratic Republic of Congo,1958,2.145
Democratic Republic of Congo,1959,2.386
Democratic Republic of Congo,1960,2.563
Democratic Republic of Congo,1961,2.579
Democratic Republic of Congo,1962,2.63
Democratic Republic of Congo,1963,2.671
Democratic Republic of Congo,1964,2.681
Democratic Republic of Congo,1965,2.814
Democratic Republic of Congo,1966,2.888
Democratic Republic of Congo,1967,2.946
Democratic Republic of Congo,1968,2.919
Democratic Republic of Congo,1969,2.87
Democratic Republic of Congo,1970,2.843
Democratic Republic of Congo,1971,2.628
Democratic Republic of Congo,1972,2.67
Democratic Republic of Congo,1973,2.683
Democratic Republic of Congo,1974,2.662
Democratic Republic of Congo,1975,2.64
Democratic Republic of Congo,1976,2.532
Democratic Republic of Congo,1977,2.526
Democratic Republic of Congo,1978,3.663
Democratic Republic of Congo,1979,3.372
Democratic Republic of Congo,1980,2.905
Democratic Republic of Congo,1981,2.92
Democratic Republic of Congo,1982,3.079
Democratic Republic of Congo,1983,3.259
Democratic Republic of Congo,1984,3.422
Democratic Republic of Congo,1985,3.213
Democratic Republic of Congo,1986,3.088
Democratic Republic of Congo,1987,3.217
Democratic Republic of Congo,1988,3.19
Democratic Republic of Congo,1989,3.133
Democratic Republic of Congo,1990,3.497
Democratic Republic of Congo,1991,3.166
Democratic Republic of Congo,1992,3.583
Democratic Republic of Congo,1993,3.565
Democratic Republic of Congo,1994,5.847
Democratic Republic of Congo,1995,2.525
Democratic Republic of Congo,1996,1.331
Democratic Republic of Congo,1997,1.879
Democratic Republic of Congo,1998,3.533
Democratic Republic of Congo,1999,3.19
Democratic Republic of Congo,2000,3.225
Democratic Republic of Congo,2001,3.111
Democratic Republic of Congo,2002,3.003
Democratic Republic of Congo,2003,2.841
Democratic Republic of Congo,2004,3.045
Democratic Republic of Congo,2005,3.098
Democratic Republic of Congo,2006,3.068
Democratic Republic of Congo,2007,2.984
Democratic Republic of Congo,2008,3.047
Democratic Republic of Congo,2009,3.134
Democratic Republic of Congo,2010,3.24
Democratic Republic of Congo,2011,3.319
Democratic Republic of Congo,2012,3.357
Democratic Republic of Congo,2013,3.445
Democratic Republic of Congo,2014,3.339
Democratic Republic of Congo,2015,3.267
Democratic Republic of Congo,2016,3.805
Democratic Republic of Congo,2017,3.514
Democratic Republic of Congo,2018,3.186
Democratic Republic of Congo,2019,3.153
Democratic Republic of Congo,2020,3.287
Democratic Republic of Congo,2021,3.191
Democratic Republic of Congo,2022,3.255
Democratic Republic of Congo,2023,3.264
Democratic Republic of Congo,2024,3.222
Democratic Republic of Congo,2025,3.184
Democratic Republic of Congo,2026,3.132
Democratic Republic of Congo,2027,3.087
Democratic Republic of Congo,2028,3.048
Democratic Republic of Congo,2029,3
Democratic Republic of Congo,2030,2.955
Democratic Republic of Congo,2031,2.912
Democratic Republic of Congo,2032,2.854
Democratic Republic of Congo,2033,2.812
Democratic Republic of Congo,2034,2.764
Democratic Republic of Congo,2035,2.711
Democratic Republic of Congo,2036,2.666
Democratic Republic of Congo,2037,2.608
Democratic Republic of Congo,2038,2.576
Democratic Republic of Congo,2039,2.541
Democratic Republic of Congo,2040,2.504
Democratic Republic of Congo,2041,2.475
Democratic Republic of Congo,2042,2.442
Democratic Republic of Congo,2043,2.412
Democratic Republic of Congo,2044,2.382
Democratic Republic of Congo,2045,2.347
Democratic Republic of Congo,2046,2.318
Democratic Republic of Congo,2047,2.283
Democratic Republic of Congo,2048,2.25
Democratic Republic of Congo,2049,2.216
Democratic Republic of Congo,2050,2.184
Democratic Republic of Congo,2051,2.151
Democratic Republic of Congo,2052,2.116
Democratic Republic of Congo,2053,2.078
Democratic Republic of Congo,2054,2.043
Democratic Republic of Congo,2055,2.003
Democratic Republic of Congo,2056,1.965
Democratic Republic of Congo,2057,1.928
Democratic Republic of Congo,2058,1.895
Democratic Republic of Congo,2059,1.861
Democratic Republic of Congo,2060,1.824
Democratic Republic of Congo,2061,1.788
Democratic Republic of Congo,2062,1.75
Democratic Republic of Congo,2063,1.714
Democratic Republic of Congo,2064,1.675
Democratic Republic of Congo,2065,1.642
Democratic Republic of Congo,2066,1.608
Democratic Republic of Congo,2067,1.574
Democratic Republic of Congo,2068,1.543
Democratic Republic of Congo,2069,1.511
Democratic Republic of Congo,2070,1.479
Democratic Republic of Congo,2071,1.442
Democratic Republic of Congo,2072,1.415
Democratic Republic of Congo,2073,1.381
Democratic Republic of Congo,2074,1.354
Democratic Republic of Congo,2075,1.322
Democratic Republic of Congo,2076,1.297
Democratic Republic of Congo,2077,1.266
Democratic Republic of Congo,2078,1.238
Democratic Republic of Congo,2079,1.206
Democratic Republic of Congo,2080,1.18
Democratic Republic of Congo,2081,1.151
Democratic Republic of Congo,2082,1.127
Democratic Republic of Congo,2083,1.104
Democratic Republic of Congo,2084,1.077
Democratic Republic of Congo,2085,1.046
Democratic Republic of Congo,2086,1.02
Democratic Republic of Congo,2087,0.99
Democratic Republic of Congo,2088,0.963
Democratic Republic of Congo,2089,0.936
Democratic Republic of Congo,2090,0.907
Democratic Republic of Congo,2091,0.881
Democratic Republic of Congo,2092,0.851
Democratic Republic of Congo,2093,0.827
Democratic Republic of Congo,2094,0.805
Democratic Republic of Congo,2095,0.777
Democratic Republic of Congo,2096,0.749
Democratic Republic of Congo,2097,0.724
Democratic Republic of Congo,2098,0.703
Democratic Republic of Congo,2099,0.678
Democratic Republic of Congo,2100,0.658
Denmark,1950,0.791
Denmark,1951,0.697
Denmark,1952,0.785
Denmark,1953,0.91
Denmark,1954,0.791
Denmark,1955,0.676
Denmark,1956,0.559
Denmark,1957,0.482
Denmark,1958,0.69
Denmark,1959,0.74
Denmark,1960,0.613
Denmark,1961,0.78
Denmark,1962,0.78
Denmark,1963,0.797
Denmark,1964,0.803
Denmark,1965,0.756
Denmark,1966,0.85
Denmark,1967,0.729
Denmark,1968,0.491
Denmark,1969,0.615
Denmark,1970,0.885
Denmark,1971,0.507
Denmark,1972,0.638
Denmark,1973,0.568
Denmark,1974,0.382
Denmark,1975,0.203
Denmark,1976,0.286
Denmark,1977,0.334
Denmark,1978,0.285
Denmark,1979,0.205
Denmark,1980,0.038
Denmark,1981,-0.095
Denmark,1982,-0.051
Denmark,1983,-0.083
Denmark,1984,-0.02
Denmark,1985,0.1
Denmark,1986,0.166
Denmark,1987,0.086
Denmark,1988,0.012
Denmark,1989,0.108
Denmark,1990,0.215
Denmark,1991,0.302
Denmark,1992,0.357
Denmark,1993,0.309
Denmark,1994,0.366
Denmark,1995,0.674
Denmark,1996,0.458
Denmark,1997,0.375
Denmark,1998,0.351
Denmark,1999,0.309
Denmark,2000,0.36
Denmark,2001,0.356
Denmark,2002,0.282
Denmark,2003,0.263
Denmark,2004,0.255
Denmark,2005,0.297
Denmark,2006,0.361
Denmark,2007,0.526
Denmark,2008,0.647
Denmark,2009,0.421
Denmark,2010,0.471
Denmark,2011,0.356
Denmark,2012,0.398
Denmark,2013,0.437
Denmark,2014,0.574
Denmark,2015,0.835
Denmark,2016,0.726
Denmark,2017,0.562
Denmark,2018,0.43
Denmark,2019,0.286
Denmark,2020,0.294
Denmark,2021,0.569
Denmark,2022,0.998
Denmark,2023,0.53
Denmark,2024,0.452
Denmark,2025,0.386
Denmark,2026,0.313
Denmark,2027,0.281
Denmark,2028,0.239
Denmark,2029,0.203
Denmark,2030,0.171
Denmark,2031,0.156
Denmark,2032,0.121
Denmark,2033,0.115
Denmark,2034,0.102
Denmark,2035,0.081
Denmark,2036,0.066
Denmark,2037,0.048
Denmark,2038,0.051
Denmark,2039,0.025
Denmark,2040,0.023
Denmark,2041,0.006
Denmark,2042,0
Denmark,2043,-0.003
Denmark,2044,-0.012
Denmark,2045,-0.007
Denmark,2046,-0.027
Denmark,2047,-0.03
Denmark,2048,-0.032
Denmark,2049,-0.042
Denmark,2050,-0.053
Denmark,2051,-0.061
Denmark,2052,-0.06
Denmark,2053,-0.076
Denmark,2054,-0.074
Denmark,2055,-0.09
Denmark,2056,-0.09
Denmark,2057,-0.084
Denmark,2058,-0.076
Denmark,2059,-0.081
Denmark,2060,-0.09
Denmark,2061,-0.083
Denmark,2062,-0.085
Denmark,2063,-0.078
Denmark,2064,-0.08
Denmark,2065,-0.08
Denmark,2066,-0.061
Denmark,2067,-0.059
Denmark,2068,-0.05
Denmark,2069,-0.046
Denmark,2070,-0.041
Denmark,2071,-0.033
Denmark,2072,-0.03
Denmark,2073,-0.047
Denmark,2074,-0.04
Denmark,2075,-0.042
Denmark,2076,-0.057
Denmark,2077,-0.05
Denmark,2078,-0.049
Denmark,2079,-0.061
Denmark,2080,-0.064
Denmark,2081,-0.067
Denmark,2082,-0.09
Denmark,2083,-0.107
Denmark,2084,-0.112
Denmark,2085,-0.125
Denmark,2086,-0.128
Denmark,2087,-0.134
Denmark,2088,-0.128
Denmark,2089,-0.142
Denmark,2090,-0.144
Denmark,2091,-0.139
Denmark,2092,-0.136
Denmark,2093,-0.134
Denmark,2094,-0.136
Denmark,2095,-0.127
Denmark,2096,-0.123
Denmark,2097,-0.132
Denmark,2098,-0.125
Denmark,2099,-0.13
Denmark,2100,-0.123
Djibouti,1950,3.111
Djibouti,1951,3.137
Djibouti,1952,3.127
Djibouti,1953,3.194
Djibouti,1954,3.191
Djibouti,1955,3.201
Djibouti,1956,3.234
Djibouti,1957,3.242
Djibouti,1958,3.24
Djibouti,1959,3.241
Djibouti,1960,3.699
Djibouti,1961,3.972
Djibouti,1962,4.542
Djibouti,1963,5.051
Djibouti,1964,5.534
Djibouti,1965,5.575
Djibouti,1966,5.445
Djibouti,1967,5.331
Djibouti,1968,5.24
Djibouti,1969,6.57
Djibouti,1970,6.378
Djibouti,1971,6.878
Djibouti,1972,6.965
Djibouti,1973,7.182
Djibouti,1974,8.061
Djibouti,1975,9.091
Djibouti,1976,9.797
Djibouti,1977,9.891
Djibouti,1978,9.174
Djibouti,1979,7.652
Djibouti,1980,5.93
Djibouti,1981,4.417
Djibouti,1982,3.507
Djibouti,1983,3.472
Djibouti,1984,4.211
Djibouti,1985,5.241
Djibouti,1986,6.15
Djibouti,1987,6.583
Djibouti,1988,6.265
Djibouti,1989,9.047
Djibouti,1990,11.236
Djibouti,1991,6.032
Djibouti,1992,-7.707
Djibouti,1993,4.021
Djibouti,1994,0.037
Djibouti,1995,1.974
Djibouti,1996,2.785
Djibouti,1997,4.3
Djibouti,1998,3.744
Djibouti,1999,3.252
Djibouti,2000,3.031
Djibouti,2001,3.285
Djibouti,2002,2.915
Djibouti,2003,1.562
Djibouti,2004,1.514
Djibouti,2005,1.619
Djibouti,2006,2.292
Djibouti,2007,2.049
Djibouti,2008,2.072
Djibouti,2009,2.094
Djibouti,2010,1.974
Djibouti,2011,1.924
Djibouti,2012,1.875
Djibouti,2013,1.831
Djibouti,2014,1.771
Djibouti,2015,1.709
Djibouti,2016,1.662
Djibouti,2017,1.624
Djibouti,2018,1.582
Djibouti,2019,1.534
Djibouti,2020,1.471
Djibouti,2021,1.414
Djibouti,2022,1.393
Djibouti,2023,1.375
Djibouti,2024,1.343
Djibouti,2025,1.268
Djibouti,2026,1.314
Djibouti,2027,1.264
Djibouti,2028,1.282
Djibouti,2029,1.315
Djibouti,2030,1.237
Djibouti,2031,1.227
Djibouti,2032,1.125
Djibouti,2033,1.083
Djibouti,2034,1.019
Djibouti,2035,1.071
Djibouti,2036,0.993
Djibouti,2037,1.089
Djibouti,2038,0.999
Djibouti,2039,1.035
Djibouti,2040,1.076
Djibouti,2041,1.068
Djibouti,2042,0.982
Djibouti,2043,0.838
Djibouti,2044,0.821
Djibouti,2045,0.868
Djibouti,2046,0.81
Djibouti,2047,0.742
Djibouti,2048,0.699
Djibouti,2049,0.734
Djibouti,2050,0.685
Djibouti,2051,0.636
Djibouti,2052,0.723
Djibouti,2053,0.835
Djibouti,2054,0.704
Djibouti,2055,0.58
Djibouti,2056,0.767
Djibouti,2057,0.815
Djibouti,2058,0.677
Djibouti,2059,0.642
Djibouti,2060,0.567
Djibouti,2061,0.567
Djibouti,2062,0.562
Djibouti,2063,0.414
Djibouti,2064,0.398
Djibouti,2065,0.528
Djibouti,2066,0.568
Djibouti,2067,0.473
Djibouti,2068,0.449
Djibouti,2069,0.349
Djibouti,2070,0.371
Djibouti,2071,0.37
Djibouti,2072,0.278
Djibouti,2073,0.322
Djibouti,2074,0.417
Djibouti,2075,0.354
Djibouti,2076,0.339
Djibouti,2077,0.276
Djibouti,2078,0.23
Djibouti,2079,0.278
Djibouti,2080,0.155
Djibouti,2081,0.198
Djibouti,2082,0.272
Djibouti,2083,0.206
Djibouti,2084,0.254
Djibouti,2085,0.292
Djibouti,2086,0.198
Djibouti,2087,0.229
Djibouti,2088,0.255
Djibouti,2089,0.19
Djibouti,2090,0.145
Djibouti,2091,0.104
Djibouti,2092,0.119
Djibouti,2093,0.271
Djibouti,2094,0.091
Djibouti,2095,0.12
Djibouti,2096,0.083
Djibouti,2097,0.22
Djibouti,2098,0.15
Djibouti,2099,0.096
Djibouti,2100,0.038
Dominica,1950,0.343
Dominica,1951,0.63
Dominica,1952,0.934
Dominica,1953,1.199
Dominica,1954,1.507
Dominica,1955,1.798
Dominica,1956,2.065
Dominica,1957,2.366
Dominica,1958,2.595
Dominica,1959,2.721
Dominica,1960,1.597
Dominica,1961,1.204
Dominica,1962,1.237
Dominica,1963,1.341
Dominica,1964,1.388
Dominica,1965,1.52
Dominica,1966,1.612
Dominica,1967,1.7
Dominica,1968,1.768
Dominica,1969,1.803
Dominica,1970,1.048
Dominica,1971,0.756
Dominica,1972,0.756
Dominica,1973,0.735
Dominica,1974,0.693
Dominica,1975,0.653
Dominica,1976,0.592
Dominica,1977,0.488
Dominica,1978,0.386
Dominica,1979,0.26
Dominica,1980,0.079
Dominica,1981,-0.345
Dominica,1982,-0.475
Dominica,1983,-0.416
Dominica,1984,-0.439
Dominica,1985,-0.429
Dominica,1986,-0.514
Dominica,1987,-0.563
Dominica,1988,-0.61
Dominica,1989,-0.68
Dominica,1990,-0.827
Dominica,1991,-0.123
Dominica,1992,0.205
Dominica,1993,0.105
Dominica,1994,0.022
Dominica,1995,-0.045
Dominica,1996,-0.124
Dominica,1997,-0.196
Dominica,1998,-0.308
Dominica,1999,-0.431
Dominica,2000,-0.613
Dominica,2001,-0.038
Dominica,2002,0.269
Dominica,2003,0.21
Dominica,2004,0.134
Dominica,2005,0.115
Dominica,2006,0.094
Dominica,2007,0.025
Dominica,2008,-0.006
Dominica,2009,0.035
Dominica,2010,-0.051
Dominica,2011,0.615
Dominica,2012,-0.43
Dominica,2013,2.14
Dominica,2014,-0.25
Dominica,2015,0.355
Dominica,2016,-2.668
Dominica,2017,-0.53
Dominica,2018,-0.412
Dominica,2019,-0.452
Dominica,2020,-0.456
Dominica,2021,-0.646
Dominica,2022,-0.474
Dominica,2023,-0.474
Dominica,2024,-0.447
Dominica,2025,-0.563
Dominica,2026,-0.534
Dominica,2027,-0.546
Dominica,2028,-0.531
Dominica,2029,-0.51
Dominica,2030,-0.43
Dominica,2031,-0.253
Dominica,2032,-0.133
Dominica,2033,-0.03
Dominica,2034,-0.008
Dominica,2035,0.005
Dominica,2036,-0.003
Dominica,2037,0.027
Dominica,2038,0.019
Dominica,2039,0.009
Dominica,2040,0.009
Dominica,2041,0
Dominica,2042,-0.066
Dominica,2043,-0.088
Dominica,2044,-0.082
Dominica,2045,-0.074
Dominica,2046,-0.096
Dominica,2047,-0.134
Dominica,2048,-0.159
Dominica,2049,-0.164
Dominica,2050,-0.196
Dominica,2051,-0.217
Dominica,2052,-0.269
Dominica,2053,-0.237
Dominica,2054,-0.251
Dominica,2055,-0.295
Dominica,2056,-0.283
Dominica,2057,-0.334
Dominica,2058,-0.327
Dominica,2059,-0.334
Dominica,2060,-0.373
Dominica,2061,-0.371
Dominica,2062,-0.381
Dominica,2063,-0.351
Dominica,2064,-0.413
Dominica,2065,-0.418
Dominica,2066,-0.39
Dominica,2067,-0.432
Dominica,2068,-0.46
Dominica,2069,-0.439
Dominica,2070,-0.509
Dominica,2071,-0.506
Dominica,2072,-0.519
Dominica,2073,-0.543
Dominica,2074,-0.535
Dominica,2075,-0.555
Dominica,2076,-0.56
Dominica,2077,-0.519
Dominica,2078,-0.582
Dominica,2079,-0.579
Dominica,2080,-0.577
Dominica,2081,-0.535
Dominica,2082,-0.57
Dominica,2083,-0.577
Dominica,2084,-0.579
Dominica,2085,-0.608
Dominica,2086,-0.617
Dominica,2087,-0.627
Dominica,2088,-0.674
Dominica,2089,-0.624
Dominica,2090,-0.681
Dominica,2091,-0.62
Dominica,2092,-0.607
Dominica,2093,-0.636
Dominica,2094,-0.654
Dominica,2095,-0.682
Dominica,2096,-0.645
Dominica,2097,-0.697
Dominica,2098,-0.75
Dominica,2099,-0.788
Dominica,2100,-0.774
Dominican Republic,1950,2.864
Dominican Republic,1951,2.953
Dominican Republic,1952,3.068
Dominican Republic,1953,3.151
Dominican Republic,1954,3.217
Dominican Republic,1955,3.261
Dominican Republic,1956,3.283
Dominican Republic,1957,3.281
Dominican Republic,1958,3.258
Dominican Republic,1959,3.225
Dominican Republic,1960,3.182
Dominican Republic,1961,3.137
Dominican Republic,1962,3.092
Dominican Republic,1963,3.041
Dominican Republic,1964,3.013
Dominican Republic,1965,2.871
Dominican Republic,1966,2.968
Dominican Republic,1967,2.916
Dominican Republic,1968,2.857
Dominican Republic,1969,2.828
Dominican Republic,1970,2.809
Dominican Republic,1971,2.792
Dominican Republic,1972,2.773
Dominican Republic,1973,2.754
Dominican Republic,1974,2.691
Dominican Republic,1975,2.634
Dominican Republic,1976,2.593
Dominican Republic,1977,2.554
Dominican Republic,1978,2.516
Dominican Republic,1979,2.478
Dominican Republic,1980,2.448
Dominican Republic,1981,2.362
Dominican Republic,1982,2.309
Dominican Republic,1983,2.303
Dominican Republic,1984,2.258
Dominican Republic,1985,2.188
Dominican Republic,1986,2.144
Dominican Republic,1987,2.111
Dominican Republic,1988,2.111
Dominican Republic,1989,2.119
Dominican Republic,1990,2.089
Dominican Republic,1991,2.028
Dominican Republic,1992,1.977
Dominican Republic,1993,1.935
Dominican Republic,1994,1.902
Dominican Republic,1995,1.846
Dominican Republic,1996,1.792
Dominican Republic,1997,1.693
Dominican Republic,1998,1.615
Dominican Republic,1999,1.628
Dominican Republic,2000,1.613
Dominican Republic,2001,1.534
Dominican Republic,2002,1.47
Dominican Republic,2003,1.41
Dominican Republic,2004,1.339
Dominican Republic,2005,1.283
Dominican Republic,2006,1.22
Dominican Republic,2007,1.216
Dominican Republic,2008,1.253
Dominican Republic,2009,1.282
Dominican Republic,2010,1.278
Dominican Republic,2011,1.261
Dominican Republic,2012,1.233
Dominican Republic,2013,1.203
Dominican Republic,2014,1.17
Dominican Republic,2015,1.13
Dominican Republic,2016,1.093
Dominican Republic,2017,1.083
Dominican Republic,2018,1.066
Dominican Republic,2019,1.001
Dominican Republic,2020,1.085
Dominican Republic,2021,0.997
Dominican Republic,2022,0.923
Dominican Republic,2023,0.86
Dominican Republic,2024,0.833
Dominican Republic,2025,0.787
Dominican Republic,2026,0.752
Dominican Republic,2027,0.732
Dominican Republic,2028,0.7
Dominican Republic,2029,0.669
Dominican Republic,2030,0.643
Dominican Republic,2031,0.615
Dominican Republic,2032,0.589
Dominican Republic,2033,0.564
Dominican Republic,2034,0.545
Dominican Republic,2035,0.521
Dominican Republic,2036,0.499
Dominican Republic,2037,0.476
Dominican Republic,2038,0.458
Dominican Republic,2039,0.43
Dominican Republic,2040,0.417
Dominican Republic,2041,0.398
Dominican Republic,2042,0.382
Dominican Republic,2043,0.363
Dominican Republic,2044,0.349
Dominican Republic,2045,0.329
Dominican Republic,2046,0.308
Dominican Republic,2047,0.286
Dominican Republic,2048,0.271
Dominican Republic,2049,0.249
Dominican Republic,2050,0.236
Dominican Republic,2051,0.208
Dominican Republic,2052,0.183
Dominican Republic,2053,0.16
Dominican Republic,2054,0.137
Dominican Republic,2055,0.115
Dominican Republic,2056,0.093
Dominican Republic,2057,0.079
Dominican Republic,2058,0.061
Dominican Republic,2059,0.033
Dominican Republic,2060,0.015
Dominican Republic,2061,-0.007
Dominican Republic,2062,-0.025
Dominican Republic,2063,-0.043
Dominican Republic,2064,-0.065
Dominican Republic,2065,-0.083
Dominican Republic,2066,-0.094
Dominican Republic,2067,-0.112
Dominican Republic,2068,-0.13
Dominican Republic,2069,-0.145
Dominican Republic,2070,-0.164
Dominican Republic,2071,-0.175
Dominican Republic,2072,-0.194
Dominican Republic,2073,-0.209
Dominican Republic,2074,-0.227
Dominican Republic,2075,-0.236
Dominican Republic,2076,-0.253
Dominican Republic,2077,-0.272
Dominican Republic,2078,-0.284
Dominican Republic,2079,-0.3
Dominican Republic,2080,-0.316
Dominican Republic,2081,-0.329
Dominican Republic,2082,-0.346
Dominican Republic,2083,-0.353
Dominican Republic,2084,-0.371
Dominican Republic,2085,-0.384
Dominican Republic,2086,-0.398
Dominican Republic,2087,-0.408
Dominican Republic,2088,-0.417
Dominican Republic,2089,-0.434
Dominican Republic,2090,-0.443
Dominican Republic,2091,-0.454
Dominican Republic,2092,-0.464
Dominican Republic,2093,-0.477
Dominican Republic,2094,-0.485
Dominican Republic,2095,-0.495
Dominican Republic,2096,-0.502
Dominican Republic,2097,-0.509
Dominican Republic,2098,-0.522
Dominican Republic,2099,-0.53
Dominican Republic,2100,-0.541
East Timor,1950,0.737
East Timor,1951,0.942
East Timor,1952,1.038
East Timor,1953,1.112
East Timor,1954,1.179
East Timor,1955,1.234
East Timor,1956,1.288
East Timor,1957,1.343
East Timor,1958,1.397
East Timor,1959,1.45
East Timor,1960,1.498
East Timor,1961,1.543
East Timor,1962,1.58
East Timor,1963,1.621
East Timor,1964,1.652
East Timor,1965,1.679
East Timor,1966,1.708
East Timor,1967,1.734
East Timor,1968,1.753
East Timor,1969,1.767
East Timor,1970,1.777
East Timor,1971,1.77
East Timor,1972,1.75
East Timor,1973,1.674
East Timor,1974,1.047
East Timor,1975,1.417
East Timor,1976,1.719
East Timor,1977,1.77
East Timor,1978,1.586
East Timor,1979,1.552
East Timor,1980,1.907
East Timor,1981,1.34
East Timor,1982,1.265
East Timor,1983,1.277
East Timor,1984,1.382
East Timor,1985,1.477
East Timor,1986,1.52
East Timor,1987,1.647
East Timor,1988,1.739
East Timor,1989,2.084
East Timor,1990,2.033
East Timor,1991,2.623
East Timor,1992,2.711
East Timor,1993,2.747
East Timor,1994,2.788
East Timor,1995,2.737
East Timor,1996,2.747
East Timor,1997,2.758
East Timor,1998,2.695
East Timor,1999,-29.083
East Timor,2000,8.305
East Timor,2001,8.929
East Timor,2002,6.98
East Timor,2003,1.538
East Timor,2004,1.108
East Timor,2005,2.972
East Timor,2006,2.908
East Timor,2007,2.805
East Timor,2008,2.605
East Timor,2009,2.438
East Timor,2010,2.396
East Timor,2011,2.259
East Timor,2012,2.14
East Timor,2013,2.014
East Timor,2014,1.953
East Timor,2015,1.94
East Timor,2016,1.871
East Timor,2017,1.901
East Timor,2018,1.937
East Timor,2019,1.942
East Timor,2020,1.882
East Timor,2021,1.719
East Timor,2022,1.103
East Timor,2023,1.075
East Timor,2024,1.273
East Timor,2025,1.264
East Timor,2026,1.314
East Timor,2027,1.369
East Timor,2028,1.427
East Timor,2029,1.432
East Timor,2030,1.443
East Timor,2031,1.283
East Timor,2032,1.175
East Timor,2033,1.171
East Timor,2034,1.263
East Timor,2035,1.392
East Timor,2036,1.177
East Timor,2037,1.2
East Timor,2038,1.151
East Timor,2039,1.209
East Timor,2040,1.058
East Timor,2041,1.052
East Timor,2042,1.167
East Timor,2043,1.124
East Timor,2044,0.859
East Timor,2045,0.903
East Timor,2046,0.848
East Timor,2047,0.898
East Timor,2048,0.913
East Timor,2049,0.753
East Timor,2050,0.884
East Timor,2051,0.547
East Timor,2052,0.684
East Timor,2053,0.828
East Timor,2054,0.433
East Timor,2055,0.646
East Timor,2056,0.719
East Timor,2057,0.603
East Timor,2058,0.571
East Timor,2059,0.515
East Timor,2060,0.377
East Timor,2061,0.281
East Timor,2062,0.35
East Timor,2063,0.424
East Timor,2064,0.376
East Timor,2065,0.34
East Timor,2066,0.405
East Timor,2067,0.319
East Timor,2068,0.316
East Timor,2069,0.27
East Timor,2070,0.118
East Timor,2071,0.373
East Timor,2072,0.175
East Timor,2073,0.02
East Timor,2074,0.079
East Timor,2075,-0.016
East Timor,2076,0.029
East Timor,2077,-0.045
East Timor,2078,-0.122
East Timor,2079,0.041
East Timor,2080,-0.139
East Timor,2081,-0.181
East Timor,2082,-0.122
East Timor,2083,-0.252
East Timor,2084,-0.276
East Timor,2085,-0.264
East Timor,2086,-0.141
East Timor,2087,-0.371
East Timor,2088,-0.292
East Timor,2089,-0.381
East Timor,2090,-0.307
East Timor,2091,-0.338
East Timor,2092,-0.274
East Timor,2093,-0.257
East Timor,2094,-0.339
East Timor,2095,-0.405
East Timor,2096,-0.395
East Timor,2097,-0.328
East Timor,2098,-0.335
East Timor,2099,-0.249
East Timor,2100,-0.238
Ecuador,1950,2.537
Ecuador,1951,2.574
Ecuador,1952,2.6
Ecuador,1953,2.619
Ecuador,1954,2.638
Ecuador,1955,2.657
Ecuador,1956,2.68
Ecuador,1957,2.707
Ecuador,1958,2.737
Ecuador,1959,2.77
Ecuador,1960,2.802
Ecuador,1961,2.843
Ecuador,1962,2.873
Ecuador,1963,2.905
Ecuador,1964,2.935
Ecuador,1965,2.959
Ecuador,1966,2.976
Ecuador,1967,2.985
Ecuador,1968,2.987
Ecuador,1969,2.977
Ecuador,1970,2.964
Ecuador,1971,2.948
Ecuador,1972,2.927
Ecuador,1973,2.9
Ecuador,1974,2.864
Ecuador,1975,2.827
Ecuador,1976,2.788
Ecuador,1977,2.76
Ecuador,1978,2.727
Ecuador,1979,2.698
Ecuador,1980,2.689
Ecuador,1981,2.653
Ecuador,1982,2.628
Ecuador,1983,2.624
Ecuador,1984,2.61
Ecuador,1985,2.534
Ecuador,1986,2.449
Ecuador,1987,2.381
Ecuador,1988,2.3
Ecuador,1989,2.264
Ecuador,1990,2.213
Ecuador,1991,2.109
Ecuador,1992,2.103
Ecuador,1993,1.959
Ecuador,1994,1.912
Ecuador,1995,1.892
Ecuador,1996,1.876
Ecuador,1997,1.818
Ecuador,1998,1.807
Ecuador,1999,1.747
Ecuador,2000,1.726
Ecuador,2001,1.736
Ecuador,2002,1.761
Ecuador,2003,1.767
Ecuador,2004,1.738
Ecuador,2005,1.722
Ecuador,2006,1.715
Ecuador,2007,1.701
Ecuador,2008,1.709
Ecuador,2009,1.703
Ecuador,2010,1.652
Ecuador,2011,1.631
Ecuador,2012,1.554
Ecuador,2013,1.442
Ecuador,2014,1.422
Ecuador,2015,1.439
Ecuador,2016,1.476
Ecuador,2017,1.582
Ecuador,2018,1.848
Ecuador,2019,1.534
Ecuador,2020,0.833
Ecuador,2021,0.716
Ecuador,2022,0.876
Ecuador,2023,0.868
Ecuador,2024,0.853
Ecuador,2025,0.843
Ecuador,2026,0.84
Ecuador,2027,0.842
Ecuador,2028,0.838
Ecuador,2029,0.828
Ecuador,2030,0.811
Ecuador,2031,0.788
Ecuador,2032,0.763
Ecuador,2033,0.741
Ecuador,2034,0.715
Ecuador,2035,0.692
Ecuador,2036,0.668
Ecuador,2037,0.644
Ecuador,2038,0.62
Ecuador,2039,0.592
Ecuador,2040,0.566
Ecuador,2041,0.539
Ecuador,2042,0.512
Ecuador,2043,0.486
Ecuador,2044,0.459
Ecuador,2045,0.432
Ecuador,2046,0.405
Ecuador,2047,0.379
Ecuador,2048,0.353
Ecuador,2049,0.325
Ecuador,2050,0.3
Ecuador,2051,0.273
Ecuador,2052,0.248
Ecuador,2053,0.223
Ecuador,2054,0.2
Ecuador,2055,0.176
Ecuador,2056,0.153
Ecuador,2057,0.131
Ecuador,2058,0.107
Ecuador,2059,0.085
Ecuador,2060,0.063
Ecuador,2061,0.042
Ecuador,2062,0.021
Ecuador,2063,-0.001
Ecuador,2064,-0.023
Ecuador,2065,-0.045
Ecuador,2066,-0.064
Ecuador,2067,-0.085
Ecuador,2068,-0.107
Ecuador,2069,-0.129
Ecuador,2070,-0.151
Ecuador,2071,-0.173
Ecuador,2072,-0.195
Ecuador,2073,-0.217
Ecuador,2074,-0.239
Ecuador,2075,-0.258
Ecuador,2076,-0.28
Ecuador,2077,-0.302
Ecuador,2078,-0.322
Ecuador,2079,-0.342
Ecuador,2080,-0.36
Ecuador,2081,-0.378
Ecuador,2082,-0.395
Ecuador,2083,-0.411
Ecuador,2084,-0.427
Ecuador,2085,-0.442
Ecuador,2086,-0.458
Ecuador,2087,-0.47
Ecuador,2088,-0.483
Ecuador,2089,-0.495
Ecuador,2090,-0.506
Ecuador,2091,-0.517
Ecuador,2092,-0.527
Ecuador,2093,-0.535
Ecuador,2094,-0.542
Ecuador,2095,-0.55
Ecuador,2096,-0.557
Ecuador,2097,-0.564
Ecuador,2098,-0.57
Ecuador,2099,-0.577
Ecuador,2100,-0.582
Egypt,1950,2.074
Egypt,1951,2.207
Egypt,1952,2.358
Egypt,1953,2.461
Egypt,1954,2.497
Egypt,1955,2.461
Egypt,1956,2.455
Egypt,1957,2.463
Egypt,1958,2.329
Egypt,1959,2.504
Egypt,1960,2.537
Egypt,1961,2.632
Egypt,1962,2.632
Egypt,1963,2.626
Egypt,1964,2.58
Egypt,1965,2.515
Egypt,1966,2.498
Egypt,1967,2.47
Egypt,1968,2.451
Egypt,1969,2.419
Egypt,1970,2.331
Egypt,1971,2.291
Egypt,1972,2.311
Egypt,1973,2.289
Egypt,1974,2.333
Egypt,1975,2.381
Egypt,1976,2.299
Egypt,1977,2.434
Egypt,1978,2.475
Egypt,1979,2.524
Egypt,1980,2.691
Egypt,1981,2.682
Egypt,1982,2.823
Egypt,1983,3.03
Egypt,1984,2.994
Egypt,1985,2.959
Egypt,1986,2.761
Egypt,1987,2.785
Egypt,1988,2.776
Egypt,1989,2.67
Egypt,1990,3.182
Egypt,1991,2.344
Egypt,1992,2.434
Egypt,1993,2.184
Egypt,1994,2.125
Egypt,1995,2.084
Egypt,1996,2.063
Egypt,1997,2.082
Egypt,1998,2.286
Egypt,1999,2.177
Egypt,2000,2.146
Egypt,2001,2.103
Egypt,2002,2.105
Egypt,2003,2.086
Egypt,2004,2.043
Egypt,2005,2.002
Egypt,2006,1.905
Egypt,2007,1.87
Egypt,2008,1.864
Egypt,2009,1.912
Egypt,2010,1.924
Egypt,2011,2.281
Egypt,2012,2.209
Egypt,2013,2.399
Egypt,2014,2.156
Egypt,2015,2.043
Egypt,2016,2.027
Egypt,2017,1.97
Egypt,2018,1.826
Egypt,2019,1.686
Egypt,2020,1.565
Egypt,2021,1.417
Egypt,2022,1.554
Egypt,2023,1.821
Egypt,2024,1.647
Egypt,2025,1.466
Egypt,2026,1.444
Egypt,2027,1.443
Egypt,2028,1.427
Egypt,2029,1.408
Egypt,2030,1.39
Egypt,2031,1.38
Egypt,2032,1.367
Egypt,2033,1.355
Egypt,2034,1.348
Egypt,2035,1.329
Egypt,2036,1.322
Egypt,2037,1.308
Egypt,2038,1.29
Egypt,2039,1.275
Egypt,2040,1.248
Egypt,2041,1.222
Egypt,2042,1.188
Egypt,2043,1.147
Egypt,2044,1.109
Egypt,2045,1.065
Egypt,2046,1.025
Egypt,2047,0.994
Egypt,2048,0.96
Egypt,2049,0.927
Egypt,2050,0.899
Egypt,2051,0.867
Egypt,2052,0.849
Egypt,2053,0.823
Egypt,2054,0.803
Egypt,2055,0.779
Egypt,2056,0.762
Egypt,2057,0.743
Egypt,2058,0.726
Egypt,2059,0.711
Egypt,2060,0.692
Egypt,2061,0.678
Egypt,2062,0.662
Egypt,2063,0.653
Egypt,2064,0.637
Egypt,2065,0.612
Egypt,2066,0.6
Egypt,2067,0.584
Egypt,2068,0.568
Egypt,2069,0.549
Egypt,2070,0.53
Egypt,2071,0.513
Egypt,2072,0.496
Egypt,2073,0.473
Egypt,2074,0.457
Egypt,2075,0.441
Egypt,2076,0.423
Egypt,2077,0.402
Egypt,2078,0.384
Egypt,2079,0.369
Egypt,2080,0.343
Egypt,2081,0.33
Egypt,2082,0.31
Egypt,2083,0.295
Egypt,2084,0.279
Egypt,2085,0.261
Egypt,2086,0.248
Egypt,2087,0.237
Egypt,2088,0.219
Egypt,2089,0.202
Egypt,2090,0.189
Egypt,2091,0.18
Egypt,2092,0.164
Egypt,2093,0.153
Egypt,2094,0.136
Egypt,2095,0.12
Egypt,2096,0.101
Egypt,2097,0.085
Egypt,2098,0.077
Egypt,2099,0.059
Egypt,2100,0.048
El Salvador,1950,2.383
El Salvador,1951,2.307
El Salvador,1952,2.348
El Salvador,1953,2.321
El Salvador,1954,2.392
El Salvador,1955,2.45
El Salvador,1956,2.5
El Salvador,1957,2.545
El Salvador,1958,2.513
El Salvador,1959,2.619
El Salvador,1960,2.747
El Salvador,1961,2.803
El Salvador,1962,2.642
El Salvador,1963,2.675
El Salvador,1964,2.744
El Salvador,1965,2.806
El Salvador,1966,2.832
El Salvador,1967,2.814
El Salvador,1968,2.756
El Salvador,1969,2.67
El Salvador,1970,2.429
El Salvador,1971,2.351
El Salvador,1972,2.347
El Salvador,1973,2.341
El Salvador,1974,2.259
El Salvador,1975,2.197
El Salvador,1976,2.118
El Salvador,1977,2.155
El Salvador,1978,2.117
El Salvador,1979,1.775
El Salvador,1980,0.891
El Salvador,1981,0.437
El Salvador,1982,1.812
El Salvador,1983,1.827
El Salvador,1984,1.986
El Salvador,1985,2.005
El Salvador,1986,1.963
El Salvador,1987,1.99
El Salvador,1988,2.029
El Salvador,1989,1.904
El Salvador,1990,1.864
El Salvador,1991,1.639
El Salvador,1992,1.629
El Salvador,1993,1.019
El Salvador,1994,0.886
El Salvador,1995,0.787
El Salvador,1996,0.705
El Salvador,1997,0.644
El Salvador,1998,0.591
El Salvador,1999,0.532
El Salvador,2000,0.462
El Salvador,2001,0.367
El Salvador,2002,0.254
El Salvador,2003,0.145
El Salvador,2004,0.057
El Salvador,2005,-0.027
El Salvador,2006,-0.082
El Salvador,2007,0.331
El Salvador,2008,0.316
El Salvador,2009,0.313
El Salvador,2010,0.346
El Salvador,2011,0.373
El Salvador,2012,0.408
El Salvador,2013,0.404
El Salvador,2014,0.381
El Salvador,2015,0.291
El Salvador,2016,0.262
El Salvador,2017,0.148
El Salvador,2018,0.054
El Salvador,2019,0.027
El Salvador,2020,0.369
El Salvador,2021,0.307
El Salvador,2022,0.476
El Salvador,2023,0.455
El Salvador,2024,0.448
El Salvador,2025,0.412
El Salvador,2026,0.396
El Salvador,2027,0.391
El Salvador,2028,0.371
El Salvador,2029,0.357
El Salvador,2030,0.316
El Salvador,2031,0.305
El Salvador,2032,0.29
El Salvador,2033,0.287
El Salvador,2034,0.248
El Salvador,2035,0.239
El Salvador,2036,0.221
El Salvador,2037,0.194
El Salvador,2038,0.193
El Salvador,2039,0.149
El Salvador,2040,0.14
El Salvador,2041,0.117
El Salvador,2042,0.091
El Salvador,2043,0.079
El Salvador,2044,0.037
El Salvador,2045,0.032
El Salvador,2046,0.01
El Salvador,2047,0.003
El Salvador,2048,-0.021
El Salvador,2049,-0.053
El Salvador,2050,-0.05
El Salvador,2051,-0.093
El Salvador,2052,-0.095
El Salvador,2053,-0.118
El Salvador,2054,-0.16
El Salvador,2055,-0.18
El Salvador,2056,-0.199
El Salvador,2057,-0.214
El Salvador,2058,-0.207
El Salvador,2059,-0.231
El Salvador,2060,-0.259
El Salvador,2061,-0.263
El Salvador,2062,-0.287
El Salvador,2063,-0.315
El Salvador,2064,-0.338
El Salvador,2065,-0.358
El Salvador,2066,-0.362
El Salvador,2067,-0.381
El Salvador,2068,-0.408
El Salvador,2069,-0.421
El Salvador,2070,-0.441
El Salvador,2071,-0.452
El Salvador,2072,-0.465
El Salvador,2073,-0.527
El Salvador,2074,-0.522
El Salvador,2075,-0.552
El Salvador,2076,-0.594
El Salvador,2077,-0.612
El Salvador,2078,-0.639
El Salvador,2079,-0.67
El Salvador,2080,-0.695
El Salvador,2081,-0.715
El Salvador,2082,-0.731
El Salvador,2083,-0.754
El Salvador,2084,-0.786
El Salvador,2085,-0.799
El Salvador,2086,-0.812
El Salvador,2087,-0.823
El Salvador,2088,-0.828
El Salvador,2089,-0.844
El Salvador,2090,-0.849
El Salvador,2091,-0.856
El Salvador,2092,-0.86
El Salvador,2093,-0.868
El Salvador,2094,-0.878
El Salvador,2095,-0.881
El Salvador,2096,-0.881
El Salvador,2097,-0.863
El Salvador,2098,-0.864
El Salvador,2099,-0.859
El Salvador,2100,-0.855
Equatorial Guinea,1950,1.785
Equatorial Guinea,1951,1.761
Equatorial Guinea,1952,1.737
Equatorial Guinea,1953,1.737
Equatorial Guinea,1954,1.733
Equatorial Guinea,1955,1.727
Equatorial Guinea,1956,1.731
Equatorial Guinea,1957,1.727
Equatorial Guinea,1958,1.738
Equatorial Guinea,1959,1.771
Equatorial Guinea,1960,1.827
Equatorial Guinea,1961,1.91
Equatorial Guinea,1962,1.974
Equatorial Guinea,1963,2.037
Equatorial Guinea,1964,2.099
Equatorial Guinea,1965,2.167
Equatorial Guinea,1966,2.224
Equatorial Guinea,1967,2.281
Equatorial Guinea,1968,2.188
Equatorial Guinea,1969,0.112
Equatorial Guinea,1970,-1.181
Equatorial Guinea,1971,-1.88
Equatorial Guinea,1972,-2.263
Equatorial Guinea,1973,-2.438
Equatorial Guinea,1974,-2.471
Equatorial Guinea,1975,-2.367
Equatorial Guinea,1976,-2.465
Equatorial Guinea,1977,-0.569
Equatorial Guinea,1978,0.39
Equatorial Guinea,1979,1.984
Equatorial Guinea,1980,4.172
Equatorial Guinea,1981,5.665
Equatorial Guinea,1982,6.444
Equatorial Guinea,1983,6.307
Equatorial Guinea,1984,5.84
Equatorial Guinea,1985,5.186
Equatorial Guinea,1986,4.54
Equatorial Guinea,1987,4.075
Equatorial Guinea,1988,3.877
Equatorial Guinea,1989,3.781
Equatorial Guinea,1990,3.724
Equatorial Guinea,1991,3.703
Equatorial Guinea,1992,3.696
Equatorial Guinea,1993,3.704
Equatorial Guinea,1994,3.745
Equatorial Guinea,1995,3.79
Equatorial Guinea,1996,3.843
Equatorial Guinea,1997,3.89
Equatorial Guinea,1998,3.924
Equatorial Guinea,1999,3.944
Equatorial Guinea,2000,6.517
Equatorial Guinea,2001,6.309
Equatorial Guinea,2002,6.136
Equatorial Guinea,2003,6.001
Equatorial Guinea,2004,5.918
Equatorial Guinea,2005,4.398
Equatorial Guinea,2006,4.474
Equatorial Guinea,2007,4.548
Equatorial Guinea,2008,4.599
Equatorial Guinea,2009,4.617
Equatorial Guinea,2010,4.576
Equatorial Guinea,2011,4.115
Equatorial Guinea,2012,4.036
Equatorial Guinea,2013,3.958
Equatorial Guinea,2014,3.854
Equatorial Guinea,2015,3.731
Equatorial Guinea,2016,3.6
Equatorial Guinea,2017,3.465
Equatorial Guinea,2018,3.336
Equatorial Guinea,2019,3.209
Equatorial Guinea,2020,2.272
Equatorial Guinea,2021,2.596
Equatorial Guinea,2022,2.433
Equatorial Guinea,2023,2.389
Equatorial Guinea,2024,2.42
Equatorial Guinea,2025,2.375
Equatorial Guinea,2026,2.32
Equatorial Guinea,2027,2.291
Equatorial Guinea,2028,2.238
Equatorial Guinea,2029,2.185
Equatorial Guinea,2030,2.17
Equatorial Guinea,2031,2.173
Equatorial Guinea,2032,2.193
Equatorial Guinea,2033,2.083
Equatorial Guinea,2034,2.092
Equatorial Guinea,2035,2.045
Equatorial Guinea,2036,2.025
Equatorial Guinea,2037,1.999
Equatorial Guinea,2038,2.009
Equatorial Guinea,2039,1.897
Equatorial Guinea,2040,1.902
Equatorial Guinea,2041,1.808
Equatorial Guinea,2042,1.791
Equatorial Guinea,2043,1.723
Equatorial Guinea,2044,1.712
Equatorial Guinea,2045,1.664
Equatorial Guinea,2046,1.598
Equatorial Guinea,2047,1.518
Equatorial Guinea,2048,1.515
Equatorial Guinea,2049,1.487
Equatorial Guinea,2050,1.467
Equatorial Guinea,2051,1.464
Equatorial Guinea,2052,1.458
Equatorial Guinea,2053,1.433
Equatorial Guinea,2054,1.433
Equatorial Guinea,2055,1.399
Equatorial Guinea,2056,1.351
Equatorial Guinea,2057,1.328
Equatorial Guinea,2058,1.35
Equatorial Guinea,2059,1.282
Equatorial Guinea,2060,1.227
Equatorial Guinea,2061,1.194
Equatorial Guinea,2062,1.159
Equatorial Guinea,2063,1.146
Equatorial Guinea,2064,1.166
Equatorial Guinea,2065,1.137
Equatorial Guinea,2066,1.086
Equatorial Guinea,2067,1.058
Equatorial Guinea,2068,1.014
Equatorial Guinea,2069,1.051
Equatorial Guinea,2070,1.043
Equatorial Guinea,2071,0.996
Equatorial Guinea,2072,0.996
Equatorial Guinea,2073,0.968
Equatorial Guinea,2074,0.962
Equatorial Guinea,2075,0.969
Equatorial Guinea,2076,0.955
Equatorial Guinea,2077,0.887
Equatorial Guinea,2078,0.859
Equatorial Guinea,2079,0.865
Equatorial Guinea,2080,0.803
Equatorial Guinea,2081,0.78
Equatorial Guinea,2082,0.735
Equatorial Guinea,2083,0.717
Equatorial Guinea,2084,0.755
Equatorial Guinea,2085,0.667
Equatorial Guinea,2086,0.65
Equatorial Guinea,2087,0.647
Equatorial Guinea,2088,0.655
Equatorial Guinea,2089,0.645
Equatorial Guinea,2090,0.576
Equatorial Guinea,2091,0.54
Equatorial Guinea,2092,0.572
Equatorial Guinea,2093,0.565
Equatorial Guinea,2094,0.566
Equatorial Guinea,2095,0.521
Equatorial Guinea,2096,0.484
Equatorial Guinea,2097,0.482
Equatorial Guinea,2098,0.47
Equatorial Guinea,2099,0.446
Equatorial Guinea,2100,0.443
Eritrea,1950,1.417
Eritrea,1951,1.544
Eritrea,1952,1.649
Eritrea,1953,1.74
Eritrea,1954,1.812
Eritrea,1955,1.88
Eritrea,1956,1.957
Eritrea,1957,1.427
Eritrea,1958,1.551
Eritrea,1959,2.262
Eritrea,1960,2.31
Eritrea,1961,2.369
Eritrea,1962,2.436
Eritrea,1963,2.465
Eritrea,1964,2.486
Eritrea,1965,2.501
Eritrea,1966,2.291
Eritrea,1967,2.516
Eritrea,1968,2.522
Eritrea,1969,2.536
Eritrea,1970,2.587
Eritrea,1971,2.605
Eritrea,1972,2.515
Eritrea,1973,2.529
Eritrea,1974,2.333
Eritrea,1975,2.34
Eritrea,1976,2.649
Eritrea,1977,2.649
Eritrea,1978,2.65
Eritrea,1979,2.659
Eritrea,1980,2.701
Eritrea,1981,2.722
Eritrea,1982,2.721
Eritrea,1983,2.031
Eritrea,1984,2.025
Eritrea,1985,2.008
Eritrea,1986,2.081
Eritrea,1987,2.574
Eritrea,1988,2.609
Eritrea,1989,2.364
Eritrea,1990,2.188
Eritrea,1991,-14.131
Eritrea,1992,1.621
Eritrea,1993,4.6
Eritrea,1994,1.592
Eritrea,1995,9.499
Eritrea,1996,0.665
Eritrea,1997,1.542
Eritrea,1998,1.072
Eritrea,1999,1.869
Eritrea,2000,1.208
Eritrea,2001,4.453
Eritrea,2002,2.46
Eritrea,2003,5.735
Eritrea,2004,2.531
Eritrea,2005,2.258
Eritrea,2006,0.906
Eritrea,2007,2.004
Eritrea,2008,3.24
Eritrea,2009,1.796
Eritrea,2010,2.13
Eritrea,2011,1.463
Eritrea,2012,1.092
Eritrea,2013,1.353
Eritrea,2014,0.001
Eritrea,2015,0.667
Eritrea,2016,0.563
Eritrea,2017,1.07
Eritrea,2018,1.601
Eritrea,2019,1.35
Eritrea,2020,1.774
Eritrea,2021,1.774
Eritrea,2022,1.734
Eritrea,2023,1.809
Eritrea,2024,1.913
Eritrea,2025,2.084
Eritrea,2026,2.069
Eritrea,2027,2.107
Eritrea,2028,2.091
Eritrea,2029,2.05
Eritrea,2030,2.1
Eritrea,2031,1.976
Eritrea,2032,1.974
Eritrea,2033,1.971
Eritrea,2034,2
Eritrea,2035,1.938
Eritrea,2036,2.04
Eritrea,2037,2.007
Eritrea,2038,1.885
Eritrea,2039,1.837
Eritrea,2040,1.82
Eritrea,2041,1.676
Eritrea,2042,1.718
Eritrea,2043,1.626
Eritrea,2044,1.61
Eritrea,2045,1.623
Eritrea,2046,1.497
Eritrea,2047,1.477
Eritrea,2048,1.472
Eritrea,2049,1.391
Eritrea,2050,1.392
Eritrea,2051,1.387
Eritrea,2052,1.444
Eritrea,2053,1.375
Eritrea,2054,1.223
Eritrea,2055,1.3
Eritrea,2056,1.145
Eritrea,2057,1.231
Eritrea,2058,1.241
Eritrea,2059,1.217
Eritrea,2060,1.223
Eritrea,2061,1.187
Eritrea,2062,1.101
Eritrea,2063,1.205
Eritrea,2064,1.014
Eritrea,2065,0.986
Eritrea,2066,1.051
Eritrea,2067,0.971
Eritrea,2068,0.987
Eritrea,2069,0.921
Eritrea,2070,0.894
Eritrea,2071,0.851
Eritrea,2072,0.84
Eritrea,2073,0.855
Eritrea,2074,0.727
Eritrea,2075,0.82
Eritrea,2076,0.726
Eritrea,2077,0.723
Eritrea,2078,0.695
Eritrea,2079,0.643
Eritrea,2080,0.714
Eritrea,2081,0.507
Eritrea,2082,0.562
Eritrea,2083,0.543
Eritrea,2084,0.587
Eritrea,2085,0.573
Eritrea,2086,0.529
Eritrea,2087,0.449
Eritrea,2088,0.454
Eritrea,2089,0.414
Eritrea,2090,0.423
Eritrea,2091,0.364
Eritrea,2092,0.425
Eritrea,2093,0.308
Eritrea,2094,0.31
Eritrea,2095,0.312
Eritrea,2096,0.263
Eritrea,2097,0.266
Eritrea,2098,0.271
Eritrea,2099,0.291
Eritrea,2100,0.264
Estonia,1950,1.309
Estonia,1951,1.245
Estonia,1952,1.192
Estonia,1953,1.056
Estonia,1954,1.062
Estonia,1955,1.018
Estonia,1956,0.91
Estonia,1957,0.882
Estonia,1958,1.063
Estonia,1959,0.521
Estonia,1960,1.207
Estonia,1961,1.19
Estonia,1962,1.137
Estonia,1963,1.112
Estonia,1964,1.182
Estonia,1965,1.068
Estonia,1966,1.03
Estonia,1967,1.043
Estonia,1968,1.103
Estonia,1969,1.045
Estonia,1970,0.899
Estonia,1971,0.95
Estonia,1972,0.889
Estonia,1973,0.852
Estonia,1974,0.885
Estonia,1975,0.803
Estonia,1976,0.788
Estonia,1977,0.835
Estonia,1978,0.771
Estonia,1979,0.569
Estonia,1980,0.578
Estonia,1981,0.621
Estonia,1982,0.663
Estonia,1983,0.714
Estonia,1984,0.66
Estonia,1985,0.612
Estonia,1986,0.735
Estonia,1987,0.778
Estonia,1988,0.747
Estonia,1989,0.34
Estonia,1990,0.006
Estonia,1991,-0.635
Estonia,1992,-2.623
Estonia,1993,-2.083
Estonia,1994,-1.756
Estonia,1995,-1.374
Estonia,1996,-1.136
Estonia,1997,-0.704
Estonia,1998,-0.749
Estonia,1999,-0.333
Estonia,2000,-0.607
Estonia,2001,-0.66
Estonia,2002,-0.602
Estonia,2003,-0.646
Estonia,2004,-0.549
Estonia,2005,-0.603
Estonia,2006,-0.576
Estonia,2007,-0.342
Estonia,2008,-0.2
Estonia,2009,-0.181
Estonia,2010,-0.281
Estonia,2011,-0.335
Estonia,2012,-0.381
Estonia,2013,-0.33
Estonia,2014,-0.197
Estonia,2015,0.215
Estonia,2016,-0.022
Estonia,2017,0.261
Estonia,2018,0.427
Estonia,2019,0.307
Estonia,2020,0.122
Estonia,2021,0.19
Estonia,2022,2.53
Estonia,2023,0.004
Estonia,2024,-0.982
Estonia,2025,-1.433
Estonia,2026,-0.531
Estonia,2027,-0.537
Estonia,2028,-0.539
Estonia,2029,-0.535
Estonia,2030,-0.542
Estonia,2031,-0.543
Estonia,2032,-0.541
Estonia,2033,-0.535
Estonia,2034,-0.534
Estonia,2035,-0.521
Estonia,2036,-0.517
Estonia,2037,-0.505
Estonia,2038,-0.494
Estonia,2039,-0.492
Estonia,2040,-0.488
Estonia,2041,-0.494
Estonia,2042,-0.498
Estonia,2043,-0.5
Estonia,2044,-0.512
Estonia,2045,-0.515
Estonia,2046,-0.522
Estonia,2047,-0.529
Estonia,2048,-0.531
Estonia,2049,-0.557
Estonia,2050,-0.572
Estonia,2051,-0.59
Estonia,2052,-0.595
Estonia,2053,-0.616
Estonia,2054,-0.626
Estonia,2055,-0.657
Estonia,2056,-0.667
Estonia,2057,-0.679
Estonia,2058,-0.7
Estonia,2059,-0.709
Estonia,2060,-0.737
Estonia,2061,-0.738
Estonia,2062,-0.746
Estonia,2063,-0.75
Estonia,2064,-0.759
Estonia,2065,-0.764
Estonia,2066,-0.762
Estonia,2067,-0.77
Estonia,2068,-0.768
Estonia,2069,-0.776
Estonia,2070,-0.786
Estonia,2071,-0.778
Estonia,2072,-0.773
Estonia,2073,-0.772
Estonia,2074,-0.767
Estonia,2075,-0.757
Estonia,2076,-0.757
Estonia,2077,-0.761
Estonia,2078,-0.758
Estonia,2079,-0.751
Estonia,2080,-0.742
Estonia,2081,-0.729
Estonia,2082,-0.733
Estonia,2083,-0.733
Estonia,2084,-0.731
Estonia,2085,-0.707
Estonia,2086,-0.698
Estonia,2087,-0.685
Estonia,2088,-0.656
Estonia,2089,-0.655
Estonia,2090,-0.65
Estonia,2091,-0.638
Estonia,2092,-0.635
Estonia,2093,-0.644
Estonia,2094,-0.638
Estonia,2095,-0.651
Estonia,2096,-0.658
Estonia,2097,-0.646
Estonia,2098,-0.649
Estonia,2099,-0.668
Estonia,2100,-0.677
Eswatini,1950,2.543
Eswatini,1951,2.509
Eswatini,1952,2.472
Eswatini,1953,2.444
Eswatini,1954,2.41
Eswatini,1955,2.392
Eswatini,1956,2.367
Eswatini,1957,2.351
Eswatini,1958,2.336
Eswatini,1959,2.309
Eswatini,1960,2.277
Eswatini,1961,2.262
Eswatini,1962,2.272
Eswatini,1963,2.319
Eswatini,1964,2.434
Eswatini,1965,2.612
Eswatini,1966,2.688
Eswatini,1967,2.399
Eswatini,1968,2.486
Eswatini,1969,2.567
Eswatini,1970,2.64
Eswatini,1971,2.711
Eswatini,1972,2.775
Eswatini,1973,2.835
Eswatini,1974,2.905
Eswatini,1975,2.965
Eswatini,1976,3.108
Eswatini,1977,3.289
Eswatini,1978,3.299
Eswatini,1979,3.307
Eswatini,1980,3.32
Eswatini,1981,3.327
Eswatini,1982,3.32
Eswatini,1983,3.255
Eswatini,1984,3.262
Eswatini,1985,4.053
Eswatini,1986,3.873
Eswatini,1987,3.89
Eswatini,1988,5.286
Eswatini,1989,4.027
Eswatini,1990,4.072
Eswatini,1991,3.964
Eswatini,1992,3.652
Eswatini,1993,2.198
Eswatini,1994,-2.22
Eswatini,1995,2.062
Eswatini,1996,1.9
Eswatini,1997,1.468
Eswatini,1998,1.104
Eswatini,1999,1.067
Eswatini,2000,0.985
Eswatini,2001,0.86
Eswatini,2002,0.728
Eswatini,2003,0.638
Eswatini,2004,0.57
Eswatini,2005,0.52
Eswatini,2006,0.481
Eswatini,2007,0.671
Eswatini,2008,0.679
Eswatini,2009,0.604
Eswatini,2010,0.569
Eswatini,2011,0.541
Eswatini,2012,0.535
Eswatini,2013,0.552
Eswatini,2014,0.561
Eswatini,2015,0.582
Eswatini,2016,0.587
Eswatini,2017,0.918
Eswatini,2018,0.927
Eswatini,2019,0.937
Eswatini,2020,1.229
Eswatini,2021,1.083
Eswatini,2022,0.95
Eswatini,2023,0.943
Eswatini,2024,1.049
Eswatini,2025,1.089
Eswatini,2026,1.078
Eswatini,2027,1.016
Eswatini,2028,0.961
Eswatini,2029,0.941
Eswatini,2030,0.972
Eswatini,2031,0.875
Eswatini,2032,0.876
Eswatini,2033,0.878
Eswatini,2034,0.827
Eswatini,2035,0.783
Eswatini,2036,0.768
Eswatini,2037,0.707
Eswatini,2038,0.723
Eswatini,2039,0.683
Eswatini,2040,0.627
Eswatini,2041,0.664
Eswatini,2042,0.592
Eswatini,2043,0.557
Eswatini,2044,0.528
Eswatini,2045,0.53
Eswatini,2046,0.483
Eswatini,2047,0.445
Eswatini,2048,0.431
Eswatini,2049,0.426
Eswatini,2050,0.359
Eswatini,2051,0.364
Eswatini,2052,0.318
Eswatini,2053,0.28
Eswatini,2054,0.23
Eswatini,2055,0.202
Eswatini,2056,0.183
Eswatini,2057,0.176
Eswatini,2058,0.17
Eswatini,2059,0.12
Eswatini,2060,0.051
Eswatini,2061,0.052
Eswatini,2062,0.026
Eswatini,2063,-0.01
Eswatini,2064,-0.029
Eswatini,2065,-0.053
Eswatini,2066,-0.054
Eswatini,2067,-0.113
Eswatini,2068,-0.133
Eswatini,2069,-0.163
Eswatini,2070,-0.155
Eswatini,2071,-0.203
Eswatini,2072,-0.211
Eswatini,2073,-0.242
Eswatini,2074,-0.29
Eswatini,2075,-0.289
Eswatini,2076,-0.322
Eswatini,2077,-0.317
Eswatini,2078,-0.297
Eswatini,2079,-0.332
Eswatini,2080,-0.357
Eswatini,2081,-0.363
Eswatini,2082,-0.422
Eswatini,2083,-0.441
Eswatini,2084,-0.481
Eswatini,2085,-0.495
Eswatini,2086,-0.484
Eswatini,2087,-0.482
Eswatini,2088,-0.494
Eswatini,2089,-0.527
Eswatini,2090,-0.526
Eswatini,2091,-0.56
Eswatini,2092,-0.545
Eswatini,2093,-0.561
Eswatini,2094,-0.582
Eswatini,2095,-0.591
Eswatini,2096,-0.591
Eswatini,2097,-0.594
Eswatini,2098,-0.612
Eswatini,2099,-0.67
Eswatini,2100,-0.662
Ethiopia,1950,1.74
Ethiopia,1951,1.834
Ethiopia,1952,1.879
Ethiopia,1953,1.889
Ethiopia,1954,1.963
Ethiopia,1955,2.007
Ethiopia,1956,2.061
Ethiopia,1957,1.493
Ethiopia,1958,1.523
Ethiopia,1959,2.317
Ethiopia,1960,2.402
Ethiopia,1961,2.49
Ethiopia,1962,2.549
Ethiopia,1963,2.605
Ethiopia,1964,2.66
Ethiopia,1965,2.71
Ethiopia,1966,2.507
Ethiopia,1967,2.77
Ethiopia,1968,2.755
Ethiopia,1969,2.747
Ethiopia,1970,2.765
Ethiopia,1971,2.701
Ethiopia,1972,2.643
Ethiopia,1973,2.678
Ethiopia,1974,2.497
Ethiopia,1975,2.392
Ethiopia,1976,2.654
Ethiopia,1977,1.213
Ethiopia,1978,2.171
Ethiopia,1979,0.805
Ethiopia,1980,0.302
Ethiopia,1981,4.666
Ethiopia,1982,3.127
Ethiopia,1983,2.468
Ethiopia,1984,2.732
Ethiopia,1985,2.898
Ethiopia,1986,3.013
Ethiopia,1987,3.788
Ethiopia,1988,4.017
Ethiopia,1989,3.672
Ethiopia,1990,3.73
Ethiopia,1991,4.907
Ethiopia,1992,3.537
Ethiopia,1993,3.494
Ethiopia,1994,3.469
Ethiopia,1995,3.342
Ethiopia,1996,3.259
Ethiopia,1997,3.153
Ethiopia,1998,3.128
Ethiopia,1999,3.121
Ethiopia,2000,3.017
Ethiopia,2001,3.049
Ethiopia,2002,3.039
Ethiopia,2003,3.004
Ethiopia,2004,2.986
Ethiopia,2005,2.947
Ethiopia,2006,2.928
Ethiopia,2007,2.932
Ethiopia,2008,2.858
Ethiopia,2009,2.822
Ethiopia,2010,2.848
Ethiopia,2011,2.839
Ethiopia,2012,2.77
Ethiopia,2013,2.669
Ethiopia,2014,2.697
Ethiopia,2015,2.673
Ethiopia,2016,2.742
Ethiopia,2017,2.709
Ethiopia,2018,2.685
Ethiopia,2019,2.698
Ethiopia,2020,2.724
Ethiopia,2021,2.623
Ethiopia,2022,2.623
Ethiopia,2023,2.585
Ethiopia,2024,2.582
Ethiopia,2025,2.521
Ethiopia,2026,2.48
Ethiopia,2027,2.445
Ethiopia,2028,2.381
Ethiopia,2029,2.355
Ethiopia,2030,2.304
Ethiopia,2031,2.259
Ethiopia,2032,2.22
Ethiopia,2033,2.146
Ethiopia,2034,2.122
Ethiopia,2035,2.091
Ethiopia,2036,2.047
Ethiopia,2037,2.005
Ethiopia,2038,1.979
Ethiopia,2039,1.954
Ethiopia,2040,1.921
Ethiopia,2041,1.882
Ethiopia,2042,1.859
Ethiopia,2043,1.84
Ethiopia,2044,1.806
Ethiopia,2045,1.768
Ethiopia,2046,1.747
Ethiopia,2047,1.727
Ethiopia,2048,1.689
Ethiopia,2049,1.652
Ethiopia,2050,1.614
Ethiopia,2051,1.617
Ethiopia,2052,1.562
Ethiopia,2053,1.523
Ethiopia,2054,1.497
Ethiopia,2055,1.453
Ethiopia,2056,1.463
Ethiopia,2057,1.401
Ethiopia,2058,1.357
Ethiopia,2059,1.373
Ethiopia,2060,1.338
Ethiopia,2061,1.322
Ethiopia,2062,1.27
Ethiopia,2063,1.244
Ethiopia,2064,1.216
Ethiopia,2065,1.184
Ethiopia,2066,1.155
Ethiopia,2067,1.157
Ethiopia,2068,1.111
Ethiopia,2069,1.089
Ethiopia,2070,1.061
Ethiopia,2071,1.044
Ethiopia,2072,1.029
Ethiopia,2073,0.988
Ethiopia,2074,0.991
Ethiopia,2075,0.968
Ethiopia,2076,0.941
Ethiopia,2077,0.919
Ethiopia,2078,0.889
Ethiopia,2079,0.841
Ethiopia,2080,0.825
Ethiopia,2081,0.814
Ethiopia,2082,0.806
Ethiopia,2083,0.765
Ethiopia,2084,0.745
Ethiopia,2085,0.736
Ethiopia,2086,0.726
Ethiopia,2087,0.682
Ethiopia,2088,0.643
Ethiopia,2089,0.631
Ethiopia,2090,0.641
Ethiopia,2091,0.613
Ethiopia,2092,0.581
Ethiopia,2093,0.578
Ethiopia,2094,0.573
Ethiopia,2095,0.535
Ethiopia,2096,0.557
Ethiopia,2097,0.531
Ethiopia,2098,0.495
Ethiopia,2099,0.47
Ethiopia,2100,0.484
Europe (UN),1950,0.941
Europe (UN),1951,0.861
Europe (UN),1952,0.92
Europe (UN),1953,0.986
Europe (UN),1954,0.989
Europe (UN),1955,1.001
Europe (UN),1956,0.974
Europe (UN),1957,1.09
Europe (UN),1958,1.089
Europe (UN),1959,0.99
Europe (UN),1960,1
Europe (UN),1961,0.986
Europe (UN),1962,0.951
Europe (UN),1963,0.91
Europe (UN),1964,0.866
Europe (UN),1965,0.799
Europe (UN),1966,0.771
Europe (UN),1967,0.69
Europe (UN),1968,0.705
Europe (UN),1969,0.685
Europe (UN),1970,0.494
Europe (UN),1971,0.707
Europe (UN),1972,0.67
Europe (UN),1973,0.612
Europe (UN),1974,0.562
Europe (UN),1975,0.486
Europe (UN),1976,0.509
Europe (UN),1977,0.5
Europe (UN),1978,0.472
Europe (UN),1979,0.489
Europe (UN),1980,0.531
Europe (UN),1981,0.422
Europe (UN),1982,0.396
Europe (UN),1983,0.41
Europe (UN),1984,0.394
Europe (UN),1985,0.406
Europe (UN),1986,0.453
Europe (UN),1987,0.437
Europe (UN),1988,0.458
Europe (UN),1989,0.389
Europe (UN),1990,0.362
Europe (UN),1991,0.285
Europe (UN),1992,0.027
Europe (UN),1993,0.08
Europe (UN),1994,0.162
Europe (UN),1995,-0.026
Europe (UN),1996,0.023
Europe (UN),1997,-0.007
Europe (UN),1998,-0.147
Europe (UN),1999,-0.031
Europe (UN),2000,0.016
Europe (UN),2001,0.004
Europe (UN),2002,0.24
Europe (UN),2003,0.103
Europe (UN),2004,0.135
Europe (UN),2005,0.084
Europe (UN),2006,0.09
Europe (UN),2007,0.24
Europe (UN),2008,0.21
Europe (UN),2009,0.167
Europe (UN),2010,0.161
Europe (UN),2011,0.167
Europe (UN),2012,0.13
Europe (UN),2013,0.143
Europe (UN),2014,0.172
Europe (UN),2015,0.257
Europe (UN),2016,0.217
Europe (UN),2017,0.165
Europe (UN),2018,0.139
Europe (UN),2019,0.112
Europe (UN),2020,-0.107
Europe (UN),2021,-0.136
Europe (UN),2022,-0.305
Europe (UN),2023,-0.06
Europe (UN),2024,-0.08
Europe (UN),2025,-0.104
Europe (UN),2026,-0.142
Europe (UN),2027,-0.157
Europe (UN),2028,-0.17
Europe (UN),2029,-0.185
Europe (UN),2030,-0.196
Europe (UN),2031,-0.213
Europe (UN),2032,-0.211
Europe (UN),2033,-0.215
Europe (UN),2034,-0.219
Europe (UN),2035,-0.224
Europe (UN),2036,-0.23
Europe (UN),2037,-0.233
Europe (UN),2038,-0.234
Europe (UN),2039,-0.241
Europe (UN),2040,-0.237
Europe (UN),2041,-0.237
Europe (UN),2042,-0.239
Europe (UN),2043,-0.249
Europe (UN),2044,-0.255
Europe (UN),2045,-0.261
Europe (UN),2046,-0.268
Europe (UN),2047,-0.282
Europe (UN),2048,-0.295
Europe (UN),2049,-0.311
Europe (UN),2050,-0.322
Europe (UN),2051,-0.336
Europe (UN),2052,-0.347
Europe (UN),2053,-0.374
Europe (UN),2054,-0.384
Europe (UN),2055,-0.402
Europe (UN),2056,-0.41
Europe (UN),2057,-0.416
Europe (UN),2058,-0.423
Europe (UN),2059,-0.429
Europe (UN),2060,-0.427
Europe (UN),2061,-0.431
Europe (UN),2062,-0.429
Europe (UN),2063,-0.428
Europe (UN),2064,-0.425
Europe (UN),2065,-0.422
Europe (UN),2066,-0.413
Europe (UN),2067,-0.404
Europe (UN),2068,-0.4
Europe (UN),2069,-0.395
Europe (UN),2070,-0.387
Europe (UN),2071,-0.381
Europe (UN),2072,-0.369
Europe (UN),2073,-0.366
Europe (UN),2074,-0.359
Europe (UN),2075,-0.344
Europe (UN),2076,-0.336
Europe (UN),2077,-0.335
Europe (UN),2078,-0.325
Europe (UN),2079,-0.32
Europe (UN),2080,-0.31
Europe (UN),2081,-0.3
Europe (UN),2082,-0.299
Europe (UN),2083,-0.293
Europe (UN),2084,-0.291
Europe (UN),2085,-0.289
Europe (UN),2086,-0.285
Europe (UN),2087,-0.277
Europe (UN),2088,-0.273
Europe (UN),2089,-0.274
Europe (UN),2090,-0.274
Europe (UN),2091,-0.267
Europe (UN),2092,-0.269
Europe (UN),2093,-0.264
Europe (UN),2094,-0.263
Europe (UN),2095,-0.271
Europe (UN),2096,-0.278
Europe (UN),2097,-0.278
Europe (UN),2098,-0.279
Europe (UN),2099,-0.286
Europe (UN),2100,-0.291
Falkland Islands,1950,0.913
Falkland Islands,1951,0.272
Falkland Islands,1952,0.497
Falkland Islands,1953,-1.18
Falkland Islands,1954,-0.412
Falkland Islands,1955,0.229
Falkland Islands,1956,0.228
Falkland Islands,1957,0.637
Falkland Islands,1958,1.037
Falkland Islands,1959,0.893
Falkland Islands,1960,1.149
Falkland Islands,1961,1.136
Falkland Islands,1962,0.26
Falkland Islands,1963,-0.174
Falkland Islands,1964,0
Falkland Islands,1965,-0.392
Falkland Islands,1966,0.087
Falkland Islands,1967,-0.524
Falkland Islands,1968,-0.351
Falkland Islands,1969,0.044
Falkland Islands,1970,-0.176
Falkland Islands,1971,-0.044
Falkland Islands,1972,0.439
Falkland Islands,1973,0.044
Falkland Islands,1974,0.35
Falkland Islands,1975,0.218
Falkland Islands,1976,0.218
Falkland Islands,1977,-0.61
Falkland Islands,1978,-0.57
Falkland Islands,1979,-0.75
Falkland Islands,1980,-0.489
Falkland Islands,1981,0.045
Falkland Islands,1982,0
Falkland Islands,1983,0.133
Falkland Islands,1984,-0.356
Falkland Islands,1985,-0.089
Falkland Islands,1986,0.089
Falkland Islands,1987,1.461
Falkland Islands,1988,1.267
Falkland Islands,1989,1.337
Falkland Islands,1990,0.938
Falkland Islands,1991,3.174
Falkland Islands,1992,3.87
Falkland Islands,1993,3.535
Falkland Islands,1994,3.709
Falkland Islands,1995,3.505
Falkland Islands,1996,2.247
Falkland Islands,1997,2.164
Falkland Islands,1998,2.185
Falkland Islands,1999,1.942
Falkland Islands,2000,1.937
Falkland Islands,2001,1.05
Falkland Islands,2002,0.599
Falkland Islands,2003,0.596
Falkland Islands,2004,0.406
Falkland Islands,2005,0.373
Falkland Islands,2006,0.248
Falkland Islands,2007,-0.031
Falkland Islands,2008,-0.403
Falkland Islands,2009,-0.343
Falkland Islands,2010,-0.532
Falkland Islands,2011,-0.377
Falkland Islands,2012,1.469
Falkland Islands,2013,2.481
Falkland Islands,2014,2.037
Falkland Islands,2015,2.025
Falkland Islands,2016,2.099
Falkland Islands,2017,0.171
Falkland Islands,2018,0
Falkland Islands,2019,-0.256
Falkland Islands,2020,-0.371
Falkland Islands,2021,-0.057
Falkland Islands,2022,-0.401
Falkland Islands,2023,-0.374
Falkland Islands,2024,0.029
Falkland Islands,2025,-0.115
Falkland Islands,2026,-0.115
Falkland Islands,2027,-0.144
Falkland Islands,2028,-0.464
Falkland Islands,2029,-0.437
Falkland Islands,2030,-0.321
Falkland Islands,2031,-0.234
Falkland Islands,2032,-0.353
Falkland Islands,2033,-0.295
Falkland Islands,2034,-0.296
Falkland Islands,2035,-0.535
Falkland Islands,2036,-0.179
Falkland Islands,2037,-0.508
Falkland Islands,2038,0
Falkland Islands,2039,-0.3
Falkland Islands,2040,-0.452
Falkland Islands,2041,-0.424
Falkland Islands,2042,-0.273
Falkland Islands,2043,-0.61
Falkland Islands,2044,-0.245
Falkland Islands,2045,-0.523
Falkland Islands,2046,-0.34
Falkland Islands,2047,-0.465
Falkland Islands,2048,-0.436
Falkland Islands,2049,-0.532
Falkland Islands,2050,-0.535
Falkland Islands,2051,-0.57
Falkland Islands,2052,-0.605
Falkland Islands,2053,-0.802
Falkland Islands,2054,-0.776
Falkland Islands,2055,-0.814
Falkland Islands,2056,-0.821
Falkland Islands,2057,-0.861
Falkland Islands,2058,-0.768
Falkland Islands,2059,-0.909
Falkland Islands,2060,-0.849
Falkland Islands,2061,-0.891
Falkland Islands,2062,-1.073
Falkland Islands,2063,-0.979
Falkland Islands,2064,-0.918
Falkland Islands,2065,-1.105
Falkland Islands,2066,-0.9
Falkland Islands,2067,-0.982
Falkland Islands,2068,-1.028
Falkland Islands,2069,-0.853
Falkland Islands,2070,-0.898
Falkland Islands,2071,-0.944
Falkland Islands,2072,-0.991
Falkland Islands,2073,-0.653
Falkland Islands,2074,-0.774
Falkland Islands,2075,-0.976
Falkland Islands,2076,-0.511
Falkland Islands,2077,-0.911
Falkland Islands,2078,-1.08
Falkland Islands,2079,-0.727
Falkland Islands,2080,-0.61
Falkland Islands,2081,-0.368
Falkland Islands,2082,-0.657
Falkland Islands,2083,-0.703
Falkland Islands,2084,-0.582
Falkland Islands,2085,-0.376
Falkland Islands,2086,-0.42
Falkland Islands,2087,-0.548
Falkland Islands,2088,-0.594
Falkland Islands,2089,-0.426
Falkland Islands,2090,-0.385
Falkland Islands,2091,-0.43
Falkland Islands,2092,-0.129
Falkland Islands,2093,-0.562
Falkland Islands,2094,-0.13
Falkland Islands,2095,-0.304
Falkland Islands,2096,-0.568
Falkland Islands,2097,-0.483
Falkland Islands,2098,-0.309
Falkland Islands,2099,-0.487
Falkland Islands,2100,-0.222
Faroe Islands,1950,0.947
Faroe Islands,1951,0.558
Faroe Islands,1952,0.147
Faroe Islands,1953,0.028
Faroe Islands,1954,0.125
Faroe Islands,1955,0.149
Faroe Islands,1956,1.163
Faroe Islands,1957,1.308
Faroe Islands,1958,1.408
Faroe Islands,1959,1.453
Faroe Islands,1960,1.357
Faroe Islands,1961,1.149
Faroe Islands,1962,1.184
Faroe Islands,1963,1.249
Faroe Islands,1964,1.314
Faroe Islands,1965,1.453
Faroe Islands,1966,1.116
Faroe Islands,1967,0.965
Faroe Islands,1968,0.953
Faroe Islands,1969,0.884
Faroe Islands,1970,1.017
Faroe Islands,1971,1.24
Faroe Islands,1972,1.172
Faroe Islands,1973,1.183
Faroe Islands,1974,1.172
Faroe Islands,1975,1.117
Faroe Islands,1976,1.099
Faroe Islands,1977,1.078
Faroe Islands,1978,1.315
Faroe Islands,1979,1.303
Faroe Islands,1980,1.27
Faroe Islands,1981,1.286
Faroe Islands,1982,1.2
Faroe Islands,1983,1.05
Faroe Islands,1984,1.046
Faroe Islands,1985,0.88
Faroe Islands,1986,0.972
Faroe Islands,1987,1.005
Faroe Islands,1988,1.114
Faroe Islands,1989,1.238
Faroe Islands,1990,-1.289
Faroe Islands,1991,-1.602
Faroe Islands,1992,-1.819
Faroe Islands,1993,-2.081
Faroe Islands,1994,-2.239
Faroe Islands,1995,0.739
Faroe Islands,1996,0.801
Faroe Islands,1997,0.835
Faroe Islands,1998,0.748
Faroe Islands,1999,0.679
Faroe Islands,2000,1.286
Faroe Islands,2001,1.228
Faroe Islands,2002,1.294
Faroe Islands,2003,1.238
Faroe Islands,2004,1.252
Faroe Islands,2005,0.176
Faroe Islands,2006,0.101
Faroe Islands,2007,0.091
Faroe Islands,2008,0.008
Faroe Islands,2009,-0.047
Faroe Islands,2010,-1.277
Faroe Islands,2011,0.3
Faroe Islands,2012,0.353
Faroe Islands,2013,0.429
Faroe Islands,2014,0.443
Faroe Islands,2015,1.209
Faroe Islands,2016,1.347
Faroe Islands,2017,1.541
Faroe Islands,2018,1.583
Faroe Islands,2019,1.557
Faroe Islands,2020,1.299
Faroe Islands,2021,1.396
Faroe Islands,2022,1.255
Faroe Islands,2023,1.329
Faroe Islands,2024,1.164
Faroe Islands,2025,0.998
Faroe Islands,2026,0.869
Faroe Islands,2027,0.835
Faroe Islands,2028,0.67
Faroe Islands,2029,0.686
Faroe Islands,2030,0.606
Faroe Islands,2031,0.615
Faroe Islands,2032,0.542
Faroe Islands,2033,0.545
Faroe Islands,2034,0.472
Faroe Islands,2035,0.451
Faroe Islands,2036,0.448
Faroe Islands,2037,0.421
Faroe Islands,2038,0.388
Faroe Islands,2039,0.382
Faroe Islands,2040,0.372
Faroe Islands,2041,0.384
Faroe Islands,2042,0.351
Faroe Islands,2043,0.35
Faroe Islands,2044,0.35
Faroe Islands,2045,0.312
Faroe Islands,2046,0.311
Faroe Islands,2047,0.337
Faroe Islands,2048,0.263
Faroe Islands,2049,0.232
Faroe Islands,2050,0.281
Faroe Islands,2051,0.207
Faroe Islands,2052,0.202
Faroe Islands,2053,0.189
Faroe Islands,2054,0.157
Faroe Islands,2055,0.129
Faroe Islands,2056,0.105
Faroe Islands,2057,0.136
Faroe Islands,2058,0.127
Faroe Islands,2059,0.102
Faroe Islands,2060,0.142
Faroe Islands,2061,0.126
Faroe Islands,2062,0.106
Faroe Islands,2063,0.157
Faroe Islands,2064,0.121
Faroe Islands,2065,0.13
Faroe Islands,2066,0.071
Faroe Islands,2067,0.076
Faroe Islands,2068,0.101
Faroe Islands,2069,0.099
Faroe Islands,2070,0.103
Faroe Islands,2071,0.069
Faroe Islands,2072,0.071
Faroe Islands,2073,0.068
Faroe Islands,2074,0.06
Faroe Islands,2075,0.089
Faroe Islands,2076,0.028
Faroe Islands,2077,0.035
Faroe Islands,2078,0.014
Faroe Islands,2079,-0.002
Faroe Islands,2080,-0.026
Faroe Islands,2081,-0.038
Faroe Islands,2082,-0.065
Faroe Islands,2083,-0.052
Faroe Islands,2084,-0.059
Faroe Islands,2085,-0.092
Faroe Islands,2086,-0.093
Faroe Islands,2087,-0.111
Faroe Islands,2088,-0.144
Faroe Islands,2089,-0.138
Faroe Islands,2090,-0.157
Faroe Islands,2091,-0.146
Faroe Islands,2092,-0.184
Faroe Islands,2093,-0.167
Faroe Islands,2094,-0.176
Faroe Islands,2095,-0.205
Faroe Islands,2096,-0.169
Faroe Islands,2097,-0.218
Faroe Islands,2098,-0.23
Faroe Islands,2099,-0.227
Faroe Islands,2100,-0.247
Fiji,1950,2.031
Fiji,1951,2.194
Fiji,1952,2.334
Fiji,1953,2.462
Fiji,1954,2.621
Fiji,1955,2.792
Fiji,1956,2.933
Fiji,1957,2.94
Fiji,1958,3.003
Fiji,1959,3.038
Fiji,1960,3.044
Fiji,1961,3.045
Fiji,1962,3.148
Fiji,1963,3.135
Fiji,1964,3.091
Fiji,1965,3.034
Fiji,1966,2.773
Fiji,1967,2.262
Fiji,1968,2.152
Fiji,1969,2.038
Fiji,1970,1.914
Fiji,1971,1.793
Fiji,1972,1.645
Fiji,1973,1.501
Fiji,1974,1.435
Fiji,1975,1.51
Fiji,1976,1.804
Fiji,1977,2.339
Fiji,1978,2.384
Fiji,1979,2.385
Fiji,1980,2.379
Fiji,1981,2.391
Fiji,1982,2.4
Fiji,1983,2.418
Fiji,1984,2.417
Fiji,1985,2.35
Fiji,1986,1.905
Fiji,1987,1.118
Fiji,1988,1.045
Fiji,1989,0.955
Fiji,1990,0.862
Fiji,1991,0.771
Fiji,1992,0.684
Fiji,1993,0.592
Fiji,1994,0.519
Fiji,1995,0.479
Fiji,1996,0.779
Fiji,1997,1.285
Fiji,1998,1.192
Fiji,1999,1.123
Fiji,2000,1.049
Fiji,2001,1.006
Fiji,2002,0.974
Fiji,2003,0.937
Fiji,2004,0.92
Fiji,2005,0.905
Fiji,2006,0.898
Fiji,2007,0.773
Fiji,2008,0.464
Fiji,2009,0.384
Fiji,2010,0.315
Fiji,2011,0.248
Fiji,2012,0.174
Fiji,2013,0.139
Fiji,2014,0.13
Fiji,2015,0.087
Fiji,2016,0.041
Fiji,2017,-0.13
Fiji,2018,-0.214
Fiji,2019,-0.284
Fiji,2020,0.298
Fiji,2021,0.084
Fiji,2022,0.506
Fiji,2023,0.519
Fiji,2024,0.482
Fiji,2025,0.457
Fiji,2026,0.426
Fiji,2027,0.435
Fiji,2028,0.422
Fiji,2029,0.405
Fiji,2030,0.4
Fiji,2031,0.353
Fiji,2032,0.351
Fiji,2033,0.332
Fiji,2034,0.327
Fiji,2035,0.313
Fiji,2036,0.31
Fiji,2037,0.307
Fiji,2038,0.287
Fiji,2039,0.269
Fiji,2040,0.256
Fiji,2041,0.265
Fiji,2042,0.221
Fiji,2043,0.192
Fiji,2044,0.187
Fiji,2045,0.157
Fiji,2046,0.148
Fiji,2047,0.126
Fiji,2048,0.119
Fiji,2049,0.078
Fiji,2050,0.065
Fiji,2051,0.052
Fiji,2052,0.029
Fiji,2053,0.027
Fiji,2054,0
Fiji,2055,-0.014
Fiji,2056,-0.037
Fiji,2057,-0.039
Fiji,2058,-0.067
Fiji,2059,-0.067
Fiji,2060,-0.077
Fiji,2061,-0.097
Fiji,2062,-0.114
Fiji,2063,-0.13
Fiji,2064,-0.16
Fiji,2065,-0.169
Fiji,2066,-0.159
Fiji,2067,-0.178
Fiji,2068,-0.186
Fiji,2069,-0.219
Fiji,2070,-0.253
Fiji,2071,-0.249
Fiji,2072,-0.261
Fiji,2073,-0.267
Fiji,2074,-0.282
Fiji,2075,-0.282
Fiji,2076,-0.285
Fiji,2077,-0.281
Fiji,2078,-0.289
Fiji,2079,-0.322
Fiji,2080,-0.337
Fiji,2081,-0.351
Fiji,2082,-0.35
Fiji,2083,-0.359
Fiji,2084,-0.367
Fiji,2085,-0.39
Fiji,2086,-0.4
Fiji,2087,-0.394
Fiji,2088,-0.394
Fiji,2089,-0.404
Fiji,2090,-0.405
Fiji,2091,-0.418
Fiji,2092,-0.416
Fiji,2093,-0.437
Fiji,2094,-0.45
Fiji,2095,-0.464
Fiji,2096,-0.468
Fiji,2097,-0.471
Fiji,2098,-0.498
Fiji,2099,-0.51
Fiji,2100,-0.51
Finland,1950,1.087
Finland,1951,0.863
Finland,1952,1.258
Finland,1953,1.121
Finland,1954,1.16
Finland,1955,1.117
Finland,1956,1.078
Finland,1957,0.887
Finland,1958,0.758
Finland,1959,0.835
Finland,1960,0.747
Finland,1961,0.665
Finland,1962,0.708
Finland,1963,0.719
Finland,1964,0.392
Finland,1965,0.269
Finland,1966,0.487
Finland,1967,0.61
Finland,1968,0.287
Finland,1969,-0.428
Finland,1970,-0.342
Finland,1971,0.594
Finland,1972,0.591
Finland,1973,0.542
Finland,1974,0.503
Finland,1975,0.383
Finland,1976,0.218
Finland,1977,0.342
Finland,1978,0.234
Finland,1979,0.278
Finland,1980,0.346
Finland,1981,0.509
Finland,1982,0.614
Finland,1983,0.58
Finland,1984,0.489
Finland,1985,0.346
Finland,1986,0.305
Finland,1987,0.263
Finland,1988,0.318
Finland,1989,0.404
Finland,1990,0.482
Finland,1991,0.609
Finland,1992,0.515
Finland,1993,0.452
Finland,1994,0.409
Finland,1995,0.354
Finland,1996,0.302
Finland,1997,0.29
Finland,1998,0.239
Finland,1999,0.225
Finland,2000,0.188
Finland,2001,0.266
Finland,2002,0.219
Finland,2003,0.258
Finland,2004,0.324
Finland,2005,0.361
Finland,2006,0.406
Finland,2007,0.445
Finland,2008,0.486
Finland,2009,0.471
Finland,2010,0.444
Finland,2011,0.482
Finland,2012,0.471
Finland,2013,0.453
Finland,2014,0.377
Finland,2015,0.282
Finland,2016,0.292
Finland,2017,0.178
Finland,2018,0.088
Finland,2019,0.13
Finland,2020,0.154
Finland,2021,0.26
Finland,2022,0.755
Finland,2023,0.388
Finland,2024,0.188
Finland,2025,0.027
Finland,2026,-0.083
Finland,2027,-0.121
Finland,2028,-0.135
Finland,2029,-0.151
Finland,2030,-0.161
Finland,2031,-0.173
Finland,2032,-0.179
Finland,2033,-0.189
Finland,2034,-0.198
Finland,2035,-0.207
Finland,2036,-0.213
Finland,2037,-0.219
Finland,2038,-0.221
Finland,2039,-0.225
Finland,2040,-0.221
Finland,2041,-0.225
Finland,2042,-0.225
Finland,2043,-0.232
Finland,2044,-0.23
Finland,2045,-0.236
Finland,2046,-0.236
Finland,2047,-0.244
Finland,2048,-0.25
Finland,2049,-0.257
Finland,2050,-0.265
Finland,2051,-0.28
Finland,2052,-0.284
Finland,2053,-0.287
Finland,2054,-0.297
Finland,2055,-0.305
Finland,2056,-0.306
Finland,2057,-0.3
Finland,2058,-0.283
Finland,2059,-0.292
Finland,2060,-0.288
Finland,2061,-0.281
Finland,2062,-0.274
Finland,2063,-0.277
Finland,2064,-0.273
Finland,2065,-0.276
Finland,2066,-0.259
Finland,2067,-0.262
Finland,2068,-0.263
Finland,2069,-0.26
Finland,2070,-0.268
Finland,2071,-0.271
Finland,2072,-0.274
Finland,2073,-0.283
Finland,2074,-0.293
Finland,2075,-0.296
Finland,2076,-0.306
Finland,2077,-0.306
Finland,2078,-0.304
Finland,2079,-0.314
Finland,2080,-0.321
Finland,2081,-0.322
Finland,2082,-0.322
Finland,2083,-0.315
Finland,2084,-0.314
Finland,2085,-0.327
Finland,2086,-0.33
Finland,2087,-0.332
Finland,2088,-0.323
Finland,2089,-0.324
Finland,2090,-0.329
Finland,2091,-0.325
Finland,2092,-0.32
Finland,2093,-0.324
Finland,2094,-0.321
Finland,2095,-0.327
Finland,2096,-0.327
Finland,2097,-0.336
Finland,2098,-0.344
Finland,2099,-0.349
Finland,2100,-0.367
France,1950,1.106
France,1951,1.035
France,1952,1.064
France,1953,1.018
France,1954,1.049
France,1955,1.043
France,1956,0.997
France,1957,1.002
France,1958,1.018
France,1959,1.039
France,1960,0.972
France,1961,1.024
France,1962,0.924
France,1963,1.031
France,1964,1.054
France,1965,0.816
France,1966,0.865
France,1967,0.716
France,1968,0.781
France,1969,0.846
France,1970,0.963
France,1971,0.918
France,1972,0.833
France,1973,0.778
France,1974,0.532
France,1975,0.386
France,1976,0.419
France,1977,0.478
France,1978,0.395
France,1979,0.469
France,1980,0.572
France,1981,0.588
France,1982,0.615
France,1983,0.507
France,1984,0.536
France,1985,0.514
France,1986,0.513
France,1987,0.544
France,1988,0.572
France,1989,0.572
France,1990,0.502
France,1991,0.483
France,1992,0.504
France,1993,0.351
France,1994,0.335
France,1995,0.327
France,1996,0.32
France,1997,0.323
France,1998,0.393
France,1999,0.643
France,2000,0.705
France,2001,0.707
France,2002,0.697
France,2003,0.67
France,2004,0.754
France,2005,0.712
France,2006,0.662
France,2007,0.567
France,2008,0.544
France,2009,0.493
France,2010,0.49
France,2011,0.506
France,2012,0.511
France,2013,0.515
France,2014,0.43
France,2015,0.261
France,2016,0.263
France,2017,0.344
France,2018,0.374
France,2019,0.266
France,2020,0.269
France,2021,0.272
France,2022,0.314
France,2023,0.173
France,2024,0.157
France,2025,0.15
France,2026,0.137
France,2027,0.138
France,2028,0.132
France,2029,0.136
France,2030,0.131
France,2031,0.129
France,2032,0.13
France,2033,0.129
France,2034,0.134
France,2035,0.132
France,2036,0.127
France,2037,0.127
France,2038,0.112
France,2039,0.099
France,2040,0.094
France,2041,0.093
France,2042,0.087
France,2043,0.066
France,2044,0.056
France,2045,0.044
France,2046,0.026
France,2047,0.017
France,2048,0.002
France,2049,-0.013
France,2050,-0.021
France,2051,-0.036
France,2052,-0.036
France,2053,-0.049
France,2054,-0.057
France,2055,-0.071
France,2056,-0.063
France,2057,-0.065
France,2058,-0.061
France,2059,-0.065
France,2060,-0.061
France,2061,-0.057
France,2062,-0.055
France,2063,-0.042
France,2064,-0.035
France,2065,-0.03
France,2066,-0.013
France,2067,-0.011
France,2068,-0.003
France,2069,0.014
France,2070,0.018
France,2071,0.04
France,2072,0.037
France,2073,0.045
France,2074,0.05
France,2075,0.061
France,2076,0.062
France,2077,0.06
France,2078,0.057
France,2079,0.059
France,2080,0.059
France,2081,0.064
France,2082,0.058
France,2083,0.074
France,2084,0.06
France,2085,0.053
France,2086,0.06
France,2087,0.056
France,2088,0.055
France,2089,0.048
France,2090,0.046
France,2091,0.039
France,2092,0.032
France,2093,0.036
France,2094,0.022
France,2095,0.009
France,2096,-0.009
France,2097,-0.007
France,2098,-0.014
France,2099,-0.023
France,2100,-0.033
French Guiana,1950,1.265
French Guiana,1951,1.291
French Guiana,1952,1.291
French Guiana,1953,1.43
French Guiana,1954,1.755
French Guiana,1955,3.892
French Guiana,1956,3.988
French Guiana,1957,4.024
French Guiana,1958,4.039
French Guiana,1959,4.01
French Guiana,1960,4.077
French Guiana,1961,4.059
French Guiana,1962,4.424
French Guiana,1963,4.466
French Guiana,1964,4.58
French Guiana,1965,4.587
French Guiana,1966,4.495
French Guiana,1967,4.028
French Guiana,1968,2.724
French Guiana,1969,2.894
French Guiana,1970,3.03
French Guiana,1971,3.098
French Guiana,1972,3.093
French Guiana,1973,2.967
French Guiana,1974,3.53
French Guiana,1975,4.143
French Guiana,1976,4.02
French Guiana,1977,3.954
French Guiana,1978,3.903
French Guiana,1979,3.876
French Guiana,1980,3.839
French Guiana,1981,3.831
French Guiana,1982,5.561
French Guiana,1983,5.976
French Guiana,1984,5.873
French Guiana,1985,5.754
French Guiana,1986,5.659
French Guiana,1987,5.55
French Guiana,1988,5.466
French Guiana,1989,5.419
French Guiana,1990,3.917
French Guiana,1991,3.572
French Guiana,1992,3.594
French Guiana,1993,3.533
French Guiana,1994,3.463
French Guiana,1995,3.361
French Guiana,1996,3.268
French Guiana,1997,3.173
French Guiana,1998,3.194
French Guiana,1999,3.899
French Guiana,2000,4.839
French Guiana,2001,4.776
French Guiana,2002,4.704
French Guiana,2003,4.568
French Guiana,2004,4.473
French Guiana,2005,4.415
French Guiana,2006,3.846
French Guiana,2007,3.727
French Guiana,2008,2.57
French Guiana,2009,1.476
French Guiana,2010,1.84
French Guiana,2011,2.336
French Guiana,2012,2.812
French Guiana,2013,3.17
French Guiana,2014,2.53
French Guiana,2015,1.89
French Guiana,2016,1.76
French Guiana,2017,1.805
French Guiana,2018,1.655
French Guiana,2019,1.598
French Guiana,2020,0.835
French Guiana,2021,1.879
French Guiana,2022,1.701
French Guiana,2023,1.687
French Guiana,2024,1.661
French Guiana,2025,1.646
French Guiana,2026,1.646
French Guiana,2027,1.682
French Guiana,2028,1.722
French Guiana,2029,1.774
French Guiana,2030,1.843
French Guiana,2031,1.817
French Guiana,2032,1.801
French Guiana,2033,1.769
French Guiana,2034,1.753
French Guiana,2035,1.719
French Guiana,2036,1.703
French Guiana,2037,1.689
French Guiana,2038,1.656
French Guiana,2039,1.635
French Guiana,2040,1.623
French Guiana,2041,1.582
French Guiana,2042,1.557
French Guiana,2043,1.548
French Guiana,2044,1.533
French Guiana,2045,1.497
French Guiana,2046,1.485
French Guiana,2047,1.453
French Guiana,2048,1.429
French Guiana,2049,1.415
French Guiana,2050,1.389
French Guiana,2051,1.36
French Guiana,2052,1.336
French Guiana,2053,1.338
French Guiana,2054,1.323
French Guiana,2055,1.295
French Guiana,2056,1.287
French Guiana,2057,1.264
French Guiana,2058,1.259
French Guiana,2059,1.236
French Guiana,2060,1.215
French Guiana,2061,1.216
French Guiana,2062,1.192
French Guiana,2063,1.18
French Guiana,2064,1.157
French Guiana,2065,1.145
French Guiana,2066,1.131
French Guiana,2067,1.11
French Guiana,2068,1.091
French Guiana,2069,1.103
French Guiana,2070,1.074
French Guiana,2071,1.048
French Guiana,2072,1.041
French Guiana,2073,1.03
French Guiana,2074,1.005
French Guiana,2075,1.006
French Guiana,2076,0.994
French Guiana,2077,0.964
French Guiana,2078,0.945
French Guiana,2079,0.94
French Guiana,2080,0.933
French Guiana,2081,0.91
French Guiana,2082,0.901
French Guiana,2083,0.891
French Guiana,2084,0.86
French Guiana,2085,0.855
French Guiana,2086,0.834
French Guiana,2087,0.811
French Guiana,2088,0.807
French Guiana,2089,0.79
French Guiana,2090,0.768
French Guiana,2091,0.738
French Guiana,2092,0.729
French Guiana,2093,0.686
French Guiana,2094,0.677
French Guiana,2095,0.657
French Guiana,2096,0.671
French Guiana,2097,0.637
French Guiana,2098,0.616
French Guiana,2099,0.592
French Guiana,2100,0.586
French Polynesia,1950,2.333
French Polynesia,1951,2.466
French Polynesia,1952,2.646
French Polynesia,1953,2.821
French Polynesia,1954,3.047
French Polynesia,1955,3.254
French Polynesia,1956,3.343
French Polynesia,1957,2.143
French Polynesia,1958,2.166
French Polynesia,1959,2.152
French Polynesia,1960,2.13
French Polynesia,1961,2.043
French Polynesia,1962,2.188
French Polynesia,1963,3.389
French Polynesia,1964,3.376
French Polynesia,1965,3.39
French Polynesia,1966,3.372
French Polynesia,1967,3.427
French Polynesia,1968,3.458
French Polynesia,1969,3.486
French Polynesia,1970,3.475
French Polynesia,1971,3.315
French Polynesia,1972,3.26
French Polynesia,1973,3.216
French Polynesia,1974,3.138
French Polynesia,1975,3.053
French Polynesia,1976,2.93
French Polynesia,1977,3.057
French Polynesia,1978,3.179
French Polynesia,1979,3.186
French Polynesia,1980,3.18
French Polynesia,1981,3.154
French Polynesia,1982,3.113
French Polynesia,1983,2.922
French Polynesia,1984,2.505
French Polynesia,1985,2.552
French Polynesia,1986,2.555
French Polynesia,1987,2.529
French Polynesia,1988,2.394
French Polynesia,1989,2.117
French Polynesia,1990,1.983
French Polynesia,1991,1.874
French Polynesia,1992,1.766
French Polynesia,1993,1.665
French Polynesia,1994,1.58
French Polynesia,1995,1.488
French Polynesia,1996,1.525
French Polynesia,1997,1.669
French Polynesia,1998,1.595
French Polynesia,1999,1.561
French Polynesia,2000,1.577
French Polynesia,2001,1.529
French Polynesia,2002,1.463
French Polynesia,2003,1.629
French Polynesia,2004,1.54
French Polynesia,2005,1.452
French Polynesia,2006,1.392
French Polynesia,2007,1.038
French Polynesia,2008,0.416
French Polynesia,2009,0.404
French Polynesia,2010,0.409
French Polynesia,2011,0.436
French Polynesia,2012,0.559
French Polynesia,2013,0.641
French Polynesia,2014,0.564
French Polynesia,2015,0.503
French Polynesia,2016,0.439
French Polynesia,2017,0.212
French Polynesia,2018,-0.406
French Polynesia,2019,-0.154
French Polynesia,2020,0.279
French Polynesia,2021,0.138
French Polynesia,2022,0.28
French Polynesia,2023,0.247
French Polynesia,2024,0.242
French Polynesia,2025,0.225
French Polynesia,2026,0.207
French Polynesia,2027,0.213
French Polynesia,2028,0.21
French Polynesia,2029,0.229
French Polynesia,2030,0.228
French Polynesia,2031,0.196
French Polynesia,2032,0.179
French Polynesia,2033,0.164
French Polynesia,2034,0.153
French Polynesia,2035,0.146
French Polynesia,2036,0.103
French Polynesia,2037,0.077
French Polynesia,2038,0.076
French Polynesia,2039,0.049
French Polynesia,2040,0.008
French Polynesia,2041,-0.038
French Polynesia,2042,-0.053
French Polynesia,2043,-0.098
French Polynesia,2044,-0.103
French Polynesia,2045,-0.145
French Polynesia,2046,-0.178
French Polynesia,2047,-0.211
French Polynesia,2048,-0.252
French Polynesia,2049,-0.306
French Polynesia,2050,-0.321
French Polynesia,2051,-0.385
French Polynesia,2052,-0.429
French Polynesia,2053,-0.466
French Polynesia,2054,-0.496
French Polynesia,2055,-0.524
French Polynesia,2056,-0.553
French Polynesia,2057,-0.583
French Polynesia,2058,-0.598
French Polynesia,2059,-0.639
French Polynesia,2060,-0.659
French Polynesia,2061,-0.673
French Polynesia,2062,-0.689
French Polynesia,2063,-0.707
French Polynesia,2064,-0.732
French Polynesia,2065,-0.763
French Polynesia,2066,-0.742
French Polynesia,2067,-0.78
French Polynesia,2068,-0.782
French Polynesia,2069,-0.795
French Polynesia,2070,-0.794
French Polynesia,2071,-0.809
French Polynesia,2072,-0.831
French Polynesia,2073,-0.845
French Polynesia,2074,-0.863
French Polynesia,2075,-0.881
French Polynesia,2076,-0.893
French Polynesia,2077,-0.901
French Polynesia,2078,-0.92
French Polynesia,2079,-0.948
French Polynesia,2080,-0.956
French Polynesia,2081,-0.962
French Polynesia,2082,-0.961
French Polynesia,2083,-0.985
French Polynesia,2084,-0.986
French Polynesia,2085,-0.999
French Polynesia,2086,-1.008
French Polynesia,2087,-1.024
French Polynesia,2088,-1.031
French Polynesia,2089,-1.038
French Polynesia,2090,-1.044
French Polynesia,2091,-1.059
French Polynesia,2092,-1.049
French Polynesia,2093,-1.077
French Polynesia,2094,-1.071
French Polynesia,2095,-1.074
French Polynesia,2096,-1.087
French Polynesia,2097,-1.095
French Polynesia,2098,-1.099
French Polynesia,2099,-1.117
French Polynesia,2100,-1.132
Gabon,1950,0.578
Gabon,1951,0.601
Gabon,1952,0.636
Gabon,1953,0.681
Gabon,1954,0.725
Gabon,1955,0.781
Gabon,1956,0.836
Gabon,1957,0.895
Gabon,1958,0.97
Gabon,1959,1.043
Gabon,1960,1.12
Gabon,1961,1.189
Gabon,1962,1.258
Gabon,1963,1.318
Gabon,1964,1.375
Gabon,1965,1.446
Gabon,1966,1.517
Gabon,1967,1.577
Gabon,1968,1.646
Gabon,1969,2.164
Gabon,1970,2.101
Gabon,1971,2.053
Gabon,1972,2.051
Gabon,1973,2.103
Gabon,1974,2.17
Gabon,1975,2.259
Gabon,1976,2.347
Gabon,1977,2.422
Gabon,1978,2.491
Gabon,1979,2.543
Gabon,1980,2.604
Gabon,1981,2.669
Gabon,1982,2.698
Gabon,1983,2.731
Gabon,1984,2.741
Gabon,1985,2.756
Gabon,1986,2.765
Gabon,1987,2.783
Gabon,1988,2.781
Gabon,1989,2.753
Gabon,1990,2.729
Gabon,1991,2.703
Gabon,1992,2.678
Gabon,1993,2.649
Gabon,1994,2.593
Gabon,1995,2.546
Gabon,1996,2.518
Gabon,1997,2.526
Gabon,1998,2.538
Gabon,1999,2.559
Gabon,2000,2.611
Gabon,2001,2.652
Gabon,2002,2.703
Gabon,2003,2.754
Gabon,2004,2.845
Gabon,2005,2.961
Gabon,2006,3.074
Gabon,2007,3.177
Gabon,2008,3.263
Gabon,2009,3.39
Gabon,2010,3.507
Gabon,2011,3.586
Gabon,2012,3.569
Gabon,2013,3.472
Gabon,2014,3.248
Gabon,2015,2.985
Gabon,2016,2.748
Gabon,2017,2.572
Gabon,2018,2.503
Gabon,2019,2.444
Gabon,2020,2.336
Gabon,2021,2.277
Gabon,2022,2.219
Gabon,2023,2.179
Gabon,2024,2.134
Gabon,2025,2.089
Gabon,2026,2.054
Gabon,2027,2.019
Gabon,2028,1.985
Gabon,2029,1.957
Gabon,2030,1.94
Gabon,2031,1.918
Gabon,2032,1.899
Gabon,2033,1.886
Gabon,2034,1.869
Gabon,2035,1.863
Gabon,2036,1.854
Gabon,2037,1.831
Gabon,2038,1.817
Gabon,2039,1.805
Gabon,2040,1.795
Gabon,2041,1.777
Gabon,2042,1.749
Gabon,2043,1.732
Gabon,2044,1.712
Gabon,2045,1.695
Gabon,2046,1.663
Gabon,2047,1.632
Gabon,2048,1.6
Gabon,2049,1.568
Gabon,2050,1.544
Gabon,2051,1.522
Gabon,2052,1.489
Gabon,2053,1.466
Gabon,2054,1.45
Gabon,2055,1.412
Gabon,2056,1.393
Gabon,2057,1.357
Gabon,2058,1.343
Gabon,2059,1.322
Gabon,2060,1.29
Gabon,2061,1.266
Gabon,2062,1.249
Gabon,2063,1.237
Gabon,2064,1.22
Gabon,2065,1.202
Gabon,2066,1.188
Gabon,2067,1.176
Gabon,2068,1.152
Gabon,2069,1.14
Gabon,2070,1.126
Gabon,2071,1.116
Gabon,2072,1.098
Gabon,2073,1.084
Gabon,2074,1.06
Gabon,2075,1.054
Gabon,2076,1.032
Gabon,2077,1.027
Gabon,2078,1.006
Gabon,2079,0.991
Gabon,2080,0.971
Gabon,2081,0.957
Gabon,2082,0.935
Gabon,2083,0.917
Gabon,2084,0.891
Gabon,2085,0.866
Gabon,2086,0.858
Gabon,2087,0.845
Gabon,2088,0.829
Gabon,2089,0.798
Gabon,2090,0.781
Gabon,2091,0.761
Gabon,2092,0.744
Gabon,2093,0.731
Gabon,2094,0.712
Gabon,2095,0.706
Gabon,2096,0.685
Gabon,2097,0.669
Gabon,2098,0.641
Gabon,2099,0.632
Gabon,2100,0.628
Gambia,1950,2.454
Gambia,1951,2.539
Gambia,1952,2.575
Gambia,1953,2.596
Gambia,1954,2.605
Gambia,1955,2.609
Gambia,1956,2.62
Gambia,1957,2.626
Gambia,1958,2.652
Gambia,1959,2.667
Gambia,1960,2.687
Gambia,1961,2.701
Gambia,1962,2.718
Gambia,1963,2.726
Gambia,1964,2.726
Gambia,1965,2.728
Gambia,1966,2.709
Gambia,1967,2.793
Gambia,1968,2.809
Gambia,1969,2.833
Gambia,1970,2.842
Gambia,1971,2.905
Gambia,1972,2.934
Gambia,1973,2.963
Gambia,1974,2.926
Gambia,1975,3.005
Gambia,1976,3.11
Gambia,1977,3.213
Gambia,1978,3.286
Gambia,1979,3.398
Gambia,1980,3.478
Gambia,1981,3.463
Gambia,1982,3.612
Gambia,1983,3.762
Gambia,1984,3.916
Gambia,1985,3.978
Gambia,1986,4.042
Gambia,1987,4.083
Gambia,1988,4.137
Gambia,1989,4.18
Gambia,1990,4.211
Gambia,1991,4.193
Gambia,1992,3.94
Gambia,1993,3.403
Gambia,1994,3.039
Gambia,1995,2.918
Gambia,1996,2.867
Gambia,1997,2.812
Gambia,1998,2.8
Gambia,1999,2.757
Gambia,2000,2.72
Gambia,2001,2.694
Gambia,2002,2.675
Gambia,2003,2.711
Gambia,2004,2.754
Gambia,2005,2.808
Gambia,2006,2.896
Gambia,2007,2.907
Gambia,2008,2.906
Gambia,2009,2.902
Gambia,2010,2.912
Gambia,2011,2.934
Gambia,2012,2.957
Gambia,2013,2.901
Gambia,2014,2.79
Gambia,2015,2.68
Gambia,2016,2.578
Gambia,2017,2.476
Gambia,2018,2.372
Gambia,2019,2.341
Gambia,2020,2.396
Gambia,2021,2.341
Gambia,2022,2.3
Gambia,2023,2.303
Gambia,2024,2.252
Gambia,2025,2.199
Gambia,2026,2.147
Gambia,2027,2.094
Gambia,2028,2.05
Gambia,2029,1.997
Gambia,2030,1.947
Gambia,2031,1.905
Gambia,2032,1.872
Gambia,2033,1.832
Gambia,2034,1.79
Gambia,2035,1.754
Gambia,2036,1.719
Gambia,2037,1.684
Gambia,2038,1.663
Gambia,2039,1.622
Gambia,2040,1.589
Gambia,2041,1.548
Gambia,2042,1.527
Gambia,2043,1.489
Gambia,2044,1.452
Gambia,2045,1.418
Gambia,2046,1.382
Gambia,2047,1.355
Gambia,2048,1.317
Gambia,2049,1.283
Gambia,2050,1.252
Gambia,2051,1.219
Gambia,2052,1.186
Gambia,2053,1.15
Gambia,2054,1.131
Gambia,2055,1.09
Gambia,2056,1.063
Gambia,2057,1.036
Gambia,2058,1.002
Gambia,2059,0.98
Gambia,2060,0.954
Gambia,2061,0.933
Gambia,2062,0.897
Gambia,2063,0.863
Gambia,2064,0.837
Gambia,2065,0.812
Gambia,2066,0.774
Gambia,2067,0.74
Gambia,2068,0.717
Gambia,2069,0.685
Gambia,2070,0.661
Gambia,2071,0.627
Gambia,2072,0.603
Gambia,2073,0.586
Gambia,2074,0.561
Gambia,2075,0.533
Gambia,2076,0.504
Gambia,2077,0.483
Gambia,2078,0.46
Gambia,2079,0.429
Gambia,2080,0.405
Gambia,2081,0.382
Gambia,2082,0.355
Gambia,2083,0.332
Gambia,2084,0.312
Gambia,2085,0.291
Gambia,2086,0.263
Gambia,2087,0.249
Gambia,2088,0.229
Gambia,2089,0.206
Gambia,2090,0.184
Gambia,2091,0.16
Gambia,2092,0.147
Gambia,2093,0.131
Gambia,2094,0.102
Gambia,2095,0.088
Gambia,2096,0.073
Gambia,2097,0.058
Gambia,2098,0.047
Gambia,2099,0.035
Gambia,2100,0.012
Georgia,1950,1.22
Georgia,1951,1.268
Georgia,1952,1.288
Georgia,1953,1.326
Georgia,1954,1.339
Georgia,1955,1.428
Georgia,1956,1.525
Georgia,1957,1.614
Georgia,1958,1.689
Georgia,1959,1.759
Georgia,1960,1.829
Georgia,1961,1.848
Georgia,1962,1.832
Georgia,1963,1.801
Georgia,1964,1.696
Georgia,1965,1.537
Georgia,1966,1.761
Georgia,1967,1.758
Georgia,1968,1.73
Georgia,1969,1.649
Georgia,1970,0.913
Georgia,1971,0.709
Georgia,1972,0.696
Georgia,1973,0.683
Georgia,1974,0.682
Georgia,1975,0.719
Georgia,1976,0.742
Georgia,1977,0.753
Georgia,1978,0.755
Georgia,1979,0.689
Georgia,1980,0.744
Georgia,1981,0.779
Georgia,1982,0.807
Georgia,1983,0.852
Georgia,1984,0.808
Georgia,1985,0.785
Georgia,1986,0.78
Georgia,1987,0.76
Georgia,1988,0.672
Georgia,1989,-0.694
Georgia,1990,-1.163
Georgia,1991,-1.4
Georgia,1992,-1.8
Georgia,1993,-2.617
Georgia,1994,-2.567
Georgia,1995,-2.264
Georgia,1996,-2.377
Georgia,1997,-2.565
Georgia,1998,-2.565
Georgia,1999,-2.791
Georgia,2000,-3.006
Georgia,2001,-2.55
Georgia,2002,-1.362
Georgia,2003,-0.698
Georgia,2004,-0.747
Georgia,2005,-0.734
Georgia,2006,-0.738
Georgia,2007,-0.718
Georgia,2008,-0.616
Georgia,2009,-0.516
Georgia,2010,-0.663
Georgia,2011,-0.739
Georgia,2012,-0.793
Georgia,2013,-0.78
Georgia,2014,-0.071
Georgia,2015,0
Georgia,2016,0.025
Georgia,2017,0.017
Georgia,2018,0.089
Georgia,2019,0.008
Georgia,2020,-0.063
Georgia,2021,-0.318
Georgia,2022,0.652
Georgia,2023,0.018
Georgia,2024,-0.009
Georgia,2025,-0.044
Georgia,2026,-0.063
Georgia,2027,-0.085
Georgia,2028,-0.079
Georgia,2029,-0.116
Georgia,2030,-0.12
Georgia,2031,-0.146
Georgia,2032,-0.126
Georgia,2033,-0.132
Georgia,2034,-0.156
Georgia,2035,-0.155
Georgia,2036,-0.186
Georgia,2037,-0.172
Georgia,2038,-0.168
Georgia,2039,-0.146
Georgia,2040,-0.172
Georgia,2041,-0.136
Georgia,2042,-0.14
Georgia,2043,-0.157
Georgia,2044,-0.16
Georgia,2045,-0.192
Georgia,2046,-0.213
Georgia,2047,-0.212
Georgia,2048,-0.223
Georgia,2049,-0.219
Georgia,2050,-0.241
Georgia,2051,-0.256
Georgia,2052,-0.292
Georgia,2053,-0.277
Georgia,2054,-0.277
Georgia,2055,-0.307
Georgia,2056,-0.329
Georgia,2057,-0.32
Georgia,2058,-0.333
Georgia,2059,-0.361
Georgia,2060,-0.372
Georgia,2061,-0.378
Georgia,2062,-0.404
Georgia,2063,-0.417
Georgia,2064,-0.434
Georgia,2065,-0.45
Georgia,2066,-0.444
Georgia,2067,-0.435
Georgia,2068,-0.435
Georgia,2069,-0.439
Georgia,2070,-0.43
Georgia,2071,-0.412
Georgia,2072,-0.418
Georgia,2073,-0.421
Georgia,2074,-0.423
Georgia,2075,-0.44
Georgia,2076,-0.443
Georgia,2077,-0.423
Georgia,2078,-0.417
Georgia,2079,-0.407
Georgia,2080,-0.395
Georgia,2081,-0.407
Georgia,2082,-0.416
Georgia,2083,-0.415
Georgia,2084,-0.429
Georgia,2085,-0.446
Georgia,2086,-0.438
Georgia,2087,-0.455
Georgia,2088,-0.454
Georgia,2089,-0.458
Georgia,2090,-0.452
Georgia,2091,-0.471
Georgia,2092,-0.465
Georgia,2093,-0.494
Georgia,2094,-0.502
Georgia,2095,-0.509
Georgia,2096,-0.527
Georgia,2097,-0.553
Georgia,2098,-0.557
Georgia,2099,-0.569
Georgia,2100,-0.584
Germany,1950,-0.2
Germany,1951,0.012
Germany,1952,0.117
Germany,1953,0.192
Germany,1954,0.292
Germany,1955,0.362
Germany,1956,0.432
Germany,1957,0.905
Germany,1958,0.794
Germany,1959,0.726
Germany,1960,0.845
Germany,1961,0.7
Germany,1962,0.984
Germany,1963,0.902
Germany,1964,0.74
Germany,1965,0.987
Germany,1966,0.702
Germany,1967,0.236
Germany,1968,0.672
Germany,1969,0.931
Germany,1970,-0.26
Germany,1971,0.619
Germany,1972,0.334
Germany,1973,0.293
Germany,1974,-0.218
Germany,1975,-0.531
Germany,1976,-0.328
Germany,1977,-0.129
Germany,1978,-0.05
Germany,1979,0.134
Germany,1980,0.294
Germany,1981,0.044
Germany,1982,-0.183
Germany,1983,-0.25
Germany,1984,-0.329
Germany,1985,-0.017
Germany,1986,0.172
Germany,1987,0.183
Germany,1988,0.643
Germany,1989,0.934
Germany,1990,0.833
Germany,1991,0.656
Germany,1992,0.91
Germany,1993,0.45
Germany,1994,0.253
Germany,1995,0.348
Germany,1996,0.244
Germany,1997,0.063
Germany,1998,-0.985
Germany,1999,0.172
Germany,2000,0.12
Germany,2001,0.214
Germany,2002,0.114
Germany,2003,-0.008
Germany,2004,-0.038
Germany,2005,-0.074
Germany,2006,-0.769
Germany,2007,-0.219
Germany,2008,-0.243
Germany,2009,-0.19
Germany,2010,-0.068
Germany,2011,0.135
Germany,2012,0.01
Germany,2013,0.299
Germany,2014,0.524
Germany,2015,1.189
Germany,2016,0.47
Germany,2017,0.36
Germany,2018,0.276
Germany,2019,0.181
Germany,2020,-0.015
Germany,2021,0.178
Germany,2022,0.748
Germany,2023,0.349
Germany,2024,-0.339
Germany,2025,-0.794
Germany,2026,-0.232
Germany,2027,-0.251
Germany,2028,-0.262
Germany,2029,-0.276
Germany,2030,-0.266
Germany,2031,-0.287
Germany,2032,-0.268
Germany,2033,-0.277
Germany,2034,-0.252
Germany,2035,-0.268
Germany,2036,-0.288
Germany,2037,-0.269
Germany,2038,-0.28
Germany,2039,-0.274
Germany,2040,-0.268
Germany,2041,-0.245
Germany,2042,-0.245
Germany,2043,-0.272
Germany,2044,-0.286
Germany,2045,-0.287
Germany,2046,-0.286
Germany,2047,-0.296
Germany,2048,-0.321
Germany,2049,-0.315
Germany,2050,-0.313
Germany,2051,-0.317
Germany,2052,-0.318
Germany,2053,-0.354
Germany,2054,-0.372
Germany,2055,-0.376
Germany,2056,-0.362
Germany,2057,-0.367
Germany,2058,-0.365
Germany,2059,-0.34
Germany,2060,-0.338
Germany,2061,-0.306
Germany,2062,-0.307
Germany,2063,-0.284
Germany,2064,-0.272
Germany,2065,-0.261
Germany,2066,-0.262
Germany,2067,-0.253
Germany,2068,-0.227
Germany,2069,-0.225
Germany,2070,-0.202
Germany,2071,-0.223
Germany,2072,-0.208
Germany,2073,-0.221
Germany,2074,-0.216
Germany,2075,-0.187
Germany,2076,-0.218
Germany,2077,-0.218
Germany,2078,-0.196
Germany,2079,-0.188
Germany,2080,-0.177
Germany,2081,-0.16
Germany,2082,-0.145
Germany,2083,-0.15
Germany,2084,-0.135
Germany,2085,-0.135
Germany,2086,-0.138
Germany,2087,-0.117
Germany,2088,-0.083
Germany,2089,-0.077
Germany,2090,-0.088
Germany,2091,-0.066
Germany,2092,-0.036
Germany,2093,-0.03
Germany,2094,-0.027
Germany,2095,-0.029
Germany,2096,-0.044
Germany,2097,-0.06
Germany,2098,-0.024
Germany,2099,-0.038
Germany,2100,-0.049
Ghana,1950,2.815
Ghana,1951,2.943
Ghana,1952,3.023
Ghana,1953,3.063
Ghana,1954,3.156
Ghana,1955,3.215
Ghana,1956,3.261
Ghana,1957,3.273
Ghana,1958,3.202
Ghana,1959,3.297
Ghana,1960,3.294
Ghana,1961,2.424
Ghana,1962,2.396
Ghana,1963,2.38
Ghana,1964,2.381
Ghana,1965,2.417
Ghana,1966,2.394
Ghana,1967,2.436
Ghana,1968,2.432
Ghana,1969,2.568
Ghana,1970,2.775
Ghana,1971,2.76
Ghana,1972,2.868
Ghana,1973,2.905
Ghana,1974,2.896
Ghana,1975,2.895
Ghana,1976,2.862
Ghana,1977,3.031
Ghana,1978,3.045
Ghana,1979,3.062
Ghana,1980,2.791
Ghana,1981,2.828
Ghana,1982,2.981
Ghana,1983,3.033
Ghana,1984,2.142
Ghana,1985,2.159
Ghana,1986,2.242
Ghana,1987,2.342
Ghana,1988,2.461
Ghana,1989,2.534
Ghana,1990,2.569
Ghana,1991,2.472
Ghana,1992,2.499
Ghana,1993,2.441
Ghana,1994,2.368
Ghana,1995,2.352
Ghana,1996,2.32
Ghana,1997,2.437
Ghana,1998,2.428
Ghana,1999,2.454
Ghana,2000,2.569
Ghana,2001,2.754
Ghana,2002,2.746
Ghana,2003,2.655
Ghana,2004,2.642
Ghana,2005,2.604
Ghana,2006,2.596
Ghana,2007,2.56
Ghana,2008,2.516
Ghana,2009,2.475
Ghana,2010,2.392
Ghana,2011,2.417
Ghana,2012,2.422
Ghana,2013,2.396
Ghana,2014,2.334
Ghana,2015,2.281
Ghana,2016,2.272
Ghana,2017,2.12
Ghana,2018,2.031
Ghana,2019,1.985
Ghana,2020,1.998
Ghana,2021,1.921
Ghana,2022,1.92
Ghana,2023,1.897
Ghana,2024,1.853
Ghana,2025,1.813
Ghana,2026,1.767
Ghana,2027,1.736
Ghana,2028,1.709
Ghana,2029,1.674
Ghana,2030,1.662
Ghana,2031,1.632
Ghana,2032,1.615
Ghana,2033,1.599
Ghana,2034,1.572
Ghana,2035,1.535
Ghana,2036,1.508
Ghana,2037,1.489
Ghana,2038,1.455
Ghana,2039,1.424
Ghana,2040,1.403
Ghana,2041,1.37
Ghana,2042,1.346
Ghana,2043,1.314
Ghana,2044,1.29
Ghana,2045,1.262
Ghana,2046,1.231
Ghana,2047,1.209
Ghana,2048,1.174
Ghana,2049,1.144
Ghana,2050,1.118
Ghana,2051,1.083
Ghana,2052,1.051
Ghana,2053,1.029
Ghana,2054,1.001
Ghana,2055,0.978
Ghana,2056,0.953
Ghana,2057,0.926
Ghana,2058,0.901
Ghana,2059,0.879
Ghana,2060,0.854
Ghana,2061,0.836
Ghana,2062,0.813
Ghana,2063,0.786
Ghana,2064,0.771
Ghana,2065,0.74
Ghana,2066,0.726
Ghana,2067,0.713
Ghana,2068,0.693
Ghana,2069,0.665
Ghana,2070,0.647
Ghana,2071,0.642
Ghana,2072,0.614
Ghana,2073,0.599
Ghana,2074,0.584
Ghana,2075,0.578
Ghana,2076,0.553
Ghana,2077,0.534
Ghana,2078,0.524
Ghana,2079,0.496
Ghana,2080,0.48
Ghana,2081,0.459
Ghana,2082,0.439
Ghana,2083,0.421
Ghana,2084,0.391
Ghana,2085,0.378
Ghana,2086,0.361
Ghana,2087,0.357
Ghana,2088,0.334
Ghana,2089,0.316
Ghana,2090,0.298
Ghana,2091,0.281
Ghana,2092,0.255
Ghana,2093,0.243
Ghana,2094,0.23
Ghana,2095,0.213
Ghana,2096,0.198
Ghana,2097,0.191
Ghana,2098,0.176
Ghana,2099,0.161
Ghana,2100,0.141
Gibraltar,1950,-1.201
Gibraltar,1951,-0.596
Gibraltar,1952,0.671
Gibraltar,1953,0.477
Gibraltar,1954,0.502
Gibraltar,1955,0.285
Gibraltar,1956,0.275
Gibraltar,1957,0.055
Gibraltar,1958,-0.023
Gibraltar,1959,-0.133
Gibraltar,1960,-0.137
Gibraltar,1961,0.434
Gibraltar,1962,2.505
Gibraltar,1963,2.448
Gibraltar,1964,2.428
Gibraltar,1965,2.345
Gibraltar,1966,2.336
Gibraltar,1967,2.283
Gibraltar,1968,2.17
Gibraltar,1969,2.033
Gibraltar,1970,1.862
Gibraltar,1971,1.025
Gibraltar,1972,0.956
Gibraltar,1973,0.846
Gibraltar,1974,0.731
Gibraltar,1975,0.68
Gibraltar,1976,0.629
Gibraltar,1977,0.544
Gibraltar,1978,0.485
Gibraltar,1979,0.416
Gibraltar,1980,0.289
Gibraltar,1981,0.16
Gibraltar,1982,0.014
Gibraltar,1983,-0.237
Gibraltar,1984,-0.391
Gibraltar,1985,-0.526
Gibraltar,1986,-0.766
Gibraltar,1987,-0.883
Gibraltar,1988,-0.956
Gibraltar,1989,-1.18
Gibraltar,1990,-1.331
Gibraltar,1991,-0.9
Gibraltar,1992,0.755
Gibraltar,1993,0.661
Gibraltar,1994,0.587
Gibraltar,1995,0.424
Gibraltar,1996,0.378
Gibraltar,1997,0.312
Gibraltar,1998,0.181
Gibraltar,1999,0.123
Gibraltar,2000,0
Gibraltar,2001,-0.376
Gibraltar,2002,1.624
Gibraltar,2003,1.535
Gibraltar,2004,1.56
Gibraltar,2005,1.54
Gibraltar,2006,1.392
Gibraltar,2007,1.376
Gibraltar,2008,1.312
Gibraltar,2009,1.369
Gibraltar,2010,1.37
Gibraltar,2011,1.251
Gibraltar,2012,1.068
Gibraltar,2013,1.281
Gibraltar,2014,1.207
Gibraltar,2015,1.094
Gibraltar,2016,1.691
Gibraltar,2017,1.761
Gibraltar,2018,1.767
Gibraltar,2019,1.871
Gibraltar,2020,1.919
Gibraltar,2021,1.837
Gibraltar,2022,2.194
Gibraltar,2023,2.332
Gibraltar,2024,2.085
Gibraltar,2025,1.929
Gibraltar,2026,1.73
Gibraltar,2027,1.641
Gibraltar,2028,1.535
Gibraltar,2029,1.447
Gibraltar,2030,1.332
Gibraltar,2031,1.292
Gibraltar,2032,1.18
Gibraltar,2033,1.102
Gibraltar,2034,1.009
Gibraltar,2035,0.939
Gibraltar,2036,0.844
Gibraltar,2037,0.788
Gibraltar,2038,0.784
Gibraltar,2039,0.665
Gibraltar,2040,0.594
Gibraltar,2041,0.52
Gibraltar,2042,0.499
Gibraltar,2043,0.43
Gibraltar,2044,0.441
Gibraltar,2045,0.386
Gibraltar,2046,0.35
Gibraltar,2047,0.385
Gibraltar,2048,0.299
Gibraltar,2049,0.32
Gibraltar,2050,0.247
Gibraltar,2051,0.262
Gibraltar,2052,0.284
Gibraltar,2053,0.275
Gibraltar,2054,0.221
Gibraltar,2055,0.24
Gibraltar,2056,0.188
Gibraltar,2057,0.235
Gibraltar,2058,0.156
Gibraltar,2059,0.146
Gibraltar,2060,0.102
Gibraltar,2061,0.122
Gibraltar,2062,0.118
Gibraltar,2063,0.1
Gibraltar,2064,0.088
Gibraltar,2065,0.043
Gibraltar,2066,0.094
Gibraltar,2067,0.092
Gibraltar,2068,0.031
Gibraltar,2069,0.023
Gibraltar,2070,-0.01
Gibraltar,2071,-0.02
Gibraltar,2072,-0.008
Gibraltar,2073,-0.039
Gibraltar,2074,-0.031
Gibraltar,2075,-0.096
Gibraltar,2076,-0.096
Gibraltar,2077,-0.08
Gibraltar,2078,-0.063
Gibraltar,2079,-0.094
Gibraltar,2080,-0.114
Gibraltar,2081,-0.134
Gibraltar,2082,-0.147
Gibraltar,2083,-0.154
Gibraltar,2084,-0.166
Gibraltar,2085,-0.184
Gibraltar,2086,-0.222
Gibraltar,2087,-0.147
Gibraltar,2088,-0.155
Gibraltar,2089,-0.151
Gibraltar,2090,-0.173
Gibraltar,2091,-0.18
Gibraltar,2092,-0.158
Gibraltar,2093,-0.17
Gibraltar,2094,-0.177
Gibraltar,2095,-0.195
Gibraltar,2096,-0.171
Gibraltar,2097,-0.186
Gibraltar,2098,-0.192
Gibraltar,2099,-0.213
Gibraltar,2100,-0.205
Greece,1950,0.806
Greece,1951,0.803
Greece,1952,0.815
Greece,1953,0.868
Greece,1954,0.899
Greece,1955,0.959
Greece,1956,0.943
Greece,1957,0.934
Greece,1958,0.975
Greece,1959,1.029
Greece,1960,1.052
Greece,1961,0.436
Greece,1962,0.188
Greece,1963,0.166
Greece,1964,0.202
Greece,1965,0.206
Greece,1966,1.162
Greece,1967,0.585
Greece,1968,0.859
Greece,1969,-0.19
Greece,1970,0.206
Greece,1971,0.689
Greece,1972,0.725
Greece,1973,0.268
Greece,1974,0.533
Greece,1975,1.421
Greece,1976,1.729
Greece,1977,0.919
Greece,1978,1.391
Greece,1979,1.485
Greece,1980,1.174
Greece,1981,0.909
Greece,1982,0.788
Greece,1983,0.712
Greece,1984,0.642
Greece,1985,0.523
Greece,1986,0.505
Greece,1987,0.4
Greece,1988,0.436
Greece,1989,0.369
Greece,1990,0.421
Greece,1991,0.515
Greece,1992,0.515
Greece,1993,0.502
Greece,1994,0.523
Greece,1995,0.487
Greece,1996,0.477
Greece,1997,0.509
Greece,1998,0.488
Greece,1999,0.494
Greece,2000,0.523
Greece,2001,0.596
Greece,2002,0.272
Greece,2003,0.245
Greece,2004,0.283
Greece,2005,0.336
Greece,2006,0.296
Greece,2007,0.241
Greece,2008,0.322
Greece,2009,0.241
Greece,2010,0.058
Greece,2011,-0.343
Greece,2012,-0.751
Greece,2013,-0.716
Greece,2014,-0.645
Greece,2015,-0.687
Greece,2016,-0.153
Greece,2017,-0.255
Greece,2018,-0.167
Greece,2019,-0.061
Greece,2020,-0.297
Greece,2021,-1.964
Greece,2022,-1.214
Greece,2023,-2.077
Greece,2024,-1.766
Greece,2025,-0.408
Greece,2026,-0.434
Greece,2027,-0.44
Greece,2028,-0.449
Greece,2029,-0.452
Greece,2030,-0.455
Greece,2031,-0.46
Greece,2032,-0.482
Greece,2033,-0.47
Greece,2034,-0.469
Greece,2035,-0.477
Greece,2036,-0.469
Greece,2037,-0.473
Greece,2038,-0.472
Greece,2039,-0.466
Greece,2040,-0.469
Greece,2041,-0.467
Greece,2042,-0.458
Greece,2043,-0.474
Greece,2044,-0.49
Greece,2045,-0.494
Greece,2046,-0.506
Greece,2047,-0.55
Greece,2048,-0.559
Greece,2049,-0.595
Greece,2050,-0.599
Greece,2051,-0.631
Greece,2052,-0.648
Greece,2053,-0.664
Greece,2054,-0.696
Greece,2055,-0.726
Greece,2056,-0.743
Greece,2057,-0.768
Greece,2058,-0.783
Greece,2059,-0.802
Greece,2060,-0.799
Greece,2061,-0.82
Greece,2062,-0.823
Greece,2063,-0.832
Greece,2064,-0.829
Greece,2065,-0.825
Greece,2066,-0.836
Greece,2067,-0.843
Greece,2068,-0.844
Greece,2069,-0.83
Greece,2070,-0.808
Greece,2071,-0.786
Greece,2072,-0.775
Greece,2073,-0.751
Greece,2074,-0.72
Greece,2075,-0.691
Greece,2076,-0.673
Greece,2077,-0.663
Greece,2078,-0.629
Greece,2079,-0.61
Greece,2080,-0.595
Greece,2081,-0.569
Greece,2082,-0.558
Greece,2083,-0.534
Greece,2084,-0.539
Greece,2085,-0.542
Greece,2086,-0.532
Greece,2087,-0.522
Greece,2088,-0.535
Greece,2089,-0.551
Greece,2090,-0.546
Greece,2091,-0.546
Greece,2092,-0.563
Greece,2093,-0.576
Greece,2094,-0.594
Greece,2095,-0.609
Greece,2096,-0.626
Greece,2097,-0.638
Greece,2098,-0.642
Greece,2099,-0.651
Greece,2100,-0.658
Greenland,1950,2.159
Greenland,1951,1.737
Greenland,1952,2.515
Greenland,1953,2.661
Greenland,1954,2.82
Greenland,1955,3.073
Greenland,1956,3.805
Greenland,1957,3.992
Greenland,1958,4.175
Greenland,1959,4.378
Greenland,1960,4.389
Greenland,1961,3.639
Greenland,1962,3.58
Greenland,1963,3.56
Greenland,1964,3.583
Greenland,1965,3.53
Greenland,1966,3.653
Greenland,1967,3.385
Greenland,1968,3.191
Greenland,1969,3.054
Greenland,1970,2.877
Greenland,1971,1.639
Greenland,1972,1.596
Greenland,1973,1.426
Greenland,1974,1.246
Greenland,1975,1.003
Greenland,1976,0.698
Greenland,1977,-0.036
Greenland,1978,0.018
Greenland,1979,0.106
Greenland,1980,1.207
Greenland,1981,1.205
Greenland,1982,1.227
Greenland,1983,1.205
Greenland,1984,1.26
Greenland,1985,1.007
Greenland,1986,0.969
Greenland,1987,0.979
Greenland,1988,0.98
Greenland,1989,0.902
Greenland,1990,0.228
Greenland,1991,0.095
Greenland,1992,0.022
Greenland,1993,-0.002
Greenland,1994,-0.029
Greenland,1995,0.349
Greenland,1996,0.221
Greenland,1997,0.137
Greenland,1998,0.041
Greenland,1999,-0.112
Greenland,2000,0.393
Greenland,2001,0.326
Greenland,2002,0.315
Greenland,2003,0.284
Greenland,2004,0.227
Greenland,2005,-0.076
Greenland,2006,-0.16
Greenland,2007,-0.194
Greenland,2008,-0.233
Greenland,2009,-0.26
Greenland,2010,0.588
Greenland,2011,0.188
Greenland,2012,-0.387
Greenland,2013,-0.549
Greenland,2014,-0.659
Greenland,2015,0.118
Greenland,2016,0.025
Greenland,2017,0.011
Greenland,2018,-0.002
Greenland,2019,0.039
Greenland,2020,-0.055
Greenland,2021,-0.08
Greenland,2022,-0.102
Greenland,2023,-0.141
Greenland,2024,-0.156
Greenland,2025,-0.185
Greenland,2026,-0.232
Greenland,2027,-0.238
Greenland,2028,-0.238
Greenland,2029,-0.301
Greenland,2030,-0.303
Greenland,2031,-0.324
Greenland,2032,-0.395
Greenland,2033,-0.402
Greenland,2034,-0.42
Greenland,2035,-0.467
Greenland,2036,-0.471
Greenland,2037,-0.507
Greenland,2038,-0.492
Greenland,2039,-0.516
Greenland,2040,-0.543
Greenland,2041,-0.523
Greenland,2042,-0.53
Greenland,2043,-0.548
Greenland,2044,-0.557
Greenland,2045,-0.554
Greenland,2046,-0.543
Greenland,2047,-0.564
Greenland,2048,-0.553
Greenland,2049,-0.51
Greenland,2050,-0.513
Greenland,2051,-0.532
Greenland,2052,-0.529
Greenland,2053,-0.515
Greenland,2054,-0.542
Greenland,2055,-0.508
Greenland,2056,-0.507
Greenland,2057,-0.503
Greenland,2058,-0.524
Greenland,2059,-0.517
Greenland,2060,-0.557
Greenland,2061,-0.563
Greenland,2062,-0.587
Greenland,2063,-0.586
Greenland,2064,-0.592
Greenland,2065,-0.593
Greenland,2066,-0.59
Greenland,2067,-0.634
Greenland,2068,-0.646
Greenland,2069,-0.624
Greenland,2070,-0.648
Greenland,2071,-0.652
Greenland,2072,-0.631
Greenland,2073,-0.652
Greenland,2074,-0.628
Greenland,2075,-0.669
Greenland,2076,-0.627
Greenland,2077,-0.624
Greenland,2078,-0.623
Greenland,2079,-0.608
Greenland,2080,-0.624
Greenland,2081,-0.587
Greenland,2082,-0.602
Greenland,2083,-0.611
Greenland,2084,-0.58
Greenland,2085,-0.598
Greenland,2086,-0.555
Greenland,2087,-0.563
Greenland,2088,-0.561
Greenland,2089,-0.554
Greenland,2090,-0.577
Greenland,2091,-0.591
Greenland,2092,-0.553
Greenland,2093,-0.58
Greenland,2094,-0.586
Greenland,2095,-0.605
Greenland,2096,-0.582
Greenland,2097,-0.572
Greenland,2098,-0.634
Greenland,2099,-0.579
Greenland,2100,-0.65
Grenada,1950,0.629
Grenada,1951,1.102
Grenada,1952,1.447
Grenada,1953,1.774
Grenada,1954,2.074
Grenada,1955,2.418
Grenada,1956,2.699
Grenada,1957,2.689
Grenada,1958,2.396
Grenada,1959,2.002
Grenada,1960,1.509
Grenada,1961,1.193
Grenada,1962,0.977
Grenada,1963,0.718
Grenada,1964,0.442
Grenada,1965,0.185
Grenada,1966,-0.072
Grenada,1967,-0.041
Grenada,1968,0.064
Grenada,1969,0.194
Grenada,1970,0.232
Grenada,1971,0.243
Grenada,1972,0.018
Grenada,1973,-0.157
Grenada,1974,-0.295
Grenada,1975,-0.436
Grenada,1976,-0.575
Grenada,1977,-0.688
Grenada,1978,-0.788
Grenada,1979,-0.911
Grenada,1980,-1.094
Grenada,1981,0.066
Grenada,1982,0.637
Grenada,1983,0.556
Grenada,1984,0.599
Grenada,1985,0.68
Grenada,1986,0.728
Grenada,1987,0.785
Grenada,1988,0.813
Grenada,1989,0.832
Grenada,1990,0.848
Grenada,1991,0.818
Grenada,1992,0.781
Grenada,1993,0.75
Grenada,1994,0.72
Grenada,1995,0.693
Grenada,1996,0.679
Grenada,1997,0.673
Grenada,1998,0.681
Grenada,1999,0.669
Grenada,2000,0.683
Grenada,2001,0.313
Grenada,2002,0.458
Grenada,2003,0.424
Grenada,2004,0.38
Grenada,2005,0.373
Grenada,2006,0.355
Grenada,2007,0.347
Grenada,2008,0.33
Grenada,2009,0.315
Grenada,2010,0.281
Grenada,2011,0.6
Grenada,2012,0.638
Grenada,2013,0.622
Grenada,2014,0.511
Grenada,2015,0.441
Grenada,2016,0.349
Grenada,2017,0.185
Grenada,2018,0.252
Grenada,2019,0.249
Grenada,2020,0.37
Grenada,2021,0.225
Grenada,2022,0.161
Grenada,2023,0.126
Grenada,2024,0.09
Grenada,2025,0.074
Grenada,2026,0.026
Grenada,2027,0.035
Grenada,2028,0.009
Grenada,2029,0.027
Grenada,2030,0.009
Grenada,2031,0.001
Grenada,2032,-0.036
Grenada,2033,-0.042
Grenada,2034,-0.08
Grenada,2035,-0.075
Grenada,2036,-0.112
Grenada,2037,-0.115
Grenada,2038,-0.116
Grenada,2039,-0.166
Grenada,2040,-0.191
Grenada,2041,-0.202
Grenada,2042,-0.232
Grenada,2043,-0.252
Grenada,2044,-0.256
Grenada,2045,-0.292
Grenada,2046,-0.32
Grenada,2047,-0.322
Grenada,2048,-0.332
Grenada,2049,-0.341
Grenada,2050,-0.372
Grenada,2051,-0.411
Grenada,2052,-0.429
Grenada,2053,-0.431
Grenada,2054,-0.472
Grenada,2055,-0.477
Grenada,2056,-0.487
Grenada,2057,-0.508
Grenada,2058,-0.504
Grenada,2059,-0.552
Grenada,2060,-0.561
Grenada,2061,-0.58
Grenada,2062,-0.624
Grenada,2063,-0.649
Grenada,2064,-0.68
Grenada,2065,-0.719
Grenada,2066,-0.737
Grenada,2067,-0.742
Grenada,2068,-0.776
Grenada,2069,-0.791
Grenada,2070,-0.819
Grenada,2071,-0.86
Grenada,2072,-0.901
Grenada,2073,-0.893
Grenada,2074,-0.931
Grenada,2075,-0.95
Grenada,2076,-0.964
Grenada,2077,-1.02
Grenada,2078,-1.026
Grenada,2079,-1.04
Grenada,2080,-1.07
Grenada,2081,-1.054
Grenada,2082,-1.067
Grenada,2083,-1.056
Grenada,2084,-1.076
Grenada,2085,-1.056
Grenada,2086,-1.098
Grenada,2087,-1.094
Grenada,2088,-1.083
Grenada,2089,-1.112
Grenada,2090,-1.073
Grenada,2091,-1.089
Grenada,2092,-1.078
Grenada,2093,-1.073
Grenada,2094,-1.063
Grenada,2095,-1.082
Grenada,2096,-1.064
Grenada,2097,-1.062
Grenada,2098,-1.08
Grenada,2099,-1.037
Grenada,2100,-1.034
Guadeloupe,1950,1.016
Guadeloupe,1951,2.689
Guadeloupe,1952,2.764
Guadeloupe,1953,2.776
Guadeloupe,1954,2.682
Guadeloupe,1955,2.614
Guadeloupe,1956,2.623
Guadeloupe,1957,2.63
Guadeloupe,1958,2.655
Guadeloupe,1959,2.679
Guadeloupe,1960,2.686
Guadeloupe,1961,2.239
Guadeloupe,1962,1.652
Guadeloupe,1963,1.429
Guadeloupe,1964,1.306
Guadeloupe,1965,1.302
Guadeloupe,1966,1.266
Guadeloupe,1967,1.086
Guadeloupe,1968,0.67
Guadeloupe,1969,0.5
Guadeloupe,1970,0.363
Guadeloupe,1971,0.243
Guadeloupe,1972,0.13
Guadeloupe,1973,0.073
Guadeloupe,1974,0.285
Guadeloupe,1975,0.885
Guadeloupe,1976,0.871
Guadeloupe,1977,0.604
Guadeloupe,1978,0.37
Guadeloupe,1979,0.287
Guadeloupe,1980,0.21
Guadeloupe,1981,0.57
Guadeloupe,1982,1.408
Guadeloupe,1983,1.876
Guadeloupe,1984,1.957
Guadeloupe,1985,1.972
Guadeloupe,1986,1.947
Guadeloupe,1987,1.906
Guadeloupe,1988,1.873
Guadeloupe,1989,1.72
Guadeloupe,1990,1.397
Guadeloupe,1991,1.144
Guadeloupe,1992,1.067
Guadeloupe,1993,1.013
Guadeloupe,1994,0.968
Guadeloupe,1995,0.923
Guadeloupe,1996,0.892
Guadeloupe,1997,0.869
Guadeloupe,1998,0.507
Guadeloupe,1999,-0.285
Guadeloupe,2000,-0.365
Guadeloupe,2001,-0.464
Guadeloupe,2002,-0.533
Guadeloupe,2003,-0.596
Guadeloupe,2004,-0.649
Guadeloupe,2005,-0.708
Guadeloupe,2006,0.288
Guadeloupe,2007,0.24
Guadeloupe,2008,0.094
Guadeloupe,2009,-0.088
Guadeloupe,2010,0
Guadeloupe,2011,0.118
Guadeloupe,2012,-0.07
Guadeloupe,2013,-0.318
Guadeloupe,2014,-0.527
Guadeloupe,2015,-0.801
Guadeloupe,2016,1.137
Guadeloupe,2017,2.791
Guadeloupe,2018,-1.576
Guadeloupe,2019,-0.806
Guadeloupe,2020,-0.594
Guadeloupe,2021,-3.524
Guadeloupe,2022,-3.858
Guadeloupe,2023,-0.404
Guadeloupe,2024,-0.347
Guadeloupe,2025,-0.356
Guadeloupe,2026,-0.361
Guadeloupe,2027,-0.384
Guadeloupe,2028,-0.427
Guadeloupe,2029,-0.436
Guadeloupe,2030,-0.454
Guadeloupe,2031,-0.469
Guadeloupe,2032,-0.474
Guadeloupe,2033,-0.446
Guadeloupe,2034,-0.498
Guadeloupe,2035,-0.449
Guadeloupe,2036,-0.429
Guadeloupe,2037,-0.491
Guadeloupe,2038,-0.526
Guadeloupe,2039,-0.567
Guadeloupe,2040,-0.557
Guadeloupe,2041,-0.609
Guadeloupe,2042,-0.594
Guadeloupe,2043,-0.638
Guadeloupe,2044,-0.628
Guadeloupe,2045,-0.706
Guadeloupe,2046,-0.667
Guadeloupe,2047,-0.723
Guadeloupe,2048,-0.704
Guadeloupe,2049,-0.78
Guadeloupe,2050,-0.782
Guadeloupe,2051,-0.786
Guadeloupe,2052,-0.773
Guadeloupe,2053,-0.815
Guadeloupe,2054,-0.852
Guadeloupe,2055,-0.825
Guadeloupe,2056,-0.818
Guadeloupe,2057,-0.811
Guadeloupe,2058,-0.79
Guadeloupe,2059,-0.789
Guadeloupe,2060,-0.825
Guadeloupe,2061,-0.79
Guadeloupe,2062,-0.788
Guadeloupe,2063,-0.69
Guadeloupe,2064,-0.706
Guadeloupe,2065,-0.732
Guadeloupe,2066,-0.674
Guadeloupe,2067,-0.619
Guadeloupe,2068,-0.608
Guadeloupe,2069,-0.61
Guadeloupe,2070,-0.576
Guadeloupe,2071,-0.539
Guadeloupe,2072,-0.512
Guadeloupe,2073,-0.479
Guadeloupe,2074,-0.472
Guadeloupe,2075,-0.43
Guadeloupe,2076,-0.441
Guadeloupe,2077,-0.418
Guadeloupe,2078,-0.424
Guadeloupe,2079,-0.436
Guadeloupe,2080,-0.423
Guadeloupe,2081,-0.431
Guadeloupe,2082,-0.413
Guadeloupe,2083,-0.425
Guadeloupe,2084,-0.391
Guadeloupe,2085,-0.444
Guadeloupe,2086,-0.422
Guadeloupe,2087,-0.419
Guadeloupe,2088,-0.432
Guadeloupe,2089,-0.459
Guadeloupe,2090,-0.428
Guadeloupe,2091,-0.477
Guadeloupe,2092,-0.472
Guadeloupe,2093,-0.513
Guadeloupe,2094,-0.476
Guadeloupe,2095,-0.48
Guadeloupe,2096,-0.504
Guadeloupe,2097,-0.526
Guadeloupe,2098,-0.548
Guadeloupe,2099,-0.51
Guadeloupe,2100,-0.536
Guam,1950,0.808
Guam,1951,0.904
Guam,1952,0.989
Guam,1953,1.124
Guam,1954,1.203
Guam,1955,1.33
Guam,1956,1.435
Guam,1957,1.538
Guam,1958,1.611
Guam,1959,1.681
Guam,1960,2.45
Guam,1961,2.618
Guam,1962,2.592
Guam,1963,2.541
Guam,1964,2.492
Guam,1965,2.443
Guam,1966,2.344
Guam,1967,2.245
Guam,1968,2.164
Guam,1969,2.145
Guam,1970,2.34
Guam,1971,2.36
Guam,1972,2.343
Guam,1973,2.274
Guam,1974,2.229
Guam,1975,2.094
Guam,1976,2.119
Guam,1977,2.052
Guam,1978,2.021
Guam,1979,2.132
Guam,1980,2.463
Guam,1981,2.489
Guam,1982,2.427
Guam,1983,2.352
Guam,1984,2.309
Guam,1985,2.278
Guam,1986,2.26
Guam,1987,2.248
Guam,1988,2.231
Guam,1989,2.236
Guam,1990,1.864
Guam,1991,1.661
Guam,1992,1.601
Guam,1993,1.529
Guam,1994,1.489
Guam,1995,1.448
Guam,1996,1.352
Guam,1997,1.319
Guam,1998,1.287
Guam,1999,1.323
Guam,2000,0.911
Guam,2001,0.664
Guam,2002,0.554
Guam,2003,0.455
Guam,2004,0.368
Guam,2005,0.31
Guam,2006,0.266
Guam,2007,0.253
Guam,2008,0.262
Guam,2009,0.317
Guam,2010,0.103
Guam,2011,-0.077
Guam,2012,-0.179
Guam,2013,-0.26
Guam,2014,-0.32
Guam,2015,-0.384
Guam,2016,-0.432
Guam,2017,-0.476
Guam,2018,-0.518
Guam,2019,-0.556
Guam,2020,0.987
Guam,2021,0.943
Guam,2022,0.821
Guam,2023,0.779
Guam,2024,0.741
Guam,2025,0.709
Guam,2026,0.69
Guam,2027,0.661
Guam,2028,0.645
Guam,2029,0.627
Guam,2030,0.604
Guam,2031,0.586
Guam,2032,0.555
Guam,2033,0.521
Guam,2034,0.51
Guam,2035,0.481
Guam,2036,0.479
Guam,2037,0.449
Guam,2038,0.457
Guam,2039,0.45
Guam,2040,0.456
Guam,2041,0.426
Guam,2042,0.444
Guam,2043,0.422
Guam,2044,0.446
Guam,2045,0.441
Guam,2046,0.406
Guam,2047,0.399
Guam,2048,0.389
Guam,2049,0.39
Guam,2050,0.376
Guam,2051,0.366
Guam,2052,0.345
Guam,2053,0.329
Guam,2054,0.303
Guam,2055,0.32
Guam,2056,0.278
Guam,2057,0.273
Guam,2058,0.253
Guam,2059,0.236
Guam,2060,0.207
Guam,2061,0.22
Guam,2062,0.193
Guam,2063,0.197
Guam,2064,0.217
Guam,2065,0.195
Guam,2066,0.209
Guam,2067,0.203
Guam,2068,0.178
Guam,2069,0.183
Guam,2070,0.18
Guam,2071,0.202
Guam,2072,0.209
Guam,2073,0.196
Guam,2074,0.2
Guam,2075,0.202
Guam,2076,0.193
Guam,2077,0.191
Guam,2078,0.201
Guam,2079,0.176
Guam,2080,0.172
Guam,2081,0.137
Guam,2082,0.125
Guam,2083,0.097
Guam,2084,0.09
Guam,2085,0.09
Guam,2086,0.068
Guam,2087,0.062
Guam,2088,0.062
Guam,2089,0.041
Guam,2090,0.002
Guam,2091,-0.012
Guam,2092,-0.03
Guam,2093,-0.043
Guam,2094,-0.068
Guam,2095,-0.086
Guam,2096,-0.075
Guam,2097,-0.108
Guam,2098,-0.108
Guam,2099,-0.121
Guam,2100,-0.122
Guatemala,1950,2.514
Guatemala,1951,2.596
Guatemala,1952,2.64
Guatemala,1953,2.634
Guatemala,1954,2.686
Guatemala,1955,2.718
Guatemala,1956,2.746
Guatemala,1957,2.77
Guatemala,1958,2.741
Guatemala,1959,2.883
Guatemala,1960,2.967
Guatemala,1961,2.975
Guatemala,1962,2.949
Guatemala,1963,2.912
Guatemala,1964,2.896
Guatemala,1965,2.876
Guatemala,1966,2.823
Guatemala,1967,2.795
Guatemala,1968,2.723
Guatemala,1969,2.636
Guatemala,1970,2.616
Guatemala,1971,2.557
Guatemala,1972,2.593
Guatemala,1973,2.576
Guatemala,1974,2.49
Guatemala,1975,2.385
Guatemala,1976,1.935
Guatemala,1977,2.453
Guatemala,1978,2.484
Guatemala,1979,2.52
Guatemala,1980,2.541
Guatemala,1981,2.481
Guatemala,1982,2.122
Guatemala,1983,2.766
Guatemala,1984,2.843
Guatemala,1985,2.817
Guatemala,1986,2.74
Guatemala,1987,2.775
Guatemala,1988,2.825
Guatemala,1989,2.802
Guatemala,1990,2.799
Guatemala,1991,2.621
Guatemala,1992,2.692
Guatemala,1993,2.645
Guatemala,1994,2.681
Guatemala,1995,2.611
Guatemala,1996,2.568
Guatemala,1997,2.549
Guatemala,1998,2.568
Guatemala,1999,2.465
Guatemala,2000,2.289
Guatemala,2001,2.306
Guatemala,2002,2.278
Guatemala,2003,2.226
Guatemala,2004,2.22
Guatemala,2005,2.11
Guatemala,2006,2.121
Guatemala,2007,2.093
Guatemala,2008,2.014
Guatemala,2009,1.972
Guatemala,2010,1.991
Guatemala,2011,1.996
Guatemala,2012,1.986
Guatemala,2013,1.921
Guatemala,2014,1.869
Guatemala,2015,1.796
Guatemala,2016,1.888
Guatemala,2017,1.751
Guatemala,2018,1.583
Guatemala,2019,1.46
Guatemala,2020,1.483
Guatemala,2021,1.28
Guatemala,2022,1.531
Guatemala,2023,1.549
Guatemala,2024,1.534
Guatemala,2025,1.502
Guatemala,2026,1.473
Guatemala,2027,1.437
Guatemala,2028,1.406
Guatemala,2029,1.379
Guatemala,2030,1.352
Guatemala,2031,1.323
Guatemala,2032,1.296
Guatemala,2033,1.267
Guatemala,2034,1.238
Guatemala,2035,1.208
Guatemala,2036,1.172
Guatemala,2037,1.139
Guatemala,2038,1.106
Guatemala,2039,1.066
Guatemala,2040,1.029
Guatemala,2041,0.993
Guatemala,2042,0.959
Guatemala,2043,0.925
Guatemala,2044,0.893
Guatemala,2045,0.861
Guatemala,2046,0.83
Guatemala,2047,0.796
Guatemala,2048,0.773
Guatemala,2049,0.747
Guatemala,2050,0.717
Guatemala,2051,0.693
Guatemala,2052,0.668
Guatemala,2053,0.642
Guatemala,2054,0.611
Guatemala,2055,0.584
Guatemala,2056,0.558
Guatemala,2057,0.533
Guatemala,2058,0.503
Guatemala,2059,0.475
Guatemala,2060,0.449
Guatemala,2061,0.42
Guatemala,2062,0.395
Guatemala,2063,0.371
Guatemala,2064,0.344
Guatemala,2065,0.314
Guatemala,2066,0.289
Guatemala,2067,0.261
Guatemala,2068,0.234
Guatemala,2069,0.204
Guatemala,2070,0.173
Guatemala,2071,0.149
Guatemala,2072,0.122
Guatemala,2073,0.096
Guatemala,2074,0.069
Guatemala,2075,0.047
Guatemala,2076,0.027
Guatemala,2077,0.004
Guatemala,2078,-0.021
Guatemala,2079,-0.046
Guatemala,2080,-0.066
Guatemala,2081,-0.087
Guatemala,2082,-0.11
Guatemala,2083,-0.127
Guatemala,2084,-0.146
Guatemala,2085,-0.164
Guatemala,2086,-0.184
Guatemala,2087,-0.199
Guatemala,2088,-0.212
Guatemala,2089,-0.225
Guatemala,2090,-0.24
Guatemala,2091,-0.255
Guatemala,2092,-0.268
Guatemala,2093,-0.279
Guatemala,2094,-0.29
Guatemala,2095,-0.299
Guatemala,2096,-0.309
Guatemala,2097,-0.32
Guatemala,2098,-0.327
Guatemala,2099,-0.337
Guatemala,2100,-0.345
Guernsey,1950,2.921
Guernsey,1951,0.96
Guernsey,1952,0.241
Guernsey,1953,0.232
Guernsey,1954,0.212
Guernsey,1955,0.155
Guernsey,1956,0.288
Guernsey,1957,0.399
Guernsey,1958,0.308
Guernsey,1959,0.358
Guernsey,1960,0.43
Guernsey,1961,0.92
Guernsey,1962,1.209
Guernsey,1963,1.368
Guernsey,1964,1.386
Guernsey,1965,1.357
Guernsey,1966,1.352
Guernsey,1967,1.443
Guernsey,1968,1.428
Guernsey,1969,1.442
Guernsey,1970,1.466
Guernsey,1971,0.469
Guernsey,1972,0.011
Guernsey,1973,0.074
Guernsey,1974,-0.015
Guernsey,1975,-0.164
Guernsey,1976,-0.124
Guernsey,1977,-0.085
Guernsey,1978,-0.107
Guernsey,1979,-0.17
Guernsey,1980,-0.141
Guernsey,1981,0.511
Guernsey,1982,0.681
Guernsey,1983,0.78
Guernsey,1984,0.898
Guernsey,1985,0.876
Guernsey,1986,1.035
Guernsey,1987,1.121
Guernsey,1988,1.151
Guernsey,1989,1.229
Guernsey,1990,1.212
Guernsey,1991,0.413
Guernsey,1992,0.027
Guernsey,1993,-0.044
Guernsey,1994,-0.109
Guernsey,1995,-0.172
Guernsey,1996,0.207
Guernsey,1997,0.354
Guernsey,1998,0.393
Guernsey,1999,0.425
Guernsey,2000,0.393
Guernsey,2001,0.246
Guernsey,2002,0.16
Guernsey,2003,0.16
Guernsey,2004,0.153
Guernsey,2005,0.179
Guernsey,2006,0.179
Guernsey,2007,0.198
Guernsey,2008,0.216
Guernsey,2009,0.235
Guernsey,2010,0.242
Guernsey,2011,0.292
Guernsey,2012,0.289
Guernsey,2013,0.248
Guernsey,2014,0.188
Guernsey,2015,0.066
Guernsey,2016,-0.217
Guernsey,2017,0.23
Guernsey,2018,0.53
Guernsey,2019,0.594
Guernsey,2020,0.429
Guernsey,2021,0.544
Guernsey,2022,0.438
Guernsey,2023,0.475
Guernsey,2024,0.345
Guernsey,2025,0.265
Guernsey,2026,0.147
Guernsey,2027,0.134
Guernsey,2028,0.076
Guernsey,2029,0.042
Guernsey,2030,0.011
Guernsey,2031,-0.002
Guernsey,2032,-0.012
Guernsey,2033,-0.028
Guernsey,2034,-0.066
Guernsey,2035,-0.099
Guernsey,2036,-0.104
Guernsey,2037,-0.115
Guernsey,2038,-0.122
Guernsey,2039,-0.149
Guernsey,2040,-0.157
Guernsey,2041,-0.159
Guernsey,2042,-0.195
Guernsey,2043,-0.198
Guernsey,2044,-0.218
Guernsey,2045,-0.237
Guernsey,2046,-0.23
Guernsey,2047,-0.278
Guernsey,2048,-0.308
Guernsey,2049,-0.33
Guernsey,2050,-0.341
Guernsey,2051,-0.355
Guernsey,2052,-0.369
Guernsey,2053,-0.364
Guernsey,2054,-0.354
Guernsey,2055,-0.383
Guernsey,2056,-0.371
Guernsey,2057,-0.39
Guernsey,2058,-0.403
Guernsey,2059,-0.403
Guernsey,2060,-0.418
Guernsey,2061,-0.38
Guernsey,2062,-0.387
Guernsey,2063,-0.365
Guernsey,2064,-0.405
Guernsey,2065,-0.398
Guernsey,2066,-0.401
Guernsey,2067,-0.365
Guernsey,2068,-0.339
Guernsey,2069,-0.356
Guernsey,2070,-0.343
Guernsey,2071,-0.317
Guernsey,2072,-0.347
Guernsey,2073,-0.331
Guernsey,2074,-0.324
Guernsey,2075,-0.34
Guernsey,2076,-0.321
Guernsey,2077,-0.292
Guernsey,2078,-0.333
Guernsey,2079,-0.327
Guernsey,2080,-0.328
Guernsey,2081,-0.308
Guernsey,2082,-0.357
Guernsey,2083,-0.317
Guernsey,2084,-0.356
Guernsey,2085,-0.325
Guernsey,2086,-0.337
Guernsey,2087,-0.318
Guernsey,2088,-0.313
Guernsey,2089,-0.311
Guernsey,2090,-0.33
Guernsey,2091,-0.3
Guernsey,2092,-0.288
Guernsey,2093,-0.285
Guernsey,2094,-0.321
Guernsey,2095,-0.294
Guernsey,2096,-0.315
Guernsey,2097,-0.315
Guernsey,2098,-0.304
Guernsey,2099,-0.309
Guernsey,2100,-0.308
Guinea,1950,1.607
Guinea,1951,1.606
Guinea,1952,1.615
Guinea,1953,1.626
Guinea,1954,1.638
Guinea,1955,1.651
Guinea,1956,1.665
Guinea,1957,1.687
Guinea,1958,1.704
Guinea,1959,1.72
Guinea,1960,1.739
Guinea,1961,1.762
Guinea,1962,1.783
Guinea,1963,1.804
Guinea,1964,1.829
Guinea,1965,1.854
Guinea,1966,1.886
Guinea,1967,1.912
Guinea,1968,1.931
Guinea,1969,1.905
Guinea,1970,1.835
Guinea,1971,1.764
Guinea,1972,1.701
Guinea,1973,1.658
Guinea,1974,1.608
Guinea,1975,1.57
Guinea,1976,1.549
Guinea,1977,1.562
Guinea,1978,1.609
Guinea,1979,1.702
Guinea,1980,1.821
Guinea,1981,1.941
Guinea,1982,2.076
Guinea,1983,2.153
Guinea,1984,2.285
Guinea,1985,2.413
Guinea,1986,2.526
Guinea,1987,2.607
Guinea,1988,2.624
Guinea,1989,2.567
Guinea,1990,4.315
Guinea,1991,3.704
Guinea,1992,2.696
Guinea,1993,3.385
Guinea,1994,2.623
Guinea,1995,2.961
Guinea,1996,2.702
Guinea,1997,1.422
Guinea,1998,2.332
Guinea,1999,2.151
Guinea,2000,1.775
Guinea,2001,0.85
Guinea,2002,2.255
Guinea,2003,2.23
Guinea,2004,2.053
Guinea,2005,1.949
Guinea,2006,2.229
Guinea,2007,2.399
Guinea,2008,2.439
Guinea,2009,2.444
Guinea,2010,2.474
Guinea,2011,2.48
Guinea,2012,2.429
Guinea,2013,2.46
Guinea,2014,2.5
Guinea,2015,2.562
Guinea,2016,2.571
Guinea,2017,2.542
Guinea,2018,2.546
Guinea,2019,2.576
Guinea,2020,2.527
Guinea,2021,2.485
Guinea,2022,2.48
Guinea,2023,2.445
Guinea,2024,2.348
Guinea,2025,2.274
Guinea,2026,2.209
Guinea,2027,2.174
Guinea,2028,2.12
Guinea,2029,2.055
Guinea,2030,2.037
Guinea,2031,1.975
Guinea,2032,1.932
Guinea,2033,1.878
Guinea,2034,1.816
Guinea,2035,1.804
Guinea,2036,1.786
Guinea,2037,1.742
Guinea,2038,1.712
Guinea,2039,1.692
Guinea,2040,1.679
Guinea,2041,1.63
Guinea,2042,1.599
Guinea,2043,1.572
Guinea,2044,1.51
Guinea,2045,1.494
Guinea,2046,1.459
Guinea,2047,1.424
Guinea,2048,1.379
Guinea,2049,1.347
Guinea,2050,1.337
Guinea,2051,1.306
Guinea,2052,1.277
Guinea,2053,1.266
Guinea,2054,1.204
Guinea,2055,1.184
Guinea,2056,1.145
Guinea,2057,1.105
Guinea,2058,1.089
Guinea,2059,1.044
Guinea,2060,0.995
Guinea,2061,0.98
Guinea,2062,0.954
Guinea,2063,0.929
Guinea,2064,0.885
Guinea,2065,0.855
Guinea,2066,0.834
Guinea,2067,0.806
Guinea,2068,0.775
Guinea,2069,0.75
Guinea,2070,0.712
Guinea,2071,0.694
Guinea,2072,0.656
Guinea,2073,0.632
Guinea,2074,0.61
Guinea,2075,0.603
Guinea,2076,0.561
Guinea,2077,0.527
Guinea,2078,0.512
Guinea,2079,0.502
Guinea,2080,0.459
Guinea,2081,0.466
Guinea,2082,0.422
Guinea,2083,0.412
Guinea,2084,0.381
Guinea,2085,0.369
Guinea,2086,0.325
Guinea,2087,0.286
Guinea,2088,0.281
Guinea,2089,0.255
Guinea,2090,0.231
Guinea,2091,0.203
Guinea,2092,0.207
Guinea,2093,0.181
Guinea,2094,0.163
Guinea,2095,0.132
Guinea,2096,0.127
Guinea,2097,0.117
Guinea,2098,0.105
Guinea,2099,0.088
Guinea,2100,0.069
Guinea-Bissau,1950,1.433
Guinea-Bissau,1951,0.805
Guinea-Bissau,1952,0.708
Guinea-Bissau,1953,0.628
Guinea-Bissau,1954,0.571
Guinea-Bissau,1955,0.528
Guinea-Bissau,1956,0.498
Guinea-Bissau,1957,0.478
Guinea-Bissau,1958,0.461
Guinea-Bissau,1959,0.449
Guinea-Bissau,1960,0.453
Guinea-Bissau,1961,1.233
Guinea-Bissau,1962,1.137
Guinea-Bissau,1963,0.536
Guinea-Bissau,1964,-2.538
Guinea-Bissau,1965,-2.111
Guinea-Bissau,1966,-0.716
Guinea-Bissau,1967,1.452
Guinea-Bissau,1968,1.739
Guinea-Bissau,1969,-0.546
Guinea-Bissau,1970,1.499
Guinea-Bissau,1971,-0.874
Guinea-Bissau,1972,1.009
Guinea-Bissau,1973,1.089
Guinea-Bissau,1974,5.644
Guinea-Bissau,1975,6.246
Guinea-Bissau,1976,6.6
Guinea-Bissau,1977,6.662
Guinea-Bissau,1978,6.37
Guinea-Bissau,1979,0.724
Guinea-Bissau,1980,1.56
Guinea-Bissau,1981,1.581
Guinea-Bissau,1982,1.589
Guinea-Bissau,1983,1.587
Guinea-Bissau,1984,1.59
Guinea-Bissau,1985,1.594
Guinea-Bissau,1986,1.595
Guinea-Bissau,1987,1.61
Guinea-Bissau,1988,1.643
Guinea-Bissau,1989,1.669
Guinea-Bissau,1990,1.621
Guinea-Bissau,1991,2.63
Guinea-Bissau,1992,3.248
Guinea-Bissau,1993,3.354
Guinea-Bissau,1994,2.845
Guinea-Bissau,1995,2.212
Guinea-Bissau,1996,1.959
Guinea-Bissau,1997,1.855
Guinea-Bissau,1998,1.873
Guinea-Bissau,1999,1.92
Guinea-Bissau,2000,2.093
Guinea-Bissau,2001,2.159
Guinea-Bissau,2002,2.237
Guinea-Bissau,2003,2.287
Guinea-Bissau,2004,2.324
Guinea-Bissau,2005,2.366
Guinea-Bissau,2006,2.455
Guinea-Bissau,2007,2.524
Guinea-Bissau,2008,2.521
Guinea-Bissau,2009,2.564
Guinea-Bissau,2010,2.606
Guinea-Bissau,2011,2.652
Guinea-Bissau,2012,2.666
Guinea-Bissau,2013,2.658
Guinea-Bissau,2014,2.597
Guinea-Bissau,2015,2.544
Guinea-Bissau,2016,2.48
Guinea-Bissau,2017,2.394
Guinea-Bissau,2018,2.355
Guinea-Bissau,2019,2.328
Guinea-Bissau,2020,2.251
Guinea-Bissau,2021,2.227
Guinea-Bissau,2022,2.257
Guinea-Bissau,2023,2.234
Guinea-Bissau,2024,2.177
Guinea-Bissau,2025,2.152
Guinea-Bissau,2026,2.097
Guinea-Bissau,2027,2.07
Guinea-Bissau,2028,1.984
Guinea-Bissau,2029,1.933
Guinea-Bissau,2030,1.909
Guinea-Bissau,2031,1.909
Guinea-Bissau,2032,1.893
Guinea-Bissau,2033,1.872
Guinea-Bissau,2034,1.768
Guinea-Bissau,2035,1.709
Guinea-Bissau,2036,1.759
Guinea-Bissau,2037,1.688
Guinea-Bissau,2038,1.665
Guinea-Bissau,2039,1.652
Guinea-Bissau,2040,1.588
Guinea-Bissau,2041,1.542
Guinea-Bissau,2042,1.525
Guinea-Bissau,2043,1.505
Guinea-Bissau,2044,1.482
Guinea-Bissau,2045,1.508
Guinea-Bissau,2046,1.419
Guinea-Bissau,2047,1.457
Guinea-Bissau,2048,1.391
Guinea-Bissau,2049,1.382
Guinea-Bissau,2050,1.314
Guinea-Bissau,2051,1.272
Guinea-Bissau,2052,1.198
Guinea-Bissau,2053,1.136
Guinea-Bissau,2054,1.176
Guinea-Bissau,2055,1.105
Guinea-Bissau,2056,1.049
Guinea-Bissau,2057,1.047
Guinea-Bissau,2058,1.041
Guinea-Bissau,2059,1.01
Guinea-Bissau,2060,0.928
Guinea-Bissau,2061,0.954
Guinea-Bissau,2062,0.927
Guinea-Bissau,2063,0.887
Guinea-Bissau,2064,0.861
Guinea-Bissau,2065,0.847
Guinea-Bissau,2066,0.763
Guinea-Bissau,2067,0.756
Guinea-Bissau,2068,0.746
Guinea-Bissau,2069,0.71
Guinea-Bissau,2070,0.671
Guinea-Bissau,2071,0.665
Guinea-Bissau,2072,0.653
Guinea-Bissau,2073,0.645
Guinea-Bissau,2074,0.587
Guinea-Bissau,2075,0.622
Guinea-Bissau,2076,0.561
Guinea-Bissau,2077,0.537
Guinea-Bissau,2078,0.487
Guinea-Bissau,2079,0.475
Guinea-Bissau,2080,0.438
Guinea-Bissau,2081,0.369
Guinea-Bissau,2082,0.364
Guinea-Bissau,2083,0.346
Guinea-Bissau,2084,0.37
Guinea-Bissau,2085,0.346
Guinea-Bissau,2086,0.342
Guinea-Bissau,2087,0.299
Guinea-Bissau,2088,0.277
Guinea-Bissau,2089,0.259
Guinea-Bissau,2090,0.252
Guinea-Bissau,2091,0.241
Guinea-Bissau,2092,0.263
Guinea-Bissau,2093,0.243
Guinea-Bissau,2094,0.246
Guinea-Bissau,2095,0.178
Guinea-Bissau,2096,0.19
Guinea-Bissau,2097,0.164
Guinea-Bissau,2098,0.139
Guinea-Bissau,2099,0.149
Guinea-Bissau,2100,0.132
Guyana,1950,2.529
Guyana,1951,2.693
Guyana,1952,2.887
Guyana,1953,3.054
Guyana,1954,3.188
Guyana,1955,3.27
Guyana,1956,3.314
Guyana,1957,3.337
Guyana,1958,3.341
Guyana,1959,3.276
Guyana,1960,2.466
Guyana,1961,2.2
Guyana,1962,2.178
Guyana,1963,2.166
Guyana,1964,2.135
Guyana,1965,2.118
Guyana,1966,2.094
Guyana,1967,2.076
Guyana,1968,2.064
Guyana,1969,2.053
Guyana,1970,1.535
Guyana,1971,1.281
Guyana,1972,1.217
Guyana,1973,1.131
Guyana,1974,1.027
Guyana,1975,0.951
Guyana,1976,0.881
Guyana,1977,0.814
Guyana,1978,0.744
Guyana,1979,0.683
Guyana,1980,0.432
Guyana,1981,0.106
Guyana,1982,-0.04
Guyana,1983,-0.172
Guyana,1984,-0.288
Guyana,1985,-0.394
Guyana,1986,-0.484
Guyana,1987,-0.554
Guyana,1988,-0.616
Guyana,1989,-0.652
Guyana,1990,-0.67
Guyana,1991,0.128
Guyana,1992,0.419
Guyana,1993,0.394
Guyana,1994,0.364
Guyana,1995,0.314
Guyana,1996,0.249
Guyana,1997,0.202
Guyana,1998,0.149
Guyana,1999,0.086
Guyana,2000,0.005
Guyana,2001,-0.098
Guyana,2002,-0.118
Guyana,2003,-0.026
Guyana,2004,-0.153
Guyana,2005,-0.242
Guyana,2006,-0.27
Guyana,2007,-0.285
Guyana,2008,-0.311
Guyana,2009,-0.356
Guyana,2010,-0.4
Guyana,2011,-0.43
Guyana,2012,0.466
Guyana,2013,0.532
Guyana,2014,0.587
Guyana,2015,0.616
Guyana,2016,0.636
Guyana,2017,0.651
Guyana,2018,5.2
Guyana,2019,-1.106
Guyana,2020,1.061
Guyana,2021,0.912
Guyana,2022,0.593
Guyana,2023,0.552
Guyana,2024,0.591
Guyana,2025,0.585
Guyana,2026,0.585
Guyana,2027,0.631
Guyana,2028,0.58
Guyana,2029,0.565
Guyana,2030,0.598
Guyana,2031,0.57
Guyana,2032,0.617
Guyana,2033,0.554
Guyana,2034,0.557
Guyana,2035,0.51
Guyana,2036,0.479
Guyana,2037,0.49
Guyana,2038,0.483
Guyana,2039,0.472
Guyana,2040,0.453
Guyana,2041,0.475
Guyana,2042,0.419
Guyana,2043,0.403
Guyana,2044,0.365
Guyana,2045,0.334
Guyana,2046,0.34
Guyana,2047,0.306
Guyana,2048,0.304
Guyana,2049,0.28
Guyana,2050,0.262
Guyana,2051,0.192
Guyana,2052,0.225
Guyana,2053,0.232
Guyana,2054,0.181
Guyana,2055,0.145
Guyana,2056,0.102
Guyana,2057,0.143
Guyana,2058,0.133
Guyana,2059,0.16
Guyana,2060,0.131
Guyana,2061,0.098
Guyana,2062,0.091
Guyana,2063,0.048
Guyana,2064,0.026
Guyana,2065,0.013
Guyana,2066,0.014
Guyana,2067,-0.003
Guyana,2068,-0.012
Guyana,2069,-0.073
Guyana,2070,-0.056
Guyana,2071,-0.089
Guyana,2072,-0.116
Guyana,2073,-0.125
Guyana,2074,-0.109
Guyana,2075,-0.126
Guyana,2076,-0.153
Guyana,2077,-0.159
Guyana,2078,-0.185
Guyana,2079,-0.19
Guyana,2080,-0.225
Guyana,2081,-0.195
Guyana,2082,-0.242
Guyana,2083,-0.212
Guyana,2084,-0.251
Guyana,2085,-0.281
Guyana,2086,-0.295
Guyana,2087,-0.276
Guyana,2088,-0.299
Guyana,2089,-0.322
Guyana,2090,-0.302
Guyana,2091,-0.305
Guyana,2092,-0.331
Guyana,2093,-0.331
Guyana,2094,-0.359
Guyana,2095,-0.353
Guyana,2096,-0.371
Guyana,2097,-0.349
Guyana,2098,-0.407
Guyana,2099,-0.408
Guyana,2100,-0.413
Haiti,1950,1.471
Haiti,1951,1.52
Haiti,1952,1.554
Haiti,1953,1.604
Haiti,1954,1.626
Haiti,1955,1.695
Haiti,1956,1.731
Haiti,1957,1.745
Haiti,1958,1.772
Haiti,1959,1.794
Haiti,1960,1.802
Haiti,1961,1.824
Haiti,1962,1.835
Haiti,1963,1.708
Haiti,1964,1.852
Haiti,1965,1.855
Haiti,1966,1.843
Haiti,1967,1.858
Haiti,1968,1.864
Haiti,1969,1.864
Haiti,1970,1.873
Haiti,1971,1.894
Haiti,1972,1.907
Haiti,1973,1.915
Haiti,1974,1.923
Haiti,1975,1.93
Haiti,1976,1.926
Haiti,1977,1.927
Haiti,1978,1.927
Haiti,1979,1.923
Haiti,1980,1.921
Haiti,1981,1.932
Haiti,1982,1.951
Haiti,1983,1.957
Haiti,1984,1.974
Haiti,1985,1.995
Haiti,1986,2.011
Haiti,1987,2.032
Haiti,1988,2.054
Haiti,1989,2.057
Haiti,1990,2.062
Haiti,1991,2.011
Haiti,1992,1.984
Haiti,1993,1.946
Haiti,1994,1.907
Haiti,1995,1.905
Haiti,1996,1.894
Haiti,1997,1.878
Haiti,1998,1.852
Haiti,1999,1.842
Haiti,2000,1.85
Haiti,2001,1.797
Haiti,2002,1.76
Haiti,2003,1.747
Haiti,2004,1.657
Haiti,2005,1.703
Haiti,2006,1.695
Haiti,2007,1.677
Haiti,2008,1.655
Haiti,2009,1.65
Haiti,2010,0.689
Haiti,2011,1.57
Haiti,2012,1.53
Haiti,2013,1.478
Haiti,2014,1.452
Haiti,2015,1.42
Haiti,2016,1.378
Haiti,2017,1.346
Haiti,2018,1.31
Haiti,2019,1.278
Haiti,2020,1.204
Haiti,2021,1.108
Haiti,2022,1.147
Haiti,2023,1.165
Haiti,2024,1.144
Haiti,2025,1.112
Haiti,2026,1.084
Haiti,2027,1.069
Haiti,2028,1.048
Haiti,2029,1.026
Haiti,2030,1.007
Haiti,2031,0.985
Haiti,2032,0.965
Haiti,2033,0.942
Haiti,2034,0.921
Haiti,2035,0.898
Haiti,2036,0.877
Haiti,2037,0.857
Haiti,2038,0.839
Haiti,2039,0.812
Haiti,2040,0.793
Haiti,2041,0.776
Haiti,2042,0.755
Haiti,2043,0.731
Haiti,2044,0.709
Haiti,2045,0.686
Haiti,2046,0.665
Haiti,2047,0.642
Haiti,2048,0.624
Haiti,2049,0.598
Haiti,2050,0.58
Haiti,2051,0.551
Haiti,2052,0.522
Haiti,2053,0.495
Haiti,2054,0.466
Haiti,2055,0.44
Haiti,2056,0.413
Haiti,2057,0.392
Haiti,2058,0.368
Haiti,2059,0.341
Haiti,2060,0.313
Haiti,2061,0.289
Haiti,2062,0.266
Haiti,2063,0.243
Haiti,2064,0.219
Haiti,2065,0.195
Haiti,2066,0.176
Haiti,2067,0.154
Haiti,2068,0.131
Haiti,2069,0.111
Haiti,2070,0.09
Haiti,2071,0.074
Haiti,2072,0.056
Haiti,2073,0.038
Haiti,2074,0.023
Haiti,2075,0.007
Haiti,2076,-0.006
Haiti,2077,-0.022
Haiti,2078,-0.038
Haiti,2079,-0.049
Haiti,2080,-0.066
Haiti,2081,-0.079
Haiti,2082,-0.091
Haiti,2083,-0.102
Haiti,2084,-0.117
Haiti,2085,-0.128
Haiti,2086,-0.142
Haiti,2087,-0.152
Haiti,2088,-0.164
Haiti,2089,-0.176
Haiti,2090,-0.184
Haiti,2091,-0.193
Haiti,2092,-0.203
Haiti,2093,-0.211
Haiti,2094,-0.219
Haiti,2095,-0.229
Haiti,2096,-0.239
Haiti,2097,-0.248
Haiti,2098,-0.255
Haiti,2099,-0.264
Haiti,2100,-0.273
High-income countries,1950,1.158
High-income countries,1951,1.114
High-income countries,1952,1.183
High-income countries,1953,1.225
High-income countries,1954,1.219
High-income countries,1955,1.231
High-income countries,1956,1.197
High-income countries,1957,1.262
High-income countries,1958,1.254
High-income countries,1959,1.269
High-income countries,1960,1.244
High-income countries,1961,1.229
High-income countries,1962,1.205
High-income countries,1963,1.174
High-income countries,1964,1.333
High-income countries,1965,1.163
High-income countries,1966,1.071
High-income countries,1967,0.909
High-income countries,1968,1.072
High-income countries,1969,1.073
High-income countries,1970,1.041
High-income countries,1971,1.115
High-income countries,1972,1.014
High-income countries,1973,0.955
High-income countries,1974,0.897
High-income countries,1975,0.801
High-income countries,1976,0.797
High-income countries,1977,0.795
High-income countries,1978,0.772
High-income countries,1979,0.802
High-income countries,1980,0.83
High-income countries,1981,0.752
High-income countries,1982,0.715
High-income countries,1983,0.681
High-income countries,1984,0.66
High-income countries,1985,0.669
High-income countries,1986,0.687
High-income countries,1987,0.691
High-income countries,1988,0.725
High-income countries,1989,0.746
High-income countries,1990,0.703
High-income countries,1991,0.824
High-income countries,1992,0.779
High-income countries,1993,0.668
High-income countries,1994,0.678
High-income countries,1995,0.555
High-income countries,1996,0.602
High-income countries,1997,0.574
High-income countries,1998,0.506
High-income countries,1999,0.59
High-income countries,2000,0.642
High-income countries,2001,0.664
High-income countries,2002,0.691
High-income countries,2003,0.678
High-income countries,2004,0.696
High-income countries,2005,0.686
High-income countries,2006,0.706
High-income countries,2007,0.835
High-income countries,2008,0.77
High-income countries,2009,0.672
High-income countries,2010,0.659
High-income countries,2011,0.696
High-income countries,2012,0.648
High-income countries,2013,0.633
High-income countries,2014,0.664
High-income countries,2015,0.707
High-income countries,2016,0.628
High-income countries,2017,0.479
High-income countries,2018,0.465
High-income countries,2019,0.486
High-income countries,2020,0.107
High-income countries,2021,0.182
High-income countries,2022,0.701
High-income countries,2023,0.387
High-income countries,2024,0.251
High-income countries,2025,0.173
High-income countries,2026,0.21
High-income countries,2027,0.19
High-income countries,2028,0.172
High-income countries,2029,0.151
High-income countries,2030,0.135
High-income countries,2031,0.122
High-income countries,2032,0.115
High-income countries,2033,0.107
High-income countries,2034,0.101
High-income countries,2035,0.087
High-income countries,2036,0.08
High-income countries,2037,0.074
High-income countries,2038,0.066
High-income countries,2039,0.056
High-income countries,2040,0.047
High-income countries,2041,0.04
High-income countries,2042,0.036
High-income countries,2043,0.024
High-income countries,2044,0.012
High-income countries,2045,0.002
High-income countries,2046,-0.009
High-income countries,2047,-0.021
High-income countries,2048,-0.029
High-income countries,2049,-0.043
High-income countries,2050,-0.048
High-income countries,2051,-0.058
High-income countries,2052,-0.068
High-income countries,2053,-0.08
High-income countries,2054,-0.091
High-income countries,2055,-0.101
High-income countries,2056,-0.107
High-income countries,2057,-0.107
High-income countries,2058,-0.106
High-income countries,2059,-0.113
High-income countries,2060,-0.116
High-income countries,2061,-0.111
High-income countries,2062,-0.109
High-income countries,2063,-0.105
High-income countries,2064,-0.108
High-income countries,2065,-0.103
High-income countries,2066,-0.095
High-income countries,2067,-0.088
High-income countries,2068,-0.087
High-income countries,2069,-0.08
High-income countries,2070,-0.08
High-income countries,2071,-0.071
High-income countries,2072,-0.074
High-income countries,2073,-0.07
High-income countries,2074,-0.068
High-income countries,2075,-0.055
High-income countries,2076,-0.055
High-income countries,2077,-0.056
High-income countries,2078,-0.049
High-income countries,2079,-0.051
High-income countries,2080,-0.048
High-income countries,2081,-0.035
High-income countries,2082,-0.04
High-income countries,2083,-0.036
High-income countries,2084,-0.036
High-income countries,2085,-0.041
High-income countries,2086,-0.033
High-income countries,2087,-0.029
High-income countries,2088,-0.019
High-income countries,2089,-0.025
High-income countries,2090,-0.024
High-income countries,2091,-0.016
High-income countries,2092,-0.014
High-income countries,2093,-0.014
High-income countries,2094,-0.013
High-income countries,2095,-0.016
High-income countries,2096,-0.019
High-income countries,2097,-0.017
High-income countries,2098,-0.021
High-income countries,2099,-0.023
High-income countries,2100,-0.03
Honduras,1950,2.673
Honduras,1951,2.712
Honduras,1952,2.75
Honduras,1953,2.779
Honduras,1954,2.799
Honduras,1955,2.82
Honduras,1956,2.83
Honduras,1957,2.838
Honduras,1958,2.844
Honduras,1959,2.841
Honduras,1960,2.839
Honduras,1961,2.821
Honduras,1962,2.833
Honduras,1963,2.843
Honduras,1964,2.863
Honduras,1965,2.88
Honduras,1966,2.891
Honduras,1967,2.901
Honduras,1968,2.921
Honduras,1969,2.948
Honduras,1970,2.986
Honduras,1971,3.023
Honduras,1972,3.054
Honduras,1973,2.974
Honduras,1974,2.813
Honduras,1975,3.12
Honduras,1976,3.122
Honduras,1977,3.106
Honduras,1978,3.083
Honduras,1979,3.07
Honduras,1980,3.043
Honduras,1981,3.014
Honduras,1982,2.984
Honduras,1983,2.962
Honduras,1984,2.918
Honduras,1985,2.878
Honduras,1986,2.848
Honduras,1987,2.826
Honduras,1988,2.808
Honduras,1989,2.812
Honduras,1990,2.835
Honduras,1991,2.839
Honduras,1992,2.843
Honduras,1993,2.836
Honduras,1994,2.836
Honduras,1995,2.833
Honduras,1996,2.813
Honduras,1997,2.783
Honduras,1998,2.518
Honduras,1999,2.735
Honduras,2000,2.73
Honduras,2001,2.677
Honduras,2002,2.606
Honduras,2003,2.527
Honduras,2004,2.462
Honduras,2005,2.394
Honduras,2006,2.324
Honduras,2007,2.272
Honduras,2008,2.216
Honduras,2009,2.162
Honduras,2010,2.091
Honduras,2011,2.043
Honduras,2012,2.002
Honduras,2013,1.957
Honduras,2014,1.917
Honduras,2015,1.89
Honduras,2016,1.865
Honduras,2017,1.835
Honduras,2018,1.825
Honduras,2019,1.797
Honduras,2020,1.713
Honduras,2021,1.624
Honduras,2022,1.729
Honduras,2023,1.701
Honduras,2024,1.669
Honduras,2025,1.633
Honduras,2026,1.593
Honduras,2027,1.556
Honduras,2028,1.521
Honduras,2029,1.482
Honduras,2030,1.441
Honduras,2031,1.403
Honduras,2032,1.366
Honduras,2033,1.329
Honduras,2034,1.293
Honduras,2035,1.26
Honduras,2036,1.225
Honduras,2037,1.19
Honduras,2038,1.16
Honduras,2039,1.129
Honduras,2040,1.1
Honduras,2041,1.073
Honduras,2042,1.044
Honduras,2043,1.017
Honduras,2044,0.99
Honduras,2045,0.963
Honduras,2046,0.935
Honduras,2047,0.907
Honduras,2048,0.879
Honduras,2049,0.853
Honduras,2050,0.828
Honduras,2051,0.801
Honduras,2052,0.775
Honduras,2053,0.75
Honduras,2054,0.723
Honduras,2055,0.697
Honduras,2056,0.669
Honduras,2057,0.642
Honduras,2058,0.617
Honduras,2059,0.591
Honduras,2060,0.567
Honduras,2061,0.541
Honduras,2062,0.514
Honduras,2063,0.49
Honduras,2064,0.467
Honduras,2065,0.441
Honduras,2066,0.419
Honduras,2067,0.395
Honduras,2068,0.373
Honduras,2069,0.352
Honduras,2070,0.33
Honduras,2071,0.31
Honduras,2072,0.288
Honduras,2073,0.267
Honduras,2074,0.247
Honduras,2075,0.228
Honduras,2076,0.208
Honduras,2077,0.191
Honduras,2078,0.172
Honduras,2079,0.155
Honduras,2080,0.137
Honduras,2081,0.122
Honduras,2082,0.106
Honduras,2083,0.091
Honduras,2084,0.076
Honduras,2085,0.061
Honduras,2086,0.047
Honduras,2087,0.034
Honduras,2088,0.021
Honduras,2089,0.008
Honduras,2090,-0.006
Honduras,2091,-0.018
Honduras,2092,-0.03
Honduras,2093,-0.043
Honduras,2094,-0.053
Honduras,2095,-0.064
Honduras,2096,-0.073
Honduras,2097,-0.081
Honduras,2098,-0.093
Honduras,2099,-0.104
Honduras,2100,-0.112
Hong Kong,1950,4.498
Hong Kong,1951,4.509
Hong Kong,1952,4.497
Hong Kong,1953,4.493
Hong Kong,1954,4.512
Hong Kong,1955,4.533
Hong Kong,1956,4.619
Hong Kong,1957,4.64
Hong Kong,1958,4.59
Hong Kong,1959,4.287
Hong Kong,1960,3.655
Hong Kong,1961,-4.859
Hong Kong,1962,-7.816
Hong Kong,1963,-8.541
Hong Kong,1964,37.887
Hong Kong,1965,6.867
Hong Kong,1966,1.373
Hong Kong,1967,-33.038
Hong Kong,1968,10.444
Hong Kong,1969,10.037
Hong Kong,1970,9.319
Hong Kong,1971,3.77
Hong Kong,1972,2.56
Hong Kong,1973,2.53
Hong Kong,1974,2.496
Hong Kong,1975,2.416
Hong Kong,1976,2.339
Hong Kong,1977,2.246
Hong Kong,1978,2.161
Hong Kong,1979,2.151
Hong Kong,1980,2.119
Hong Kong,1981,1.814
Hong Kong,1982,1.679
Hong Kong,1983,1.596
Hong Kong,1984,1.471
Hong Kong,1985,1.411
Hong Kong,1986,0.744
Hong Kong,1987,0.535
Hong Kong,1988,0.503
Hong Kong,1989,0.426
Hong Kong,1990,0.295
Hong Kong,1991,2.107
Hong Kong,1992,2.506
Hong Kong,1993,2.398
Hong Kong,1994,2.283
Hong Kong,1995,2.133
Hong Kong,1996,1.888
Hong Kong,1997,1.706
Hong Kong,1998,1.532
Hong Kong,1999,1.368
Hong Kong,2000,1.279
Hong Kong,2001,0.788
Hong Kong,2002,0.601
Hong Kong,2003,0.496
Hong Kong,2004,0.355
Hong Kong,2005,0.234
Hong Kong,2006,0.419
Hong Kong,2007,0.738
Hong Kong,2008,0.673
Hong Kong,2009,0.571
Hong Kong,2010,0.478
Hong Kong,2011,0.682
Hong Kong,2012,0.937
Hong Kong,2013,0.814
Hong Kong,2014,0.7
Hong Kong,2015,0.578
Hong Kong,2016,0.548
Hong Kong,2017,0.445
Hong Kong,2018,0.26
Hong Kong,2019,0.131
Hong Kong,2020,-0.013
Hong Kong,2021,-0.138
Hong Kong,2022,-0.362
Hong Kong,2023,-0.259
Hong Kong,2024,-0.49
Hong Kong,2025,-0.018
Hong Kong,2026,-0.456
Hong Kong,2027,-0.184
Hong Kong,2028,-0.639
Hong Kong,2029,-0.409
Hong Kong,2030,-0.526
Hong Kong,2031,-0.606
Hong Kong,2032,-0.494
Hong Kong,2033,-0.544
Hong Kong,2034,-0.441
Hong Kong,2035,-0.927
Hong Kong,2036,-0.74
Hong Kong,2037,-0.404
Hong Kong,2038,-0.92
Hong Kong,2039,-0.415
Hong Kong,2040,-0.894
Hong Kong,2041,-0.925
Hong Kong,2042,-1.091
Hong Kong,2043,-0.839
Hong Kong,2044,-0.942
Hong Kong,2045,-1.061
Hong Kong,2046,-1.128
Hong Kong,2047,-1.543
Hong Kong,2048,-1.212
Hong Kong,2049,-1.41
Hong Kong,2050,-1.323
Hong Kong,2051,-1.502
Hong Kong,2052,-1.464
Hong Kong,2053,-1.441
Hong Kong,2054,-1.475
Hong Kong,2055,-1.575
Hong Kong,2056,-1.655
Hong Kong,2057,-1.711
Hong Kong,2058,-1.768
Hong Kong,2059,-1.703
Hong Kong,2060,-1.734
Hong Kong,2061,-1.817
Hong Kong,2062,-1.594
Hong Kong,2063,-1.604
Hong Kong,2064,-1.836
Hong Kong,2065,-1.895
Hong Kong,2066,-1.878
Hong Kong,2067,-2.007
Hong Kong,2068,-1.973
Hong Kong,2069,-1.904
Hong Kong,2070,-2.073
Hong Kong,2071,-2.029
Hong Kong,2072,-2.164
Hong Kong,2073,-2.229
Hong Kong,2074,-2.228
Hong Kong,2075,-2.284
Hong Kong,2076,-2.299
Hong Kong,2077,-2.583
Hong Kong,2078,-2.204
Hong Kong,2079,-2.4
Hong Kong,2080,-2.408
Hong Kong,2081,-2.263
Hong Kong,2082,-2.298
Hong Kong,2083,-2.483
Hong Kong,2084,-2.651
Hong Kong,2085,-2.685
Hong Kong,2086,-2.649
Hong Kong,2087,-2.652
Hong Kong,2088,-2.51
Hong Kong,2089,-2.657
Hong Kong,2090,-2.65
Hong Kong,2091,-2.556
Hong Kong,2092,-2.382
Hong Kong,2093,-2.497
Hong Kong,2094,-2.71
Hong Kong,2095,-2.539
Hong Kong,2096,-2.52
Hong Kong,2097,-2.558
Hong Kong,2098,-2.339
Hong Kong,2099,-2.489
Hong Kong,2100,-2.486
Hungary,1950,0.974
Hungary,1951,0.845
Hungary,1952,0.861
Hungary,1953,1.035
Hungary,1954,1.246
Hungary,1955,1.184
Hungary,1956,-0.555
Hungary,1957,0.23
Hungary,1958,0.637
Hungary,1959,0.497
Hungary,1960,0.437
Hungary,1961,0.425
Hungary,1962,0.203
Hungary,1963,0.308
Hungary,1964,0.296
Hungary,1965,0.232
Hungary,1966,0.345
Hungary,1967,0.37
Hungary,1968,0.368
Hungary,1969,0.354
Hungary,1970,0.298
Hungary,1971,0.26
Hungary,1972,0.325
Hungary,1973,0.313
Hungary,1974,0.578
Hungary,1975,0.6
Hungary,1976,0.503
Hungary,1977,0.429
Hungary,1978,0.268
Hungary,1979,0.258
Hungary,1980,-0.125
Hungary,1981,-0.175
Hungary,1982,-0.26
Hungary,1983,-0.363
Hungary,1984,-0.366
Hungary,1985,-0.335
Hungary,1986,-0.352
Hungary,1987,-0.334
Hungary,1988,-0.327
Hungary,1989,-0.385
Hungary,1990,-0.041
Hungary,1991,-0.019
Hungary,1992,-0.11
Hungary,1993,-0.172
Hungary,1994,-0.155
Hungary,1995,-0.177
Hungary,1996,-0.222
Hungary,1997,-0.237
Hungary,1998,-0.287
Hungary,1999,-0.337
Hungary,2000,-0.235
Hungary,2001,-0.235
Hungary,2002,-0.321
Hungary,2003,-0.262
Hungary,2004,-0.197
Hungary,2005,-0.201
Hungary,2006,-0.112
Hungary,2007,-0.204
Hungary,2008,-0.144
Hungary,2009,-0.162
Hungary,2010,-0.284
Hungary,2011,-0.368
Hungary,2012,-0.237
Hungary,2013,-0.314
Hungary,2014,-0.223
Hungary,2015,-0.257
Hungary,2016,-0.327
Hungary,2017,-0.182
Hungary,2018,-0.047
Hungary,2019,-0.035
Hungary,2020,-0.393
Hungary,2021,-0.462
Hungary,2022,-0.023
Hungary,2023,0.067
Hungary,2024,-0.281
Hungary,2025,-0.628
Hungary,2026,-0.338
Hungary,2027,-0.343
Hungary,2028,-0.357
Hungary,2029,-0.375
Hungary,2030,-0.385
Hungary,2031,-0.393
Hungary,2032,-0.403
Hungary,2033,-0.408
Hungary,2034,-0.416
Hungary,2035,-0.421
Hungary,2036,-0.418
Hungary,2037,-0.426
Hungary,2038,-0.417
Hungary,2039,-0.42
Hungary,2040,-0.413
Hungary,2041,-0.406
Hungary,2042,-0.402
Hungary,2043,-0.391
Hungary,2044,-0.388
Hungary,2045,-0.388
Hungary,2046,-0.381
Hungary,2047,-0.375
Hungary,2048,-0.366
Hungary,2049,-0.366
Hungary,2050,-0.359
Hungary,2051,-0.361
Hungary,2052,-0.361
Hungary,2053,-0.363
Hungary,2054,-0.374
Hungary,2055,-0.379
Hungary,2056,-0.392
Hungary,2057,-0.392
Hungary,2058,-0.397
Hungary,2059,-0.419
Hungary,2060,-0.424
Hungary,2061,-0.429
Hungary,2062,-0.437
Hungary,2063,-0.44
Hungary,2064,-0.453
Hungary,2065,-0.447
Hungary,2066,-0.434
Hungary,2067,-0.429
Hungary,2068,-0.425
Hungary,2069,-0.413
Hungary,2070,-0.404
Hungary,2071,-0.39
Hungary,2072,-0.374
Hungary,2073,-0.356
Hungary,2074,-0.342
Hungary,2075,-0.322
Hungary,2076,-0.306
Hungary,2077,-0.289
Hungary,2078,-0.274
Hungary,2079,-0.27
Hungary,2080,-0.259
Hungary,2081,-0.248
Hungary,2082,-0.24
Hungary,2083,-0.228
Hungary,2084,-0.22
Hungary,2085,-0.227
Hungary,2086,-0.225
Hungary,2087,-0.213
Hungary,2088,-0.205
Hungary,2089,-0.208
Hungary,2090,-0.199
Hungary,2091,-0.198
Hungary,2092,-0.193
Hungary,2093,-0.201
Hungary,2094,-0.199
Hungary,2095,-0.198
Hungary,2096,-0.197
Hungary,2097,-0.196
Hungary,2098,-0.206
Hungary,2099,-0.215
Hungary,2100,-0.215
Iceland,1950,2.286
Iceland,1951,1.543
Iceland,1952,1.652
Iceland,1953,2.333
Iceland,1954,2.286
Iceland,1955,2.181
Iceland,1956,2.002
Iceland,1957,2.504
Iceland,1958,1.971
Iceland,1959,2.158
Iceland,1960,1.949
Iceland,1961,1.929
Iceland,1962,1.774
Iceland,1963,1.815
Iceland,1964,1.797
Iceland,1965,1.673
Iceland,1966,1.691
Iceland,1967,1.542
Iceland,1968,1.179
Iceland,1969,0.674
Iceland,1970,0.407
Iceland,1971,1.228
Iceland,1972,1.699
Iceland,1973,1.318
Iceland,1974,1.38
Iceland,1975,1.171
Iceland,1976,0.804
Iceland,1977,0.684
Iceland,1978,0.876
Iceland,1979,1.068
Iceland,1980,1.038
Iceland,1981,1.23
Iceland,1982,1.436
Iceland,1983,1.215
Iceland,1984,0.917
Iceland,1985,0.664
Iceland,1986,0.806
Iceland,1987,1.375
Iceland,1988,1.747
Iceland,1989,0.746
Iceland,1990,0.817
Iceland,1991,1.503
Iceland,1992,1.023
Iceland,1993,1.012
Iceland,1994,0.726
Iceland,1995,0.367
Iceland,1996,0.713
Iceland,1997,0.933
Iceland,1998,1.212
Iceland,1999,1.207
Iceland,2000,1.534
Iceland,2001,1.133
Iceland,2002,0.653
Iceland,2003,0.731
Iceland,2004,1.03
Iceland,2005,2.13
Iceland,2006,2.553
Iceland,2007,2.502
Iceland,2008,1.238
Iceland,2009,-0.545
Iceland,2010,0.26
Iceland,2011,0.354
Iceland,2012,0.71
Iceland,2013,1.177
Iceland,2014,1.051
Iceland,2015,1.039
Iceland,2016,1.731
Iceland,2017,2.943
Iceland,2018,2.419
Iceland,2019,1.984
Iceland,2020,1.275
Iceland,2021,1.982
Iceland,2022,2.114
Iceland,2023,1.642
Iceland,2024,1.35
Iceland,2025,1.112
Iceland,2026,0.919
Iceland,2027,0.819
Iceland,2028,0.747
Iceland,2029,0.63
Iceland,2030,0.576
Iceland,2031,0.512
Iceland,2032,0.448
Iceland,2033,0.412
Iceland,2034,0.363
Iceland,2035,0.358
Iceland,2036,0.322
Iceland,2037,0.287
Iceland,2038,0.261
Iceland,2039,0.231
Iceland,2040,0.195
Iceland,2041,0.165
Iceland,2042,0.156
Iceland,2043,0.154
Iceland,2044,0.105
Iceland,2045,0.053
Iceland,2046,0.045
Iceland,2047,0.026
Iceland,2048,0.018
Iceland,2049,0.008
Iceland,2050,-0.011
Iceland,2051,0.005
Iceland,2052,-0.045
Iceland,2053,-0.045
Iceland,2054,-0.051
Iceland,2055,-0.092
Iceland,2056,-0.108
Iceland,2057,-0.13
Iceland,2058,-0.133
Iceland,2059,-0.147
Iceland,2060,-0.183
Iceland,2061,-0.166
Iceland,2062,-0.217
Iceland,2063,-0.209
Iceland,2064,-0.207
Iceland,2065,-0.243
Iceland,2066,-0.243
Iceland,2067,-0.275
Iceland,2068,-0.256
Iceland,2069,-0.279
Iceland,2070,-0.308
Iceland,2071,-0.324
Iceland,2072,-0.364
Iceland,2073,-0.338
Iceland,2074,-0.359
Iceland,2075,-0.39
Iceland,2076,-0.418
Iceland,2077,-0.478
Iceland,2078,-0.463
Iceland,2079,-0.49
Iceland,2080,-0.509
Iceland,2081,-0.513
Iceland,2082,-0.496
Iceland,2083,-0.526
Iceland,2084,-0.526
Iceland,2085,-0.542
Iceland,2086,-0.542
Iceland,2087,-0.564
Iceland,2088,-0.572
Iceland,2089,-0.528
Iceland,2090,-0.53
Iceland,2091,-0.555
Iceland,2092,-0.563
Iceland,2093,-0.528
Iceland,2094,-0.515
Iceland,2095,-0.516
Iceland,2096,-0.517
Iceland,2097,-0.501
Iceland,2098,-0.497
Iceland,2099,-0.493
Iceland,2100,-0.502
India,1950,2.129
India,1951,2.207
India,1952,2.266
India,1953,2.232
India,1954,2.352
India,1955,2.353
India,1956,2.382
India,1957,2.234
India,1958,2.398
India,1959,2.357
India,1960,2.382
India,1961,2.411
India,1962,2.334
India,1963,2.358
India,1964,2.325
India,1965,2.179
India,1966,2.102
India,1967,2.191
India,1968,2.107
India,1969,2.12
India,1970,2.318
India,1971,2.117
India,1972,2.272
India,1973,2.23
India,1974,2.369
India,1975,2.355
India,1976,2.351
India,1977,2.367
India,1978,2.24
India,1979,2.409
India,1980,2.361
India,1981,2.338
India,1982,2.33
India,1983,2.352
India,1984,2.34
India,1985,2.314
India,1986,2.303
India,1987,2.259
India,1988,2.242
India,1989,2.228
India,1990,2.199
India,1991,2.137
India,1992,2.123
India,1993,2.077
India,1994,2.012
India,1995,2.014
India,1996,1.982
India,1997,1.951
India,1998,1.921
India,1999,1.883
India,2000,1.875
India,2001,1.866
India,2002,1.758
India,2003,1.711
India,2004,1.696
India,2005,1.568
India,2006,1.56
India,2007,1.453
India,2008,1.425
India,2009,1.467
India,2010,1.443
India,2011,1.391
India,2012,1.357
India,2013,1.309
India,2014,1.215
India,2015,1.171
India,2016,1.212
India,2017,1.114
India,2018,1.081
India,2019,0.999
India,2020,0.948
India,2021,0.699
India,2022,0.881
India,2023,0.885
India,2024,0.896
India,2025,0.879
India,2026,0.857
India,2027,0.834
India,2028,0.807
India,2029,0.784
India,2030,0.758
India,2031,0.731
India,2032,0.704
India,2033,0.676
India,2034,0.65
India,2035,0.622
India,2036,0.594
India,2037,0.562
India,2038,0.532
India,2039,0.504
India,2040,0.477
India,2041,0.45
India,2042,0.421
India,2043,0.393
India,2044,0.369
India,2045,0.343
India,2046,0.318
India,2047,0.293
India,2048,0.268
India,2049,0.247
India,2050,0.227
India,2051,0.205
India,2052,0.185
India,2053,0.166
India,2054,0.142
India,2055,0.125
India,2056,0.105
India,2057,0.088
India,2058,0.069
India,2059,0.05
India,2060,0.031
India,2061,0.008
India,2062,-0.01
India,2063,-0.028
India,2064,-0.048
India,2065,-0.07
India,2066,-0.086
India,2067,-0.108
India,2068,-0.13
India,2069,-0.15
India,2070,-0.171
India,2071,-0.19
India,2072,-0.211
India,2073,-0.227
India,2074,-0.246
India,2075,-0.265
India,2076,-0.281
India,2077,-0.298
India,2078,-0.313
India,2079,-0.329
India,2080,-0.344
India,2081,-0.358
India,2082,-0.37
India,2083,-0.384
India,2084,-0.395
India,2085,-0.409
India,2086,-0.419
India,2087,-0.426
India,2088,-0.437
India,2089,-0.447
India,2090,-0.456
India,2091,-0.463
India,2092,-0.468
India,2093,-0.478
India,2094,-0.484
India,2095,-0.489
India,2096,-0.493
India,2097,-0.497
India,2098,-0.504
India,2099,-0.506
India,2100,-0.512
Indonesia,1950,2.088
Indonesia,1951,2.188
Indonesia,1952,2.285
Indonesia,1953,2.369
Indonesia,1954,2.459
Indonesia,1955,2.535
Indonesia,1956,2.597
Indonesia,1957,2.651
Indonesia,1958,2.688
Indonesia,1959,2.741
Indonesia,1960,2.778
Indonesia,1961,2.795
Indonesia,1962,2.818
Indonesia,1963,2.832
Indonesia,1964,2.879
Indonesia,1965,2.188
Indonesia,1966,2.541
Indonesia,1967,2.657
Indonesia,1968,2.757
Indonesia,1969,2.771
Indonesia,1970,2.734
Indonesia,1971,2.685
Indonesia,1972,2.64
Indonesia,1973,2.615
Indonesia,1974,2.534
Indonesia,1975,2.518
Indonesia,1976,2.471
Indonesia,1977,2.44
Indonesia,1978,2.437
Indonesia,1979,2.41
Indonesia,1980,2.368
Indonesia,1981,2.323
Indonesia,1982,2.302
Indonesia,1983,2.259
Indonesia,1984,2.201
Indonesia,1985,2.073
Indonesia,1986,1.963
Indonesia,1987,1.92
Indonesia,1988,1.898
Indonesia,1989,1.852
Indonesia,1990,1.778
Indonesia,1991,1.763
Indonesia,1992,1.704
Indonesia,1993,1.699
Indonesia,1994,1.673
Indonesia,1995,1.652
Indonesia,1996,1.639
Indonesia,1997,1.614
Indonesia,1998,1.548
Indonesia,1999,1.459
Indonesia,2000,1.406
Indonesia,2001,1.37
Indonesia,2002,1.341
Indonesia,2003,1.306
Indonesia,2004,1.236
Indonesia,2005,1.331
Indonesia,2006,1.32
Indonesia,2007,1.322
Indonesia,2008,1.273
Indonesia,2009,1.261
Indonesia,2010,1.26
Indonesia,2011,1.293
Indonesia,2012,1.279
Indonesia,2013,1.203
Indonesia,2014,1.148
Indonesia,2015,1.097
Indonesia,2016,1.053
Indonesia,2017,0.992
Indonesia,2018,0.947
Indonesia,2019,0.924
Indonesia,2020,0.776
Indonesia,2021,0.633
Indonesia,2022,0.858
Indonesia,2023,0.828
Indonesia,2024,0.8
Indonesia,2025,0.769
Indonesia,2026,0.741
Indonesia,2027,0.713
Indonesia,2028,0.683
Indonesia,2029,0.656
Indonesia,2030,0.632
Indonesia,2031,0.611
Indonesia,2032,0.589
Indonesia,2033,0.57
Indonesia,2034,0.548
Indonesia,2035,0.524
Indonesia,2036,0.503
Indonesia,2037,0.482
Indonesia,2038,0.458
Indonesia,2039,0.436
Indonesia,2040,0.411
Indonesia,2041,0.386
Indonesia,2042,0.36
Indonesia,2043,0.335
Indonesia,2044,0.308
Indonesia,2045,0.28
Indonesia,2046,0.253
Indonesia,2047,0.228
Indonesia,2048,0.206
Indonesia,2049,0.181
Indonesia,2050,0.156
Indonesia,2051,0.132
Indonesia,2052,0.11
Indonesia,2053,0.09
Indonesia,2054,0.07
Indonesia,2055,0.052
Indonesia,2056,0.036
Indonesia,2057,0.018
Indonesia,2058,0.003
Indonesia,2059,-0.012
Indonesia,2060,-0.025
Indonesia,2061,-0.038
Indonesia,2062,-0.048
Indonesia,2063,-0.058
Indonesia,2064,-0.068
Indonesia,2065,-0.077
Indonesia,2066,-0.088
Indonesia,2067,-0.098
Indonesia,2068,-0.107
Indonesia,2069,-0.116
Indonesia,2070,-0.124
Indonesia,2071,-0.133
Indonesia,2072,-0.143
Indonesia,2073,-0.154
Indonesia,2074,-0.162
Indonesia,2075,-0.174
Indonesia,2076,-0.182
Indonesia,2077,-0.195
Indonesia,2078,-0.204
Indonesia,2079,-0.215
Indonesia,2080,-0.223
Indonesia,2081,-0.233
Indonesia,2082,-0.244
Indonesia,2083,-0.254
Indonesia,2084,-0.263
Indonesia,2085,-0.272
Indonesia,2086,-0.282
Indonesia,2087,-0.292
Indonesia,2088,-0.299
Indonesia,2089,-0.307
Indonesia,2090,-0.317
Indonesia,2091,-0.325
Indonesia,2092,-0.334
Indonesia,2093,-0.341
Indonesia,2094,-0.347
Indonesia,2095,-0.352
Indonesia,2096,-0.36
Indonesia,2097,-0.367
Indonesia,2098,-0.371
Indonesia,2099,-0.377
Indonesia,2100,-0.381
Iran,1950,2.455
Iran,1951,2.46
Iran,1952,2.48
Iran,1953,2.46
Iran,1954,2.518
Iran,1955,2.622
Iran,1956,2.692
Iran,1957,2.677
Iran,1958,2.721
Iran,1959,2.923
Iran,1960,2.972
Iran,1961,3.04
Iran,1962,3.034
Iran,1963,3.105
Iran,1964,3.122
Iran,1965,3.159
Iran,1966,3.073
Iran,1967,3.022
Iran,1968,2.965
Iran,1969,3.038
Iran,1970,3.035
Iran,1971,2.943
Iran,1972,2.913
Iran,1973,2.942
Iran,1974,2.978
Iran,1975,3.066
Iran,1976,2.963
Iran,1977,3.228
Iran,1978,3.305
Iran,1979,3.565
Iran,1980,3.677
Iran,1981,6.74
Iran,1982,3.923
Iran,1983,3.864
Iran,1984,3.664
Iran,1985,3.683
Iran,1986,3.697
Iran,1987,3.476
Iran,1988,2.988
Iran,1989,2.856
Iran,1990,2.966
Iran,1991,2.472
Iran,1992,1.493
Iran,1993,-0.776
Iran,1994,1.155
Iran,1995,1.06
Iran,1996,1.101
Iran,1997,1.296
Iran,1998,1.451
Iran,1999,1.398
Iran,2000,1.553
Iran,2001,1.535
Iran,2002,0.122
Iran,2003,2.084
Iran,2004,2.194
Iran,2005,2.232
Iran,2006,2.079
Iran,2007,1.199
Iran,2008,1.23
Iran,2009,1.254
Iran,2010,1.25
Iran,2011,1.222
Iran,2012,1.28
Iran,2013,1.333
Iran,2014,1.353
Iran,2015,1.37
Iran,2016,1.496
Iran,2017,1.382
Iran,2018,1.169
Iran,2019,0.988
Iran,2020,0.551
Iran,2021,1.109
Iran,2022,1.292
Iran,2023,1.117
Iran,2024,0.989
Iran,2025,0.859
Iran,2026,0.76
Iran,2027,0.674
Iran,2028,0.604
Iran,2029,0.547
Iran,2030,0.506
Iran,2031,0.485
Iran,2032,0.461
Iran,2033,0.44
Iran,2034,0.427
Iran,2035,0.411
Iran,2036,0.398
Iran,2037,0.382
Iran,2038,0.367
Iran,2039,0.349
Iran,2040,0.338
Iran,2041,0.323
Iran,2042,0.304
Iran,2043,0.284
Iran,2044,0.264
Iran,2045,0.238
Iran,2046,0.215
Iran,2047,0.188
Iran,2048,0.162
Iran,2049,0.126
Iran,2050,0.097
Iran,2051,0.061
Iran,2052,0.027
Iran,2053,-0.009
Iran,2054,-0.048
Iran,2055,-0.089
Iran,2056,-0.127
Iran,2057,-0.163
Iran,2058,-0.198
Iran,2059,-0.242
Iran,2060,-0.275
Iran,2061,-0.312
Iran,2062,-0.346
Iran,2063,-0.377
Iran,2064,-0.411
Iran,2065,-0.44
Iran,2066,-0.465
Iran,2067,-0.488
Iran,2068,-0.517
Iran,2069,-0.54
Iran,2070,-0.561
Iran,2071,-0.579
Iran,2072,-0.595
Iran,2073,-0.614
Iran,2074,-0.623
Iran,2075,-0.635
Iran,2076,-0.642
Iran,2077,-0.65
Iran,2078,-0.653
Iran,2079,-0.655
Iran,2080,-0.656
Iran,2081,-0.654
Iran,2082,-0.65
Iran,2083,-0.645
Iran,2084,-0.642
Iran,2085,-0.637
Iran,2086,-0.633
Iran,2087,-0.625
Iran,2088,-0.62
Iran,2089,-0.617
Iran,2090,-0.612
Iran,2091,-0.612
Iran,2092,-0.611
Iran,2093,-0.615
Iran,2094,-0.617
Iran,2095,-0.626
Iran,2096,-0.633
Iran,2097,-0.64
Iran,2098,-0.643
Iran,2099,-0.658
Iran,2100,-0.673
Iraq,1950,2.007
Iraq,1951,2.219
Iraq,1952,2.531
Iraq,1953,2.52
Iraq,1954,2.534
Iraq,1955,2.137
Iraq,1956,2.25
Iraq,1957,1.588
Iraq,1958,1.651
Iraq,1959,2.127
Iraq,1960,2.239
Iraq,1961,2.61
Iraq,1962,3.384
Iraq,1963,3.355
Iraq,1964,3.355
Iraq,1965,3.403
Iraq,1966,3.381
Iraq,1967,3.426
Iraq,1968,3.43
Iraq,1969,3.458
Iraq,1970,3.487
Iraq,1971,3.424
Iraq,1972,3.449
Iraq,1973,3.443
Iraq,1974,3.332
Iraq,1975,3.289
Iraq,1976,3.256
Iraq,1977,3.394
Iraq,1978,3.342
Iraq,1979,3.097
Iraq,1980,3.204
Iraq,1981,2.809
Iraq,1982,2.819
Iraq,1983,3.119
Iraq,1984,3.119
Iraq,1985,1.708
Iraq,1986,3.195
Iraq,1987,2.302
Iraq,1988,2.337
Iraq,1989,2.973
Iraq,1990,-0.472
Iraq,1991,2.561
Iraq,1992,3.345
Iraq,1993,6.192
Iraq,1994,3.42
Iraq,1995,3.282
Iraq,1996,3.105
Iraq,1997,3.08
Iraq,1998,3.202
Iraq,1999,3.265
Iraq,2000,3.29
Iraq,2001,2.954
Iraq,2002,3.358
Iraq,2003,2.682
Iraq,2004,3.015
Iraq,2005,2.914
Iraq,2006,-1.431
Iraq,2007,-0.142
Iraq,2008,4.14
Iraq,2009,3.245
Iraq,2010,3.219
Iraq,2011,3.834
Iraq,2012,5.213
Iraq,2013,4.253
Iraq,2014,2.834
Iraq,2015,2.623
Iraq,2016,2.165
Iraq,2017,2.294
Iraq,2018,2.369
Iraq,2019,2.183
Iraq,2020,2.255
Iraq,2021,2.228
Iraq,2022,2.358
Iraq,2023,2.147
Iraq,2024,2.103
Iraq,2025,2.104
Iraq,2026,2.05
Iraq,2027,1.992
Iraq,2028,1.944
Iraq,2029,1.951
Iraq,2030,1.914
Iraq,2031,1.89
Iraq,2032,1.924
Iraq,2033,1.865
Iraq,2034,1.838
Iraq,2035,1.783
Iraq,2036,1.816
Iraq,2037,1.727
Iraq,2038,1.705
Iraq,2039,1.732
Iraq,2040,1.668
Iraq,2041,1.604
Iraq,2042,1.57
Iraq,2043,1.507
Iraq,2044,1.477
Iraq,2045,1.42
Iraq,2046,1.375
Iraq,2047,1.388
Iraq,2048,1.349
Iraq,2049,1.343
Iraq,2050,1.258
Iraq,2051,1.253
Iraq,2052,1.182
Iraq,2053,1.199
Iraq,2054,1.157
Iraq,2055,1.126
Iraq,2056,1.112
Iraq,2057,1.067
Iraq,2058,1.031
Iraq,2059,1.005
Iraq,2060,1.044
Iraq,2061,0.978
Iraq,2062,0.944
Iraq,2063,0.959
Iraq,2064,0.923
Iraq,2065,0.894
Iraq,2066,0.905
Iraq,2067,0.813
Iraq,2068,0.787
Iraq,2069,0.778
Iraq,2070,0.752
Iraq,2071,0.729
Iraq,2072,0.723
Iraq,2073,0.724
Iraq,2074,0.651
Iraq,2075,0.58
Iraq,2076,0.588
Iraq,2077,0.551
Iraq,2078,0.579
Iraq,2079,0.58
Iraq,2080,0.53
Iraq,2081,0.525
Iraq,2082,0.503
Iraq,2083,0.475
Iraq,2084,0.439
Iraq,2085,0.466
Iraq,2086,0.454
Iraq,2087,0.384
Iraq,2088,0.375
Iraq,2089,0.379
Iraq,2090,0.32
Iraq,2091,0.33
Iraq,2092,0.345
Iraq,2093,0.318
Iraq,2094,0.27
Iraq,2095,0.258
Iraq,2096,0.254
Iraq,2097,0.229
Iraq,2098,0.206
Iraq,2099,0.208
Iraq,2100,0.169
Ireland,1950,0.953
Ireland,1951,0.703
Ireland,1952,-0.39
Ireland,1953,-0.454
Ireland,1954,-0.498
Ireland,1955,-0.578
Ireland,1956,-0.513
Ireland,1957,-0.506
Ireland,1958,-0.55
Ireland,1959,-0.489
Ireland,1960,-0.325
Ireland,1961,0.113
Ireland,1962,0.368
Ireland,1963,0.445
Ireland,1964,0.546
Ireland,1965,0.57
Ireland,1966,0.523
Ireland,1967,0.618
Ireland,1968,0.574
Ireland,1969,0.651
Ireland,1970,0.749
Ireland,1971,1.379
Ireland,1972,1.541
Ireland,1973,1.549
Ireland,1974,1.524
Ireland,1975,1.514
Ireland,1976,1.499
Ireland,1977,1.535
Ireland,1978,1.579
Ireland,1979,1.205
Ireland,1980,1.118
Ireland,1981,0.84
Ireland,1982,0.703
Ireland,1983,0.563
Ireland,1984,0.483
Ireland,1985,0.386
Ireland,1986,0.213
Ireland,1987,-0.297
Ireland,1988,-0.569
Ireland,1989,-0.228
Ireland,1990,0.396
Ireland,1991,0.752
Ireland,1992,0.611
Ireland,1993,0.382
Ireland,1994,0.401
Ireland,1995,0.739
Ireland,1996,0.796
Ireland,1997,1.052
Ireland,1998,1.049
Ireland,1999,1.193
Ireland,2000,1.434
Ireland,2001,1.716
Ireland,2002,1.646
Ireland,2003,1.611
Ireland,2004,2.015
Ireland,2005,2.323
Ireland,2006,3.056
Ireland,2007,2.709
Ireland,2008,1.471
Ireland,2009,0.652
Ireland,2010,0.463
Ireland,2011,0.435
Ireland,2012,0.459
Ireland,2013,0.605
Ireland,2014,0.84
Ireland,2015,1.05
Ireland,2016,1.108
Ireland,2017,1.265
Ireland,2018,1.308
Ireland,2019,1.178
Ireland,2020,0.805
Ireland,2021,1.025
Ireland,2022,2.185
Ireland,2023,1.185
Ireland,2024,1.05
Ireland,2025,0.958
Ireland,2026,0.877
Ireland,2027,0.831
Ireland,2028,0.781
Ireland,2029,0.713
Ireland,2030,0.653
Ireland,2031,0.63
Ireland,2032,0.604
Ireland,2033,0.558
Ireland,2034,0.526
Ireland,2035,0.481
Ireland,2036,0.478
Ireland,2037,0.475
Ireland,2038,0.456
Ireland,2039,0.413
Ireland,2040,0.421
Ireland,2041,0.4
Ireland,2042,0.344
Ireland,2043,0.311
Ireland,2044,0.298
Ireland,2045,0.26
Ireland,2046,0.209
Ireland,2047,0.196
Ireland,2048,0.185
Ireland,2049,0.132
Ireland,2050,0.083
Ireland,2051,0.044
Ireland,2052,0.034
Ireland,2053,-0.004
Ireland,2054,-0.014
Ireland,2055,-0.074
Ireland,2056,-0.048
Ireland,2057,-0.124
Ireland,2058,-0.154
Ireland,2059,-0.204
Ireland,2060,-0.211
Ireland,2061,-0.201
Ireland,2062,-0.195
Ireland,2063,-0.211
Ireland,2064,-0.244
Ireland,2065,-0.251
Ireland,2066,-0.261
Ireland,2067,-0.263
Ireland,2068,-0.272
Ireland,2069,-0.28
Ireland,2070,-0.293
Ireland,2071,-0.286
Ireland,2072,-0.29
Ireland,2073,-0.292
Ireland,2074,-0.295
Ireland,2075,-0.277
Ireland,2076,-0.277
Ireland,2077,-0.268
Ireland,2078,-0.26
Ireland,2079,-0.26
Ireland,2080,-0.212
Ireland,2081,-0.193
Ireland,2082,-0.219
Ireland,2083,-0.237
Ireland,2084,-0.242
Ireland,2085,-0.248
Ireland,2086,-0.244
Ireland,2087,-0.268
Ireland,2088,-0.291
Ireland,2089,-0.306
Ireland,2090,-0.332
Ireland,2091,-0.333
Ireland,2092,-0.34
Ireland,2093,-0.351
Ireland,2094,-0.358
Ireland,2095,-0.371
Ireland,2096,-0.408
Ireland,2097,-0.419
Ireland,2098,-0.433
Ireland,2099,-0.445
Ireland,2100,-0.455
Isle of Man,1950,0.481
Isle of Man,1951,-0.563
Isle of Man,1952,-0.983
Isle of Man,1953,-1.123
Isle of Man,1954,-1.205
Isle of Man,1955,-1.315
Isle of Man,1956,-1.423
Isle of Man,1957,-1.497
Isle of Man,1958,-1.564
Isle of Man,1959,-1.676
Isle of Man,1960,-1.756
Isle of Man,1961,0.05
Isle of Man,1962,0.924
Isle of Man,1963,0.968
Isle of Man,1964,0.951
Isle of Man,1965,0.912
Isle of Man,1966,1.697
Isle of Man,1967,2.172
Isle of Man,1968,2.222
Isle of Man,1969,2.203
Isle of Man,1970,2.28
Isle of Man,1971,1.762
Isle of Man,1972,1.543
Isle of Man,1973,1.535
Isle of Man,1974,1.473
Isle of Man,1975,1.284
Isle of Man,1976,1.337
Isle of Man,1977,1.334
Isle of Man,1978,1.351
Isle of Man,1979,1.325
Isle of Man,1980,1.305
Isle of Man,1981,0.316
Isle of Man,1982,-0.036
Isle of Man,1983,-0.138
Isle of Man,1984,-0.18
Isle of Man,1985,-0.214
Isle of Man,1986,1.124
Isle of Man,1987,1.639
Isle of Man,1988,1.639
Isle of Man,1989,1.661
Isle of Man,1990,1.634
Isle of Man,1991,0.944
Isle of Man,1992,0.613
Isle of Man,1993,0.572
Isle of Man,1994,0.545
Isle of Man,1995,0.422
Isle of Man,1996,1.065
Isle of Man,1997,1.311
Isle of Man,1998,1.282
Isle of Man,1999,1.221
Isle of Man,2000,1.089
Isle of Man,2001,1.059
Isle of Man,2002,1.021
Isle of Man,2003,0.971
Isle of Man,2004,0.924
Isle of Man,2005,0.904
Isle of Man,2006,1.044
Isle of Man,2007,1.068
Isle of Man,2008,1.096
Isle of Man,2009,1.11
Isle of Man,2010,1.128
Isle of Man,2011,0.087
Isle of Man,2012,-0.2
Isle of Man,2013,-0.258
Isle of Man,2014,-0.335
Isle of Man,2015,-0.38
Isle of Man,2016,0.077
Isle of Man,2017,0.266
Isle of Man,2018,0.204
Isle of Man,2019,0.156
Isle of Man,2020,0.099
Isle of Man,2021,0.001
Isle of Man,2022,0.062
Isle of Man,2023,0.018
Isle of Man,2024,-0.03
Isle of Man,2025,-0.07
Isle of Man,2026,-0.082
Isle of Man,2027,-0.136
Isle of Man,2028,-0.13
Isle of Man,2029,-0.168
Isle of Man,2030,-0.158
Isle of Man,2031,-0.205
Isle of Man,2032,-0.192
Isle of Man,2033,-0.214
Isle of Man,2034,-0.238
Isle of Man,2035,-0.27
Isle of Man,2036,-0.285
Isle of Man,2037,-0.289
Isle of Man,2038,-0.296
Isle of Man,2039,-0.316
Isle of Man,2040,-0.303
Isle of Man,2041,-0.368
Isle of Man,2042,-0.409
Isle of Man,2043,-0.413
Isle of Man,2044,-0.451
Isle of Man,2045,-0.436
Isle of Man,2046,-0.429
Isle of Man,2047,-0.47
Isle of Man,2048,-0.478
Isle of Man,2049,-0.534
Isle of Man,2050,-0.568
Isle of Man,2051,-0.601
Isle of Man,2052,-0.503
Isle of Man,2053,-0.535
Isle of Man,2054,-0.557
Isle of Man,2055,-0.583
Isle of Man,2056,-0.605
Isle of Man,2057,-0.614
Isle of Man,2058,-0.591
Isle of Man,2059,-0.611
Isle of Man,2060,-0.65
Isle of Man,2061,-0.617
Isle of Man,2062,-0.652
Isle of Man,2063,-0.658
Isle of Man,2064,-0.644
Isle of Man,2065,-0.615
Isle of Man,2066,-0.634
Isle of Man,2067,-0.597
Isle of Man,2068,-0.609
Isle of Man,2069,-0.607
Isle of Man,2070,-0.56
Isle of Man,2071,-0.56
Isle of Man,2072,-0.559
Isle of Man,2073,-0.565
Isle of Man,2074,-0.567
Isle of Man,2075,-0.561
Isle of Man,2076,-0.534
Isle of Man,2077,-0.549
Isle of Man,2078,-0.552
Isle of Man,2079,-0.522
Isle of Man,2080,-0.511
Isle of Man,2081,-0.546
Isle of Man,2082,-0.545
Isle of Man,2083,-0.544
Isle of Man,2084,-0.555
Isle of Man,2085,-0.589
Isle of Man,2086,-0.596
Isle of Man,2087,-0.58
Isle of Man,2088,-0.601
Isle of Man,2089,-0.629
Isle of Man,2090,-0.581
Isle of Man,2091,-0.62
Isle of Man,2092,-0.61
Isle of Man,2093,-0.618
Isle of Man,2094,-0.607
Isle of Man,2095,-0.602
Isle of Man,2096,-0.64
Isle of Man,2097,-0.644
Isle of Man,2098,-0.614
Isle of Man,2099,-0.642
Isle of Man,2100,-0.618
Israel,1950,4.852
Israel,1951,4.631
Israel,1952,4.401
Israel,1953,4.199
Israel,1954,3.995
Israel,1955,3.845
Israel,1956,3.661
Israel,1957,3.43
Israel,1958,3.257
Israel,1959,3.09
Israel,1960,2.878
Israel,1961,3.856
Israel,1962,4.543
Israel,1963,4.471
Israel,1964,4.4
Israel,1965,4.333
Israel,1966,4.264
Israel,1967,4.172
Israel,1968,4.073
Israel,1969,3.981
Israel,1970,3.896
Israel,1971,3.811
Israel,1972,2.947
Israel,1973,2.42
Israel,1974,2.387
Israel,1975,2.377
Israel,1976,2.398
Israel,1977,2.334
Israel,1978,2.257
Israel,1979,2.214
Israel,1980,2.176
Israel,1981,2.109
Israel,1982,2.127
Israel,1983,1.752
Israel,1984,1.954
Israel,1985,1.569
Israel,1986,1.506
Israel,1987,1.723
Israel,1988,1.576
Israel,1989,1.837
Israel,1990,5.425
Israel,1991,4.672
Israel,1992,2.651
Israel,1993,2.481
Israel,1994,2.59
Israel,1995,2.633
Israel,1996,2.703
Israel,1997,2.571
Israel,1998,2.455
Israel,1999,2.855
Israel,2000,2.626
Israel,2001,2.19
Israel,2002,1.853
Israel,2003,1.72
Israel,2004,1.704
Israel,2005,1.687
Israel,2006,1.726
Israel,2007,1.705
Israel,2008,1.717
Israel,2009,1.739
Israel,2010,1.853
Israel,2011,1.775
Israel,2012,1.852
Israel,2013,1.837
Israel,2014,1.941
Israel,2015,1.964
Israel,2016,1.9
Israel,2017,1.765
Israel,2018,1.751
Israel,2019,1.685
Israel,2020,1.59
Israel,2021,1.623
Israel,2022,1.926
Israel,2023,1.415
Israel,2024,1.389
Israel,2025,1.365
Israel,2026,1.359
Israel,2027,1.343
Israel,2028,1.335
Israel,2029,1.306
Israel,2030,1.336
Israel,2031,1.339
Israel,2032,1.284
Israel,2033,1.274
Israel,2034,1.277
Israel,2035,1.295
Israel,2036,1.254
Israel,2037,1.299
Israel,2038,1.301
Israel,2039,1.309
Israel,2040,1.279
Israel,2041,1.28
Israel,2042,1.293
Israel,2043,1.271
Israel,2044,1.272
Israel,2045,1.212
Israel,2046,1.213
Israel,2047,1.171
Israel,2048,1.158
Israel,2049,1.173
Israel,2050,1.166
Israel,2051,1.139
Israel,2052,1.134
Israel,2053,1.128
Israel,2054,1.147
Israel,2055,1.106
Israel,2056,1.061
Israel,2057,1.044
Israel,2058,1.017
Israel,2059,0.993
Israel,2060,1.018
Israel,2061,0.961
Israel,2062,0.94
Israel,2063,0.966
Israel,2064,0.894
Israel,2065,0.919
Israel,2066,0.881
Israel,2067,0.892
Israel,2068,0.881
Israel,2069,0.9
Israel,2070,0.89
Israel,2071,0.855
Israel,2072,0.773
Israel,2073,0.8
Israel,2074,0.812
Israel,2075,0.822
Israel,2076,0.808
Israel,2077,0.855
Israel,2078,0.839
Israel,2079,0.816
Israel,2080,0.833
Israel,2081,0.78
Israel,2082,0.752
Israel,2083,0.757
Israel,2084,0.769
Israel,2085,0.734
Israel,2086,0.714
Israel,2087,0.678
Israel,2088,0.65
Israel,2089,0.612
Israel,2090,0.643
Israel,2091,0.639
Israel,2092,0.628
Israel,2093,0.62
Israel,2094,0.572
Israel,2095,0.552
Israel,2096,0.548
Israel,2097,0.502
Israel,2098,0.491
Israel,2099,0.509
Israel,2100,0.477
Italy,1950,0.934
Italy,1951,0.615
Italy,1952,0.521
Italy,1953,1.139
Italy,1954,0.632
Italy,1955,0.612
Italy,1956,0.512
Italy,1957,0.54
Italy,1958,0.567
Italy,1959,0.624
Italy,1960,0.572
Italy,1961,0.639
Italy,1962,0.782
Italy,1963,0.808
Italy,1964,0.958
Italy,1965,0.842
Italy,1966,0.854
Italy,1967,0.755
Italy,1968,0.668
Italy,1969,0.648
Italy,1970,0.593
Italy,1971,0.593
Italy,1972,0.742
Italy,1973,0.67
Italy,1974,0.686
Italy,1975,0.569
Italy,1976,0.492
Italy,1977,0.426
Italy,1978,0.378
Italy,1979,0.312
Italy,1980,0.681
Italy,1981,0.151
Italy,1982,0.105
Italy,1983,0.06
Italy,1984,0.095
Italy,1985,0.064
Italy,1986,0.009
Italy,1987,0.048
Italy,1988,0.082
Italy,1989,0.087
Italy,1990,0.105
Italy,1991,0.049
Italy,1992,0.125
Italy,1993,0.035
Italy,1994,0.833
Italy,1995,-0.892
Italy,1996,0.052
Italy,1997,0.043
Italy,1998,0.047
Italy,1999,0.042
Italy,2000,0.067
Italy,2001,0.05
Italy,2002,0.351
Italy,2003,0.757
Italy,2004,0.752
Italy,2005,0.425
Italy,2006,0.376
Italy,2007,0.825
Italy,2008,0.702
Italy,2009,0.445
Italy,2010,0.422
Italy,2011,0.254
Italy,2012,0.287
Italy,2013,0.117
Italy,2014,-0.083
Italy,2015,-0.21
Italy,2016,-0.111
Italy,2017,-0.18
Italy,2018,-0.194
Italy,2019,-0.295
Italy,2020,-0.429
Italy,2021,-0.184
Italy,2022,-0.186
Italy,2023,-0.216
Italy,2024,-0.311
Italy,2025,-0.353
Italy,2026,-0.393
Italy,2027,-0.414
Italy,2028,-0.415
Italy,2029,-0.424
Italy,2030,-0.454
Italy,2031,-0.466
Italy,2032,-0.45
Italy,2033,-0.458
Italy,2034,-0.473
Italy,2035,-0.481
Italy,2036,-0.479
Italy,2037,-0.496
Italy,2038,-0.5
Italy,2039,-0.524
Italy,2040,-0.524
Italy,2041,-0.526
Italy,2042,-0.554
Italy,2043,-0.592
Italy,2044,-0.587
Italy,2045,-0.616
Italy,2046,-0.634
Italy,2047,-0.672
Italy,2048,-0.684
Italy,2049,-0.717
Italy,2050,-0.751
Italy,2051,-0.764
Italy,2052,-0.786
Italy,2053,-0.825
Italy,2054,-0.843
Italy,2055,-0.871
Italy,2056,-0.907
Italy,2057,-0.917
Italy,2058,-0.942
Italy,2059,-0.955
Italy,2060,-0.96
Italy,2061,-0.971
Italy,2062,-0.975
Italy,2063,-0.954
Italy,2064,-0.95
Italy,2065,-0.945
Italy,2066,-0.921
Italy,2067,-0.898
Italy,2068,-0.898
Italy,2069,-0.884
Italy,2070,-0.868
Italy,2071,-0.834
Italy,2072,-0.822
Italy,2073,-0.792
Italy,2074,-0.778
Italy,2075,-0.736
Italy,2076,-0.709
Italy,2077,-0.691
Italy,2078,-0.684
Italy,2079,-0.677
Italy,2080,-0.66
Italy,2081,-0.65
Italy,2082,-0.647
Italy,2083,-0.63
Italy,2084,-0.637
Italy,2085,-0.631
Italy,2086,-0.617
Italy,2087,-0.63
Italy,2088,-0.627
Italy,2089,-0.64
Italy,2090,-0.635
Italy,2091,-0.628
Italy,2092,-0.648
Italy,2093,-0.628
Italy,2094,-0.637
Italy,2095,-0.651
Italy,2096,-0.655
Italy,2097,-0.665
Italy,2098,-0.651
Italy,2099,-0.67
Italy,2100,-0.676
Jamaica,1950,3.11
Jamaica,1951,2.54
Jamaica,1952,2.092
Jamaica,1953,1.709
Jamaica,1954,1.41
Jamaica,1955,1.217
Jamaica,1956,1.121
Jamaica,1957,1.119
Jamaica,1958,1.205
Jamaica,1959,1.262
Jamaica,1960,1.393
Jamaica,1961,1.406
Jamaica,1962,1.404
Jamaica,1963,1.424
Jamaica,1964,1.399
Jamaica,1965,1.29
Jamaica,1966,1.214
Jamaica,1967,1.16
Jamaica,1968,1.132
Jamaica,1969,1.184
Jamaica,1970,1.287
Jamaica,1971,1.412
Jamaica,1972,1.488
Jamaica,1973,1.561
Jamaica,1974,1.444
Jamaica,1975,1.357
Jamaica,1976,1.261
Jamaica,1977,1.176
Jamaica,1978,1.145
Jamaica,1979,1.194
Jamaica,1980,1.26
Jamaica,1981,1.347
Jamaica,1982,1.4
Jamaica,1983,1.388
Jamaica,1984,1.256
Jamaica,1985,1.037
Jamaica,1986,0.83
Jamaica,1987,0.695
Jamaica,1988,0.671
Jamaica,1989,0.7
Jamaica,1990,0.814
Jamaica,1991,0.941
Jamaica,1992,1.034
Jamaica,1993,1.035
Jamaica,1994,1.02
Jamaica,1995,0.985
Jamaica,1996,0.951
Jamaica,1997,0.893
Jamaica,1998,0.818
Jamaica,1999,0.738
Jamaica,2000,0.65
Jamaica,2001,0.617
Jamaica,2002,0.611
Jamaica,2003,0.601
Jamaica,2004,0.57
Jamaica,2005,0.537
Jamaica,2006,0.495
Jamaica,2007,0.453
Jamaica,2008,0.417
Jamaica,2009,0.415
Jamaica,2010,0.429
Jamaica,2011,0.437
Jamaica,2012,0.426
Jamaica,2013,0.385
Jamaica,2014,0.337
Jamaica,2015,0.291
Jamaica,2016,0.235
Jamaica,2017,0.181
Jamaica,2018,0.127
Jamaica,2019,0.098
Jamaica,2020,0.43
Jamaica,2021,0.06
Jamaica,2022,0.043
Jamaica,2023,0.003
Jamaica,2024,-0.046
Jamaica,2025,-0.102
Jamaica,2026,-0.157
Jamaica,2027,-0.187
Jamaica,2028,-0.213
Jamaica,2029,-0.246
Jamaica,2030,-0.284
Jamaica,2031,-0.311
Jamaica,2032,-0.367
Jamaica,2033,-0.399
Jamaica,2034,-0.448
Jamaica,2035,-0.478
Jamaica,2036,-0.531
Jamaica,2037,-0.58
Jamaica,2038,-0.603
Jamaica,2039,-0.649
Jamaica,2040,-0.677
Jamaica,2041,-0.713
Jamaica,2042,-0.758
Jamaica,2043,-0.802
Jamaica,2044,-0.841
Jamaica,2045,-0.868
Jamaica,2046,-0.906
Jamaica,2047,-0.932
Jamaica,2048,-0.962
Jamaica,2049,-1.001
Jamaica,2050,-1.01
Jamaica,2051,-1.039
Jamaica,2052,-1.075
Jamaica,2053,-1.121
Jamaica,2054,-1.166
Jamaica,2055,-1.201
Jamaica,2056,-1.236
Jamaica,2057,-1.248
Jamaica,2058,-1.295
Jamaica,2059,-1.324
Jamaica,2060,-1.365
Jamaica,2061,-1.387
Jamaica,2062,-1.427
Jamaica,2063,-1.449
Jamaica,2064,-1.492
Jamaica,2065,-1.541
Jamaica,2066,-1.542
Jamaica,2067,-1.582
Jamaica,2068,-1.623
Jamaica,2069,-1.652
Jamaica,2070,-1.696
Jamaica,2071,-1.728
Jamaica,2072,-1.769
Jamaica,2073,-1.79
Jamaica,2074,-1.829
Jamaica,2075,-1.833
Jamaica,2076,-1.854
Jamaica,2077,-1.885
Jamaica,2078,-1.888
Jamaica,2079,-1.922
Jamaica,2080,-1.942
Jamaica,2081,-1.936
Jamaica,2082,-1.945
Jamaica,2083,-1.931
Jamaica,2084,-1.956
Jamaica,2085,-1.97
Jamaica,2086,-1.958
Jamaica,2087,-1.951
Jamaica,2088,-1.945
Jamaica,2089,-1.94
Jamaica,2090,-1.925
Jamaica,2091,-1.916
Jamaica,2092,-1.896
Jamaica,2093,-1.878
Jamaica,2094,-1.857
Jamaica,2095,-1.837
Jamaica,2096,-1.821
Jamaica,2097,-1.814
Jamaica,2098,-1.8
Jamaica,2099,-1.788
Jamaica,2100,-1.764
Japan,1950,1.728
Japan,1951,1.502
Japan,1952,1.403
Japan,1953,1.248
Japan,1954,1.137
Japan,1955,1.078
Japan,1956,0.897
Japan,1957,0.741
Japan,1958,0.821
Japan,1959,0.809
Japan,1960,0.81
Japan,1961,0.88
Japan,1962,0.879
Japan,1963,0.911
Japan,1964,0.964
Japan,1965,1.079
Japan,1966,0.839
Japan,1967,1.263
Japan,1968,1.193
Japan,1969,1.168
Japan,1970,1.164
Japan,1971,1.146
Japan,1972,1.224
Japan,1973,1.279
Japan,1974,1.228
Japan,1975,1.101
Japan,1976,0.974
Japan,1977,0.889
Japan,1978,0.839
Japan,1979,0.776
Japan,1980,0.644
Japan,1981,0.427
Japan,1982,0.398
Japan,1983,0.376
Japan,1984,0.349
Japan,1985,0.393
Japan,1986,0.489
Japan,1987,0.459
Japan,1988,0.414
Japan,1989,0.353
Japan,1990,0.381
Japan,1991,0.411
Japan,1992,0.384
Japan,1993,0.348
Japan,1994,0.367
Japan,1995,0.249
Japan,1996,0.233
Japan,1997,0.228
Japan,1998,0.22
Japan,1999,0.179
Japan,2000,0.178
Japan,2001,0.188
Japan,2002,0.165
Japan,2003,0.128
Japan,2004,0.098
Japan,2005,0.054
Japan,2006,0.077
Japan,2007,0.064
Japan,2008,0.042
Japan,2009,0.015
Japan,2010,-0.026
Japan,2011,-0.113
Japan,2012,-0.15
Japan,2013,-0.17
Japan,2014,-0.201
Japan,2015,-0.13
Japan,2016,-0.053
Japan,2017,-0.097
Japan,2018,-0.141
Japan,2019,-0.197
Japan,2020,-0.428
Japan,2021,-0.565
Japan,2022,-0.523
Japan,2023,-0.482
Japan,2024,-0.514
Japan,2025,-0.538
Japan,2026,-0.562
Japan,2027,-0.577
Japan,2028,-0.59
Japan,2029,-0.597
Japan,2030,-0.61
Japan,2031,-0.618
Japan,2032,-0.627
Japan,2033,-0.632
Japan,2034,-0.642
Japan,2035,-0.649
Japan,2036,-0.651
Japan,2037,-0.653
Japan,2038,-0.652
Japan,2039,-0.653
Japan,2040,-0.655
Japan,2041,-0.661
Japan,2042,-0.653
Japan,2043,-0.652
Japan,2044,-0.649
Japan,2045,-0.651
Japan,2046,-0.646
Japan,2047,-0.643
Japan,2048,-0.637
Japan,2049,-0.639
Japan,2050,-0.638
Japan,2051,-0.642
Japan,2052,-0.654
Japan,2053,-0.656
Japan,2054,-0.678
Japan,2055,-0.683
Japan,2056,-0.704
Japan,2057,-0.715
Japan,2058,-0.728
Japan,2059,-0.753
Japan,2060,-0.762
Japan,2061,-0.772
Japan,2062,-0.782
Japan,2063,-0.79
Japan,2064,-0.798
Japan,2065,-0.811
Japan,2066,-0.808
Japan,2067,-0.804
Japan,2068,-0.807
Japan,2069,-0.796
Japan,2070,-0.789
Japan,2071,-0.763
Japan,2072,-0.745
Japan,2073,-0.728
Japan,2074,-0.697
Japan,2075,-0.67
Japan,2076,-0.644
Japan,2077,-0.622
Japan,2078,-0.596
Japan,2079,-0.573
Japan,2080,-0.556
Japan,2081,-0.533
Japan,2082,-0.521
Japan,2083,-0.505
Japan,2084,-0.499
Japan,2085,-0.491
Japan,2086,-0.482
Japan,2087,-0.473
Japan,2088,-0.469
Japan,2089,-0.469
Japan,2090,-0.468
Japan,2091,-0.468
Japan,2092,-0.476
Japan,2093,-0.475
Japan,2094,-0.474
Japan,2095,-0.479
Japan,2096,-0.486
Japan,2097,-0.482
Japan,2098,-0.489
Japan,2099,-0.498
Japan,2100,-0.501
Jersey,1950,1.881
Jersey,1951,1.272
Jersey,1952,1.124
Jersey,1953,1.071
Jersey,1954,1.052
Jersey,1955,0.967
Jersey,1956,0.924
Jersey,1957,0.965
Jersey,1958,1.012
Jersey,1959,1.003
Jersey,1960,1.01
Jersey,1961,1.036
Jersey,1962,1.014
Jersey,1963,1.003
Jersey,1964,0.978
Jersey,1965,0.937
Jersey,1966,0.924
Jersey,1967,0.861
Jersey,1968,0.734
Jersey,1969,0.697
Jersey,1970,0.673
Jersey,1971,1.456
Jersey,1972,1.584
Jersey,1973,1.433
Jersey,1974,1.314
Jersey,1975,1.216
Jersey,1976,0.625
Jersey,1977,0.415
Jersey,1978,0.395
Jersey,1979,0.43
Jersey,1980,0.423
Jersey,1981,0.919
Jersey,1982,1.07
Jersey,1983,1.082
Jersey,1984,1.077
Jersey,1985,1.066
Jersey,1986,0.921
Jersey,1987,0.844
Jersey,1988,0.852
Jersey,1989,0.889
Jersey,1990,1.193
Jersey,1991,0.475
Jersey,1992,0.309
Jersey,1993,0.291
Jersey,1994,0.231
Jersey,1995,0.161
Jersey,1996,0.554
Jersey,1997,0.564
Jersey,1998,0.512
Jersey,1999,0.41
Jersey,2000,0.297
Jersey,2001,0.944
Jersey,2002,1.102
Jersey,2003,1.087
Jersey,2004,1.079
Jersey,2005,1.07
Jersey,2006,1.043
Jersey,2007,1.047
Jersey,2008,1.009
Jersey,2009,1.009
Jersey,2010,0.983
Jersey,2011,0.907
Jersey,2012,0.884
Jersey,2013,0.815
Jersey,2014,0.809
Jersey,2015,0.478
Jersey,2016,0.457
Jersey,2017,0.394
Jersey,2018,0.375
Jersey,2019,0.285
Jersey,2020,0.246
Jersey,2021,0.136
Jersey,2022,0.179
Jersey,2023,0.177
Jersey,2024,0.153
Jersey,2025,0.122
Jersey,2026,0.103
Jersey,2027,0.107
Jersey,2028,0.1
Jersey,2029,0.092
Jersey,2030,0.092
Jersey,2031,0.081
Jersey,2032,0.092
Jersey,2033,0.086
Jersey,2034,0.078
Jersey,2035,0.062
Jersey,2036,0.042
Jersey,2037,0.063
Jersey,2038,0.047
Jersey,2039,0.02
Jersey,2040,0.048
Jersey,2041,0.008
Jersey,2042,0.018
Jersey,2043,-0.006
Jersey,2044,-0.026
Jersey,2045,-0.038
Jersey,2046,-0.044
Jersey,2047,-0.077
Jersey,2048,-0.07
Jersey,2049,-0.124
Jersey,2050,-0.136
Jersey,2051,-0.155
Jersey,2052,-0.169
Jersey,2053,-0.184
Jersey,2054,-0.199
Jersey,2055,-0.211
Jersey,2056,-0.233
Jersey,2057,-0.222
Jersey,2058,-0.227
Jersey,2059,-0.225
Jersey,2060,-0.218
Jersey,2061,-0.215
Jersey,2062,-0.2
Jersey,2063,-0.18
Jersey,2064,-0.188
Jersey,2065,-0.184
Jersey,2066,-0.15
Jersey,2067,-0.146
Jersey,2068,-0.122
Jersey,2069,-0.119
Jersey,2070,-0.127
Jersey,2071,-0.122
Jersey,2072,-0.102
Jersey,2073,-0.11
Jersey,2074,-0.094
Jersey,2075,-0.067
Jersey,2076,-0.057
Jersey,2077,-0.084
Jersey,2078,-0.066
Jersey,2079,-0.046
Jersey,2080,-0.042
Jersey,2081,-0.014
Jersey,2082,-0.017
Jersey,2083,-0.017
Jersey,2084,-0.034
Jersey,2085,-0.036
Jersey,2086,-0.024
Jersey,2087,-0.006
Jersey,2088,0.022
Jersey,2089,-0.003
Jersey,2090,-0.009
Jersey,2091,-0.007
Jersey,2092,-0.015
Jersey,2093,-0.006
Jersey,2094,-0.028
Jersey,2095,0.001
Jersey,2096,-0.028
Jersey,2097,-0.034
Jersey,2098,-0.022
Jersey,2099,-0.031
Jersey,2100,-0.014
Jordan,1950,7.006
Jordan,1951,7.213
Jordan,1952,7.233
Jordan,1953,7.114
Jordan,1954,6.992
Jordan,1955,6.819
Jordan,1956,6.642
Jordan,1957,6.453
Jordan,1958,6.16
Jordan,1959,5.787
Jordan,1960,5.274
Jordan,1961,4.818
Jordan,1962,4.54
Jordan,1963,4.634
Jordan,1964,5.431
Jordan,1965,6.494
Jordan,1966,7.341
Jordan,1967,7.806
Jordan,1968,7.536
Jordan,1969,6.649
Jordan,1970,5.51
Jordan,1971,4.483
Jordan,1972,3.796
Jordan,1973,3.487
Jordan,1974,3.272
Jordan,1975,3.137
Jordan,1976,2.997
Jordan,1977,3.119
Jordan,1978,3.178
Jordan,1979,3.453
Jordan,1980,3.861
Jordan,1981,4.146
Jordan,1982,4.385
Jordan,1983,4.508
Jordan,1984,4.536
Jordan,1985,4.601
Jordan,1986,4.617
Jordan,1987,4.633
Jordan,1988,4.687
Jordan,1989,4.883
Jordan,1990,10.529
Jordan,1991,5.249
Jordan,1992,5.322
Jordan,1993,5.085
Jordan,1994,4.511
Jordan,1995,3.697
Jordan,1996,2.956
Jordan,1997,2.424
Jordan,1998,2.201
Jordan,1999,2.097
Jordan,2000,2.048
Jordan,2001,2.065
Jordan,2002,2.151
Jordan,2003,2.277
Jordan,2004,2.546
Jordan,2005,2.41
Jordan,2006,10.125
Jordan,2007,2.189
Jordan,2008,2.515
Jordan,2009,1.792
Jordan,2010,2.503
Jordan,2011,2.462
Jordan,2012,0.386
Jordan,2013,9.769
Jordan,2014,9.33
Jordan,2015,7.194
Jordan,2016,2.368
Jordan,2017,2.138
Jordan,2018,2.269
Jordan,2019,1.703
Jordan,2020,1.886
Jordan,2021,1.784
Jordan,2022,1.621
Jordan,2023,1.604
Jordan,2024,0.38
Jordan,2025,-0.94
Jordan,2026,2.122
Jordan,2027,1.81
Jordan,2028,1.796
Jordan,2029,1.686
Jordan,2030,1.604
Jordan,2031,1.643
Jordan,2032,1.531
Jordan,2033,1.492
Jordan,2034,1.466
Jordan,2035,1.467
Jordan,2036,1.449
Jordan,2037,1.491
Jordan,2038,1.494
Jordan,2039,1.451
Jordan,2040,1.536
Jordan,2041,1.39
Jordan,2042,1.304
Jordan,2043,1.288
Jordan,2044,1.292
Jordan,2045,1.29
Jordan,2046,1.156
Jordan,2047,1.121
Jordan,2048,1.136
Jordan,2049,1.051
Jordan,2050,1.035
Jordan,2051,0.885
Jordan,2052,0.948
Jordan,2053,0.796
Jordan,2054,0.784
Jordan,2055,0.844
Jordan,2056,0.77
Jordan,2057,0.845
Jordan,2058,0.817
Jordan,2059,0.81
Jordan,2060,0.775
Jordan,2061,0.787
Jordan,2062,0.819
Jordan,2063,0.727
Jordan,2064,0.666
Jordan,2065,0.732
Jordan,2066,0.727
Jordan,2067,0.619
Jordan,2068,0.737
Jordan,2069,0.564
Jordan,2070,0.644
Jordan,2071,0.598
Jordan,2072,0.565
Jordan,2073,0.547
Jordan,2074,0.493
Jordan,2075,0.542
Jordan,2076,0.472
Jordan,2077,0.461
Jordan,2078,0.434
Jordan,2079,0.457
Jordan,2080,0.423
Jordan,2081,0.479
Jordan,2082,0.423
Jordan,2083,0.296
Jordan,2084,0.33
Jordan,2085,0.381
Jordan,2086,0.308
Jordan,2087,0.339
Jordan,2088,0.336
Jordan,2089,0.391
Jordan,2090,0.312
Jordan,2091,0.406
Jordan,2092,0.235
Jordan,2093,0.231
Jordan,2094,0.154
Jordan,2095,0.274
Jordan,2096,0.159
Jordan,2097,0.182
Jordan,2098,0.196
Jordan,2099,0.133
Jordan,2100,0.157
Kazakhstan,1950,3.404
Kazakhstan,1951,3.369
Kazakhstan,1952,3.296
Kazakhstan,1953,3.202
Kazakhstan,1954,3.19
Kazakhstan,1955,3.206
Kazakhstan,1956,3.269
Kazakhstan,1957,3.334
Kazakhstan,1958,3.321
Kazakhstan,1959,3.355
Kazakhstan,1960,3.283
Kazakhstan,1961,3.23
Kazakhstan,1962,3.172
Kazakhstan,1963,3.065
Kazakhstan,1964,2.878
Kazakhstan,1965,2.712
Kazakhstan,1966,2.6
Kazakhstan,1967,2.567
Kazakhstan,1968,2.459
Kazakhstan,1969,2.155
Kazakhstan,1970,2.124
Kazakhstan,1971,2.111
Kazakhstan,1972,2.056
Kazakhstan,1973,1.866
Kazakhstan,1974,1.832
Kazakhstan,1975,1.796
Kazakhstan,1976,2.498
Kazakhstan,1977,2.504
Kazakhstan,1978,2.428
Kazakhstan,1979,1.183
Kazakhstan,1980,1.13
Kazakhstan,1981,1.103
Kazakhstan,1982,1.097
Kazakhstan,1983,1.123
Kazakhstan,1984,1.15
Kazakhstan,1985,1.19
Kazakhstan,1986,1.676
Kazakhstan,1987,1.558
Kazakhstan,1988,1.486
Kazakhstan,1989,1.072
Kazakhstan,1990,0.768
Kazakhstan,1991,0.679
Kazakhstan,1992,-0.053
Kazakhstan,1993,-0.62
Kazakhstan,1994,-2.079
Kazakhstan,1995,-1.626
Kazakhstan,1996,-2.174
Kazakhstan,1997,-2.422
Kazakhstan,1998,-2.571
Kazakhstan,1999,0.12
Kazakhstan,2000,0.464
Kazakhstan,2001,0.494
Kazakhstan,2002,0.545
Kazakhstan,2003,0.61
Kazakhstan,2004,0.691
Kazakhstan,2005,0.792
Kazakhstan,2006,0.899
Kazakhstan,2007,0.998
Kazakhstan,2008,1.074
Kazakhstan,2009,1.265
Kazakhstan,2010,1.328
Kazakhstan,2011,1.375
Kazakhstan,2012,1.418
Kazakhstan,2013,1.454
Kazakhstan,2014,1.483
Kazakhstan,2015,1.501
Kazakhstan,2016,1.565
Kazakhstan,2017,1.551
Kazakhstan,2018,1.438
Kazakhstan,2019,1.465
Kazakhstan,2020,1.354
Kazakhstan,2021,1.313
Kazakhstan,2022,1.611
Kazakhstan,2023,1.319
Kazakhstan,2024,1.247
Kazakhstan,2025,1.179
Kazakhstan,2026,1.11
Kazakhstan,2027,1.084
Kazakhstan,2028,1.076
Kazakhstan,2029,1.042
Kazakhstan,2030,1.025
Kazakhstan,2031,0.999
Kazakhstan,2032,1.02
Kazakhstan,2033,0.989
Kazakhstan,2034,0.975
Kazakhstan,2035,0.961
Kazakhstan,2036,0.96
Kazakhstan,2037,0.935
Kazakhstan,2038,0.942
Kazakhstan,2039,0.937
Kazakhstan,2040,0.961
Kazakhstan,2041,0.934
Kazakhstan,2042,0.939
Kazakhstan,2043,0.938
Kazakhstan,2044,0.931
Kazakhstan,2045,0.924
Kazakhstan,2046,0.903
Kazakhstan,2047,0.905
Kazakhstan,2048,0.873
Kazakhstan,2049,0.821
Kazakhstan,2050,0.808
Kazakhstan,2051,0.792
Kazakhstan,2052,0.781
Kazakhstan,2053,0.768
Kazakhstan,2054,0.721
Kazakhstan,2055,0.719
Kazakhstan,2056,0.697
Kazakhstan,2057,0.632
Kazakhstan,2058,0.624
Kazakhstan,2059,0.619
Kazakhstan,2060,0.595
Kazakhstan,2061,0.586
Kazakhstan,2062,0.568
Kazakhstan,2063,0.561
Kazakhstan,2064,0.548
Kazakhstan,2065,0.549
Kazakhstan,2066,0.52
Kazakhstan,2067,0.504
Kazakhstan,2068,0.506
Kazakhstan,2069,0.529
Kazakhstan,2070,0.506
Kazakhstan,2071,0.498
Kazakhstan,2072,0.484
Kazakhstan,2073,0.475
Kazakhstan,2074,0.494
Kazakhstan,2075,0.48
Kazakhstan,2076,0.474
Kazakhstan,2077,0.469
Kazakhstan,2078,0.469
Kazakhstan,2079,0.427
Kazakhstan,2080,0.436
Kazakhstan,2081,0.433
Kazakhstan,2082,0.395
Kazakhstan,2083,0.422
Kazakhstan,2084,0.397
Kazakhstan,2085,0.385
Kazakhstan,2086,0.381
Kazakhstan,2087,0.376
Kazakhstan,2088,0.341
Kazakhstan,2089,0.332
Kazakhstan,2090,0.322
Kazakhstan,2091,0.313
Kazakhstan,2092,0.291
Kazakhstan,2093,0.305
Kazakhstan,2094,0.296
Kazakhstan,2095,0.297
Kazakhstan,2096,0.272
Kazakhstan,2097,0.238
Kazakhstan,2098,0.229
Kazakhstan,2099,0.225
Kazakhstan,2100,0.205
Kenya,1950,1.994
Kenya,1951,2.27
Kenya,1952,2.415
Kenya,1953,2.515
Kenya,1954,2.725
Kenya,1955,2.9
Kenya,1956,3.084
Kenya,1957,3.267
Kenya,1958,3.247
Kenya,1959,3.543
Kenya,1960,3.667
Kenya,1961,3.791
Kenya,1962,3.86
Kenya,1963,3.907
Kenya,1964,3.947
Kenya,1965,4.016
Kenya,1966,3.957
Kenya,1967,3.976
Kenya,1968,3.932
Kenya,1969,3.915
Kenya,1970,3.783
Kenya,1971,3.48
Kenya,1972,3.475
Kenya,1973,3.431
Kenya,1974,3.344
Kenya,1975,3.302
Kenya,1976,3.194
Kenya,1977,3.442
Kenya,1978,3.442
Kenya,1979,3.487
Kenya,1980,3.599
Kenya,1981,3.552
Kenya,1982,3.602
Kenya,1983,3.702
Kenya,1984,3.654
Kenya,1985,3.632
Kenya,1986,3.53
Kenya,1987,3.524
Kenya,1988,3.53
Kenya,1989,3.485
Kenya,1990,3.398
Kenya,1991,3.087
Kenya,1992,3.043
Kenya,1993,2.897
Kenya,1994,2.91
Kenya,1995,2.77
Kenya,1996,2.736
Kenya,1997,2.73
Kenya,1998,2.789
Kenya,1999,2.977
Kenya,2000,3.047
Kenya,2001,3.222
Kenya,2002,3.073
Kenya,2003,3.098
Kenya,2004,3.112
Kenya,2005,3.034
Kenya,2006,3.06
Kenya,2007,2.986
Kenya,2008,3.072
Kenya,2009,2.971
Kenya,2010,2.834
Kenya,2011,2.669
Kenya,2012,2.549
Kenya,2013,2.397
Kenya,2014,2.282
Kenya,2015,2.173
Kenya,2016,2.242
Kenya,2017,2.108
Kenya,2018,1.955
Kenya,2019,1.972
Kenya,2020,1.952
Kenya,2021,1.85
Kenya,2022,1.995
Kenya,2023,1.972
Kenya,2024,1.944
Kenya,2025,1.916
Kenya,2026,1.886
Kenya,2027,1.863
Kenya,2028,1.834
Kenya,2029,1.809
Kenya,2030,1.783
Kenya,2031,1.761
Kenya,2032,1.724
Kenya,2033,1.691
Kenya,2034,1.65
Kenya,2035,1.612
Kenya,2036,1.573
Kenya,2037,1.529
Kenya,2038,1.495
Kenya,2039,1.447
Kenya,2040,1.41
Kenya,2041,1.365
Kenya,2042,1.325
Kenya,2043,1.278
Kenya,2044,1.236
Kenya,2045,1.191
Kenya,2046,1.156
Kenya,2047,1.121
Kenya,2048,1.088
Kenya,2049,1.061
Kenya,2050,1.035
Kenya,2051,1.008
Kenya,2052,0.977
Kenya,2053,0.952
Kenya,2054,0.925
Kenya,2055,0.905
Kenya,2056,0.883
Kenya,2057,0.872
Kenya,2058,0.851
Kenya,2059,0.823
Kenya,2060,0.799
Kenya,2061,0.777
Kenya,2062,0.75
Kenya,2063,0.715
Kenya,2064,0.689
Kenya,2065,0.658
Kenya,2066,0.634
Kenya,2067,0.603
Kenya,2068,0.577
Kenya,2069,0.546
Kenya,2070,0.519
Kenya,2071,0.494
Kenya,2072,0.469
Kenya,2073,0.434
Kenya,2074,0.41
Kenya,2075,0.386
Kenya,2076,0.368
Kenya,2077,0.342
Kenya,2078,0.319
Kenya,2079,0.301
Kenya,2080,0.286
Kenya,2081,0.261
Kenya,2082,0.241
Kenya,2083,0.225
Kenya,2084,0.207
Kenya,2085,0.194
Kenya,2086,0.18
Kenya,2087,0.164
Kenya,2088,0.152
Kenya,2089,0.138
Kenya,2090,0.123
Kenya,2091,0.103
Kenya,2092,0.088
Kenya,2093,0.068
Kenya,2094,0.054
Kenya,2095,0.042
Kenya,2096,0.029
Kenya,2097,0.006
Kenya,2098,0
Kenya,2099,-0.018
Kenya,2100,-0.038
Kiribati,1950,2.021
Kiribati,1951,2.04
Kiribati,1952,2.08
Kiribati,1953,2.124
Kiribati,1954,2.144
Kiribati,1955,2.224
Kiribati,1956,2.247
Kiribati,1957,2.276
Kiribati,1958,2.274
Kiribati,1959,2.37
Kiribati,1960,2.407
Kiribati,1961,2.479
Kiribati,1962,2.489
Kiribati,1963,2.506
Kiribati,1964,2.534
Kiribati,1965,2.586
Kiribati,1966,1.084
Kiribati,1967,1.004
Kiribati,1968,0.926
Kiribati,1969,2.037
Kiribati,1970,2.003
Kiribati,1971,1.93
Kiribati,1972,1.874
Kiribati,1973,1.596
Kiribati,1974,-0.292
Kiribati,1975,-0.469
Kiribati,1976,-0.602
Kiribati,1977,-0.704
Kiribati,1978,-0.636
Kiribati,1979,1.654
Kiribati,1980,1.565
Kiribati,1981,1.595
Kiribati,1982,1.638
Kiribati,1983,1.615
Kiribati,1984,1.657
Kiribati,1985,2.191
Kiribati,1986,2.452
Kiribati,1987,2.405
Kiribati,1988,2.396
Kiribati,1989,2.367
Kiribati,1990,2.248
Kiribati,1991,1.756
Kiribati,1992,1.557
Kiribati,1993,1.509
Kiribati,1994,1.462
Kiribati,1995,1.547
Kiribati,1996,1.839
Kiribati,1997,1.819
Kiribati,1998,1.738
Kiribati,1999,1.662
Kiribati,2000,1.722
Kiribati,2001,2.122
Kiribati,2002,2.105
Kiribati,2003,1.996
Kiribati,2004,2.018
Kiribati,2005,2.002
Kiribati,2006,2.001
Kiribati,2007,2.058
Kiribati,2008,2.12
Kiribati,2009,2.142
Kiribati,2010,2.018
Kiribati,2011,1.53
Kiribati,2012,1.407
Kiribati,2013,1.343
Kiribati,2014,1.255
Kiribati,2015,1.31
Kiribati,2016,1.516
Kiribati,2017,1.494
Kiribati,2018,1.492
Kiribati,2019,1.495
Kiribati,2020,1.986
Kiribati,2021,1.598
Kiribati,2022,1.633
Kiribati,2023,1.504
Kiribati,2024,1.473
Kiribati,2025,1.435
Kiribati,2026,1.411
Kiribati,2027,1.392
Kiribati,2028,1.334
Kiribati,2029,1.321
Kiribati,2030,1.295
Kiribati,2031,1.285
Kiribati,2032,1.243
Kiribati,2033,1.218
Kiribati,2034,1.186
Kiribati,2035,1.196
Kiribati,2036,1.197
Kiribati,2037,1.173
Kiribati,2038,1.149
Kiribati,2039,1.128
Kiribati,2040,1.083
Kiribati,2041,1.091
Kiribati,2042,1.09
Kiribati,2043,1.095
Kiribati,2044,1.049
Kiribati,2045,1.037
Kiribati,2046,1.03
Kiribati,2047,0.976
Kiribati,2048,0.998
Kiribati,2049,0.961
Kiribati,2050,0.922
Kiribati,2051,0.865
Kiribati,2052,0.866
Kiribati,2053,0.807
Kiribati,2054,0.805
Kiribati,2055,0.78
Kiribati,2056,0.772
Kiribati,2057,0.747
Kiribati,2058,0.718
Kiribati,2059,0.698
Kiribati,2060,0.643
Kiribati,2061,0.612
Kiribati,2062,0.579
Kiribati,2063,0.591
Kiribati,2064,0.558
Kiribati,2065,0.553
Kiribati,2066,0.516
Kiribati,2067,0.521
Kiribati,2068,0.486
Kiribati,2069,0.442
Kiribati,2070,0.437
Kiribati,2071,0.421
Kiribati,2072,0.391
Kiribati,2073,0.384
Kiribati,2074,0.378
Kiribati,2075,0.364
Kiribati,2076,0.345
Kiribati,2077,0.311
Kiribati,2078,0.32
Kiribati,2079,0.314
Kiribati,2080,0.296
Kiribati,2081,0.277
Kiribati,2082,0.273
Kiribati,2083,0.265
Kiribati,2084,0.25
Kiribati,2085,0.232
Kiribati,2086,0.215
Kiribati,2087,0.213
Kiribati,2088,0.19
Kiribati,2089,0.165
Kiribati,2090,0.174
Kiribati,2091,0.159
Kiribati,2092,0.119
Kiribati,2093,0.095
Kiribati,2094,0.084
Kiribati,2095,0.053
Kiribati,2096,0.04
Kiribati,2097,0.024
Kiribati,2098,0.011
Kiribati,2099,0.003
Kiribati,2100,-0.006
Kosovo,1950,2.039
Kosovo,1951,1.991
Kosovo,1952,2.167
Kosovo,1953,2.17
Kosovo,1954,2.378
Kosovo,1955,2.324
Kosovo,1956,2.38
Kosovo,1957,2.453
Kosovo,1958,2.574
Kosovo,1959,2.666
Kosovo,1960,2.77
Kosovo,1961,2.558
Kosovo,1962,2.429
Kosovo,1963,2.483
Kosovo,1964,2.631
Kosovo,1965,2.778
Kosovo,1966,2.926
Kosovo,1967,3.068
Kosovo,1968,1.371
Kosovo,1969,1.45
Kosovo,1970,1.467
Kosovo,1971,2.247
Kosovo,1972,2.191
Kosovo,1973,2.305
Kosovo,1974,2.437
Kosovo,1975,2.57
Kosovo,1976,2.681
Kosovo,1977,2.759
Kosovo,1978,2.83
Kosovo,1979,2.832
Kosovo,1980,2.86
Kosovo,1981,2.284
Kosovo,1982,2.115
Kosovo,1983,2.127
Kosovo,1984,2.196
Kosovo,1985,2.217
Kosovo,1986,2.291
Kosovo,1987,2.401
Kosovo,1988,1.535
Kosovo,1989,1.412
Kosovo,1990,1.389
Kosovo,1991,1.781
Kosovo,1992,1.618
Kosovo,1993,1.587
Kosovo,1994,1.534
Kosovo,1995,1.507
Kosovo,1996,1.396
Kosovo,1997,1.219
Kosovo,1998,-12.688
Kosovo,1999,-8.097
Kosovo,2000,0.743
Kosovo,2001,1.189
Kosovo,2002,-0.15
Kosovo,2003,-0.181
Kosovo,2004,-0.22
Kosovo,2005,-0.265
Kosovo,2006,-0.316
Kosovo,2007,-0.345
Kosovo,2008,-0.346
Kosovo,2009,-0.341
Kosovo,2010,-0.322
Kosovo,2011,0.679
Kosovo,2012,0.941
Kosovo,2013,0.235
Kosovo,2014,-1.141
Kosovo,2015,-2.208
Kosovo,2016,0.27
Kosovo,2017,0.45
Kosovo,2018,-0.492
Kosovo,2019,-0.951
Kosovo,2020,0.539
Kosovo,2021,-1.688
Kosovo,2022,-1.025
Kosovo,2023,-1.072
Kosovo,2024,-0.728
Kosovo,2025,-0.542
Kosovo,2026,-0.312
Kosovo,2027,-0.156
Kosovo,2028,-0.018
Kosovo,2029,-0.025
Kosovo,2030,0.025
Kosovo,2031,0.076
Kosovo,2032,0.107
Kosovo,2033,0.103
Kosovo,2034,0.106
Kosovo,2035,0.08
Kosovo,2036,0.136
Kosovo,2037,0.082
Kosovo,2038,0.016
Kosovo,2039,0.035
Kosovo,2040,0.019
Kosovo,2041,-0.065
Kosovo,2042,-0.061
Kosovo,2043,-0.09
Kosovo,2044,-0.139
Kosovo,2045,-0.2
Kosovo,2046,-0.232
Kosovo,2047,-0.238
Kosovo,2048,-0.319
Kosovo,2049,-0.316
Kosovo,2050,-0.364
Kosovo,2051,-0.41
Kosovo,2052,-0.393
Kosovo,2053,-0.473
Kosovo,2054,-0.466
Kosovo,2055,-0.469
Kosovo,2056,-0.547
Kosovo,2057,-0.541
Kosovo,2058,-0.546
Kosovo,2059,-0.502
Kosovo,2060,-0.568
Kosovo,2061,-0.56
Kosovo,2062,-0.561
Kosovo,2063,-0.612
Kosovo,2064,-0.606
Kosovo,2065,-0.654
Kosovo,2066,-0.607
Kosovo,2067,-0.64
Kosovo,2068,-0.674
Kosovo,2069,-0.692
Kosovo,2070,-0.69
Kosovo,2071,-0.703
Kosovo,2072,-0.761
Kosovo,2073,-0.813
Kosovo,2074,-0.829
Kosovo,2075,-0.81
Kosovo,2076,-0.824
Kosovo,2077,-0.863
Kosovo,2078,-0.867
Kosovo,2079,-0.917
Kosovo,2080,-0.927
Kosovo,2081,-0.931
Kosovo,2082,-0.946
Kosovo,2083,-0.993
Kosovo,2084,-1
Kosovo,2085,-1.002
Kosovo,2086,-1.044
Kosovo,2087,-1.03
Kosovo,2088,-1.074
Kosovo,2089,-1.082
Kosovo,2090,-1.091
Kosovo,2091,-1.103
Kosovo,2092,-1.083
Kosovo,2093,-1.122
Kosovo,2094,-1.122
Kosovo,2095,-1.158
Kosovo,2096,-1.143
Kosovo,2097,-1.141
Kosovo,2098,-1.14
Kosovo,2099,-1.149
Kosovo,2100,-1.161
Kuwait,1950,2.851
Kuwait,1951,2.9
Kuwait,1952,2.954
Kuwait,1953,3.002
Kuwait,1954,3.038
Kuwait,1955,11.015
Kuwait,1956,10.492
Kuwait,1957,7.902
Kuwait,1958,11.36
Kuwait,1959,10.833
Kuwait,1960,10.56
Kuwait,1961,10.691
Kuwait,1962,10.699
Kuwait,1963,10.355
Kuwait,1964,9.856
Kuwait,1965,9.51
Kuwait,1966,9.316
Kuwait,1967,9.192
Kuwait,1968,8.957
Kuwait,1969,8.266
Kuwait,1970,7.098
Kuwait,1971,6.304
Kuwait,1972,6.09
Kuwait,1973,5.992
Kuwait,1974,6.052
Kuwait,1975,6.357
Kuwait,1976,6.576
Kuwait,1977,6.452
Kuwait,1978,6.228
Kuwait,1979,5.828
Kuwait,1980,5.291
Kuwait,1981,4.908
Kuwait,1982,4.838
Kuwait,1983,4.772
Kuwait,1984,3.821
Kuwait,1985,4.094
Kuwait,1986,4.006
Kuwait,1987,3.991
Kuwait,1988,3.818
Kuwait,1989,3.79
Kuwait,1990,-71.064
Kuwait,1991,36.09
Kuwait,1992,5.178
Kuwait,1993,-0.613
Kuwait,1994,-0.32
Kuwait,1995,2.357
Kuwait,1996,3.343
Kuwait,1997,3.191
Kuwait,1998,3.048
Kuwait,1999,2.908
Kuwait,2000,2.768
Kuwait,2001,2.625
Kuwait,2002,2.475
Kuwait,2003,2.314
Kuwait,2004,2.135
Kuwait,2005,5.048
Kuwait,2006,6.049
Kuwait,2007,5.715
Kuwait,2008,5.424
Kuwait,2009,5.165
Kuwait,2010,5.145
Kuwait,2011,7.264
Kuwait,2012,5.424
Kuwait,2013,4.576
Kuwait,2014,4.244
Kuwait,2015,4.743
Kuwait,2016,3.927
Kuwait,2017,3.472
Kuwait,2018,4.469
Kuwait,2019,1
Kuwait,2020,-2.921
Kuwait,2021,1.14
Kuwait,2022,8.892
Kuwait,2023,1.875
Kuwait,2024,2.041
Kuwait,2025,1.64
Kuwait,2026,1.391
Kuwait,2027,1.165
Kuwait,2028,1.013
Kuwait,2029,0.935
Kuwait,2030,0.883
Kuwait,2031,0.892
Kuwait,2032,0.899
Kuwait,2033,0.906
Kuwait,2034,0.912
Kuwait,2035,0.915
Kuwait,2036,0.918
Kuwait,2037,0.919
Kuwait,2038,0.92
Kuwait,2039,0.917
Kuwait,2040,0.914
Kuwait,2041,0.91
Kuwait,2042,0.906
Kuwait,2043,0.897
Kuwait,2044,0.891
Kuwait,2045,0.882
Kuwait,2046,0.872
Kuwait,2047,0.863
Kuwait,2048,0.856
Kuwait,2049,0.847
Kuwait,2050,0.84
Kuwait,2051,0.832
Kuwait,2052,0.826
Kuwait,2053,0.82
Kuwait,2054,0.816
Kuwait,2055,0.813
Kuwait,2056,0.811
Kuwait,2057,0.813
Kuwait,2058,0.812
Kuwait,2059,0.813
Kuwait,2060,0.813
Kuwait,2061,0.816
Kuwait,2062,0.818
Kuwait,2063,0.82
Kuwait,2064,0.819
Kuwait,2065,0.82
Kuwait,2066,0.822
Kuwait,2067,0.824
Kuwait,2068,0.826
Kuwait,2069,0.829
Kuwait,2070,0.829
Kuwait,2071,0.831
Kuwait,2072,0.835
Kuwait,2073,0.835
Kuwait,2074,0.834
Kuwait,2075,0.835
Kuwait,2076,0.835
Kuwait,2077,0.835
Kuwait,2078,0.834
Kuwait,2079,0.833
Kuwait,2080,0.833
Kuwait,2081,0.832
Kuwait,2082,0.83
Kuwait,2083,0.829
Kuwait,2084,0.827
Kuwait,2085,0.826
Kuwait,2086,0.825
Kuwait,2087,0.825
Kuwait,2088,0.823
Kuwait,2089,0.822
Kuwait,2090,0.818
Kuwait,2091,0.817
Kuwait,2092,0.815
Kuwait,2093,0.813
Kuwait,2094,0.81
Kuwait,2095,0.807
Kuwait,2096,0.805
Kuwait,2097,0.801
Kuwait,2098,0.798
Kuwait,2099,0.799
Kuwait,2100,0.797
Kyrgyzstan,1950,2.064
Kyrgyzstan,1951,2.049
Kyrgyzstan,1952,2.056
Kyrgyzstan,1953,2.06
Kyrgyzstan,1954,2.148
Kyrgyzstan,1955,2.245
Kyrgyzstan,1956,2.351
Kyrgyzstan,1957,2.484
Kyrgyzstan,1958,2.603
Kyrgyzstan,1959,2.907
Kyrgyzstan,1960,3.158
Kyrgyzstan,1961,3.336
Kyrgyzstan,1962,3.418
Kyrgyzstan,1963,3.389
Kyrgyzstan,1964,3.271
Kyrgyzstan,1965,3.174
Kyrgyzstan,1966,3.046
Kyrgyzstan,1967,2.982
Kyrgyzstan,1968,2.883
Kyrgyzstan,1969,2.763
Kyrgyzstan,1970,2.62
Kyrgyzstan,1971,2.365
Kyrgyzstan,1972,2.258
Kyrgyzstan,1973,2.163
Kyrgyzstan,1974,2.055
Kyrgyzstan,1975,1.969
Kyrgyzstan,1976,1.877
Kyrgyzstan,1977,1.978
Kyrgyzstan,1978,1.989
Kyrgyzstan,1979,1.971
Kyrgyzstan,1980,1.993
Kyrgyzstan,1981,1.994
Kyrgyzstan,1982,2.083
Kyrgyzstan,1983,2.144
Kyrgyzstan,1984,1.539
Kyrgyzstan,1985,1.559
Kyrgyzstan,1986,1.643
Kyrgyzstan,1987,1.682
Kyrgyzstan,1988,1.574
Kyrgyzstan,1989,1.829
Kyrgyzstan,1990,1.68
Kyrgyzstan,1991,1.549
Kyrgyzstan,1992,1.439
Kyrgyzstan,1993,-0.285
Kyrgyzstan,1994,1.247
Kyrgyzstan,1995,1.505
Kyrgyzstan,1996,1.412
Kyrgyzstan,1997,1.293
Kyrgyzstan,1998,1.16
Kyrgyzstan,1999,1.302
Kyrgyzstan,2000,0.964
Kyrgyzstan,2001,0.891
Kyrgyzstan,2002,0.849
Kyrgyzstan,2003,0.832
Kyrgyzstan,2004,0.852
Kyrgyzstan,2005,0.805
Kyrgyzstan,2006,0.568
Kyrgyzstan,2007,0.599
Kyrgyzstan,2008,0.495
Kyrgyzstan,2009,1.566
Kyrgyzstan,2010,1.875
Kyrgyzstan,2011,1.833
Kyrgyzstan,2012,1.78
Kyrgyzstan,2013,1.727
Kyrgyzstan,2014,1.728
Kyrgyzstan,2015,1.753
Kyrgyzstan,2016,1.768
Kyrgyzstan,2017,1.855
Kyrgyzstan,2018,2.015
Kyrgyzstan,2019,2.723
Kyrgyzstan,2020,2.451
Kyrgyzstan,2021,2.189
Kyrgyzstan,2022,1.744
Kyrgyzstan,2023,1.614
Kyrgyzstan,2024,1.542
Kyrgyzstan,2025,1.47
Kyrgyzstan,2026,1.4
Kyrgyzstan,2027,1.37
Kyrgyzstan,2028,1.313
Kyrgyzstan,2029,1.29
Kyrgyzstan,2030,1.264
Kyrgyzstan,2031,1.233
Kyrgyzstan,2032,1.192
Kyrgyzstan,2033,1.175
Kyrgyzstan,2034,1.154
Kyrgyzstan,2035,1.138
Kyrgyzstan,2036,1.125
Kyrgyzstan,2037,1.108
Kyrgyzstan,2038,1.118
Kyrgyzstan,2039,1.11
Kyrgyzstan,2040,1.099
Kyrgyzstan,2041,1.075
Kyrgyzstan,2042,1.044
Kyrgyzstan,2043,1.025
Kyrgyzstan,2044,0.991
Kyrgyzstan,2045,0.964
Kyrgyzstan,2046,0.919
Kyrgyzstan,2047,0.902
Kyrgyzstan,2048,0.888
Kyrgyzstan,2049,0.855
Kyrgyzstan,2050,0.834
Kyrgyzstan,2051,0.803
Kyrgyzstan,2052,0.758
Kyrgyzstan,2053,0.74
Kyrgyzstan,2054,0.713
Kyrgyzstan,2055,0.682
Kyrgyzstan,2056,0.678
Kyrgyzstan,2057,0.658
Kyrgyzstan,2058,0.643
Kyrgyzstan,2059,0.604
Kyrgyzstan,2060,0.59
Kyrgyzstan,2061,0.587
Kyrgyzstan,2062,0.576
Kyrgyzstan,2063,0.569
Kyrgyzstan,2064,0.533
Kyrgyzstan,2065,0.529
Kyrgyzstan,2066,0.532
Kyrgyzstan,2067,0.515
Kyrgyzstan,2068,0.508
Kyrgyzstan,2069,0.496
Kyrgyzstan,2070,0.484
Kyrgyzstan,2071,0.471
Kyrgyzstan,2072,0.457
Kyrgyzstan,2073,0.415
Kyrgyzstan,2074,0.419
Kyrgyzstan,2075,0.417
Kyrgyzstan,2076,0.375
Kyrgyzstan,2077,0.356
Kyrgyzstan,2078,0.344
Kyrgyzstan,2079,0.32
Kyrgyzstan,2080,0.307
Kyrgyzstan,2081,0.29
Kyrgyzstan,2082,0.268
Kyrgyzstan,2083,0.267
Kyrgyzstan,2084,0.258
Kyrgyzstan,2085,0.238
Kyrgyzstan,2086,0.221
Kyrgyzstan,2087,0.202
Kyrgyzstan,2088,0.188
Kyrgyzstan,2089,0.172
Kyrgyzstan,2090,0.153
Kyrgyzstan,2091,0.141
Kyrgyzstan,2092,0.127
Kyrgyzstan,2093,0.131
Kyrgyzstan,2094,0.124
Kyrgyzstan,2095,0.1
Kyrgyzstan,2096,0.083
Kyrgyzstan,2097,0.067
Kyrgyzstan,2098,0.036
Kyrgyzstan,2099,0.023
Kyrgyzstan,2100,0.017
Laos,1950,2.419
Laos,1951,2.355
Laos,1952,2.335
Laos,1953,2.325
Laos,1954,2.303
Laos,1955,2.301
Laos,1956,2.296
Laos,1957,2.288
Laos,1958,2.29
Laos,1959,2.24
Laos,1960,2.243
Laos,1961,2.257
Laos,1962,2.309
Laos,1963,2.248
Laos,1964,2.259
Laos,1965,2.284
Laos,1966,2.283
Laos,1967,2.322
Laos,1968,2.339
Laos,1969,2.363
Laos,1970,2.393
Laos,1971,2.412
Laos,1972,2.431
Laos,1973,2.429
Laos,1974,2.335
Laos,1975,2.092
Laos,1976,1.822
Laos,1977,1.675
Laos,1978,1.683
Laos,1979,1.844
Laos,1980,2.102
Laos,1981,2.344
Laos,1982,2.547
Laos,1983,2.657
Laos,1984,2.738
Laos,1985,2.799
Laos,1986,2.828
Laos,1987,2.856
Laos,1988,2.872
Laos,1989,2.858
Laos,1990,2.834
Laos,1991,2.799
Laos,1992,2.74
Laos,1993,2.688
Laos,1994,2.546
Laos,1995,2.393
Laos,1996,2.271
Laos,1997,1.904
Laos,1998,1.799
Laos,1999,1.697
Laos,2000,1.662
Laos,2001,1.635
Laos,2002,1.578
Laos,2003,1.502
Laos,2004,1.414
Laos,2005,1.602
Laos,2006,1.565
Laos,2007,1.532
Laos,2008,1.508
Laos,2009,1.484
Laos,2010,1.46
Laos,2011,1.437
Laos,2012,1.418
Laos,2013,1.397
Laos,2014,1.361
Laos,2015,1.555
Laos,2016,1.572
Laos,2017,1.569
Laos,2018,1.539
Laos,2019,1.513
Laos,2020,1.474
Laos,2021,1.409
Laos,2022,1.41
Laos,2023,1.375
Laos,2024,1.342
Laos,2025,1.298
Laos,2026,1.251
Laos,2027,1.214
Laos,2028,1.172
Laos,2029,1.131
Laos,2030,1.098
Laos,2031,1.062
Laos,2032,1.027
Laos,2033,0.987
Laos,2034,0.952
Laos,2035,0.921
Laos,2036,0.894
Laos,2037,0.866
Laos,2038,0.84
Laos,2039,0.795
Laos,2040,0.763
Laos,2041,0.739
Laos,2042,0.713
Laos,2043,0.672
Laos,2044,0.653
Laos,2045,0.62
Laos,2046,0.595
Laos,2047,0.563
Laos,2048,0.542
Laos,2049,0.502
Laos,2050,0.477
Laos,2051,0.453
Laos,2052,0.424
Laos,2053,0.394
Laos,2054,0.363
Laos,2055,0.327
Laos,2056,0.307
Laos,2057,0.282
Laos,2058,0.254
Laos,2059,0.221
Laos,2060,0.197
Laos,2061,0.171
Laos,2062,0.14
Laos,2063,0.117
Laos,2064,0.092
Laos,2065,0.066
Laos,2066,0.051
Laos,2067,0.017
Laos,2068,-0.003
Laos,2069,-0.033
Laos,2070,-0.06
Laos,2071,-0.07
Laos,2072,-0.095
Laos,2073,-0.121
Laos,2074,-0.142
Laos,2075,-0.16
Laos,2076,-0.17
Laos,2077,-0.199
Laos,2078,-0.214
Laos,2079,-0.233
Laos,2080,-0.243
Laos,2081,-0.261
Laos,2082,-0.275
Laos,2083,-0.294
Laos,2084,-0.305
Laos,2085,-0.326
Laos,2086,-0.341
Laos,2087,-0.355
Laos,2088,-0.371
Laos,2089,-0.384
Laos,2090,-0.397
Laos,2091,-0.41
Laos,2092,-0.419
Laos,2093,-0.432
Laos,2094,-0.442
Laos,2095,-0.45
Laos,2096,-0.461
Laos,2097,-0.474
Laos,2098,-0.488
Laos,2099,-0.5
Laos,2100,-0.511
Latin America and the Caribbean (UN),1950,2.569
Latin America and the Caribbean (UN),1951,2.604
Latin America and the Caribbean (UN),1952,2.628
Latin America and the Caribbean (UN),1953,2.645
Latin America and the Caribbean (UN),1954,2.669
Latin America and the Caribbean (UN),1955,2.684
Latin America and the Caribbean (UN),1956,2.704
Latin America and the Caribbean (UN),1957,2.714
Latin America and the Caribbean (UN),1958,2.719
Latin America and the Caribbean (UN),1959,2.737
Latin America and the Caribbean (UN),1960,2.746
Latin America and the Caribbean (UN),1961,2.763
Latin America and the Caribbean (UN),1962,2.755
Latin America and the Caribbean (UN),1963,2.741
Latin America and the Caribbean (UN),1964,2.712
Latin America and the Caribbean (UN),1965,2.674
Latin America and the Caribbean (UN),1966,2.63
Latin America and the Caribbean (UN),1967,2.584
Latin America and the Caribbean (UN),1968,2.535
Latin America and the Caribbean (UN),1969,2.495
Latin America and the Caribbean (UN),1970,2.439
Latin America and the Caribbean (UN),1971,2.426
Latin America and the Caribbean (UN),1972,2.399
Latin America and the Caribbean (UN),1973,2.378
Latin America and the Caribbean (UN),1974,2.341
Latin America and the Caribbean (UN),1975,2.312
Latin America and the Caribbean (UN),1976,2.281
Latin America and the Caribbean (UN),1977,2.285
Latin America and the Caribbean (UN),1978,2.264
Latin America and the Caribbean (UN),1979,2.233
Latin America and the Caribbean (UN),1980,2.202
Latin America and the Caribbean (UN),1981,2.143
Latin America and the Caribbean (UN),1982,2.133
Latin America and the Caribbean (UN),1983,2.128
Latin America and the Caribbean (UN),1984,2.089
Latin America and the Caribbean (UN),1985,2.043
Latin America and the Caribbean (UN),1986,1.996
Latin America and the Caribbean (UN),1987,1.963
Latin America and the Caribbean (UN),1988,1.934
Latin America and the Caribbean (UN),1989,1.892
Latin America and the Caribbean (UN),1990,1.875
Latin America and the Caribbean (UN),1991,1.8
Latin America and the Caribbean (UN),1992,1.785
Latin America and the Caribbean (UN),1993,1.717
Latin America and the Caribbean (UN),1994,1.69
Latin America and the Caribbean (UN),1995,1.651
Latin America and the Caribbean (UN),1996,1.608
Latin America and the Caribbean (UN),1997,1.575
Latin America and the Caribbean (UN),1998,1.562
Latin America and the Caribbean (UN),1999,1.497
Latin America and the Caribbean (UN),2000,1.423
Latin America and the Caribbean (UN),2001,1.36
Latin America and the Caribbean (UN),2002,1.315
Latin America and the Caribbean (UN),2003,1.262
Latin America and the Caribbean (UN),2004,1.231
Latin America and the Caribbean (UN),2005,1.2
Latin America and the Caribbean (UN),2006,1.175
Latin America and the Caribbean (UN),2007,1.162
Latin America and the Caribbean (UN),2008,1.137
Latin America and the Caribbean (UN),2009,1.106
Latin America and the Caribbean (UN),2010,1.066
Latin America and the Caribbean (UN),2011,1.074
Latin America and the Caribbean (UN),2012,1.044
Latin America and the Caribbean (UN),2013,1.027
Latin America and the Caribbean (UN),2014,0.996
Latin America and the Caribbean (UN),2015,0.958
Latin America and the Caribbean (UN),2016,0.93
Latin America and the Caribbean (UN),2017,0.869
Latin America and the Caribbean (UN),2018,0.846
Latin America and the Caribbean (UN),2019,0.776
Latin America and the Caribbean (UN),2020,0.632
Latin America and the Caribbean (UN),2021,0.52
Latin America and the Caribbean (UN),2022,0.675
Latin America and the Caribbean (UN),2023,0.703
Latin America and the Caribbean (UN),2024,0.681
Latin America and the Caribbean (UN),2025,0.648
Latin America and the Caribbean (UN),2026,0.62
Latin America and the Caribbean (UN),2027,0.598
Latin America and the Caribbean (UN),2028,0.572
Latin America and the Caribbean (UN),2029,0.551
Latin America and the Caribbean (UN),2030,0.529
Latin America and the Caribbean (UN),2031,0.507
Latin America and the Caribbean (UN),2032,0.484
Latin America and the Caribbean (UN),2033,0.462
Latin America and the Caribbean (UN),2034,0.441
Latin America and the Caribbean (UN),2035,0.419
Latin America and the Caribbean (UN),2036,0.395
Latin America and the Caribbean (UN),2037,0.372
Latin America and the Caribbean (UN),2038,0.35
Latin America and the Caribbean (UN),2039,0.325
Latin America and the Caribbean (UN),2040,0.302
Latin America and the Caribbean (UN),2041,0.276
Latin America and the Caribbean (UN),2042,0.252
Latin America and the Caribbean (UN),2043,0.226
Latin America and the Caribbean (UN),2044,0.203
Latin America and the Caribbean (UN),2045,0.178
Latin America and the Caribbean (UN),2046,0.155
Latin America and the Caribbean (UN),2047,0.132
Latin America and the Caribbean (UN),2048,0.11
Latin America and the Caribbean (UN),2049,0.085
Latin America and the Caribbean (UN),2050,0.066
Latin America and the Caribbean (UN),2051,0.043
Latin America and the Caribbean (UN),2052,0.023
Latin America and the Caribbean (UN),2053,0
Latin America and the Caribbean (UN),2054,-0.021
Latin America and the Caribbean (UN),2055,-0.04
Latin America and the Caribbean (UN),2056,-0.061
Latin America and the Caribbean (UN),2057,-0.081
Latin America and the Caribbean (UN),2058,-0.099
Latin America and the Caribbean (UN),2059,-0.12
Latin America and the Caribbean (UN),2060,-0.138
Latin America and the Caribbean (UN),2061,-0.156
Latin America and the Caribbean (UN),2062,-0.174
Latin America and the Caribbean (UN),2063,-0.192
Latin America and the Caribbean (UN),2064,-0.208
Latin America and the Caribbean (UN),2065,-0.227
Latin America and the Caribbean (UN),2066,-0.244
Latin America and the Caribbean (UN),2067,-0.26
Latin America and the Caribbean (UN),2068,-0.277
Latin America and the Caribbean (UN),2069,-0.293
Latin America and the Caribbean (UN),2070,-0.309
Latin America and the Caribbean (UN),2071,-0.324
Latin America and the Caribbean (UN),2072,-0.339
Latin America and the Caribbean (UN),2073,-0.355
Latin America and the Caribbean (UN),2074,-0.369
Latin America and the Caribbean (UN),2075,-0.383
Latin America and the Caribbean (UN),2076,-0.397
Latin America and the Caribbean (UN),2077,-0.412
Latin America and the Caribbean (UN),2078,-0.427
Latin America and the Caribbean (UN),2079,-0.44
Latin America and the Caribbean (UN),2080,-0.453
Latin America and the Caribbean (UN),2081,-0.466
Latin America and the Caribbean (UN),2082,-0.476
Latin America and the Caribbean (UN),2083,-0.487
Latin America and the Caribbean (UN),2084,-0.498
Latin America and the Caribbean (UN),2085,-0.51
Latin America and the Caribbean (UN),2086,-0.521
Latin America and the Caribbean (UN),2087,-0.53
Latin America and the Caribbean (UN),2088,-0.538
Latin America and the Caribbean (UN),2089,-0.547
Latin America and the Caribbean (UN),2090,-0.555
Latin America and the Caribbean (UN),2091,-0.562
Latin America and the Caribbean (UN),2092,-0.568
Latin America and the Caribbean (UN),2093,-0.577
Latin America and the Caribbean (UN),2094,-0.582
Latin America and the Caribbean (UN),2095,-0.588
Latin America and the Caribbean (UN),2096,-0.593
Latin America and the Caribbean (UN),2097,-0.596
Latin America and the Caribbean (UN),2098,-0.6
Latin America and the Caribbean (UN),2099,-0.602
Latin America and the Caribbean (UN),2100,-0.606
Latvia,1950,0.777
Latvia,1951,0.8
Latvia,1952,0.809
Latvia,1953,0.792
Latvia,1954,0.914
Latvia,1955,0.937
Latvia,1956,0.958
Latvia,1957,1.072
Latvia,1958,1.186
Latvia,1959,2.046
Latvia,1960,1.195
Latvia,1961,1.229
Latvia,1962,1.087
Latvia,1963,1.057
Latvia,1964,1.103
Latvia,1965,0.95
Latvia,1966,0.957
Latvia,1967,0.945
Latvia,1968,0.894
Latvia,1969,0.858
Latvia,1970,0.837
Latvia,1971,0.812
Latvia,1972,0.764
Latvia,1973,0.89
Latvia,1974,0.858
Latvia,1975,0.677
Latvia,1976,0.522
Latvia,1977,0.613
Latvia,1978,0.411
Latvia,1979,0.242
Latvia,1980,0.255
Latvia,1981,0.397
Latvia,1982,0.556
Latvia,1983,0.622
Latvia,1984,0.615
Latvia,1985,0.665
Latvia,1986,0.921
Latvia,1987,1.083
Latvia,1988,0.91
Latvia,1989,0.039
Latvia,1990,-0.393
Latvia,1991,-0.451
Latvia,1992,-2.153
Latvia,1993,-1.783
Latvia,1994,-1.565
Latvia,1995,-1.252
Latvia,1996,-1.016
Latvia,1997,-1.002
Latvia,1998,-0.899
Latvia,1999,-0.716
Latvia,2000,-1.178
Latvia,2001,-1.373
Latvia,2002,-0.942
Latvia,2003,-1.003
Latvia,2004,-1.178
Latvia,2005,-0.987
Latvia,2006,-0.874
Latvia,2007,-0.778
Latvia,2008,-1.332
Latvia,2009,-1.976
Latvia,2010,-2.197
Latvia,2011,-1.441
Latvia,2012,-1.029
Latvia,2013,-1.109
Latvia,2014,-0.773
Latvia,2015,-0.868
Latvia,2016,-0.962
Latvia,2017,-0.808
Latvia,2018,-0.743
Latvia,2019,-0.644
Latvia,2020,-0.734
Latvia,2021,-0.908
Latvia,2022,0.429
Latvia,2023,-0.287
Latvia,2024,-0.836
Latvia,2025,-1.132
Latvia,2026,-0.777
Latvia,2027,-0.795
Latvia,2028,-0.803
Latvia,2029,-0.818
Latvia,2030,-0.847
Latvia,2031,-0.819
Latvia,2032,-0.83
Latvia,2033,-0.822
Latvia,2034,-0.799
Latvia,2035,-0.785
Latvia,2036,-0.793
Latvia,2037,-0.777
Latvia,2038,-0.783
Latvia,2039,-0.797
Latvia,2040,-0.778
Latvia,2041,-0.792
Latvia,2042,-0.77
Latvia,2043,-0.785
Latvia,2044,-0.787
Latvia,2045,-0.815
Latvia,2046,-0.801
Latvia,2047,-0.814
Latvia,2048,-0.829
Latvia,2049,-0.841
Latvia,2050,-0.847
Latvia,2051,-0.85
Latvia,2052,-0.915
Latvia,2053,-0.933
Latvia,2054,-0.953
Latvia,2055,-0.963
Latvia,2056,-0.993
Latvia,2057,-1.007
Latvia,2058,-1.008
Latvia,2059,-1.011
Latvia,2060,-1.03
Latvia,2061,-1.015
Latvia,2062,-1.018
Latvia,2063,-1.026
Latvia,2064,-1.041
Latvia,2065,-1.048
Latvia,2066,-1.021
Latvia,2067,-1.038
Latvia,2068,-1.034
Latvia,2069,-1.009
Latvia,2070,-1.012
Latvia,2071,-1.013
Latvia,2072,-0.994
Latvia,2073,-0.996
Latvia,2074,-1.007
Latvia,2075,-1.01
Latvia,2076,-1.005
Latvia,2077,-0.997
Latvia,2078,-1.002
Latvia,2079,-1.012
Latvia,2080,-0.999
Latvia,2081,-0.99
Latvia,2082,-0.982
Latvia,2083,-0.98
Latvia,2084,-0.963
Latvia,2085,-0.944
Latvia,2086,-0.947
Latvia,2087,-0.948
Latvia,2088,-0.936
Latvia,2089,-0.932
Latvia,2090,-0.938
Latvia,2091,-0.943
Latvia,2092,-0.945
Latvia,2093,-0.944
Latvia,2094,-0.958
Latvia,2095,-0.969
Latvia,2096,-0.984
Latvia,2097,-0.987
Latvia,2098,-1.011
Latvia,2099,-1.021
Latvia,2100,-1.027
Least developed countries,1950,1.912
Least developed countries,1951,1.966
Least developed countries,1952,1.998
Least developed countries,1953,1.996
Least developed countries,1954,2.064
Least developed countries,1955,2.109
Least developed countries,1956,2.15
Least developed countries,1957,2.136
Least developed countries,1958,2.106
Least developed countries,1959,2.298
Least developed countries,1960,2.364
Least developed countries,1961,2.422
Least developed countries,1962,2.449
Least developed countries,1963,2.455
Least developed countries,1964,2.518
Least developed countries,1965,2.53
Least developed countries,1966,2.543
Least developed countries,1967,2.611
Least developed countries,1968,2.622
Least developed countries,1969,2.579
Least developed countries,1970,2.463
Least developed countries,1971,2.192
Least developed countries,1972,2.539
Least developed countries,1973,2.693
Least developed countries,1974,2.574
Least developed countries,1975,2.422
Least developed countries,1976,2.403
Least developed countries,1977,2.321
Least developed countries,1978,2.622
Least developed countries,1979,2.549
Least developed countries,1980,2.121
Least developed countries,1981,2.313
Least developed countries,1982,2.721
Least developed countries,1983,2.687
Least developed countries,1984,2.679
Least developed countries,1985,2.597
Least developed countries,1986,2.567
Least developed countries,1987,2.573
Least developed countries,1988,2.477
Least developed countries,1989,2.552
Least developed countries,1990,2.399
Least developed countries,1991,2.504
Least developed countries,1992,2.795
Least developed countries,1993,2.824
Least developed countries,1994,2.628
Least developed countries,1995,2.69
Least developed countries,1996,2.564
Least developed countries,1997,2.574
Least developed countries,1998,2.521
Least developed countries,1999,2.472
Least developed countries,2000,2.341
Least developed countries,2001,2.425
Least developed countries,2002,2.552
Least developed countries,2003,2.433
Least developed countries,2004,2.366
Least developed countries,2005,2.429
Least developed countries,2006,2.374
Least developed countries,2007,2.266
Least developed countries,2008,2.381
Least developed countries,2009,2.322
Least developed countries,2010,2.328
Least developed countries,2011,2.371
Least developed countries,2012,2.369
Least developed countries,2013,2.388
Least developed countries,2014,2.35
Least developed countries,2015,2.322
Least developed countries,2016,2.381
Least developed countries,2017,2.348
Least developed countries,2018,2.376
Least developed countries,2019,2.388
Least developed countries,2020,2.398
Least developed countries,2021,2.263
Least developed countries,2022,2.267
Least developed countries,2023,2.305
Least developed countries,2024,2.286
Least developed countries,2025,2.295
Least developed countries,2026,2.267
Least developed countries,2027,2.224
Least developed countries,2028,2.195
Least developed countries,2029,2.169
Least developed countries,2030,2.135
Least developed countries,2031,2.101
Least developed countries,2032,2.055
Least developed countries,2033,2.021
Least developed countries,2034,1.984
Least developed countries,2035,1.954
Least developed countries,2036,1.918
Least developed countries,2037,1.883
Least developed countries,2038,1.849
Least developed countries,2039,1.824
Least developed countries,2040,1.797
Least developed countries,2041,1.763
Least developed countries,2042,1.732
Least developed countries,2043,1.71
Least developed countries,2044,1.679
Least developed countries,2045,1.651
Least developed countries,2046,1.629
Least developed countries,2047,1.602
Least developed countries,2048,1.575
Least developed countries,2049,1.551
Least developed countries,2050,1.514
Least developed countries,2051,1.491
Least developed countries,2052,1.467
Least developed countries,2053,1.438
Least developed countries,2054,1.414
Least developed countries,2055,1.39
Least developed countries,2056,1.364
Least developed countries,2057,1.332
Least developed countries,2058,1.303
Least developed countries,2059,1.28
Least developed countries,2060,1.251
Least developed countries,2061,1.225
Least developed countries,2062,1.196
Least developed countries,2063,1.168
Least developed countries,2064,1.145
Least developed countries,2065,1.12
Least developed countries,2066,1.087
Least developed countries,2067,1.065
Least developed countries,2068,1.039
Least developed countries,2069,1.015
Least developed countries,2070,0.994
Least developed countries,2071,0.965
Least developed countries,2072,0.944
Least developed countries,2073,0.922
Least developed countries,2074,0.898
Least developed countries,2075,0.868
Least developed countries,2076,0.846
Least developed countries,2077,0.829
Least developed countries,2078,0.803
Least developed countries,2079,0.782
Least developed countries,2080,0.757
Least developed countries,2081,0.729
Least developed countries,2082,0.713
Least developed countries,2083,0.692
Least developed countries,2084,0.675
Least developed countries,2085,0.656
Least developed countries,2086,0.632
Least developed countries,2087,0.61
Least developed countries,2088,0.586
Least developed countries,2089,0.57
Least developed countries,2090,0.553
Least developed countries,2091,0.526
Least developed countries,2092,0.508
Least developed countries,2093,0.49
Least developed countries,2094,0.47
Least developed countries,2095,0.452
Least developed countries,2096,0.439
Least developed countries,2097,0.42
Least developed countries,2098,0.403
Least developed countries,2099,0.386
Least developed countries,2100,0.37
Lebanon,1950,2.786
Lebanon,1951,2.8
Lebanon,1952,2.816
Lebanon,1953,2.839
Lebanon,1954,2.856
Lebanon,1955,2.843
Lebanon,1956,2.876
Lebanon,1957,2.89
Lebanon,1958,2.816
Lebanon,1959,2.912
Lebanon,1960,2.927
Lebanon,1961,3.18
Lebanon,1962,3.15
Lebanon,1963,3.113
Lebanon,1964,2.912
Lebanon,1965,2.75
Lebanon,1966,2.859
Lebanon,1967,2.516
Lebanon,1968,2.813
Lebanon,1969,2.57
Lebanon,1970,2.35
Lebanon,1971,2.63
Lebanon,1972,2.491
Lebanon,1973,2.484
Lebanon,1974,2.3
Lebanon,1975,2.058
Lebanon,1976,0.409
Lebanon,1977,2.181
Lebanon,1978,2.155
Lebanon,1979,2.05
Lebanon,1980,2.213
Lebanon,1981,2.103
Lebanon,1982,0.937
Lebanon,1983,1.664
Lebanon,1984,2.03
Lebanon,1985,2.029
Lebanon,1986,3.052
Lebanon,1987,2.058
Lebanon,1988,1.984
Lebanon,1989,2.064
Lebanon,1990,1.865
Lebanon,1991,2.193
Lebanon,1992,2.041
Lebanon,1993,1.834
Lebanon,1994,1.754
Lebanon,1995,1.859
Lebanon,1996,1.845
Lebanon,1997,1.772
Lebanon,1998,1.745
Lebanon,1999,1.763
Lebanon,2000,1.688
Lebanon,2001,1.637
Lebanon,2002,1.145
Lebanon,2003,1.611
Lebanon,2004,1.623
Lebanon,2005,1.477
Lebanon,2006,1.917
Lebanon,2007,1.959
Lebanon,2008,1.372
Lebanon,2009,1.328
Lebanon,2010,0.629
Lebanon,2011,1.526
Lebanon,2012,3.852
Lebanon,2013,14.191
Lebanon,2014,6.2
Lebanon,2015,-2.201
Lebanon,2016,-2.473
Lebanon,2017,-2.751
Lebanon,2018,-3.051
Lebanon,2019,-3.392
Lebanon,2020,0.213
Lebanon,2021,0.338
Lebanon,2022,0.582
Lebanon,2023,0.426
Lebanon,2024,0.695
Lebanon,2025,0.796
Lebanon,2026,0.84
Lebanon,2027,0.835
Lebanon,2028,0.865
Lebanon,2029,0.879
Lebanon,2030,0.879
Lebanon,2031,0.888
Lebanon,2032,0.818
Lebanon,2033,0.754
Lebanon,2034,0.808
Lebanon,2035,0.736
Lebanon,2036,0.829
Lebanon,2037,0.856
Lebanon,2038,0.82
Lebanon,2039,0.801
Lebanon,2040,0.748
Lebanon,2041,0.72
Lebanon,2042,0.635
Lebanon,2043,0.542
Lebanon,2044,0.637
Lebanon,2045,0.565
Lebanon,2046,0.508
Lebanon,2047,0.573
Lebanon,2048,0.443
Lebanon,2049,0.381
Lebanon,2050,0.374
Lebanon,2051,0.374
Lebanon,2052,0.319
Lebanon,2053,0.308
Lebanon,2054,0.329
Lebanon,2055,0.304
Lebanon,2056,0.329
Lebanon,2057,0.316
Lebanon,2058,0.284
Lebanon,2059,0.28
Lebanon,2060,0.308
Lebanon,2061,0.245
Lebanon,2062,0.27
Lebanon,2063,0.235
Lebanon,2064,0.22
Lebanon,2065,0.214
Lebanon,2066,0.169
Lebanon,2067,0.176
Lebanon,2068,0.115
Lebanon,2069,0.158
Lebanon,2070,0.192
Lebanon,2071,0.169
Lebanon,2072,0.157
Lebanon,2073,0.192
Lebanon,2074,0.231
Lebanon,2075,0.083
Lebanon,2076,0.054
Lebanon,2077,0.089
Lebanon,2078,0.016
Lebanon,2079,0.03
Lebanon,2080,-0.004
Lebanon,2081,-0.015
Lebanon,2082,-0.002
Lebanon,2083,-0.085
Lebanon,2084,0.012
Lebanon,2085,-0.113
Lebanon,2086,-0.051
Lebanon,2087,-0.146
Lebanon,2088,-0.135
Lebanon,2089,-0.143
Lebanon,2090,-0.183
Lebanon,2091,-0.226
Lebanon,2092,-0.227
Lebanon,2093,-0.282
Lebanon,2094,-0.305
Lebanon,2095,-0.287
Lebanon,2096,-0.329
Lebanon,2097,-0.334
Lebanon,2098,-0.298
Lebanon,2099,-0.312
Lebanon,2100,-0.331
Lesotho,1950,1.759
Lesotho,1951,1.905
Lesotho,1952,2.012
Lesotho,1953,2.106
Lesotho,1954,2.214
Lesotho,1955,2.287
Lesotho,1956,2.367
Lesotho,1957,2.84
Lesotho,1958,2.9
Lesotho,1959,2.956
Lesotho,1960,2.984
Lesotho,1961,2.988
Lesotho,1962,2.982
Lesotho,1963,2.956
Lesotho,1964,2.932
Lesotho,1965,2.926
Lesotho,1966,3.467
Lesotho,1967,3.682
Lesotho,1968,3.649
Lesotho,1969,3.622
Lesotho,1970,3.585
Lesotho,1971,3.542
Lesotho,1972,3.494
Lesotho,1973,3.447
Lesotho,1974,3.447
Lesotho,1975,3.465
Lesotho,1976,2.96
Lesotho,1977,2.823
Lesotho,1978,2.874
Lesotho,1979,2.908
Lesotho,1980,2.914
Lesotho,1981,2.909
Lesotho,1982,2.899
Lesotho,1983,2.878
Lesotho,1984,2.85
Lesotho,1985,2.819
Lesotho,1986,2.264
Lesotho,1987,2.159
Lesotho,1988,2.076
Lesotho,1989,1.975
Lesotho,1990,1.849
Lesotho,1991,1.732
Lesotho,1992,1.595
Lesotho,1993,1.428
Lesotho,1994,1.28
Lesotho,1995,1.168
Lesotho,1996,0.972
Lesotho,1997,0.616
Lesotho,1998,0.38
Lesotho,1999,0.139
Lesotho,2000,-0.071
Lesotho,2001,-0.235
Lesotho,2002,-0.383
Lesotho,2003,-0.584
Lesotho,2004,-0.825
Lesotho,2005,-1.016
Lesotho,2006,0.196
Lesotho,2007,0.645
Lesotho,2008,0.709
Lesotho,2009,0.744
Lesotho,2010,0.801
Lesotho,2011,0.969
Lesotho,2012,1.041
Lesotho,2013,1.125
Lesotho,2014,1.156
Lesotho,2015,1.188
Lesotho,2016,1.25
Lesotho,2017,1.24
Lesotho,2018,1.201
Lesotho,2019,1.149
Lesotho,2020,1.22
Lesotho,2021,1.077
Lesotho,2022,1.084
Lesotho,2023,1.123
Lesotho,2024,1.11
Lesotho,2025,1.094
Lesotho,2026,1.095
Lesotho,2027,1.072
Lesotho,2028,1.075
Lesotho,2029,1.063
Lesotho,2030,1.044
Lesotho,2031,1.046
Lesotho,2032,1.044
Lesotho,2033,1.036
Lesotho,2034,1.026
Lesotho,2035,1.024
Lesotho,2036,1.016
Lesotho,2037,0.978
Lesotho,2038,0.962
Lesotho,2039,0.946
Lesotho,2040,0.929
Lesotho,2041,0.912
Lesotho,2042,0.889
Lesotho,2043,0.863
Lesotho,2044,0.841
Lesotho,2045,0.82
Lesotho,2046,0.8
Lesotho,2047,0.783
Lesotho,2048,0.752
Lesotho,2049,0.717
Lesotho,2050,0.686
Lesotho,2051,0.678
Lesotho,2052,0.639
Lesotho,2053,0.6
Lesotho,2054,0.562
Lesotho,2055,0.555
Lesotho,2056,0.517
Lesotho,2057,0.503
Lesotho,2058,0.481
Lesotho,2059,0.467
Lesotho,2060,0.438
Lesotho,2061,0.418
Lesotho,2062,0.399
Lesotho,2063,0.353
Lesotho,2064,0.33
Lesotho,2065,0.301
Lesotho,2066,0.299
Lesotho,2067,0.292
Lesotho,2068,0.278
Lesotho,2069,0.256
Lesotho,2070,0.238
Lesotho,2071,0.203
Lesotho,2072,0.172
Lesotho,2073,0.161
Lesotho,2074,0.153
Lesotho,2075,0.109
Lesotho,2076,0.108
Lesotho,2077,0.097
Lesotho,2078,0.076
Lesotho,2079,0.063
Lesotho,2080,0.034
Lesotho,2081,0.025
Lesotho,2082,0.008
Lesotho,2083,0
Lesotho,2084,-0.007
Lesotho,2085,-0.024
Lesotho,2086,-0.015
Lesotho,2087,-0.045
Lesotho,2088,-0.049
Lesotho,2089,-0.062
Lesotho,2090,-0.066
Lesotho,2091,-0.088
Lesotho,2092,-0.118
Lesotho,2093,-0.113
Lesotho,2094,-0.123
Lesotho,2095,-0.149
Lesotho,2096,-0.149
Lesotho,2097,-0.17
Lesotho,2098,-0.176
Lesotho,2099,-0.18
Lesotho,2100,-0.201
Less developed regions,1950,2.013
Less developed regions,1951,2.059
Less developed regions,1952,2.317
Less developed regions,1953,2.249
Less developed regions,1954,2.38
Less developed regions,1955,2.4
Less developed regions,1956,2.359
Less developed regions,1957,2.465
Less developed regions,1958,2.35
Less developed regions,1959,1.977
Less developed regions,1960,1.767
Less developed regions,1961,1.879
Less developed regions,1962,2.534
Less developed regions,1963,2.788
Less developed regions,1964,2.619
Less developed regions,1965,2.536
Less developed regions,1966,2.488
Less developed regions,1967,2.436
Less developed regions,1968,2.567
Less developed regions,1969,2.512
Less developed regions,1970,2.526
Less developed regions,1971,2.362
Less developed regions,1972,2.384
Less developed regions,1973,2.35
Less developed regions,1974,2.283
Less developed regions,1975,2.195
Less developed regions,1976,2.155
Less developed regions,1977,2.112
Less developed regions,1978,2.114
Less developed regions,1979,2.16
Less developed regions,1980,2.164
Less developed regions,1981,2.208
Less developed regions,1982,2.257
Less developed regions,1983,2.158
Less developed regions,1984,2.176
Less developed regions,1985,2.17
Less developed regions,1986,2.192
Less developed regions,1987,2.198
Less developed regions,1988,2.123
Less developed regions,1989,2.121
Less developed regions,1990,2.076
Less developed regions,1991,1.921
Less developed regions,1992,1.886
Less developed regions,1993,1.816
Less developed regions,1994,1.737
Less developed regions,1995,1.746
Less developed regions,1996,1.699
Less developed regions,1997,1.67
Less developed regions,1998,1.65
Less developed regions,1999,1.607
Less developed regions,2000,1.603
Less developed regions,2001,1.566
Less developed regions,2002,1.504
Less developed regions,2003,1.501
Less developed regions,2004,1.488
Less developed regions,2005,1.48
Less developed regions,2006,1.479
Less developed regions,2007,1.459
Less developed regions,2008,1.464
Less developed regions,2009,1.47
Less developed regions,2010,1.455
Less developed regions,2011,1.439
Less developed regions,2012,1.456
Less developed regions,2013,1.412
Less developed regions,2014,1.387
Less developed regions,2015,1.329
Less developed regions,2016,1.311
Less developed regions,2017,1.271
Less developed regions,2018,1.208
Less developed regions,2019,1.165
Less developed regions,2020,1.081
Less developed regions,2021,0.961
Less developed regions,2022,1.046
Less developed regions,2023,1.009
Less developed regions,2024,0.998
Less developed regions,2025,0.983
Less developed regions,2026,0.974
Less developed regions,2027,0.954
Less developed regions,2028,0.935
Less developed regions,2029,0.917
Less developed regions,2030,0.9
Less developed regions,2031,0.882
Less developed regions,2032,0.863
Less developed regions,2033,0.844
Less developed regions,2034,0.826
Less developed regions,2035,0.809
Less developed regions,2036,0.79
Less developed regions,2037,0.771
Less developed regions,2038,0.752
Less developed regions,2039,0.734
Less developed regions,2040,0.715
Less developed regions,2041,0.695
Less developed regions,2042,0.675
Less developed regions,2043,0.656
Less developed regions,2044,0.636
Less developed regions,2045,0.614
Less developed regions,2046,0.593
Less developed regions,2047,0.571
Less developed regions,2048,0.549
Less developed regions,2049,0.528
Less developed regions,2050,0.505
Less developed regions,2051,0.483
Less developed regions,2052,0.462
Less developed regions,2053,0.442
Less developed regions,2054,0.421
Less developed regions,2055,0.403
Less developed regions,2056,0.384
Less developed regions,2057,0.366
Less developed regions,2058,0.348
Less developed regions,2059,0.333
Less developed regions,2060,0.317
Less developed regions,2061,0.302
Less developed regions,2062,0.289
Less developed regions,2063,0.275
Less developed regions,2064,0.263
Less developed regions,2065,0.251
Less developed regions,2066,0.238
Less developed regions,2067,0.225
Less developed regions,2068,0.213
Less developed regions,2069,0.2
Less developed regions,2070,0.188
Less developed regions,2071,0.175
Less developed regions,2072,0.162
Less developed regions,2073,0.149
Less developed regions,2074,0.136
Less developed regions,2075,0.121
Less developed regions,2076,0.107
Less developed regions,2077,0.095
Less developed regions,2078,0.08
Less developed regions,2079,0.067
Less developed regions,2080,0.054
Less developed regions,2081,0.04
Less developed regions,2082,0.03
Less developed regions,2083,0.018
Less developed regions,2084,0.008
Less developed regions,2085,-0.002
Less developed regions,2086,-0.012
Less developed regions,2087,-0.022
Less developed regions,2088,-0.032
Less developed regions,2089,-0.04
Less developed regions,2090,-0.048
Less developed regions,2091,-0.057
Less developed regions,2092,-0.066
Less developed regions,2093,-0.075
Less developed regions,2094,-0.083
Less developed regions,2095,-0.092
Less developed regions,2096,-0.099
Less developed regions,2097,-0.108
Less developed regions,2098,-0.115
Less developed regions,2099,-0.123
Less developed regions,2100,-0.13
"Less developed regions, excluding China",1950,2.11
"Less developed regions, excluding China",1951,2.191
"Less developed regions, excluding China",1952,2.31
"Less developed regions, excluding China",1953,2.331
"Less developed regions, excluding China",1954,2.428
"Less developed regions, excluding China",1955,2.458
"Less developed regions, excluding China",1956,2.506
"Less developed regions, excluding China",1957,2.479
"Less developed regions, excluding China",1958,2.523
"Less developed regions, excluding China",1959,2.567
"Less developed regions, excluding China",1960,2.571
"Less developed regions, excluding China",1961,2.571
"Less developed regions, excluding China",1962,2.573
"Less developed regions, excluding China",1963,2.58
"Less developed regions, excluding China",1964,2.57
"Less developed regions, excluding China",1965,2.465
"Less developed regions, excluding China",1966,2.472
"Less developed regions, excluding China",1967,2.509
"Less developed regions, excluding China",1968,2.477
"Less developed regions, excluding China",1969,2.465
"Less developed regions, excluding China",1970,2.479
"Less developed regions, excluding China",1971,2.357
"Less developed regions, excluding China",1972,2.457
"Less developed regions, excluding China",1973,2.465
"Less developed regions, excluding China",1974,2.466
"Less developed regions, excluding China",1975,2.457
"Less developed regions, excluding China",1976,2.45
"Less developed regions, excluding China",1977,2.448
"Less developed regions, excluding China",1978,2.452
"Less developed regions, excluding China",1979,2.479
"Less developed regions, excluding China",1980,2.47
"Less developed regions, excluding China",1981,2.504
"Less developed regions, excluding China",1982,2.51
"Less developed regions, excluding China",1983,2.479
"Less developed regions, excluding China",1984,2.465
"Less developed regions, excluding China",1985,2.42
"Less developed regions, excluding China",1986,2.397
"Less developed regions, excluding China",1987,2.368
"Less developed regions, excluding China",1988,2.318
"Less developed regions, excluding China",1989,2.301
"Less developed regions, excluding China",1990,2.217
"Less developed regions, excluding China",1991,2.194
"Less developed regions, excluding China",1992,2.18
"Less developed regions, excluding China",1993,2.118
"Less developed regions, excluding China",1994,2.042
"Less developed regions, excluding China",1995,2.058
"Less developed regions, excluding China",1996,2.01
"Less developed regions, excluding China",1997,1.989
"Less developed regions, excluding China",1998,1.969
"Less developed regions, excluding China",1999,1.921
"Less developed regions, excluding China",2000,1.899
"Less developed regions, excluding China",2001,1.879
"Less developed regions, excluding China",2002,1.816
"Less developed regions, excluding China",2003,1.813
"Less developed regions, excluding China",2004,1.794
"Less developed regions, excluding China",2005,1.763
"Less developed regions, excluding China",2006,1.772
"Less developed regions, excluding China",2007,1.743
"Less developed regions, excluding China",2008,1.736
"Less developed regions, excluding China",2009,1.722
"Less developed regions, excluding China",2010,1.707
"Less developed regions, excluding China",2011,1.695
"Less developed regions, excluding China",2012,1.678
"Less developed regions, excluding China",2013,1.648
"Less developed regions, excluding China",2014,1.611
"Less developed regions, excluding China",2015,1.569
"Less developed regions, excluding China",2016,1.522
"Less developed regions, excluding China",2017,1.478
"Less developed regions, excluding China",2018,1.454
"Less developed regions, excluding China",2019,1.422
"Less developed regions, excluding China",2020,1.362
"Less developed regions, excluding China",2021,1.246
"Less developed regions, excluding China",2022,1.372
"Less developed regions, excluding China",2023,1.348
"Less developed regions, excluding China",2024,1.326
"Less developed regions, excluding China",2025,1.303
"Less developed regions, excluding China",2026,1.284
"Less developed regions, excluding China",2027,1.26
"Less developed regions, excluding China",2028,1.237
"Less developed regions, excluding China",2029,1.216
"Less developed regions, excluding China",2030,1.194
"Less developed regions, excluding China",2031,1.174
"Less developed regions, excluding China",2032,1.15
"Less developed regions, excluding China",2033,1.128
"Less developed regions, excluding China",2034,1.106
"Less developed regions, excluding China",2035,1.085
"Less developed regions, excluding China",2036,1.063
"Less developed regions, excluding China",2037,1.039
"Less developed regions, excluding China",2038,1.016
"Less developed regions, excluding China",2039,0.994
"Less developed regions, excluding China",2040,0.972
"Less developed regions, excluding China",2041,0.948
"Less developed regions, excluding China",2042,0.924
"Less developed regions, excluding China",2043,0.902
"Less developed regions, excluding China",2044,0.879
"Less developed regions, excluding China",2045,0.857
"Less developed regions, excluding China",2046,0.835
"Less developed regions, excluding China",2047,0.812
"Less developed regions, excluding China",2048,0.79
"Less developed regions, excluding China",2049,0.769
"Less developed regions, excluding China",2050,0.746
"Less developed regions, excluding China",2051,0.725
"Less developed regions, excluding China",2052,0.705
"Less developed regions, excluding China",2053,0.685
"Less developed regions, excluding China",2054,0.665
"Less developed regions, excluding China",2055,0.647
"Less developed regions, excluding China",2056,0.628
"Less developed regions, excluding China",2057,0.608
"Less developed regions, excluding China",2058,0.589
"Less developed regions, excluding China",2059,0.572
"Less developed regions, excluding China",2060,0.554
"Less developed regions, excluding China",2061,0.535
"Less developed regions, excluding China",2062,0.517
"Less developed regions, excluding China",2063,0.5
"Less developed regions, excluding China",2064,0.484
"Less developed regions, excluding China",2065,0.466
"Less developed regions, excluding China",2066,0.448
"Less developed regions, excluding China",2067,0.431
"Less developed regions, excluding China",2068,0.414
"Less developed regions, excluding China",2069,0.396
"Less developed regions, excluding China",2070,0.38
"Less developed regions, excluding China",2071,0.363
"Less developed regions, excluding China",2072,0.347
"Less developed regions, excluding China",2073,0.331
"Less developed regions, excluding China",2074,0.315
"Less developed regions, excluding China",2075,0.297
"Less developed regions, excluding China",2076,0.282
"Less developed regions, excluding China",2077,0.267
"Less developed regions, excluding China",2078,0.251
"Less developed regions, excluding China",2079,0.236
"Less developed regions, excluding China",2080,0.222
"Less developed regions, excluding China",2081,0.205
"Less developed regions, excluding China",2082,0.193
"Less developed regions, excluding China",2083,0.179
"Less developed regions, excluding China",2084,0.167
"Less developed regions, excluding China",2085,0.154
"Less developed regions, excluding China",2086,0.141
"Less developed regions, excluding China",2087,0.128
"Less developed regions, excluding China",2088,0.114
"Less developed regions, excluding China",2089,0.104
"Less developed regions, excluding China",2090,0.092
"Less developed regions, excluding China",2091,0.08
"Less developed regions, excluding China",2092,0.069
"Less developed regions, excluding China",2093,0.058
"Less developed regions, excluding China",2094,0.047
"Less developed regions, excluding China",2095,0.036
"Less developed regions, excluding China",2096,0.027
"Less developed regions, excluding China",2097,0.017
"Less developed regions, excluding China",2098,0.007
"Less developed regions, excluding China",2099,-0.002
"Less developed regions, excluding China",2100,-0.011
"Less developed regions, excluding least developed countries",1950,2.027
"Less developed regions, excluding least developed countries",1951,2.072
"Less developed regions, excluding least developed countries",1952,2.36
"Less developed regions, excluding least developed countries",1953,2.282
"Less developed regions, excluding least developed countries",1954,2.422
"Less developed regions, excluding least developed countries",1955,2.438
"Less developed regions, excluding least developed countries",1956,2.387
"Less developed regions, excluding least developed countries",1957,2.508
"Less developed regions, excluding least developed countries",1958,2.382
"Less developed regions, excluding least developed countries",1959,1.934
"Less developed regions, excluding least developed countries",1960,1.688
"Less developed regions, excluding least developed countries",1961,1.807
"Less developed regions, excluding least developed countries",1962,2.545
"Less developed regions, excluding least developed countries",1963,2.832
"Less developed regions, excluding least developed countries",1964,2.632
"Less developed regions, excluding least developed countries",1965,2.537
"Less developed regions, excluding least developed countries",1966,2.48
"Less developed regions, excluding least developed countries",1967,2.412
"Less developed regions, excluding least developed countries",1968,2.56
"Less developed regions, excluding least developed countries",1969,2.504
"Less developed regions, excluding least developed countries",1970,2.535
"Less developed regions, excluding least developed countries",1971,2.385
"Less developed regions, excluding least developed countries",1972,2.363
"Less developed regions, excluding least developed countries",1973,2.305
"Less developed regions, excluding least developed countries",1974,2.244
"Less developed regions, excluding least developed countries",1975,2.165
"Less developed regions, excluding least developed countries",1976,2.122
"Less developed regions, excluding least developed countries",1977,2.083
"Less developed regions, excluding least developed countries",1978,2.045
"Less developed regions, excluding least developed countries",1979,2.107
"Less developed regions, excluding least developed countries",1980,2.17
"Less developed regions, excluding least developed countries",1981,2.193
"Less developed regions, excluding least developed countries",1982,2.194
"Less developed regions, excluding least developed countries",1983,2.085
"Less developed regions, excluding least developed countries",1984,2.107
"Less developed regions, excluding least developed countries",1985,2.111
"Less developed regions, excluding least developed countries",1986,2.14
"Less developed regions, excluding least developed countries",1987,2.145
"Less developed regions, excluding least developed countries",1988,2.073
"Less developed regions, excluding least developed countries",1989,2.06
"Less developed regions, excluding least developed countries",1990,2.03
"Less developed regions, excluding least developed countries",1991,1.838
"Less developed regions, excluding least developed countries",1992,1.755
"Less developed regions, excluding least developed countries",1993,1.669
"Less developed regions, excluding least developed countries",1994,1.606
"Less developed regions, excluding least developed countries",1995,1.606
"Less developed regions, excluding least developed countries",1996,1.569
"Less developed regions, excluding least developed countries",1997,1.533
"Less developed regions, excluding least developed countries",1998,1.517
"Less developed regions, excluding least developed countries",1999,1.472
"Less developed regions, excluding least developed countries",2000,1.487
"Less developed regions, excluding least developed countries",2001,1.431
"Less developed regions, excluding least developed countries",2002,1.336
"Less developed regions, excluding least developed countries",2003,1.35
"Less developed regions, excluding least developed countries",2004,1.345
"Less developed regions, excluding least developed countries",2005,1.323
"Less developed regions, excluding least developed countries",2006,1.329
"Less developed regions, excluding least developed countries",2007,1.323
"Less developed regions, excluding least developed countries",2008,1.308
"Less developed regions, excluding least developed countries",2009,1.323
"Less developed regions, excluding least developed countries",2010,1.303
"Less developed regions, excluding least developed countries",2011,1.276
"Less developed regions, excluding least developed countries",2012,1.294
"Less developed regions, excluding least developed countries",2013,1.237
"Less developed regions, excluding least developed countries",2014,1.212
"Less developed regions, excluding least developed countries",2015,1.146
"Less developed regions, excluding least developed countries",2016,1.113
"Less developed regions, excluding least developed countries",2017,1.069
"Less developed regions, excluding least developed countries",2018,0.986
"Less developed regions, excluding least developed countries",2019,0.928
"Less developed regions, excluding least developed countries",2020,0.823
"Less developed regions, excluding least developed countries",2021,0.701
"Less developed regions, excluding least developed countries",2022,0.799
"Less developed regions, excluding least developed countries",2023,0.743
"Less developed regions, excluding least developed countries",2024,0.729
"Less developed regions, excluding least developed countries",2025,0.704
"Less developed regions, excluding least developed countries",2026,0.695
"Less developed regions, excluding least developed countries",2027,0.676
"Less developed regions, excluding least developed countries",2028,0.654
"Less developed regions, excluding least developed countries",2029,0.635
"Less developed regions, excluding least developed countries",2030,0.616
"Less developed regions, excluding least developed countries",2031,0.598
"Less developed regions, excluding least developed countries",2032,0.581
"Less developed regions, excluding least developed countries",2033,0.562
"Less developed regions, excluding least developed countries",2034,0.545
"Less developed regions, excluding least developed countries",2035,0.526
"Less developed regions, excluding least developed countries",2036,0.508
"Less developed regions, excluding least developed countries",2037,0.489
"Less developed regions, excluding least developed countries",2038,0.47
"Less developed regions, excluding least developed countries",2039,0.45
"Less developed regions, excluding least developed countries",2040,0.429
"Less developed regions, excluding least developed countries",2041,0.409
"Less developed regions, excluding least developed countries",2042,0.387
"Less developed regions, excluding least developed countries",2043,0.366
"Less developed regions, excluding least developed countries",2044,0.344
"Less developed regions, excluding least developed countries",2045,0.321
"Less developed regions, excluding least developed countries",2046,0.296
"Less developed regions, excluding least developed countries",2047,0.272
"Less developed regions, excluding least developed countries",2048,0.247
"Less developed regions, excluding least developed countries",2049,0.222
"Less developed regions, excluding least developed countries",2050,0.2
"Less developed regions, excluding least developed countries",2051,0.174
"Less developed regions, excluding least developed countries",2052,0.15
"Less developed regions, excluding least developed countries",2053,0.128
"Less developed regions, excluding least developed countries",2054,0.105
"Less developed regions, excluding least developed countries",2055,0.084
"Less developed regions, excluding least developed countries",2056,0.064
"Less developed regions, excluding least developed countries",2057,0.045
"Less developed regions, excluding least developed countries",2058,0.028
"Less developed regions, excluding least developed countries",2059,0.01
"Less developed regions, excluding least developed countries",2060,-0.004
"Less developed regions, excluding least developed countries",2061,-0.019
"Less developed regions, excluding least developed countries",2062,-0.032
"Less developed regions, excluding least developed countries",2063,-0.043
"Less developed regions, excluding least developed countries",2064,-0.055
"Less developed regions, excluding least developed countries",2065,-0.068
"Less developed regions, excluding least developed countries",2066,-0.077
"Less developed regions, excluding least developed countries",2067,-0.09
"Less developed regions, excluding least developed countries",2068,-0.1
"Less developed regions, excluding least developed countries",2069,-0.112
"Less developed regions, excluding least developed countries",2070,-0.124
"Less developed regions, excluding least developed countries",2071,-0.134
"Less developed regions, excluding least developed countries",2072,-0.148
"Less developed regions, excluding least developed countries",2073,-0.16
"Less developed regions, excluding least developed countries",2074,-0.173
"Less developed regions, excluding least developed countries",2075,-0.185
"Less developed regions, excluding least developed countries",2076,-0.198
"Less developed regions, excluding least developed countries",2077,-0.212
"Less developed regions, excluding least developed countries",2078,-0.225
"Less developed regions, excluding least developed countries",2079,-0.237
"Less developed regions, excluding least developed countries",2080,-0.248
"Less developed regions, excluding least developed countries",2081,-0.259
"Less developed regions, excluding least developed countries",2082,-0.27
"Less developed regions, excluding least developed countries",2083,-0.281
"Less developed regions, excluding least developed countries",2084,-0.291
"Less developed regions, excluding least developed countries",2085,-0.299
"Less developed regions, excluding least developed countries",2086,-0.306
"Less developed regions, excluding least developed countries",2087,-0.314
"Less developed regions, excluding least developed countries",2088,-0.32
"Less developed regions, excluding least developed countries",2089,-0.326
"Less developed regions, excluding least developed countries",2090,-0.333
"Less developed regions, excluding least developed countries",2091,-0.336
"Less developed regions, excluding least developed countries",2092,-0.342
"Less developed regions, excluding least developed countries",2093,-0.349
"Less developed regions, excluding least developed countries",2094,-0.355
"Less developed regions, excluding least developed countries",2095,-0.36
"Less developed regions, excluding least developed countries",2096,-0.367
"Less developed regions, excluding least developed countries",2097,-0.373
"Less developed regions, excluding least developed countries",2098,-0.378
"Less developed regions, excluding least developed countries",2099,-0.383
"Less developed regions, excluding least developed countries",2100,-0.388
Liberia,1950,1.844
Liberia,1951,1.929
Liberia,1952,1.997
Liberia,1953,2.025
Liberia,1954,2.117
Liberia,1955,2.183
Liberia,1956,2.245
Liberia,1957,2.283
Liberia,1958,2.238
Liberia,1959,2.365
Liberia,1960,2.423
Liberia,1961,2.465
Liberia,1962,2.495
Liberia,1963,2.516
Liberia,1964,2.525
Liberia,1965,2.559
Liberia,1966,2.523
Liberia,1967,2.554
Liberia,1968,2.547
Liberia,1969,2.564
Liberia,1970,2.556
Liberia,1971,2.481
Liberia,1972,2.585
Liberia,1973,2.65
Liberia,1974,2.68
Liberia,1975,2.724
Liberia,1976,2.724
Liberia,1977,2.896
Liberia,1978,2.932
Liberia,1979,2.97
Liberia,1980,2.979
Liberia,1981,2.907
Liberia,1982,2.868
Liberia,1983,3.105
Liberia,1984,3.082
Liberia,1985,3.012
Liberia,1986,2.966
Liberia,1987,2.902
Liberia,1988,2.879
Liberia,1989,2.836
Liberia,1990,-29.891
Liberia,1991,6.415
Liberia,1992,5.136
Liberia,1993,2.734
Liberia,1994,-3.224
Liberia,1995,4.97
Liberia,1996,0.828
Liberia,1997,14.236
Liberia,1998,6.419
Liberia,1999,4.671
Liberia,2000,2.77
Liberia,2001,3.096
Liberia,2002,2.118
Liberia,2003,-0.514
Liberia,2004,2.875
Liberia,2005,5.985
Liberia,2006,5.216
Liberia,2007,4.756
Liberia,2008,3.388
Liberia,2009,2.907
Liberia,2010,2.885
Liberia,2011,4.916
Liberia,2012,2.201
Liberia,2013,2.195
Liberia,2014,1.972
Liberia,2015,2.153
Liberia,2016,1.936
Liberia,2017,1.95
Liberia,2018,1.962
Liberia,2019,2.002
Liberia,2020,2.147
Liberia,2021,2.076
Liberia,2022,2.21
Liberia,2023,2.198
Liberia,2024,2.118
Liberia,2025,2.058
Liberia,2026,2.179
Liberia,2027,2.308
Liberia,2028,2.056
Liberia,2029,2.032
Liberia,2030,1.815
Liberia,2031,1.933
Liberia,2032,1.96
Liberia,2033,1.952
Liberia,2034,1.831
Liberia,2035,1.912
Liberia,2036,2.011
Liberia,2037,1.776
Liberia,2038,1.764
Liberia,2039,1.894
Liberia,2040,1.685
Liberia,2041,1.808
Liberia,2042,1.67
Liberia,2043,1.4
Liberia,2044,1.474
Liberia,2045,1.35
Liberia,2046,1.475
Liberia,2047,1.426
Liberia,2048,1.406
Liberia,2049,1.385
Liberia,2050,1.207
Liberia,2051,1.238
Liberia,2052,1.211
Liberia,2053,1.257
Liberia,2054,1.106
Liberia,2055,1.225
Liberia,2056,1.252
Liberia,2057,1.143
Liberia,2058,1.037
Liberia,2059,1.311
Liberia,2060,1.074
Liberia,2061,1.056
Liberia,2062,1.036
Liberia,2063,1.001
Liberia,2064,0.912
Liberia,2065,0.977
Liberia,2066,0.857
Liberia,2067,0.962
Liberia,2068,0.763
Liberia,2069,0.865
Liberia,2070,0.805
Liberia,2071,0.896
Liberia,2072,0.755
Liberia,2073,0.84
Liberia,2074,0.887
Liberia,2075,0.736
Liberia,2076,0.758
Liberia,2077,0.66
Liberia,2078,0.636
Liberia,2079,0.652
Liberia,2080,0.649
Liberia,2081,0.558
Liberia,2082,0.34
Liberia,2083,0.447
Liberia,2084,0.392
Liberia,2085,0.532
Liberia,2086,0.509
Liberia,2087,0.281
Liberia,2088,0.254
Liberia,2089,0.418
Liberia,2090,0.356
Liberia,2091,0.202
Liberia,2092,0.195
Liberia,2093,0.297
Liberia,2094,0.203
Liberia,2095,0.196
Liberia,2096,0.258
Liberia,2097,0.225
Liberia,2098,0.148
Liberia,2099,0.099
Liberia,2100,0.189
Libya,1950,1.101
Libya,1951,1.344
Libya,1952,1.616
Libya,1953,1.93
Libya,1954,2.229
Libya,1955,3.179
Libya,1956,3.406
Libya,1957,3.62
Libya,1958,3.815
Libya,1959,3.969
Libya,1960,4.083
Libya,1961,4.158
Libya,1962,4.184
Libya,1963,4.091
Libya,1964,3.269
Libya,1965,2.402
Libya,1966,2.529
Libya,1967,2.714
Libya,1968,2.953
Libya,1969,3.245
Libya,1970,3.42
Libya,1971,3.282
Libya,1972,3.345
Libya,1973,4.398
Libya,1974,5.522
Libya,1975,5.617
Libya,1976,5.696
Libya,1977,5.75
Libya,1978,5.779
Libya,1979,5.762
Libya,1980,5.689
Libya,1981,5.509
Libya,1982,0.191
Libya,1983,-0.504
Libya,1984,3.394
Libya,1985,3.133
Libya,1986,2.867
Libya,1987,2.652
Libya,1988,2.514
Libya,1989,2.39
Libya,1990,2.268
Libya,1991,2.145
Libya,1992,2.035
Libya,1993,1.922
Libya,1994,1.805
Libya,1995,1.683
Libya,1996,1.574
Libya,1997,1.5
Libya,1998,1.481
Libya,1999,1.505
Libya,2000,1.799
Libya,2001,1.884
Libya,2002,1.956
Libya,2003,2.033
Libya,2004,2.098
Libya,2005,2.114
Libya,2006,1.99
Libya,2007,2.119
Libya,2008,2.129
Libya,2009,2.038
Libya,2010,2.04
Libya,2011,-6.968
Libya,2012,1.846
Libya,2013,2.166
Libya,2014,1.691
Libya,2015,1.538
Libya,2016,1.511
Libya,2017,1.678
Libya,2018,1.569
Libya,2019,1.388
Libya,2020,1.309
Libya,2021,1.224
Libya,2022,1.245
Libya,2023,1.01
Libya,2024,1.043
Libya,2025,1.047
Libya,2026,1.121
Libya,2027,1.19
Libya,2028,1.139
Libya,2029,1.061
Libya,2030,1.07
Libya,2031,1.032
Libya,2032,0.951
Libya,2033,0.981
Libya,2034,0.977
Libya,2035,0.899
Libya,2036,0.868
Libya,2037,0.9
Libya,2038,0.868
Libya,2039,0.847
Libya,2040,0.814
Libya,2041,0.756
Libya,2042,0.775
Libya,2043,0.762
Libya,2044,0.715
Libya,2045,0.713
Libya,2046,0.613
Libya,2047,0.594
Libya,2048,0.625
Libya,2049,0.563
Libya,2050,0.563
Libya,2051,0.514
Libya,2052,0.524
Libya,2053,0.479
Libya,2054,0.465
Libya,2055,0.341
Libya,2056,0.26
Libya,2057,0.324
Libya,2058,0.284
Libya,2059,0.303
Libya,2060,0.2
Libya,2061,0.216
Libya,2062,0.227
Libya,2063,0.114
Libya,2064,0.227
Libya,2065,0.201
Libya,2066,0.179
Libya,2067,0.127
Libya,2068,0.201
Libya,2069,0.19
Libya,2070,0.174
Libya,2071,0.119
Libya,2072,0.218
Libya,2073,0.159
Libya,2074,0.112
Libya,2075,0.122
Libya,2076,0.129
Libya,2077,0.057
Libya,2078,0.042
Libya,2079,0.128
Libya,2080,0.1
Libya,2081,0.122
Libya,2082,0.085
Libya,2083,0.036
Libya,2084,0.066
Libya,2085,0.064
Libya,2086,0.004
Libya,2087,-0.036
Libya,2088,-0.107
Libya,2089,-0.104
Libya,2090,-0.162
Libya,2091,-0.09
Libya,2092,-0.147
Libya,2093,-0.154
Libya,2094,-0.116
Libya,2095,-0.117
Libya,2096,-0.169
Libya,2097,-0.203
Libya,2098,-0.214
Libya,2099,-0.181
Libya,2100,-0.196
Liechtenstein,1950,1.78
Liechtenstein,1951,1.622
Liechtenstein,1952,1.603
Liechtenstein,1953,1.728
Liechtenstein,1954,1.652
Liechtenstein,1955,1.804
Liechtenstein,1956,1.817
Liechtenstein,1957,2.034
Liechtenstein,1958,1.999
Liechtenstein,1959,1.93
Liechtenstein,1960,1.995
Liechtenstein,1961,2.426
Liechtenstein,1962,2.42
Liechtenstein,1963,2.463
Liechtenstein,1964,2.497
Liechtenstein,1965,2.489
Liechtenstein,1966,2.434
Liechtenstein,1967,2.619
Liechtenstein,1968,2.694
Liechtenstein,1969,2.628
Liechtenstein,1970,2.37
Liechtenstein,1971,1.852
Liechtenstein,1972,1.805
Liechtenstein,1973,1.84
Liechtenstein,1974,1.75
Liechtenstein,1975,1.686
Liechtenstein,1976,1.645
Liechtenstein,1977,1.589
Liechtenstein,1978,1.528
Liechtenstein,1979,1.517
Liechtenstein,1980,1.439
Liechtenstein,1981,1.504
Liechtenstein,1982,1.501
Liechtenstein,1983,1.498
Liechtenstein,1984,1.446
Liechtenstein,1985,1.403
Liechtenstein,1986,1.358
Liechtenstein,1987,1.362
Liechtenstein,1988,1.418
Liechtenstein,1989,1.297
Liechtenstein,1990,1.18
Liechtenstein,1991,1.506
Liechtenstein,1992,1.511
Liechtenstein,1993,1.472
Liechtenstein,1994,1.366
Liechtenstein,1995,1.437
Liechtenstein,1996,1.373
Liechtenstein,1997,1.323
Liechtenstein,1998,1.278
Liechtenstein,1999,1.247
Liechtenstein,2000,1.099
Liechtenstein,2001,0.891
Liechtenstein,2002,0.886
Liechtenstein,2003,0.987
Liechtenstein,2004,0.933
Liechtenstein,2005,0.816
Liechtenstein,2006,0.821
Liechtenstein,2007,0.608
Liechtenstein,2008,0.624
Liechtenstein,2009,0.913
Liechtenstein,2010,0.658
Liechtenstein,2011,0.841
Liechtenstein,2012,0.948
Liechtenstein,2013,0.764
Liechtenstein,2014,0.6
Liechtenstein,2015,0.674
Liechtenstein,2016,0.473
Liechtenstein,2017,0.774
Liechtenstein,2018,0.69
Liechtenstein,2019,0.937
Liechtenstein,2020,0.758
Liechtenstein,2021,0.666
Liechtenstein,2022,0.727
Liechtenstein,2023,0.697
Liechtenstein,2024,0.672
Liechtenstein,2025,0.618
Liechtenstein,2026,0.575
Liechtenstein,2027,0.544
Liechtenstein,2028,0.512
Liechtenstein,2029,0.468
Liechtenstein,2030,0.466
Liechtenstein,2031,0.452
Liechtenstein,2032,0.392
Liechtenstein,2033,0.357
Liechtenstein,2034,0.337
Liechtenstein,2035,0.319
Liechtenstein,2036,0.28
Liechtenstein,2037,0.244
Liechtenstein,2038,0.26
Liechtenstein,2039,0.212
Liechtenstein,2040,0.193
Liechtenstein,2041,0.199
Liechtenstein,2042,0.143
Liechtenstein,2043,0.161
Liechtenstein,2044,0.112
Liechtenstein,2045,0.11
Liechtenstein,2046,0.107
Liechtenstein,2047,0.063
Liechtenstein,2048,0.065
Liechtenstein,2049,0.047
Liechtenstein,2050,0.03
Liechtenstein,2051,0.053
Liechtenstein,2052,0.014
Liechtenstein,2053,0.023
Liechtenstein,2054,0
Liechtenstein,2055,-0.039
Liechtenstein,2056,0.002
Liechtenstein,2057,0.021
Liechtenstein,2058,-0.019
Liechtenstein,2059,0.002
Liechtenstein,2060,-0.03
Liechtenstein,2061,0
Liechtenstein,2062,-0.021
Liechtenstein,2063,-0.021
Liechtenstein,2064,0.023
Liechtenstein,2065,-0.007
Liechtenstein,2066,-0.023
Liechtenstein,2067,-0.002
Liechtenstein,2068,0.019
Liechtenstein,2069,-0.007
Liechtenstein,2070,0.012
Liechtenstein,2071,0.03
Liechtenstein,2072,0.021
Liechtenstein,2073,0.033
Liechtenstein,2074,0.042
Liechtenstein,2075,0.051
Liechtenstein,2076,0.104
Liechtenstein,2077,0.065
Liechtenstein,2078,0.069
Liechtenstein,2079,0.067
Liechtenstein,2080,0.067
Liechtenstein,2081,0.06
Liechtenstein,2082,0.025
Liechtenstein,2083,0.081
Liechtenstein,2084,0.069
Liechtenstein,2085,0.062
Liechtenstein,2086,0.076
Liechtenstein,2087,0.039
Liechtenstein,2088,0.076
Liechtenstein,2089,0.044
Liechtenstein,2090,0.046
Liechtenstein,2091,0.034
Liechtenstein,2092,0.062
Liechtenstein,2093,0.03
Liechtenstein,2094,-0.021
Liechtenstein,2095,0.044
Liechtenstein,2096,0.03
Liechtenstein,2097,0.007
Liechtenstein,2098,0.005
Liechtenstein,2099,0.023
Liechtenstein,2100,-0.009
Lithuania,1950,1.016
Lithuania,1951,1.095
Lithuania,1952,1.136
Lithuania,1953,1.16
Lithuania,1954,1.178
Lithuania,1955,1.213
Lithuania,1956,1.258
Lithuania,1957,1.364
Lithuania,1958,1.43
Lithuania,1959,1.806
Lithuania,1960,1.577
Lithuania,1961,1.541
Lithuania,1962,1.333
Lithuania,1963,1.298
Lithuania,1964,1.299
Lithuania,1965,1.173
Lithuania,1966,1.18
Lithuania,1967,1.141
Lithuania,1968,1.144
Lithuania,1969,1.004
Lithuania,1970,1.076
Lithuania,1971,1.134
Lithuania,1972,1.013
Lithuania,1973,0.933
Lithuania,1974,0.922
Lithuania,1975,0.869
Lithuania,1976,0.873
Lithuania,1977,0.845
Lithuania,1978,0.749
Lithuania,1979,0.705
Lithuania,1980,0.681
Lithuania,1981,0.707
Lithuania,1982,0.751
Lithuania,1983,0.843
Lithuania,1984,0.787
Lithuania,1985,0.806
Lithuania,1986,0.948
Lithuania,1987,0.912
Lithuania,1988,1.565
Lithuania,1989,-0.285
Lithuania,1990,0.226
Lithuania,1991,0.12
Lithuania,1992,-0.329
Lithuania,1993,-0.612
Lithuania,1994,-0.768
Lithuania,1995,-0.762
Lithuania,1996,-0.751
Lithuania,1997,-0.716
Lithuania,1998,-0.724
Lithuania,1999,-0.683
Lithuania,2000,-0.599
Lithuania,2001,-0.974
Lithuania,2002,-0.699
Lithuania,2003,-0.98
Lithuania,2004,-1.293
Lithuania,2005,-1.962
Lithuania,2006,-1.215
Lithuania,2007,-1.15
Lithuania,2008,-0.895
Lithuania,2009,-1.322
Lithuania,2010,-2.881
Lithuania,2011,-1.615
Lithuania,2012,-1.061
Lithuania,2013,-0.954
Lithuania,2014,-0.756
Lithuania,2015,-1.123
Lithuania,2016,-1.417
Lithuania,2017,-1.376
Lithuania,2018,-0.526
Lithuania,2019,-0.004
Lithuania,2020,0.054
Lithuania,2021,-0.146
Lithuania,2022,1.737
Lithuania,2023,0.891
Lithuania,2024,-0.539
Lithuania,2025,-1.503
Lithuania,2026,-0.825
Lithuania,2027,-0.834
Lithuania,2028,-0.835
Lithuania,2029,-0.816
Lithuania,2030,-0.816
Lithuania,2031,-0.808
Lithuania,2032,-0.813
Lithuania,2033,-0.82
Lithuania,2034,-0.844
Lithuania,2035,-0.834
Lithuania,2036,-0.859
Lithuania,2037,-0.889
Lithuania,2038,-0.892
Lithuania,2039,-0.925
Lithuania,2040,-0.896
Lithuania,2041,-0.913
Lithuania,2042,-0.933
Lithuania,2043,-0.953
Lithuania,2044,-0.927
Lithuania,2045,-0.936
Lithuania,2046,-0.947
Lithuania,2047,-0.992
Lithuania,2048,-0.985
Lithuania,2049,-0.988
Lithuania,2050,-1.035
Lithuania,2051,-1.055
Lithuania,2052,-1.08
Lithuania,2053,-1.077
Lithuania,2054,-1.112
Lithuania,2055,-1.142
Lithuania,2056,-1.149
Lithuania,2057,-1.159
Lithuania,2058,-1.168
Lithuania,2059,-1.178
Lithuania,2060,-1.183
Lithuania,2061,-1.168
Lithuania,2062,-1.179
Lithuania,2063,-1.155
Lithuania,2064,-1.17
Lithuania,2065,-1.201
Lithuania,2066,-1.196
Lithuania,2067,-1.196
Lithuania,2068,-1.197
Lithuania,2069,-1.217
Lithuania,2070,-1.2
Lithuania,2071,-1.206
Lithuania,2072,-1.207
Lithuania,2073,-1.22
Lithuania,2074,-1.26
Lithuania,2075,-1.268
Lithuania,2076,-1.282
Lithuania,2077,-1.293
Lithuania,2078,-1.311
Lithuania,2079,-1.322
Lithuania,2080,-1.342
Lithuania,2081,-1.359
Lithuania,2082,-1.37
Lithuania,2083,-1.372
Lithuania,2084,-1.371
Lithuania,2085,-1.388
Lithuania,2086,-1.362
Lithuania,2087,-1.376
Lithuania,2088,-1.386
Lithuania,2089,-1.367
Lithuania,2090,-1.36
Lithuania,2091,-1.352
Lithuania,2092,-1.344
Lithuania,2093,-1.317
Lithuania,2094,-1.295
Lithuania,2095,-1.316
Lithuania,2096,-1.288
Lithuania,2097,-1.279
Lithuania,2098,-1.279
Lithuania,2099,-1.287
Lithuania,2100,-1.299
Low-income countries,1950,1.215
Low-income countries,1951,1.328
Low-income countries,1952,1.679
Low-income countries,1953,1.808
Low-income countries,1954,1.971
Low-income countries,1955,2.05
Low-income countries,1956,2.097
Low-income countries,1957,2.096
Low-income countries,1958,2.082
Low-income countries,1959,2.253
Low-income countries,1960,2.323
Low-income countries,1961,2.366
Low-income countries,1962,2.395
Low-income countries,1963,2.441
Low-income countries,1964,2.509
Low-income countries,1965,2.535
Low-income countries,1966,2.553
Low-income countries,1967,2.666
Low-income countries,1968,2.664
Low-income countries,1969,2.639
Low-income countries,1970,2.657
Low-income countries,1971,2.6
Low-income countries,1972,2.524
Low-income countries,1973,2.703
Low-income countries,1974,2.602
Low-income countries,1975,2.598
Low-income countries,1976,2.583
Low-income countries,1977,2.427
Low-income countries,1978,2.96
Low-income countries,1979,2.551
Low-income countries,1980,1.876
Low-income countries,1981,2.035
Low-income countries,1982,2.745
Low-income countries,1983,2.625
Low-income countries,1984,2.728
Low-income countries,1985,2.585
Low-income countries,1986,2.615
Low-income countries,1987,2.671
Low-income countries,1988,2.632
Low-income countries,1989,2.759
Low-income countries,1990,2.465
Low-income countries,1991,2.724
Low-income countries,1992,3.18
Low-income countries,1993,3.131
Low-income countries,1994,2.747
Low-income countries,1995,2.992
Low-income countries,1996,2.883
Low-income countries,1997,2.784
Low-income countries,1998,2.854
Low-income countries,1999,2.819
Low-income countries,2000,2.578
Low-income countries,2001,2.82
Low-income countries,2002,3.036
Low-income countries,2003,2.891
Low-income countries,2004,2.818
Low-income countries,2005,2.937
Low-income countries,2006,3.01
Low-income countries,2007,2.86
Low-income countries,2008,2.86
Low-income countries,2009,2.829
Low-income countries,2010,2.814
Low-income countries,2011,2.782
Low-income countries,2012,2.623
Low-income countries,2013,2.438
Low-income countries,2014,2.49
Low-income countries,2015,2.499
Low-income countries,2016,2.729
Low-income countries,2017,2.689
Low-income countries,2018,2.876
Low-income countries,2019,2.815
Low-income countries,2020,2.809
Low-income countries,2021,2.61
Low-income countries,2022,2.661
Low-income countries,2023,2.733
Low-income countries,2024,2.68
Low-income countries,2025,2.677
Low-income countries,2026,2.622
Low-income countries,2027,2.544
Low-income countries,2028,2.486
Low-income countries,2029,2.454
Low-income countries,2030,2.408
Low-income countries,2031,2.365
Low-income countries,2032,2.309
Low-income countries,2033,2.268
Low-income countries,2034,2.222
Low-income countries,2035,2.187
Low-income countries,2036,2.141
Low-income countries,2037,2.103
Low-income countries,2038,2.058
Low-income countries,2039,2.031
Low-income countries,2040,2
Low-income countries,2041,1.959
Low-income countries,2042,1.917
Low-income countries,2043,1.893
Low-income countries,2044,1.856
Low-income countries,2045,1.825
Low-income countries,2046,1.797
Low-income countries,2047,1.765
Low-income countries,2048,1.736
Low-income countries,2049,1.713
Low-income countries,2050,1.667
Low-income countries,2051,1.642
Low-income countries,2052,1.616
Low-income countries,2053,1.586
Low-income countries,2054,1.558
Low-income countries,2055,1.528
Low-income countries,2056,1.501
Low-income countries,2057,1.461
Low-income countries,2058,1.429
Low-income countries,2059,1.41
Low-income countries,2060,1.376
Low-income countries,2061,1.344
Low-income countries,2062,1.311
Low-income countries,2063,1.28
Low-income countries,2064,1.257
Low-income countries,2065,1.229
Low-income countries,2066,1.191
Low-income countries,2067,1.167
Low-income countries,2068,1.139
Low-income countries,2069,1.109
Low-income countries,2070,1.088
Low-income countries,2071,1.054
Low-income countries,2072,1.032
Low-income countries,2073,1.007
Low-income countries,2074,0.978
Low-income countries,2075,0.947
Low-income countries,2076,0.922
Low-income countries,2077,0.903
Low-income countries,2078,0.873
Low-income countries,2079,0.853
Low-income countries,2080,0.825
Low-income countries,2081,0.793
Low-income countries,2082,0.776
Low-income countries,2083,0.751
Low-income countries,2084,0.733
Low-income countries,2085,0.712
Low-income countries,2086,0.682
Low-income countries,2087,0.661
Low-income countries,2088,0.632
Low-income countries,2089,0.616
Low-income countries,2090,0.599
Low-income countries,2091,0.567
Low-income countries,2092,0.548
Low-income countries,2093,0.53
Low-income countries,2094,0.507
Low-income countries,2095,0.488
Low-income countries,2096,0.474
Low-income countries,2097,0.452
Low-income countries,2098,0.434
Low-income countries,2099,0.415
Low-income countries,2100,0.398
Lower-middle-income countries,1950,2.107
Lower-middle-income countries,1951,2.159
Lower-middle-income countries,1952,2.232
Lower-middle-income countries,1953,2.222
Lower-middle-income countries,1954,2.325
Lower-middle-income countries,1955,2.348
Lower-middle-income countries,1956,2.383
Lower-middle-income countries,1957,2.339
Lower-middle-income countries,1958,2.422
Lower-middle-income countries,1959,2.438
Lower-middle-income countries,1960,2.437
Lower-middle-income countries,1961,2.429
Lower-middle-income countries,1962,2.42
Lower-middle-income countries,1963,2.428
Lower-middle-income countries,1964,2.416
Lower-middle-income countries,1965,2.334
Lower-middle-income countries,1966,2.308
Lower-middle-income countries,1967,2.351
Lower-middle-income countries,1968,2.308
Lower-middle-income countries,1969,2.303
Lower-middle-income countries,1970,2.342
Lower-middle-income countries,1971,2.176
Lower-middle-income countries,1972,2.363
Lower-middle-income countries,1973,2.36
Lower-middle-income countries,1974,2.409
Lower-middle-income countries,1975,2.42
Lower-middle-income countries,1976,2.411
Lower-middle-income countries,1977,2.429
Lower-middle-income countries,1978,2.367
Lower-middle-income countries,1979,2.516
Lower-middle-income countries,1980,2.597
Lower-middle-income countries,1981,2.636
Lower-middle-income countries,1982,2.538
Lower-middle-income countries,1983,2.519
Lower-middle-income countries,1984,2.496
Lower-middle-income countries,1985,2.494
Lower-middle-income countries,1986,2.457
Lower-middle-income countries,1987,2.422
Lower-middle-income countries,1988,2.368
Lower-middle-income countries,1989,2.334
Lower-middle-income countries,1990,2.367
Lower-middle-income countries,1991,2.236
Lower-middle-income countries,1992,2.197
Lower-middle-income countries,1993,2.071
Lower-middle-income countries,1994,2.075
Lower-middle-income countries,1995,2.058
Lower-middle-income countries,1996,2.011
Lower-middle-income countries,1997,2.009
Lower-middle-income countries,1998,1.982
Lower-middle-income countries,1999,1.924
Lower-middle-income countries,2000,1.939
Lower-middle-income countries,2001,1.884
Lower-middle-income countries,2002,1.758
Lower-middle-income countries,2003,1.805
Lower-middle-income countries,2004,1.793
Lower-middle-income countries,2005,1.711
Lower-middle-income countries,2006,1.759
Lower-middle-income countries,2007,1.706
Lower-middle-income countries,2008,1.658
Lower-middle-income countries,2009,1.68
Lower-middle-income countries,2010,1.664
Lower-middle-income countries,2011,1.634
Lower-middle-income countries,2012,1.597
Lower-middle-income countries,2013,1.602
Lower-middle-income countries,2014,1.529
Lower-middle-income countries,2015,1.466
Lower-middle-income countries,2016,1.464
Lower-middle-income countries,2017,1.409
Lower-middle-income countries,2018,1.364
Lower-middle-income countries,2019,1.327
Lower-middle-income countries,2020,1.291
Lower-middle-income countries,2021,1.158
Lower-middle-income countries,2022,1.07
Lower-middle-income countries,2023,1.231
Lower-middle-income countries,2024,1.262
Lower-middle-income countries,2025,1.253
Lower-middle-income countries,2026,1.193
Lower-middle-income countries,2027,1.177
Lower-middle-income countries,2028,1.16
Lower-middle-income countries,2029,1.139
Lower-middle-income countries,2030,1.119
Lower-middle-income countries,2031,1.098
Lower-middle-income countries,2032,1.076
Lower-middle-income countries,2033,1.054
Lower-middle-income countries,2034,1.032
Lower-middle-income countries,2035,1.01
Lower-middle-income countries,2036,0.988
Lower-middle-income countries,2037,0.963
Lower-middle-income countries,2038,0.941
Lower-middle-income countries,2039,0.916
Lower-middle-income countries,2040,0.892
Lower-middle-income countries,2041,0.869
Lower-middle-income countries,2042,0.845
Lower-middle-income countries,2043,0.82
Lower-middle-income countries,2044,0.797
Lower-middle-income countries,2045,0.773
Lower-middle-income countries,2046,0.749
Lower-middle-income countries,2047,0.724
Lower-middle-income countries,2048,0.7
Lower-middle-income countries,2049,0.677
Lower-middle-income countries,2050,0.657
Lower-middle-income countries,2051,0.634
Lower-middle-income countries,2052,0.613
Lower-middle-income countries,2053,0.592
Lower-middle-income countries,2054,0.57
Lower-middle-income countries,2055,0.552
Lower-middle-income countries,2056,0.533
Lower-middle-income countries,2057,0.515
Lower-middle-income countries,2058,0.496
Lower-middle-income countries,2059,0.475
Lower-middle-income countries,2060,0.457
Lower-middle-income countries,2061,0.439
Lower-middle-income countries,2062,0.422
Lower-middle-income countries,2063,0.403
Lower-middle-income countries,2064,0.385
Lower-middle-income countries,2065,0.366
Lower-middle-income countries,2066,0.35
Lower-middle-income countries,2067,0.331
Lower-middle-income countries,2068,0.314
Lower-middle-income countries,2069,0.295
Lower-middle-income countries,2070,0.276
Lower-middle-income countries,2071,0.26
Lower-middle-income countries,2072,0.242
Lower-middle-income countries,2073,0.225
Lower-middle-income countries,2074,0.209
Lower-middle-income countries,2075,0.193
Lower-middle-income countries,2076,0.176
Lower-middle-income countries,2077,0.16
Lower-middle-income countries,2078,0.144
Lower-middle-income countries,2079,0.128
Lower-middle-income countries,2080,0.115
Lower-middle-income countries,2081,0.1
Lower-middle-income countries,2082,0.086
Lower-middle-income countries,2083,0.073
Lower-middle-income countries,2084,0.06
Lower-middle-income countries,2085,0.048
Lower-middle-income countries,2086,0.036
Lower-middle-income countries,2087,0.024
Lower-middle-income countries,2088,0.014
Lower-middle-income countries,2089,0.002
Lower-middle-income countries,2090,-0.009
Lower-middle-income countries,2091,-0.019
Lower-middle-income countries,2092,-0.03
Lower-middle-income countries,2093,-0.041
Lower-middle-income countries,2094,-0.05
Lower-middle-income countries,2095,-0.06
Lower-middle-income countries,2096,-0.07
Lower-middle-income countries,2097,-0.079
Lower-middle-income countries,2098,-0.088
Lower-middle-income countries,2099,-0.097
Lower-middle-income countries,2100,-0.105
Luxembourg,1950,0.524
Luxembourg,1951,0.546
Luxembourg,1952,0.618
Luxembourg,1953,0.567
Luxembourg,1954,0.621
Luxembourg,1955,0.582
Luxembourg,1956,0.494
Luxembourg,1957,0.469
Luxembourg,1958,0.565
Luxembourg,1959,0.718
Luxembourg,1960,0.46
Luxembourg,1961,1.101
Luxembourg,1962,0.981
Luxembourg,1963,1.009
Luxembourg,1964,1.076
Luxembourg,1965,1.04
Luxembourg,1966,0.997
Luxembourg,1967,0.465
Luxembourg,1968,0.421
Luxembourg,1969,0.323
Luxembourg,1970,0.308
Luxembourg,1971,1.229
Luxembourg,1972,1.164
Luxembourg,1973,0.638
Luxembourg,1974,0.632
Luxembourg,1975,0.647
Luxembourg,1976,0.588
Luxembourg,1977,0.741
Luxembourg,1978,0.817
Luxembourg,1979,0.205
Luxembourg,1980,0.242
Luxembourg,1981,0.187
Luxembourg,1982,0.127
Luxembourg,1983,0.111
Luxembourg,1984,0.112
Luxembourg,1985,0.305
Luxembourg,1986,0.644
Luxembourg,1987,0.647
Luxembourg,1988,0.96
Luxembourg,1989,0.955
Luxembourg,1990,1.321
Luxembourg,1991,1.342
Luxembourg,1992,1.301
Luxembourg,1993,1.352
Luxembourg,1994,1.343
Luxembourg,1995,1.437
Luxembourg,1996,1.265
Luxembourg,1997,1.229
Luxembourg,1998,1.231
Luxembourg,1999,1.457
Luxembourg,2000,1.423
Luxembourg,2001,1.139
Luxembourg,2002,0.951
Luxembourg,2003,1.473
Luxembourg,2004,1.366
Luxembourg,2005,1.693
Luxembourg,2006,1.507
Luxembourg,2007,1.599
Luxembourg,2008,1.996
Luxembourg,2009,1.733
Luxembourg,2010,1.935
Luxembourg,2011,2.417
Luxembourg,2012,2.297
Luxembourg,2013,2.322
Luxembourg,2014,2.379
Luxembourg,2015,2.332
Luxembourg,2016,2.513
Luxembourg,2017,1.898
Luxembourg,2018,1.956
Luxembourg,2019,1.972
Luxembourg,2020,1.37
Luxembourg,2021,1.674
Luxembourg,2022,2.351
Luxembourg,2023,1.235
Luxembourg,2024,1.139
Luxembourg,2025,1.054
Luxembourg,2026,0.992
Luxembourg,2027,0.985
Luxembourg,2028,0.964
Luxembourg,2029,0.886
Luxembourg,2030,0.824
Luxembourg,2031,0.786
Luxembourg,2032,0.777
Luxembourg,2033,0.719
Luxembourg,2034,0.681
Luxembourg,2035,0.668
Luxembourg,2036,0.622
Luxembourg,2037,0.58
Luxembourg,2038,0.59
Luxembourg,2039,0.558
Luxembourg,2040,0.5
Luxembourg,2041,0.483
Luxembourg,2042,0.464
Luxembourg,2043,0.409
Luxembourg,2044,0.391
Luxembourg,2045,0.381
Luxembourg,2046,0.338
Luxembourg,2047,0.314
Luxembourg,2048,0.308
Luxembourg,2049,0.255
Luxembourg,2050,0.224
Luxembourg,2051,0.235
Luxembourg,2052,0.174
Luxembourg,2053,0.161
Luxembourg,2054,0.154
Luxembourg,2055,0.138
Luxembourg,2056,0.051
Luxembourg,2057,0.05
Luxembourg,2058,0.049
Luxembourg,2059,0.029
Luxembourg,2060,0.011
Luxembourg,2061,0.019
Luxembourg,2062,-0.025
Luxembourg,2063,-0.033
Luxembourg,2064,-0.036
Luxembourg,2065,-0.044
Luxembourg,2066,-0.053
Luxembourg,2067,-0.081
Luxembourg,2068,-0.092
Luxembourg,2069,-0.121
Luxembourg,2070,-0.168
Luxembourg,2071,-0.129
Luxembourg,2072,-0.177
Luxembourg,2073,-0.176
Luxembourg,2074,-0.164
Luxembourg,2075,-0.168
Luxembourg,2076,-0.178
Luxembourg,2077,-0.192
Luxembourg,2078,-0.182
Luxembourg,2079,-0.207
Luxembourg,2080,-0.212
Luxembourg,2081,-0.233
Luxembourg,2082,-0.25
Luxembourg,2083,-0.202
Luxembourg,2084,-0.239
Luxembourg,2085,-0.24
Luxembourg,2086,-0.249
Luxembourg,2087,-0.25
Luxembourg,2088,-0.233
Luxembourg,2089,-0.219
Luxembourg,2090,-0.217
Luxembourg,2091,-0.235
Luxembourg,2092,-0.191
Luxembourg,2093,-0.204
Luxembourg,2094,-0.211
Luxembourg,2095,-0.173
Luxembourg,2096,-0.216
Luxembourg,2097,-0.241
Luxembourg,2098,-0.23
Luxembourg,2099,-0.239
Luxembourg,2100,-0.238
Macao,1950,3.07
Macao,1951,0.44
Macao,1952,-0.152
Macao,1953,-0.663
Macao,1954,-1.07
Macao,1955,-1.398
Macao,1956,-1.974
Macao,1957,-2.225
Macao,1958,-2.643
Macao,1959,-3.157
Macao,1960,-2.647
Macao,1961,2.655
Macao,1962,2.458
Macao,1963,2.35
Macao,1964,37.095
Macao,1965,-1.057
Macao,1966,-0.977
Macao,1967,-0.948
Macao,1968,-0.973
Macao,1969,-1.075
Macao,1970,2.69
Macao,1971,1.975
Macao,1972,5.214
Macao,1973,-24.066
Macao,1974,0.94
Macao,1975,1.352
Macao,1976,1.692
Macao,1977,1.934
Macao,1978,2.056
Macao,1979,2.083
Macao,1980,1.982
Macao,1981,3.144
Macao,1982,3.51
Macao,1983,3.6
Macao,1984,3.697
Macao,1985,3.801
Macao,1986,3.87
Macao,1987,3.874
Macao,1988,3.789
Macao,1989,3.612
Macao,1990,3.29
Macao,1991,2.965
Macao,1992,2.478
Macao,1993,2.343
Macao,1994,2.219
Macao,1995,2.129
Macao,1996,2.011
Macao,1997,1.902
Macao,1998,1.794
Macao,1999,1.696
Macao,2000,1.558
Macao,2001,1.981
Macao,2002,2.842
Macao,2003,2.797
Macao,2004,2.733
Macao,2005,2.674
Macao,2006,2.639
Macao,2007,2.61
Macao,2008,2.552
Macao,2009,2.444
Macao,2010,2.349
Macao,2011,2.161
Macao,2012,1.905
Macao,2013,1.905
Macao,2014,1.92
Macao,2015,1.934
Macao,2016,1.928
Macao,2017,1.895
Macao,2018,1.849
Macao,2019,1.822
Macao,2020,1.751
Macao,2021,1.542
Macao,2022,1.306
Macao,2023,1.388
Macao,2024,0.387
Macao,2025,0.097
Macao,2026,0.23
Macao,2027,0.014
Macao,2028,0.035
Macao,2029,0.29
Macao,2030,0.067
Macao,2031,0.096
Macao,2032,-0.183
Macao,2033,0.003
Macao,2034,-0.223
Macao,2035,-0.273
Macao,2036,-0.486
Macao,2037,-0.473
Macao,2038,-0.592
Macao,2039,-0.453
Macao,2040,-0.433
Macao,2041,-0.583
Macao,2042,-0.579
Macao,2043,-0.55
Macao,2044,-0.463
Macao,2045,-0.402
Macao,2046,-0.624
Macao,2047,-0.71
Macao,2048,-0.612
Macao,2049,-0.487
Macao,2050,-0.604
Macao,2051,-0.794
Macao,2052,-0.884
Macao,2053,-0.895
Macao,2054,-0.895
Macao,2055,-0.896
Macao,2056,-0.805
Macao,2057,-0.689
Macao,2058,-0.855
Macao,2059,-1.146
Macao,2060,-0.713
Macao,2061,-1.094
Macao,2062,-0.859
Macao,2063,-1.273
Macao,2064,-1.169
Macao,2065,-0.874
Macao,2066,-1.368
Macao,2067,-1.416
Macao,2068,-1.417
Macao,2069,-1.529
Macao,2070,-1.415
Macao,2071,-1.367
Macao,2072,-1.573
Macao,2073,-1.554
Macao,2074,-1.67
Macao,2075,-1.672
Macao,2076,-1.669
Macao,2077,-1.707
Macao,2078,-1.701
Macao,2079,-1.579
Macao,2080,-1.744
Macao,2081,-1.86
Macao,2082,-1.841
Macao,2083,-1.868
Macao,2084,-1.962
Macao,2085,-1.913
Macao,2086,-1.742
Macao,2087,-1.862
Macao,2088,-1.835
Macao,2089,-1.815
Macao,2090,-1.672
Macao,2091,-1.507
Macao,2092,-1.591
Macao,2093,-1.77
Macao,2094,-1.532
Macao,2095,-1.588
Macao,2096,-1.361
Macao,2097,-1.352
Macao,2098,-1.513
Macao,2099,-1.486
Macao,2100,-1.404
Madagascar,1950,2.53
Madagascar,1951,2.518
Madagascar,1952,2.526
Madagascar,1953,2.538
Madagascar,1954,2.542
Madagascar,1955,2.546
Madagascar,1956,2.569
Madagascar,1957,2.584
Madagascar,1958,2.604
Madagascar,1959,2.615
Madagascar,1960,2.616
Madagascar,1961,2.604
Madagascar,1962,2.589
Madagascar,1963,2.582
Madagascar,1964,2.587
Madagascar,1965,2.609
Madagascar,1966,2.653
Madagascar,1967,2.704
Madagascar,1968,2.761
Madagascar,1969,2.812
Madagascar,1970,2.881
Madagascar,1971,2.934
Madagascar,1972,2.963
Madagascar,1973,2.988
Madagascar,1974,3.005
Madagascar,1975,3.019
Madagascar,1976,3.026
Madagascar,1977,3.034
Madagascar,1978,3.042
Madagascar,1979,3.04
Madagascar,1980,3.013
Madagascar,1981,2.96
Madagascar,1982,2.958
Madagascar,1983,2.927
Madagascar,1984,2.91
Madagascar,1985,2.897
Madagascar,1986,2.842
Madagascar,1987,2.858
Madagascar,1988,2.891
Madagascar,1989,2.926
Madagascar,1990,2.977
Madagascar,1991,3.001
Madagascar,1992,3.017
Madagascar,1993,3.082
Madagascar,1994,3.131
Madagascar,1995,3.193
Madagascar,1996,3.241
Madagascar,1997,3.268
Madagascar,1998,3.275
Madagascar,1999,3.22
Madagascar,2000,3.128
Madagascar,2001,3.033
Madagascar,2002,2.948
Madagascar,2003,2.914
Madagascar,2004,2.918
Madagascar,2005,2.94
Madagascar,2006,2.935
Madagascar,2007,2.934
Madagascar,2008,2.936
Madagascar,2009,2.936
Madagascar,2010,2.883
Madagascar,2011,2.797
Madagascar,2012,2.736
Madagascar,2013,2.704
Madagascar,2014,2.659
Madagascar,2015,2.621
Madagascar,2016,2.606
Madagascar,2017,2.601
Madagascar,2018,2.606
Madagascar,2019,2.597
Madagascar,2020,2.539
Madagascar,2021,2.492
Madagascar,2022,2.472
Madagascar,2023,2.452
Madagascar,2024,2.419
Madagascar,2025,2.377
Madagascar,2026,2.34
Madagascar,2027,2.3
Madagascar,2028,2.26
Madagascar,2029,2.219
Madagascar,2030,2.182
Madagascar,2031,2.146
Madagascar,2032,2.106
Madagascar,2033,2.07
Madagascar,2034,2.033
Madagascar,2035,2.004
Madagascar,2036,1.971
Madagascar,2037,1.938
Madagascar,2038,1.909
Madagascar,2039,1.876
Madagascar,2040,1.849
Madagascar,2041,1.819
Madagascar,2042,1.791
Madagascar,2043,1.762
Madagascar,2044,1.732
Madagascar,2045,1.703
Madagascar,2046,1.676
Madagascar,2047,1.648
Madagascar,2048,1.621
Madagascar,2049,1.593
Madagascar,2050,1.566
Madagascar,2051,1.536
Madagascar,2052,1.508
Madagascar,2053,1.481
Madagascar,2054,1.453
Madagascar,2055,1.427
Madagascar,2056,1.403
Madagascar,2057,1.374
Madagascar,2058,1.349
Madagascar,2059,1.324
Madagascar,2060,1.297
Madagascar,2061,1.27
Madagascar,2062,1.243
Madagascar,2063,1.216
Madagascar,2064,1.19
Madagascar,2065,1.162
Madagascar,2066,1.137
Madagascar,2067,1.112
Madagascar,2068,1.086
Madagascar,2069,1.059
Madagascar,2070,1.033
Madagascar,2071,1.012
Madagascar,2072,0.986
Madagascar,2073,0.96
Madagascar,2074,0.937
Madagascar,2075,0.911
Madagascar,2076,0.886
Madagascar,2077,0.865
Madagascar,2078,0.841
Madagascar,2079,0.817
Madagascar,2080,0.795
Madagascar,2081,0.775
Madagascar,2082,0.754
Madagascar,2083,0.737
Madagascar,2084,0.717
Madagascar,2085,0.7
Madagascar,2086,0.682
Madagascar,2087,0.666
Madagascar,2088,0.647
Madagascar,2089,0.627
Madagascar,2090,0.608
Madagascar,2091,0.594
Madagascar,2092,0.575
Madagascar,2093,0.558
Madagascar,2094,0.541
Madagascar,2095,0.521
Madagascar,2096,0.505
Madagascar,2097,0.489
Madagascar,2098,0.472
Madagascar,2099,0.453
Madagascar,2100,0.436
Malawi,1950,1.711
Malawi,1951,1.821
Malawi,1952,1.906
Malawi,1953,1.969
Malawi,1954,1.986
Malawi,1955,2.059
Malawi,1956,2.131
Malawi,1957,2.191
Malawi,1958,2.258
Malawi,1959,2.32
Malawi,1960,2.363
Malawi,1961,2.398
Malawi,1962,2.429
Malawi,1963,2.46
Malawi,1964,2.443
Malawi,1965,2.442
Malawi,1966,2.466
Malawi,1967,2.479
Malawi,1968,2.48
Malawi,1969,2.452
Malawi,1970,2.475
Malawi,1971,2.532
Malawi,1972,2.58
Malawi,1973,2.661
Malawi,1974,2.755
Malawi,1975,2.845
Malawi,1976,2.969
Malawi,1977,3.234
Malawi,1978,3.593
Malawi,1979,3.791
Malawi,1980,3.912
Malawi,1981,3.941
Malawi,1982,3.955
Malawi,1983,3.937
Malawi,1984,3.881
Malawi,1985,3.817
Malawi,1986,3.556
Malawi,1987,5.937
Malawi,1988,4.89
Malawi,1989,4.556
Malawi,1990,3.366
Malawi,1991,2.799
Malawi,1992,3.022
Malawi,1993,-0.081
Malawi,1994,-2.262
Malawi,1995,1.974
Malawi,1996,1.969
Malawi,1997,2.043
Malawi,1998,2.279
Malawi,1999,2.389
Malawi,2000,2.407
Malawi,2001,2.432
Malawi,2002,2.465
Malawi,2003,2.54
Malawi,2004,2.631
Malawi,2005,2.723
Malawi,2006,2.786
Malawi,2007,2.855
Malawi,2008,2.952
Malawi,2009,2.961
Malawi,2010,2.935
Malawi,2011,2.896
Malawi,2012,2.846
Malawi,2013,2.83
Malawi,2014,2.78
Malawi,2015,2.728
Malawi,2016,2.724
Malawi,2017,2.692
Malawi,2018,2.651
Malawi,2019,2.651
Malawi,2020,2.621
Malawi,2021,2.568
Malawi,2022,2.568
Malawi,2023,2.574
Malawi,2024,2.578
Malawi,2025,2.536
Malawi,2026,2.526
Malawi,2027,2.507
Malawi,2028,2.466
Malawi,2029,2.474
Malawi,2030,2.409
Malawi,2031,2.33
Malawi,2032,2.299
Malawi,2033,2.288
Malawi,2034,2.234
Malawi,2035,2.199
Malawi,2036,2.161
Malawi,2037,2.141
Malawi,2038,2.021
Malawi,2039,1.994
Malawi,2040,1.946
Malawi,2041,1.909
Malawi,2042,1.856
Malawi,2043,1.831
Malawi,2044,1.842
Malawi,2045,1.768
Malawi,2046,1.745
Malawi,2047,1.706
Malawi,2048,1.628
Malawi,2049,1.637
Malawi,2050,1.605
Malawi,2051,1.595
Malawi,2052,1.563
Malawi,2053,1.555
Malawi,2054,1.465
Malawi,2055,1.466
Malawi,2056,1.393
Malawi,2057,1.386
Malawi,2058,1.341
Malawi,2059,1.37
Malawi,2060,1.297
Malawi,2061,1.267
Malawi,2062,1.204
Malawi,2063,1.15
Malawi,2064,1.145
Malawi,2065,1.127
Malawi,2066,1.118
Malawi,2067,1.083
Malawi,2068,1.06
Malawi,2069,1.022
Malawi,2070,0.998
Malawi,2071,0.975
Malawi,2072,0.92
Malawi,2073,0.901
Malawi,2074,0.898
Malawi,2075,0.893
Malawi,2076,0.894
Malawi,2077,0.876
Malawi,2078,0.808
Malawi,2079,0.799
Malawi,2080,0.789
Malawi,2081,0.761
Malawi,2082,0.733
Malawi,2083,0.715
Malawi,2084,0.637
Malawi,2085,0.645
Malawi,2086,0.621
Malawi,2087,0.611
Malawi,2088,0.605
Malawi,2089,0.564
Malawi,2090,0.553
Malawi,2091,0.514
Malawi,2092,0.509
Malawi,2093,0.471
Malawi,2094,0.459
Malawi,2095,0.433
Malawi,2096,0.452
Malawi,2097,0.419
Malawi,2098,0.425
Malawi,2099,0.433
Malawi,2100,0.423
Malaysia,1950,2.558
Malaysia,1951,2.593
Malaysia,1952,2.625
Malaysia,1953,2.633
Malaysia,1954,2.706
Malaysia,1955,2.758
Malaysia,1956,2.815
Malaysia,1957,2.866
Malaysia,1958,2.501
Malaysia,1959,2.536
Malaysia,1960,2.566
Malaysia,1961,2.601
Malaysia,1962,2.615
Malaysia,1963,2.614
Malaysia,1964,2.578
Malaysia,1965,2.522
Malaysia,1966,2.458
Malaysia,1967,2.279
Malaysia,1968,2.259
Malaysia,1969,2.261
Malaysia,1970,2.333
Malaysia,1971,2.416
Malaysia,1972,2.388
Malaysia,1973,2.402
Malaysia,1974,2.392
Malaysia,1975,2.389
Malaysia,1976,2.403
Malaysia,1977,2.401
Malaysia,1978,2.401
Malaysia,1979,2.403
Malaysia,1980,3.139
Malaysia,1981,3.166
Malaysia,1982,3.203
Malaysia,1983,3.242
Malaysia,1984,3.273
Malaysia,1985,3.301
Malaysia,1986,3.254
Malaysia,1987,3.194
Malaysia,1988,3.096
Malaysia,1989,2.985
Malaysia,1990,2.914
Malaysia,1991,2.721
Malaysia,1992,2.576
Malaysia,1993,2.541
Malaysia,1994,2.546
Malaysia,1995,2.537
Malaysia,1996,2.51
Malaysia,1997,2.466
Malaysia,1998,2.447
Malaysia,1999,2.325
Malaysia,2000,2.364
Malaysia,2001,2.442
Malaysia,2002,2.395
Malaysia,2003,2.338
Malaysia,2004,2.286
Malaysia,2005,2.25
Malaysia,2006,2.205
Malaysia,2007,2.143
Malaysia,2008,2.049
Malaysia,2009,1.936
Malaysia,2010,1.806
Malaysia,2011,1.698
Malaysia,2012,1.708
Malaysia,2013,1.711
Malaysia,2014,1.718
Malaysia,2015,1.748
Malaysia,2016,1.786
Malaysia,2017,1.743
Malaysia,2018,1.661
Malaysia,2019,1.533
Malaysia,2020,1.137
Malaysia,2021,1.168
Malaysia,2022,1.227
Malaysia,2023,1.241
Malaysia,2024,1.2
Malaysia,2025,1.149
Malaysia,2026,1.102
Malaysia,2027,1.084
Malaysia,2028,1.066
Malaysia,2029,1.029
Malaysia,2030,1.023
Malaysia,2031,1.001
Malaysia,2032,0.974
Malaysia,2033,0.925
Malaysia,2034,0.908
Malaysia,2035,0.893
Malaysia,2036,0.868
Malaysia,2037,0.845
Malaysia,2038,0.832
Malaysia,2039,0.79
Malaysia,2040,0.776
Malaysia,2041,0.755
Malaysia,2042,0.75
Malaysia,2043,0.723
Malaysia,2044,0.677
Malaysia,2045,0.648
Malaysia,2046,0.629
Malaysia,2047,0.599
Malaysia,2048,0.55
Malaysia,2049,0.514
Malaysia,2050,0.501
Malaysia,2051,0.458
Malaysia,2052,0.434
Malaysia,2053,0.407
Malaysia,2054,0.366
Malaysia,2055,0.324
Malaysia,2056,0.309
Malaysia,2057,0.284
Malaysia,2058,0.264
Malaysia,2059,0.255
Malaysia,2060,0.222
Malaysia,2061,0.203
Malaysia,2062,0.17
Malaysia,2063,0.144
Malaysia,2064,0.139
Malaysia,2065,0.104
Malaysia,2066,0.084
Malaysia,2067,0.066
Malaysia,2068,0.05
Malaysia,2069,0.048
Malaysia,2070,0.032
Malaysia,2071,0.021
Malaysia,2072,0.001
Malaysia,2073,-0.027
Malaysia,2074,-0.033
Malaysia,2075,-0.052
Malaysia,2076,-0.053
Malaysia,2077,-0.097
Malaysia,2078,-0.114
Malaysia,2079,-0.13
Malaysia,2080,-0.163
Malaysia,2081,-0.161
Malaysia,2082,-0.179
Malaysia,2083,-0.197
Malaysia,2084,-0.197
Malaysia,2085,-0.205
Malaysia,2086,-0.226
Malaysia,2087,-0.23
Malaysia,2088,-0.236
Malaysia,2089,-0.238
Malaysia,2090,-0.245
Malaysia,2091,-0.246
Malaysia,2092,-0.251
Malaysia,2093,-0.261
Malaysia,2094,-0.256
Malaysia,2095,-0.262
Malaysia,2096,-0.266
Malaysia,2097,-0.26
Malaysia,2098,-0.253
Malaysia,2099,-0.256
Malaysia,2100,-0.278
Maldives,1950,1.636
Maldives,1951,1.733
Maldives,1952,1.801
Maldives,1953,1.87
Maldives,1954,1.934
Maldives,1955,2.033
Maldives,1956,2.104
Maldives,1957,2.2
Maldives,1958,2.266
Maldives,1959,2.309
Maldives,1960,2.423
Maldives,1961,2.473
Maldives,1962,2.499
Maldives,1963,2.49
Maldives,1964,2.418
Maldives,1965,4.271
Maldives,1966,4.021
Maldives,1967,3.27
Maldives,1968,2.942
Maldives,1969,2.98
Maldives,1970,3.041
Maldives,1971,3.059
Maldives,1972,3.039
Maldives,1973,2.956
Maldives,1974,2.924
Maldives,1975,3.001
Maldives,1976,3.009
Maldives,1977,2.877
Maldives,1978,2.617
Maldives,1979,2.692
Maldives,1980,2.811
Maldives,1981,2.808
Maldives,1982,2.776
Maldives,1983,2.653
Maldives,1984,2.925
Maldives,1985,3.447
Maldives,1986,3.544
Maldives,1987,3.451
Maldives,1988,3.245
Maldives,1989,3.153
Maldives,1990,3.196
Maldives,1991,2.976
Maldives,1992,2.761
Maldives,1993,2.489
Maldives,1994,2.305
Maldives,1995,2.289
Maldives,1996,2.105
Maldives,1997,1.942
Maldives,1998,1.771
Maldives,1999,1.639
Maldives,2000,1.654
Maldives,2001,1.685
Maldives,2002,1.668
Maldives,2003,1.648
Maldives,2004,1.645
Maldives,2005,1.657
Maldives,2006,3.113
Maldives,2007,3.541
Maldives,2008,3.538
Maldives,2009,3.537
Maldives,2010,3.525
Maldives,2011,3.492
Maldives,2012,3.424
Maldives,2013,3.315
Maldives,2014,3.344
Maldives,2015,3.561
Maldives,2016,3.398
Maldives,2017,3.25
Maldives,2018,3.114
Maldives,2019,2.981
Maldives,2020,2.836
Maldives,2021,2.68
Maldives,2022,0.396
Maldives,2023,0.323
Maldives,2024,0.362
Maldives,2025,0.348
Maldives,2026,0.346
Maldives,2027,0.373
Maldives,2028,0.399
Maldives,2029,0.376
Maldives,2030,0.403
Maldives,2031,0.431
Maldives,2032,0.439
Maldives,2033,0.454
Maldives,2034,0.436
Maldives,2035,0.451
Maldives,2036,0.451
Maldives,2037,0.466
Maldives,2038,0.465
Maldives,2039,0.507
Maldives,2040,0.503
Maldives,2041,0.488
Maldives,2042,0.487
Maldives,2043,0.478
Maldives,2044,0.453
Maldives,2045,0.463
Maldives,2046,0.423
Maldives,2047,0.391
Maldives,2048,0.405
Maldives,2049,0.365
Maldives,2050,0.308
Maldives,2051,0.256
Maldives,2052,0.231
Maldives,2053,0.168
Maldives,2054,0.135
Maldives,2055,0.121
Maldives,2056,0.075
Maldives,2057,0.011
Maldives,2058,-0.042
Maldives,2059,-0.096
Maldives,2060,-0.095
Maldives,2061,-0.181
Maldives,2062,-0.234
Maldives,2063,-0.281
Maldives,2064,-0.312
Maldives,2065,-0.337
Maldives,2066,-0.395
Maldives,2067,-0.447
Maldives,2068,-0.479
Maldives,2069,-0.513
Maldives,2070,-0.558
Maldives,2071,-0.598
Maldives,2072,-0.619
Maldives,2073,-0.67
Maldives,2074,-0.682
Maldives,2075,-0.72
Maldives,2076,-0.745
Maldives,2077,-0.788
Maldives,2078,-0.829
Maldives,2079,-0.825
Maldives,2080,-0.83
Maldives,2081,-0.844
Maldives,2082,-0.812
Maldives,2083,-0.818
Maldives,2084,-0.81
Maldives,2085,-0.798
Maldives,2086,-0.786
Maldives,2087,-0.742
Maldives,2088,-0.73
Maldives,2089,-0.65
Maldives,2090,-0.635
Maldives,2091,-0.56
Maldives,2092,-0.545
Maldives,2093,-0.492
Maldives,2094,-0.439
Maldives,2095,-0.405
Maldives,2096,-0.385
Maldives,2097,-0.352
Maldives,2098,-0.313
Maldives,2099,-0.297
Maldives,2100,-0.305
Mali,1950,1.48
Mali,1951,1.47
Mali,1952,1.432
Mali,1953,1.379
Mali,1954,1.379
Mali,1955,1.378
Mali,1956,1.382
Mali,1957,1.383
Mali,1958,1.313
Mali,1959,1.415
Mali,1960,1.453
Mali,1961,1.477
Mali,1962,1.479
Mali,1963,1.472
Mali,1964,1.465
Mali,1965,1.492
Mali,1966,1.468
Mali,1967,1.515
Mali,1968,1.535
Mali,1969,1.555
Mali,1970,1.617
Mali,1971,1.591
Mali,1972,1.698
Mali,1973,1.768
Mali,1974,1.787
Mali,1975,1.809
Mali,1976,1.778
Mali,1977,1.921
Mali,1978,1.952
Mali,1979,2.035
Mali,1980,2.13
Mali,1981,2.133
Mali,1982,2.173
Mali,1983,2.211
Mali,1984,2.08
Mali,1985,1.927
Mali,1986,1.78
Mali,1987,1.704
Mali,1988,1.786
Mali,1989,1.935
Mali,1990,2.001
Mali,1991,1.97
Mali,1992,2.06
Mali,1993,2.108
Mali,1994,2.196
Mali,1995,2.139
Mali,1996,2.171
Mali,1997,2.371
Mali,1998,2.69
Mali,1999,2.868
Mali,2000,2.957
Mali,2001,3.056
Mali,2002,3.156
Mali,2003,3.201
Mali,2004,3.274
Mali,2005,3.277
Mali,2006,3.284
Mali,2007,3.292
Mali,2008,3.281
Mali,2009,3.235
Mali,2010,3.261
Mali,2011,3.205
Mali,2012,2.644
Mali,2013,3.19
Mali,2014,3.132
Mali,2015,3.126
Mali,2016,3.207
Mali,2017,3.17
Mali,2018,3.082
Mali,2019,2.956
Mali,2020,3.077
Mali,2021,3.044
Mali,2022,2.976
Mali,2023,2.972
Mali,2024,2.911
Mali,2025,2.889
Mali,2026,2.85
Mali,2027,2.829
Mali,2028,2.799
Mali,2029,2.771
Mali,2030,2.734
Mali,2031,2.719
Mali,2032,2.673
Mali,2033,2.638
Mali,2034,2.597
Mali,2035,2.552
Mali,2036,2.514
Mali,2037,2.461
Mali,2038,2.43
Mali,2039,2.355
Mali,2040,2.319
Mali,2041,2.264
Mali,2042,2.232
Mali,2043,2.189
Mali,2044,2.142
Mali,2045,2.098
Mali,2046,2.055
Mali,2047,2.007
Mali,2048,1.973
Mali,2049,1.926
Mali,2050,1.899
Mali,2051,1.858
Mali,2052,1.824
Mali,2053,1.782
Mali,2054,1.741
Mali,2055,1.715
Mali,2056,1.676
Mali,2057,1.646
Mali,2058,1.609
Mali,2059,1.575
Mali,2060,1.548
Mali,2061,1.511
Mali,2062,1.478
Mali,2063,1.445
Mali,2064,1.413
Mali,2065,1.374
Mali,2066,1.353
Mali,2067,1.325
Mali,2068,1.296
Mali,2069,1.258
Mali,2070,1.225
Mali,2071,1.203
Mali,2072,1.161
Mali,2073,1.13
Mali,2074,1.096
Mali,2075,1.059
Mali,2076,1.029
Mali,2077,1.002
Mali,2078,0.972
Mali,2079,0.942
Mali,2080,0.903
Mali,2081,0.886
Mali,2082,0.848
Mali,2083,0.825
Mali,2084,0.79
Mali,2085,0.758
Mali,2086,0.728
Mali,2087,0.706
Mali,2088,0.676
Mali,2089,0.648
Mali,2090,0.619
Mali,2091,0.588
Mali,2092,0.559
Mali,2093,0.54
Mali,2094,0.523
Mali,2095,0.489
Mali,2096,0.463
Mali,2097,0.44
Mali,2098,0.424
Mali,2099,0.399
Mali,2100,0.383
Malta,1950,2.414
Malta,1951,1.477
Malta,1952,1.465
Malta,1953,1.424
Malta,1954,1.401
Malta,1955,1.381
Malta,1956,1.316
Malta,1957,1.296
Malta,1958,0.362
Malta,1959,0.211
Malta,1960,0.072
Malta,1961,-0.055
Malta,1962,-0.163
Malta,1963,-0.251
Malta,1964,-0.367
Malta,1965,-0.481
Malta,1966,-0.575
Malta,1967,-0.571
Malta,1968,0.386
Malta,1969,0.38
Malta,1970,0.393
Malta,1971,0.391
Malta,1972,0.411
Malta,1973,0.465
Malta,1974,0.518
Malta,1975,0.547
Malta,1976,0.551
Malta,1977,0.564
Malta,1978,0.56
Malta,1979,0.564
Malta,1980,0.551
Malta,1981,0.54
Malta,1982,0.555
Malta,1983,0.565
Malta,1984,0.557
Malta,1985,0.589
Malta,1986,0.829
Malta,1987,0.856
Malta,1988,0.892
Malta,1989,0.925
Malta,1990,0.924
Malta,1991,0.928
Malta,1992,0.928
Malta,1993,0.89
Malta,1994,0.815
Malta,1995,0.802
Malta,1996,0.791
Malta,1997,0.779
Malta,1998,0.799
Malta,1999,0.776
Malta,2000,0.733
Malta,2001,0.707
Malta,2002,0.669
Malta,2003,0.64
Malta,2004,0.616
Malta,2005,0.608
Malta,2006,0.423
Malta,2007,0.414
Malta,2008,0.434
Malta,2009,0.436
Malta,2010,0.445
Malta,2011,0.489
Malta,2012,0.442
Malta,2013,0.419
Malta,2014,2.363
Malta,2015,2.41
Malta,2016,2.164
Malta,2017,3.295
Malta,2018,3.693
Malta,2019,4.171
Malta,2020,1.421
Malta,2021,0.95
Malta,2022,0.502
Malta,2023,1.29
Malta,2024,1.191
Malta,2025,0.948
Malta,2026,0.372
Malta,2027,0.342
Malta,2028,0.285
Malta,2029,0.222
Malta,2030,0.184
Malta,2031,0.136
Malta,2032,0.1
Malta,2033,0.018
Malta,2034,-0.068
Malta,2035,-0.099
Malta,2036,-0.126
Malta,2037,-0.156
Malta,2038,-0.202
Malta,2039,-0.22
Malta,2040,-0.216
Malta,2041,-0.247
Malta,2042,-0.241
Malta,2043,-0.274
Malta,2044,-0.277
Malta,2045,-0.297
Malta,2046,-0.304
Malta,2047,-0.358
Malta,2048,-0.333
Malta,2049,-0.321
Malta,2050,-0.372
Malta,2051,-0.407
Malta,2052,-0.401
Malta,2053,-0.392
Malta,2054,-0.379
Malta,2055,-0.428
Malta,2056,-0.436
Malta,2057,-0.424
Malta,2058,-0.452
Malta,2059,-0.5
Malta,2060,-0.516
Malta,2061,-0.53
Malta,2062,-0.579
Malta,2063,-0.58
Malta,2064,-0.621
Malta,2065,-0.658
Malta,2066,-0.689
Malta,2067,-0.725
Malta,2068,-0.77
Malta,2069,-0.791
Malta,2070,-0.801
Malta,2071,-0.838
Malta,2072,-0.863
Malta,2073,-0.884
Malta,2074,-0.903
Malta,2075,-0.933
Malta,2076,-1.011
Malta,2077,-1.013
Malta,2078,-1.019
Malta,2079,-1.039
Malta,2080,-1.055
Malta,2081,-1.088
Malta,2082,-1.056
Malta,2083,-1.091
Malta,2084,-1.073
Malta,2085,-1.056
Malta,2086,-1.077
Malta,2087,-1.047
Malta,2088,-0.992
Malta,2089,-1.004
Malta,2090,-1.003
Malta,2091,-0.984
Malta,2092,-0.941
Malta,2093,-0.931
Malta,2094,-0.934
Malta,2095,-0.92
Malta,2096,-0.856
Malta,2097,-0.844
Malta,2098,-0.823
Malta,2099,-0.826
Malta,2100,-0.805
Marshall Islands,1950,1.046
Marshall Islands,1951,0.725
Marshall Islands,1952,0.848
Marshall Islands,1953,0.579
Marshall Islands,1954,0.65
Marshall Islands,1955,0.705
Marshall Islands,1956,0.59
Marshall Islands,1957,0.411
Marshall Islands,1958,2.014
Marshall Islands,1959,3.558
Marshall Islands,1960,3.449
Marshall Islands,1961,3.457
Marshall Islands,1962,3.466
Marshall Islands,1963,3.356
Marshall Islands,1964,3.294
Marshall Islands,1965,3.132
Marshall Islands,1966,2.806
Marshall Islands,1967,5.115
Marshall Islands,1968,7.354
Marshall Islands,1969,6.691
Marshall Islands,1970,4.555
Marshall Islands,1971,2.769
Marshall Islands,1972,2.522
Marshall Islands,1973,2.327
Marshall Islands,1974,3.392
Marshall Islands,1975,3.277
Marshall Islands,1976,3.25
Marshall Islands,1977,3.193
Marshall Islands,1978,3.183
Marshall Islands,1979,3.165
Marshall Islands,1980,3.676
Marshall Islands,1981,4.23
Marshall Islands,1982,4.208
Marshall Islands,1983,4.091
Marshall Islands,1984,4.087
Marshall Islands,1985,4.007
Marshall Islands,1986,3.91
Marshall Islands,1987,3.792
Marshall Islands,1988,3.398
Marshall Islands,1989,2.506
Marshall Islands,1990,2.227
Marshall Islands,1991,1.938
Marshall Islands,1992,1.632
Marshall Islands,1993,1.391
Marshall Islands,1994,1.218
Marshall Islands,1995,1.092
Marshall Islands,1996,1.009
Marshall Islands,1997,0.966
Marshall Islands,1998,0.885
Marshall Islands,1999,1.054
Marshall Islands,2000,0.949
Marshall Islands,2001,0.687
Marshall Islands,2002,0.492
Marshall Islands,2003,0.339
Marshall Islands,2004,0.253
Marshall Islands,2005,0.189
Marshall Islands,2006,0.144
Marshall Islands,2007,0.019
Marshall Islands,2008,-0.038
Marshall Islands,2009,-0.006
Marshall Islands,2010,0.102
Marshall Islands,2011,-0.626
Marshall Islands,2012,-1.268
Marshall Islands,2013,-1.626
Marshall Islands,2014,-1.9
Marshall Islands,2015,-2.141
Marshall Islands,2016,-2.385
Marshall Islands,2017,-2.626
Marshall Islands,2018,-2.796
Marshall Islands,2019,-2.934
Marshall Islands,2020,-3.065
Marshall Islands,2021,-3.312
Marshall Islands,2022,-3.019
Marshall Islands,2023,-3.323
Marshall Islands,2024,-3.377
Marshall Islands,2025,-3.484
Marshall Islands,2026,-3.279
Marshall Islands,2027,-3.085
Marshall Islands,2028,-2.887
Marshall Islands,2029,-2.824
Marshall Islands,2030,-2.62
Marshall Islands,2031,-2.367
Marshall Islands,2032,-2.135
Marshall Islands,2033,-1.935
Marshall Islands,2034,-1.744
Marshall Islands,2035,-1.546
Marshall Islands,2036,-1.308
Marshall Islands,2037,-1.227
Marshall Islands,2038,-1
Marshall Islands,2039,-0.924
Marshall Islands,2040,-0.827
Marshall Islands,2041,-0.72
Marshall Islands,2042,-0.618
Marshall Islands,2043,-0.61
Marshall Islands,2044,-0.537
Marshall Islands,2045,-0.501
Marshall Islands,2046,-0.444
Marshall Islands,2047,-0.431
Marshall Islands,2048,-0.448
Marshall Islands,2049,-0.498
Marshall Islands,2050,-0.393
Marshall Islands,2051,-0.454
Marshall Islands,2052,-0.408
Marshall Islands,2053,-0.37
Marshall Islands,2054,-0.436
Marshall Islands,2055,-0.458
Marshall Islands,2056,-0.366
Marshall Islands,2057,-0.323
Marshall Islands,2058,-0.197
Marshall Islands,2059,-0.267
Marshall Islands,2060,-0.202
Marshall Islands,2061,-0.214
Marshall Islands,2062,-0.165
Marshall Islands,2063,-0.054
Marshall Islands,2064,-0.017
Marshall Islands,2065,0.004
Marshall Islands,2066,0.136
Marshall Islands,2067,0.083
Marshall Islands,2068,0.177
Marshall Islands,2069,0.136
Marshall Islands,2070,0.173
Marshall Islands,2071,0.16
Marshall Islands,2072,0.131
Marshall Islands,2073,0.2
Marshall Islands,2074,0.143
Marshall Islands,2075,0.228
Marshall Islands,2076,0.142
Marshall Islands,2077,0.171
Marshall Islands,2078,0.174
Marshall Islands,2079,0.089
Marshall Islands,2080,0.109
Marshall Islands,2081,0.044
Marshall Islands,2082,0.065
Marshall Islands,2083,0.048
Marshall Islands,2084,-0.032
Marshall Islands,2085,-0.077
Marshall Islands,2086,-0.061
Marshall Islands,2087,-0.121
Marshall Islands,2088,-0.13
Marshall Islands,2089,-0.227
Marshall Islands,2090,-0.199
Marshall Islands,2091,-0.241
Marshall Islands,2092,-0.29
Marshall Islands,2093,-0.312
Marshall Islands,2094,-0.284
Marshall Islands,2095,-0.347
Marshall Islands,2096,-0.323
Marshall Islands,2097,-0.399
Marshall Islands,2098,-0.379
Marshall Islands,2099,-0.335
Marshall Islands,2100,-0.407
Martinique,1950,2.376
Martinique,1951,2.232
Martinique,1952,2.225
Martinique,1953,2.521
Martinique,1954,2.632
Martinique,1955,1.939
Martinique,1956,2.001
Martinique,1957,2.043
Martinique,1958,2
Martinique,1959,2.047
Martinique,1960,2.068
Martinique,1961,1.918
Martinique,1962,1.57
Martinique,1963,1.392
Martinique,1964,1.363
Martinique,1965,1.413
Martinique,1966,1.329
Martinique,1967,1.085
Martinique,1968,0.535
Martinique,1969,0.276
Martinique,1970,0.141
Martinique,1971,0.144
Martinique,1972,0.075
Martinique,1973,-0.061
Martinique,1974,0.066
Martinique,1975,0.524
Martinique,1976,0.469
Martinique,1977,0.32
Martinique,1978,0.215
Martinique,1979,0.164
Martinique,1980,0.141
Martinique,1981,0.281
Martinique,1982,0.946
Martinique,1983,1.2
Martinique,1984,1.247
Martinique,1985,1.261
Martinique,1986,1.275
Martinique,1987,1.301
Martinique,1988,1.295
Martinique,1989,1.334
Martinique,1990,1.616
Martinique,1991,1.752
Martinique,1992,1.732
Martinique,1993,1.683
Martinique,1994,1.633
Martinique,1995,1.579
Martinique,1996,1.535
Martinique,1997,1.497
Martinique,1998,1.239
Martinique,1999,-0.254
Martinique,2000,-0.934
Martinique,2001,-1.087
Martinique,2002,-1.17
Martinique,2003,-0.807
Martinique,2004,-0.82
Martinique,2005,-0.79
Martinique,2006,0.095
Martinique,2007,0.083
Martinique,2008,-0.138
Martinique,2009,-0.45
Martinique,2010,-0.623
Martinique,2011,-0.801
Martinique,2012,-0.64
Martinique,2013,-0.519
Martinique,2014,-0.744
Martinique,2015,-0.961
Martinique,2016,-1.585
Martinique,2017,-2.359
Martinique,2018,-1.665
Martinique,2019,-0.805
Martinique,2020,-0.869
Martinique,2021,-1.012
Martinique,2022,-1.163
Martinique,2023,-0.824
Martinique,2024,-0.805
Martinique,2025,-0.807
Martinique,2026,-0.802
Martinique,2027,-0.759
Martinique,2028,-0.755
Martinique,2029,-0.75
Martinique,2030,-0.726
Martinique,2031,-0.714
Martinique,2032,-0.706
Martinique,2033,-0.693
Martinique,2034,-0.694
Martinique,2035,-0.676
Martinique,2036,-0.683
Martinique,2037,-0.666
Martinique,2038,-0.664
Martinique,2039,-0.672
Martinique,2040,-0.702
Martinique,2041,-0.706
Martinique,2042,-0.736
Martinique,2043,-0.755
Martinique,2044,-0.77
Martinique,2045,-0.799
Martinique,2046,-0.818
Martinique,2047,-0.858
Martinique,2048,-0.894
Martinique,2049,-0.934
Martinique,2050,-0.945
Martinique,2051,-0.966
Martinique,2052,-0.984
Martinique,2053,-0.995
Martinique,2054,-1.004
Martinique,2055,-0.995
Martinique,2056,-1.004
Martinique,2057,-1.001
Martinique,2058,-0.964
Martinique,2059,-0.975
Martinique,2060,-0.941
Martinique,2061,-0.933
Martinique,2062,-0.905
Martinique,2063,-0.88
Martinique,2064,-0.856
Martinique,2065,-0.814
Martinique,2066,-0.763
Martinique,2067,-0.728
Martinique,2068,-0.687
Martinique,2069,-0.65
Martinique,2070,-0.603
Martinique,2071,-0.571
Martinique,2072,-0.526
Martinique,2073,-0.485
Martinique,2074,-0.46
Martinique,2075,-0.425
Martinique,2076,-0.424
Martinique,2077,-0.387
Martinique,2078,-0.366
Martinique,2079,-0.357
Martinique,2080,-0.349
Martinique,2081,-0.354
Martinique,2082,-0.339
Martinique,2083,-0.34
Martinique,2084,-0.347
Martinique,2085,-0.336
Martinique,2086,-0.334
Martinique,2087,-0.348
Martinique,2088,-0.342
Martinique,2089,-0.347
Martinique,2090,-0.357
Martinique,2091,-0.355
Martinique,2092,-0.365
Martinique,2093,-0.375
Martinique,2094,-0.372
Martinique,2095,-0.378
Martinique,2096,-0.392
Martinique,2097,-0.406
Martinique,2098,-0.406
Martinique,2099,-0.421
Martinique,2100,-0.423
Mauritania,1950,1.938
Mauritania,1951,2.026
Mauritania,1952,2.081
Mauritania,1953,2.134
Mauritania,1954,2.189
Mauritania,1955,2.253
Mauritania,1956,2.315
Mauritania,1957,2.375
Mauritania,1958,2.439
Mauritania,1959,2.501
Mauritania,1960,2.582
Mauritania,1961,2.654
Mauritania,1962,2.713
Mauritania,1963,2.787
Mauritania,1964,2.848
Mauritania,1965,2.918
Mauritania,1966,2.981
Mauritania,1967,3.022
Mauritania,1968,3.04
Mauritania,1969,3.054
Mauritania,1970,3.049
Mauritania,1971,3.022
Mauritania,1972,3
Mauritania,1973,2.984
Mauritania,1974,2.966
Mauritania,1975,2.936
Mauritania,1976,2.928
Mauritania,1977,2.833
Mauritania,1978,2.839
Mauritania,1979,2.831
Mauritania,1980,2.851
Mauritania,1981,2.878
Mauritania,1982,2.879
Mauritania,1983,2.875
Mauritania,1984,2.884
Mauritania,1985,2.887
Mauritania,1986,2.873
Mauritania,1987,2.886
Mauritania,1988,2.891
Mauritania,1989,2.14
Mauritania,1990,2.917
Mauritania,1991,2.925
Mauritania,1992,4.695
Mauritania,1993,3.421
Mauritania,1994,3.373
Mauritania,1995,2.13
Mauritania,1996,1.827
Mauritania,1997,2.619
Mauritania,1998,2.568
Mauritania,1999,2.776
Mauritania,2000,2.791
Mauritania,2001,2.154
Mauritania,2002,2.267
Mauritania,2003,2.309
Mauritania,2004,2.389
Mauritania,2005,2.458
Mauritania,2006,2.554
Mauritania,2007,2.646
Mauritania,2008,3.097
Mauritania,2009,3.16
Mauritania,2010,3.222
Mauritania,2011,3.268
Mauritania,2012,3.261
Mauritania,2013,3.015
Mauritania,2014,3.01
Mauritania,2015,3.003
Mauritania,2016,2.994
Mauritania,2017,2.982
Mauritania,2018,2.965
Mauritania,2019,2.942
Mauritania,2020,2.9
Mauritania,2021,2.874
Mauritania,2022,2.983
Mauritania,2023,2.95
Mauritania,2024,2.82
Mauritania,2025,2.739
Mauritania,2026,2.69
Mauritania,2027,2.639
Mauritania,2028,2.611
Mauritania,2029,2.575
Mauritania,2030,2.548
Mauritania,2031,2.51
Mauritania,2032,2.48
Mauritania,2033,2.448
Mauritania,2034,2.41
Mauritania,2035,2.369
Mauritania,2036,2.328
Mauritania,2037,2.288
Mauritania,2038,2.261
Mauritania,2039,2.217
Mauritania,2040,2.183
Mauritania,2041,2.152
Mauritania,2042,2.14
Mauritania,2043,2.106
Mauritania,2044,2.065
Mauritania,2045,2.037
Mauritania,2046,2.014
Mauritania,2047,1.968
Mauritania,2048,1.948
Mauritania,2049,1.898
Mauritania,2050,1.863
Mauritania,2051,1.849
Mauritania,2052,1.823
Mauritania,2053,1.784
Mauritania,2054,1.742
Mauritania,2055,1.708
Mauritania,2056,1.665
Mauritania,2057,1.65
Mauritania,2058,1.641
Mauritania,2059,1.605
Mauritania,2060,1.564
Mauritania,2061,1.539
Mauritania,2062,1.514
Mauritania,2063,1.481
Mauritania,2064,1.475
Mauritania,2065,1.431
Mauritania,2066,1.418
Mauritania,2067,1.396
Mauritania,2068,1.353
Mauritania,2069,1.335
Mauritania,2070,1.302
Mauritania,2071,1.29
Mauritania,2072,1.253
Mauritania,2073,1.224
Mauritania,2074,1.198
Mauritania,2075,1.179
Mauritania,2076,1.153
Mauritania,2077,1.131
Mauritania,2078,1.105
Mauritania,2079,1.064
Mauritania,2080,1.044
Mauritania,2081,1.028
Mauritania,2082,0.998
Mauritania,2083,0.984
Mauritania,2084,0.954
Mauritania,2085,0.928
Mauritania,2086,0.913
Mauritania,2087,0.896
Mauritania,2088,0.866
Mauritania,2089,0.84
Mauritania,2090,0.817
Mauritania,2091,0.8
Mauritania,2092,0.77
Mauritania,2093,0.753
Mauritania,2094,0.731
Mauritania,2095,0.703
Mauritania,2096,0.698
Mauritania,2097,0.674
Mauritania,2098,0.657
Mauritania,2099,0.622
Mauritania,2100,0.614
Mauritius,1950,2.905
Mauritius,1951,2.948
Mauritius,1952,2.882
Mauritius,1953,2.349
Mauritius,1954,2.338
Mauritius,1955,2.424
Mauritius,1956,2.507
Mauritius,1957,2.584
Mauritius,1958,2.66
Mauritius,1959,2.73
Mauritius,1960,1.888
Mauritius,1961,1.668
Mauritius,1962,1.976
Mauritius,1963,2.251
Mauritius,1964,2.194
Mauritius,1965,2.138
Mauritius,1966,2.067
Mauritius,1967,1.954
Mauritius,1968,1.842
Mauritius,1969,1.745
Mauritius,1970,1.656
Mauritius,1971,1.559
Mauritius,1972,1.392
Mauritius,1973,1.295
Mauritius,1974,1.305
Mauritius,1975,1.316
Mauritius,1976,1.331
Mauritius,1977,1.383
Mauritius,1978,1.475
Mauritius,1979,1.552
Mauritius,1980,1.58
Mauritius,1981,1.54
Mauritius,1982,1.409
Mauritius,1983,1.369
Mauritius,1984,1.393
Mauritius,1985,1.323
Mauritius,1986,1.252
Mauritius,1987,1.193
Mauritius,1988,1.168
Mauritius,1989,1.148
Mauritius,1990,1.261
Mauritius,1991,1.297
Mauritius,1992,1.338
Mauritius,1993,1.28
Mauritius,1994,1.205
Mauritius,1995,1.097
Mauritius,1996,1.058
Mauritius,1997,0.965
Mauritius,1998,0.852
Mauritius,1999,0.945
Mauritius,2000,0.829
Mauritius,2001,0.674
Mauritius,2002,0.673
Mauritius,2003,0.621
Mauritius,2004,0.615
Mauritius,2005,0.569
Mauritius,2006,0.473
Mauritius,2007,0.433
Mauritius,2008,0.372
Mauritius,2009,0.308
Mauritius,2010,0.276
Mauritius,2011,0.278
Mauritius,2012,0.173
Mauritius,2013,0.108
Mauritius,2014,0.05
Mauritius,2015,-0.008
Mauritius,2016,-0.065
Mauritius,2017,-0.113
Mauritius,2018,-0.17
Mauritius,2019,-0.229
Mauritius,2020,-0.246
Mauritius,2021,-0.316
Mauritius,2022,-0.23
Mauritius,2023,-0.168
Mauritius,2024,-0.212
Mauritius,2025,-0.243
Mauritius,2026,-0.266
Mauritius,2027,-0.277
Mauritius,2028,-0.293
Mauritius,2029,-0.306
Mauritius,2030,-0.309
Mauritius,2031,-0.338
Mauritius,2032,-0.365
Mauritius,2033,-0.394
Mauritius,2034,-0.42
Mauritius,2035,-0.449
Mauritius,2036,-0.477
Mauritius,2037,-0.504
Mauritius,2038,-0.535
Mauritius,2039,-0.575
Mauritius,2040,-0.609
Mauritius,2041,-0.642
Mauritius,2042,-0.671
Mauritius,2043,-0.712
Mauritius,2044,-0.736
Mauritius,2045,-0.774
Mauritius,2046,-0.8
Mauritius,2047,-0.831
Mauritius,2048,-0.855
Mauritius,2049,-0.878
Mauritius,2050,-0.893
Mauritius,2051,-0.914
Mauritius,2052,-0.931
Mauritius,2053,-0.953
Mauritius,2054,-0.966
Mauritius,2055,-0.979
Mauritius,2056,-1.001
Mauritius,2057,-1.011
Mauritius,2058,-1.021
Mauritius,2059,-1.04
Mauritius,2060,-1.06
Mauritius,2061,-1.074
Mauritius,2062,-1.092
Mauritius,2063,-1.104
Mauritius,2064,-1.127
Mauritius,2065,-1.148
Mauritius,2066,-1.157
Mauritius,2067,-1.175
Mauritius,2068,-1.191
Mauritius,2069,-1.212
Mauritius,2070,-1.24
Mauritius,2071,-1.249
Mauritius,2072,-1.28
Mauritius,2073,-1.298
Mauritius,2074,-1.318
Mauritius,2075,-1.336
Mauritius,2076,-1.359
Mauritius,2077,-1.385
Mauritius,2078,-1.4
Mauritius,2079,-1.418
Mauritius,2080,-1.433
Mauritius,2081,-1.453
Mauritius,2082,-1.474
Mauritius,2083,-1.48
Mauritius,2084,-1.494
Mauritius,2085,-1.508
Mauritius,2086,-1.516
Mauritius,2087,-1.515
Mauritius,2088,-1.52
Mauritius,2089,-1.524
Mauritius,2090,-1.521
Mauritius,2091,-1.518
Mauritius,2092,-1.511
Mauritius,2093,-1.509
Mauritius,2094,-1.495
Mauritius,2095,-1.485
Mauritius,2096,-1.471
Mauritius,2097,-1.461
Mauritius,2098,-1.444
Mauritius,2099,-1.433
Mauritius,2100,-1.421
Mayotte,1950,1.856
Mayotte,1951,1.979
Mayotte,1952,1.982
Mayotte,1953,2.221
Mayotte,1954,2.292
Mayotte,1955,2.414
Mayotte,1956,2.459
Mayotte,1957,2.581
Mayotte,1958,2.652
Mayotte,1959,2.697
Mayotte,1960,2.797
Mayotte,1961,2.824
Mayotte,1962,2.919
Mayotte,1963,3.007
Mayotte,1964,3.141
Mayotte,1965,3.284
Mayotte,1966,3.378
Mayotte,1967,3.323
Mayotte,1968,2.656
Mayotte,1969,2.718
Mayotte,1970,2.758
Mayotte,1971,2.949
Mayotte,1972,3.069
Mayotte,1973,3.167
Mayotte,1974,3.264
Mayotte,1975,3.274
Mayotte,1976,3.295
Mayotte,1977,3.312
Mayotte,1978,4.131
Mayotte,1979,5.154
Mayotte,1980,5.328
Mayotte,1981,5.477
Mayotte,1982,5.447
Mayotte,1983,5.331
Mayotte,1984,5.164
Mayotte,1985,5.522
Mayotte,1986,6.383
Mayotte,1987,6.413
Mayotte,1988,6.363
Mayotte,1989,6.263
Mayotte,1990,5.999
Mayotte,1991,5.928
Mayotte,1992,6.482
Mayotte,1993,6.481
Mayotte,1994,6.371
Mayotte,1995,6.162
Mayotte,1996,5.858
Mayotte,1997,5.032
Mayotte,1998,4.289
Mayotte,1999,4.189
Mayotte,2000,4.012
Mayotte,2001,3.774
Mayotte,2002,2.748
Mayotte,2003,1.516
Mayotte,2004,2.333
Mayotte,2005,2.814
Mayotte,2006,3.096
Mayotte,2007,3.046
Mayotte,2008,2.79
Mayotte,2009,2.724
Mayotte,2010,2.677
Mayotte,2011,2.611
Mayotte,2012,2.953
Mayotte,2013,3.882
Mayotte,2014,4.033
Mayotte,2015,4.114
Mayotte,2016,4.098
Mayotte,2017,3.055
Mayotte,2018,0.352
Mayotte,2019,3.453
Mayotte,2020,3.315
Mayotte,2021,3.626
Mayotte,2022,3.611
Mayotte,2023,3.314
Mayotte,2024,3.218
Mayotte,2025,3.117
Mayotte,2026,3.035
Mayotte,2027,2.978
Mayotte,2028,2.909
Mayotte,2029,2.86
Mayotte,2030,2.804
Mayotte,2031,2.767
Mayotte,2032,2.737
Mayotte,2033,2.673
Mayotte,2034,2.643
Mayotte,2035,2.595
Mayotte,2036,2.589
Mayotte,2037,2.573
Mayotte,2038,2.539
Mayotte,2039,2.542
Mayotte,2040,2.503
Mayotte,2041,2.533
Mayotte,2042,2.485
Mayotte,2043,2.455
Mayotte,2044,2.407
Mayotte,2045,2.439
Mayotte,2046,2.37
Mayotte,2047,2.353
Mayotte,2048,2.297
Mayotte,2049,2.257
Mayotte,2050,2.17
Mayotte,2051,2.141
Mayotte,2052,2.117
Mayotte,2053,2.086
Mayotte,2054,2.04
Mayotte,2055,2.049
Mayotte,2056,2.014
Mayotte,2057,1.963
Mayotte,2058,1.904
Mayotte,2059,1.863
Mayotte,2060,1.823
Mayotte,2061,1.794
Mayotte,2062,1.772
Mayotte,2063,1.758
Mayotte,2064,1.728
Mayotte,2065,1.729
Mayotte,2066,1.743
Mayotte,2067,1.736
Mayotte,2068,1.681
Mayotte,2069,1.679
Mayotte,2070,1.671
Mayotte,2071,1.588
Mayotte,2072,1.606
Mayotte,2073,1.575
Mayotte,2074,1.524
Mayotte,2075,1.496
Mayotte,2076,1.468
Mayotte,2077,1.481
Mayotte,2078,1.432
Mayotte,2079,1.391
Mayotte,2080,1.364
Mayotte,2081,1.342
Mayotte,2082,1.338
Mayotte,2083,1.305
Mayotte,2084,1.278
Mayotte,2085,1.279
Mayotte,2086,1.236
Mayotte,2087,1.223
Mayotte,2088,1.204
Mayotte,2089,1.16
Mayotte,2090,1.138
Mayotte,2091,1.111
Mayotte,2092,1.096
Mayotte,2093,1.068
Mayotte,2094,1.081
Mayotte,2095,1.066
Mayotte,2096,1.039
Mayotte,2097,0.996
Mayotte,2098,0.989
Mayotte,2099,0.942
Mayotte,2100,0.966
Mexico,1950,2.584
Mexico,1951,2.657
Mexico,1952,2.706
Mexico,1953,2.78
Mexico,1954,2.85
Mexico,1955,2.903
Mexico,1956,2.934
Mexico,1957,2.961
Mexico,1958,2.982
Mexico,1959,3.013
Mexico,1960,3.054
Mexico,1961,3.193
Mexico,1962,3.242
Mexico,1963,3.269
Mexico,1964,3.291
Mexico,1965,3.313
Mexico,1966,3.315
Mexico,1967,3.299
Mexico,1968,3.264
Mexico,1969,3.198
Mexico,1970,3.128
Mexico,1971,3.064
Mexico,1972,3.016
Mexico,1973,2.955
Mexico,1974,2.898
Mexico,1975,2.821
Mexico,1976,2.742
Mexico,1977,2.67
Mexico,1978,2.622
Mexico,1979,2.532
Mexico,1980,2.438
Mexico,1981,2.239
Mexico,1982,2.186
Mexico,1983,2.135
Mexico,1984,2.088
Mexico,1985,2.05
Mexico,1986,2.019
Mexico,1987,1.991
Mexico,1988,1.96
Mexico,1989,1.897
Mexico,1990,1.938
Mexico,1991,1.914
Mexico,1992,1.874
Mexico,1993,1.832
Mexico,1994,1.798
Mexico,1995,1.762
Mexico,1996,1.708
Mexico,1997,1.657
Mexico,1998,1.622
Mexico,1999,1.576
Mexico,2000,1.51
Mexico,2001,1.457
Mexico,2002,1.419
Mexico,2003,1.378
Mexico,2004,1.353
Mexico,2005,1.344
Mexico,2006,1.363
Mexico,2007,1.452
Mexico,2008,1.468
Mexico,2009,1.456
Mexico,2010,1.424
Mexico,2011,1.407
Mexico,2012,1.308
Mexico,2013,1.287
Mexico,2014,1.134
Mexico,2015,1.005
Mexico,2016,0.933
Mexico,2017,0.937
Mexico,2018,0.956
Mexico,2019,0.945
Mexico,2020,0.697
Mexico,2021,0.638
Mexico,2022,0.868
Mexico,2023,0.877
Mexico,2024,0.845
Mexico,2025,0.808
Mexico,2026,0.778
Mexico,2027,0.75
Mexico,2028,0.724
Mexico,2029,0.697
Mexico,2030,0.672
Mexico,2031,0.648
Mexico,2032,0.624
Mexico,2033,0.601
Mexico,2034,0.571
Mexico,2035,0.55
Mexico,2036,0.522
Mexico,2037,0.502
Mexico,2038,0.475
Mexico,2039,0.446
Mexico,2040,0.421
Mexico,2041,0.398
Mexico,2042,0.372
Mexico,2043,0.344
Mexico,2044,0.322
Mexico,2045,0.294
Mexico,2046,0.268
Mexico,2047,0.241
Mexico,2048,0.221
Mexico,2049,0.191
Mexico,2050,0.17
Mexico,2051,0.146
Mexico,2052,0.124
Mexico,2053,0.102
Mexico,2054,0.081
Mexico,2055,0.06
Mexico,2056,0.04
Mexico,2057,0.022
Mexico,2058,0.005
Mexico,2059,-0.014
Mexico,2060,-0.035
Mexico,2061,-0.052
Mexico,2062,-0.069
Mexico,2063,-0.088
Mexico,2064,-0.106
Mexico,2065,-0.125
Mexico,2066,-0.141
Mexico,2067,-0.157
Mexico,2068,-0.175
Mexico,2069,-0.192
Mexico,2070,-0.211
Mexico,2071,-0.224
Mexico,2072,-0.243
Mexico,2073,-0.261
Mexico,2074,-0.278
Mexico,2075,-0.293
Mexico,2076,-0.308
Mexico,2077,-0.325
Mexico,2078,-0.341
Mexico,2079,-0.357
Mexico,2080,-0.373
Mexico,2081,-0.389
Mexico,2082,-0.398
Mexico,2083,-0.416
Mexico,2084,-0.43
Mexico,2085,-0.446
Mexico,2086,-0.457
Mexico,2087,-0.468
Mexico,2088,-0.477
Mexico,2089,-0.491
Mexico,2090,-0.502
Mexico,2091,-0.514
Mexico,2092,-0.521
Mexico,2093,-0.535
Mexico,2094,-0.545
Mexico,2095,-0.554
Mexico,2096,-0.56
Mexico,2097,-0.567
Mexico,2098,-0.572
Mexico,2099,-0.578
Mexico,2100,-0.583
Micronesia (country),1950,2.803
Micronesia (country),1951,2.709
Micronesia (country),1952,2.83
Micronesia (country),1953,2.87
Micronesia (country),1954,2.834
Micronesia (country),1955,2.943
Micronesia (country),1956,2.949
Micronesia (country),1957,2.945
Micronesia (country),1958,3.027
Micronesia (country),1959,3.073
Micronesia (country),1960,3.54
Micronesia (country),1961,3.529
Micronesia (country),1962,3.551
Micronesia (country),1963,2.958
Micronesia (country),1964,2.975
Micronesia (country),1965,3.041
Micronesia (country),1966,3.075
Micronesia (country),1967,2.918
Micronesia (country),1968,2.975
Micronesia (country),1969,3.022
Micronesia (country),1970,3.099
Micronesia (country),1971,2.644
Micronesia (country),1972,2.696
Micronesia (country),1973,2.716
Micronesia (country),1974,2.718
Micronesia (country),1975,2.333
Micronesia (country),1976,2.414
Micronesia (country),1977,2.462
Micronesia (country),1978,3.108
Micronesia (country),1979,3.115
Micronesia (country),1980,3.059
Micronesia (country),1981,3.017
Micronesia (country),1982,2.97
Micronesia (country),1983,2.928
Micronesia (country),1984,2.884
Micronesia (country),1985,2.841
Micronesia (country),1986,2.787
Micronesia (country),1987,2.724
Micronesia (country),1988,1.981
Micronesia (country),1989,1.909
Micronesia (country),1990,1.864
Micronesia (country),1991,1.8
Micronesia (country),1992,2.154
Micronesia (country),1993,2.113
Micronesia (country),1994,1.61
Micronesia (country),1995,0.503
Micronesia (country),1996,0.368
Micronesia (country),1997,0.283
Micronesia (country),1998,0.268
Micronesia (country),1999,0.273
Micronesia (country),2000,0.378
Micronesia (country),2001,0.195
Micronesia (country),2002,-0.048
Micronesia (country),2003,-0.242
Micronesia (country),2004,-0.399
Micronesia (country),2005,-0.521
Micronesia (country),2006,-0.71
Micronesia (country),2007,-0.829
Micronesia (country),2008,-0.897
Micronesia (country),2009,-0.909
Micronesia (country),2010,0.135
Micronesia (country),2011,0.16
Micronesia (country),2012,0.196
Micronesia (country),2013,0.23
Micronesia (country),2014,0.279
Micronesia (country),2015,0.31
Micronesia (country),2016,0.349
Micronesia (country),2017,0.396
Micronesia (country),2018,0.385
Micronesia (country),2019,0.292
Micronesia (country),2020,0.854
Micronesia (country),2021,0.42
Micronesia (country),2022,0.454
Micronesia (country),2023,0.466
Micronesia (country),2024,0.473
Micronesia (country),2025,0.449
Micronesia (country),2026,0.428
Micronesia (country),2027,0.475
Micronesia (country),2028,0.48
Micronesia (country),2029,0.474
Micronesia (country),2030,0.474
Micronesia (country),2031,0.476
Micronesia (country),2032,0.481
Micronesia (country),2033,0.463
Micronesia (country),2034,0.486
Micronesia (country),2035,0.462
Micronesia (country),2036,0.434
Micronesia (country),2037,0.454
Micronesia (country),2038,0.411
Micronesia (country),2039,0.384
Micronesia (country),2040,0.388
Micronesia (country),2041,0.389
Micronesia (country),2042,0.383
Micronesia (country),2043,0.401
Micronesia (country),2044,0.379
Micronesia (country),2045,0.388
Micronesia (country),2046,0.377
Micronesia (country),2047,0.376
Micronesia (country),2048,0.384
Micronesia (country),2049,0.36
Micronesia (country),2050,0.362
Micronesia (country),2051,0.341
Micronesia (country),2052,0.343
Micronesia (country),2053,0.326
Micronesia (country),2054,0.306
Micronesia (country),2055,0.302
Micronesia (country),2056,0.287
Micronesia (country),2057,0.321
Micronesia (country),2058,0.309
Micronesia (country),2059,0.274
Micronesia (country),2060,0.235
Micronesia (country),2061,0.263
Micronesia (country),2062,0.231
Micronesia (country),2063,0.232
Micronesia (country),2064,0.205
Micronesia (country),2065,0.171
Micronesia (country),2066,0.17
Micronesia (country),2067,0.147
Micronesia (country),2068,0.167
Micronesia (country),2069,0.118
Micronesia (country),2070,0.093
Micronesia (country),2071,0.05
Micronesia (country),2072,0.064
Micronesia (country),2073,0.012
Micronesia (country),2074,0.026
Micronesia (country),2075,-0.003
Micronesia (country),2076,-0.015
Micronesia (country),2077,-0.052
Micronesia (country),2078,-0.076
Micronesia (country),2079,-0.066
Micronesia (country),2080,-0.084
Micronesia (country),2081,-0.104
Micronesia (country),2082,-0.107
Micronesia (country),2083,-0.121
Micronesia (country),2084,-0.131
Micronesia (country),2085,-0.141
Micronesia (country),2086,-0.18
Micronesia (country),2087,-0.182
Micronesia (country),2088,-0.15
Micronesia (country),2089,-0.164
Micronesia (country),2090,-0.17
Micronesia (country),2091,-0.18
Micronesia (country),2092,-0.209
Micronesia (country),2093,-0.191
Micronesia (country),2094,-0.191
Micronesia (country),2095,-0.21
Micronesia (country),2096,-0.235
Micronesia (country),2097,-0.231
Micronesia (country),2098,-0.251
Micronesia (country),2099,-0.238
Micronesia (country),2100,-0.262
Moldova,1950,1.707
Moldova,1951,1.773
Moldova,1952,1.85
Moldova,1953,1.91
Moldova,1954,1.951
Moldova,1955,1.979
Moldova,1956,1.993
Moldova,1957,1.977
Moldova,1958,1.903
Moldova,1959,2.313
Moldova,1960,2.212
Moldova,1961,2.144
Moldova,1962,1.989
Moldova,1963,1.857
Moldova,1964,1.686
Moldova,1965,1.634
Moldova,1966,1.571
Moldova,1967,1.518
Moldova,1968,1.486
Moldova,1969,1.475
Moldova,1970,0.932
Moldova,1971,0.948
Moldova,1972,1.004
Moldova,1973,1.065
Moldova,1974,1.12
Moldova,1975,1.139
Moldova,1976,1.145
Moldova,1977,1.138
Moldova,1978,1.128
Moldova,1979,0.883
Moldova,1980,1.018
Moldova,1981,0.988
Moldova,1982,0.984
Moldova,1983,1.04
Moldova,1984,1.049
Moldova,1985,1.085
Moldova,1986,1.165
Moldova,1987,1.128
Moldova,1988,1.094
Moldova,1989,0.338
Moldova,1990,0.192
Moldova,1991,0.053
Moldova,1992,-0.094
Moldova,1993,-0.242
Moldova,1994,-0.379
Moldova,1995,-0.537
Moldova,1996,-0.67
Moldova,1997,-0.8
Moldova,1998,-0.899
Moldova,1999,-0.986
Moldova,2000,-1.047
Moldova,2001,-1.1
Moldova,2002,-1.149
Moldova,2003,-1.158
Moldova,2004,-1.238
Moldova,2005,-1.652
Moldova,2006,-1.754
Moldova,2007,-1.845
Moldova,2008,-1.924
Moldova,2009,-1.993
Moldova,2010,-2.054
Moldova,2011,-2.105
Moldova,2012,-2.137
Moldova,2013,-2.152
Moldova,2014,-1.756
Moldova,2015,-1.594
Moldova,2016,-1.431
Moldova,2017,-1.323
Moldova,2018,-1.179
Moldova,2019,-1.453
Moldova,2020,-1.357
Moldova,2021,-1.623
Moldova,2022,2.68
Moldova,2023,-0.89
Moldova,2024,-1.216
Moldova,2025,-1.362
Moldova,2026,-0.976
Moldova,2027,-0.983
Moldova,2028,-0.997
Moldova,2029,-1.014
Moldova,2030,-1.029
Moldova,2031,-1.019
Moldova,2032,-1.022
Moldova,2033,-1.04
Moldova,2034,-1.045
Moldova,2035,-1.05
Moldova,2036,-1.027
Moldova,2037,-1.018
Moldova,2038,-1.005
Moldova,2039,-1.001
Moldova,2040,-0.959
Moldova,2041,-0.928
Moldova,2042,-0.915
Moldova,2043,-0.903
Moldova,2044,-0.868
Moldova,2045,-0.879
Moldova,2046,-0.854
Moldova,2047,-0.844
Moldova,2048,-0.846
Moldova,2049,-0.878
Moldova,2050,-0.862
Moldova,2051,-0.9
Moldova,2052,-0.914
Moldova,2053,-0.942
Moldova,2054,-0.963
Moldova,2055,-0.977
Moldova,2056,-1.005
Moldova,2057,-1
Moldova,2058,-1.012
Moldova,2059,-1.03
Moldova,2060,-1.064
Moldova,2061,-1.055
Moldova,2062,-1.06
Moldova,2063,-1.043
Moldova,2064,-1.054
Moldova,2065,-1.04
Moldova,2066,-1.021
Moldova,2067,-1.022
Moldova,2068,-1.012
Moldova,2069,-0.977
Moldova,2070,-0.979
Moldova,2071,-0.933
Moldova,2072,-0.918
Moldova,2073,-0.89
Moldova,2074,-0.883
Moldova,2075,-0.859
Moldova,2076,-0.836
Moldova,2077,-0.856
Moldova,2078,-0.834
Moldova,2079,-0.826
Moldova,2080,-0.813
Moldova,2081,-0.808
Moldova,2082,-0.805
Moldova,2083,-0.805
Moldova,2084,-0.798
Moldova,2085,-0.818
Moldova,2086,-0.812
Moldova,2087,-0.811
Moldova,2088,-0.825
Moldova,2089,-0.827
Moldova,2090,-0.832
Moldova,2091,-0.859
Moldova,2092,-0.87
Moldova,2093,-0.881
Moldova,2094,-0.887
Moldova,2095,-0.906
Moldova,2096,-0.908
Moldova,2097,-0.907
Moldova,2098,-0.914
Moldova,2099,-0.911
Moldova,2100,-0.923
Monaco,1950,5.529
Monaco,1951,1.361
Monaco,1952,0.696
Monaco,1953,0.319
Monaco,1954,-0.31
Monaco,1955,-0.544
Monaco,1956,1.94
Monaco,1957,1.626
Monaco,1958,1.308
Monaco,1959,0.942
Monaco,1960,0.55
Monaco,1961,0.301
Monaco,1962,1.309
Monaco,1963,1.447
Monaco,1964,1.23
Monaco,1965,0.998
Monaco,1966,0.653
Monaco,1967,0.211
Monaco,1968,1.553
Monaco,1969,1.779
Monaco,1970,1.531
Monaco,1971,1.322
Monaco,1972,0.989
Monaco,1973,0.694
Monaco,1974,0.598
Monaco,1975,1.494
Monaco,1976,1.572
Monaco,1977,1.336
Monaco,1978,1.176
Monaco,1979,0.971
Monaco,1980,0.734
Monaco,1981,0.52
Monaco,1982,1.433
Monaco,1983,1.441
Monaco,1984,1.368
Monaco,1985,1.26
Monaco,1986,1.241
Monaco,1987,1.175
Monaco,1988,1.085
Monaco,1989,0.941
Monaco,1990,0.879
Monaco,1991,0.865
Monaco,1992,0.839
Monaco,1993,0.768
Monaco,1994,0.768
Monaco,1995,0.715
Monaco,1996,0.726
Monaco,1997,0.683
Monaco,1998,0.592
Monaco,1999,0.287
Monaco,2000,-0.009
Monaco,2001,-0.037
Monaco,2002,-0.12
Monaco,2003,-0.17
Monaco,2004,-0.245
Monaco,2005,-0.36
Monaco,2006,-0.59
Monaco,2007,-0.788
Monaco,2008,0.779
Monaco,2009,2.494
Monaco,2010,2.391
Monaco,2011,2.271
Monaco,2012,2.19
Monaco,2013,2.009
Monaco,2014,1.799
Monaco,2015,1.654
Monaco,2016,1.154
Monaco,2017,0.993
Monaco,2018,1.518
Monaco,2019,-1.758
Monaco,2020,1.453
Monaco,2021,1.038
Monaco,2022,1.051
Monaco,2023,-0.922
Monaco,2024,-0.756
Monaco,2025,-0.751
Monaco,2026,-0.578
Monaco,2027,-0.573
Monaco,2028,-0.465
Monaco,2029,-0.419
Monaco,2030,-0.332
Monaco,2031,-0.328
Monaco,2032,-0.272
Monaco,2033,-0.213
Monaco,2034,-0.192
Monaco,2035,-0.201
Monaco,2036,-0.182
Monaco,2037,-0.163
Monaco,2038,-0.12
Monaco,2039,-0.082
Monaco,2040,-0.161
Monaco,2041,-0.15
Monaco,2042,-0.022
Monaco,2043,-0.047
Monaco,2044,0.003
Monaco,2045,0.025
Monaco,2046,0.06
Monaco,2047,0.123
Monaco,2048,0.139
Monaco,2049,0.194
Monaco,2050,0.22
Monaco,2051,0.231
Monaco,2052,0.249
Monaco,2053,0.249
Monaco,2054,0.307
Monaco,2055,0.193
Monaco,2056,0.316
Monaco,2057,0.35
Monaco,2058,0.285
Monaco,2059,0.398
Monaco,2060,0.307
Monaco,2061,0.361
Monaco,2062,0.355
Monaco,2063,0.494
Monaco,2064,0.424
Monaco,2065,0.448
Monaco,2066,0.439
Monaco,2067,0.473
Monaco,2068,0.514
Monaco,2069,0.547
Monaco,2070,0.546
Monaco,2071,0.538
Monaco,2072,0.523
Monaco,2073,0.58
Monaco,2074,0.562
Monaco,2075,0.571
Monaco,2076,0.662
Monaco,2077,0.661
Monaco,2078,0.598
Monaco,2079,0.614
Monaco,2080,0.627
Monaco,2081,0.621
Monaco,2082,0.6
Monaco,2083,0.648
Monaco,2084,0.66
Monaco,2085,0.603
Monaco,2086,0.659
Monaco,2087,0.675
Monaco,2088,0.618
Monaco,2089,0.572
Monaco,2090,0.618
Monaco,2091,0.63
Monaco,2092,0.562
Monaco,2093,0.618
Monaco,2094,0.647
Monaco,2095,0.621
Monaco,2096,0.591
Monaco,2097,0.605
Monaco,2098,0.561
Monaco,2099,0.659
Monaco,2100,0.64
Mongolia,1950,1.624
Mongolia,1951,1.584
Mongolia,1952,1.604
Mongolia,1953,1.637
Mongolia,1954,1.686
Mongolia,1955,1.8
Mongolia,1956,2.801
Mongolia,1957,2.819
Mongolia,1958,2.93
Mongolia,1959,3.094
Mongolia,1960,3.177
Mongolia,1961,3.203
Mongolia,1962,3.073
Mongolia,1963,2.599
Mongolia,1964,2.718
Mongolia,1965,2.828
Mongolia,1966,2.851
Mongolia,1967,2.783
Mongolia,1968,2.647
Mongolia,1969,2.548
Mongolia,1970,2.611
Mongolia,1971,2.69
Mongolia,1972,2.76
Mongolia,1973,2.821
Mongolia,1974,2.867
Mongolia,1975,2.892
Mongolia,1976,2.889
Mongolia,1977,2.813
Mongolia,1978,2.6
Mongolia,1979,2.425
Mongolia,1980,2.415
Mongolia,1981,2.408
Mongolia,1982,2.412
Mongolia,1983,2.428
Mongolia,1984,2.46
Mongolia,1985,2.51
Mongolia,1986,2.572
Mongolia,1987,2.62
Mongolia,1988,2.604
Mongolia,1989,1.962
Mongolia,1990,1.807
Mongolia,1991,1.692
Mongolia,1992,1.582
Mongolia,1993,1.467
Mongolia,1994,1.349
Mongolia,1995,1.234
Mongolia,1996,1.128
Mongolia,1997,1.032
Mongolia,1998,0.939
Mongolia,1999,0.816
Mongolia,2000,0.914
Mongolia,2001,0.912
Mongolia,2002,0.886
Mongolia,2003,0.845
Mongolia,2004,0.812
Mongolia,2005,0.807
Mongolia,2006,0.848
Mongolia,2007,0.94
Mongolia,2008,1.078
Mongolia,2009,1.253
Mongolia,2010,1.459
Mongolia,2011,1.73
Mongolia,2012,1.899
Mongolia,2013,2.096
Mongolia,2014,2.147
Mongolia,2015,2.165
Mongolia,2016,2.11
Mongolia,2017,2.028
Mongolia,2018,2.012
Mongolia,2019,2.014
Mongolia,2020,1.588
Mongolia,2021,1.363
Mongolia,2022,1.393
Mongolia,2023,1.302
Mongolia,2024,1.224
Mongolia,2025,1.154
Mongolia,2026,1.091
Mongolia,2027,1.056
Mongolia,2028,1.017
Mongolia,2029,0.985
Mongolia,2030,0.969
Mongolia,2031,0.95
Mongolia,2032,0.961
Mongolia,2033,0.975
Mongolia,2034,0.99
Mongolia,2035,0.998
Mongolia,2036,1.017
Mongolia,2037,1.037
Mongolia,2038,1.035
Mongolia,2039,1.047
Mongolia,2040,1.041
Mongolia,2041,1.04
Mongolia,2042,1.031
Mongolia,2043,1.003
Mongolia,2044,0.992
Mongolia,2045,0.977
Mongolia,2046,0.931
Mongolia,2047,0.896
Mongolia,2048,0.853
Mongolia,2049,0.822
Mongolia,2050,0.77
Mongolia,2051,0.747
Mongolia,2052,0.71
Mongolia,2053,0.681
Mongolia,2054,0.644
Mongolia,2055,0.609
Mongolia,2056,0.585
Mongolia,2057,0.574
Mongolia,2058,0.541
Mongolia,2059,0.533
Mongolia,2060,0.528
Mongolia,2061,0.502
Mongolia,2062,0.495
Mongolia,2063,0.491
Mongolia,2064,0.49
Mongolia,2065,0.496
Mongolia,2066,0.501
Mongolia,2067,0.478
Mongolia,2068,0.475
Mongolia,2069,0.463
Mongolia,2070,0.471
Mongolia,2071,0.455
Mongolia,2072,0.445
Mongolia,2073,0.447
Mongolia,2074,0.436
Mongolia,2075,0.429
Mongolia,2076,0.42
Mongolia,2077,0.395
Mongolia,2078,0.413
Mongolia,2079,0.385
Mongolia,2080,0.369
Mongolia,2081,0.354
Mongolia,2082,0.336
Mongolia,2083,0.336
Mongolia,2084,0.321
Mongolia,2085,0.317
Mongolia,2086,0.288
Mongolia,2087,0.288
Mongolia,2088,0.288
Mongolia,2089,0.278
Mongolia,2090,0.264
Mongolia,2091,0.243
Mongolia,2092,0.236
Mongolia,2093,0.218
Mongolia,2094,0.204
Mongolia,2095,0.201
Mongolia,2096,0.167
Mongolia,2097,0.155
Mongolia,2098,0.14
Mongolia,2099,0.111
Mongolia,2100,0.097
Montenegro,1950,1.767
Montenegro,1951,1.953
Montenegro,1952,2.303
Montenegro,1953,1.757
Montenegro,1954,1.444
Montenegro,1955,1.397
Montenegro,1956,1.356
Montenegro,1957,1.335
Montenegro,1958,1.326
Montenegro,1959,1.312
Montenegro,1960,1.379
Montenegro,1961,1.416
Montenegro,1962,1.335
Montenegro,1963,1.269
Montenegro,1964,1.218
Montenegro,1965,1.167
Montenegro,1966,1.104
Montenegro,1967,1.033
Montenegro,1968,0.985
Montenegro,1969,0.984
Montenegro,1970,0.999
Montenegro,1971,1.044
Montenegro,1972,1.035
Montenegro,1973,1.013
Montenegro,1974,0.98
Montenegro,1975,0.975
Montenegro,1976,0.982
Montenegro,1977,0.951
Montenegro,1978,0.949
Montenegro,1979,0.958
Montenegro,1980,1.038
Montenegro,1981,0.696
Montenegro,1982,0.561
Montenegro,1983,0.556
Montenegro,1984,0.543
Montenegro,1985,0.538
Montenegro,1986,0.552
Montenegro,1987,0.558
Montenegro,1988,0.559
Montenegro,1989,0.565
Montenegro,1990,0.551
Montenegro,1991,0.433
Montenegro,1992,0.354
Montenegro,1993,0.309
Montenegro,1994,0.257
Montenegro,1995,0.22
Montenegro,1996,0.172
Montenegro,1997,0.116
Montenegro,1998,0.06
Montenegro,1999,0.001
Montenegro,2000,-0.029
Montenegro,2001,-0.035
Montenegro,2002,-0.036
Montenegro,2003,-0.03
Montenegro,2004,0.091
Montenegro,2005,0.003
Montenegro,2006,-0.059
Montenegro,2007,-0.096
Montenegro,2008,-0.073
Montenegro,2009,-0.056
Montenegro,2010,-0.054
Montenegro,2011,0.244
Montenegro,2012,0.026
Montenegro,2013,-0.133
Montenegro,2014,-0.446
Montenegro,2015,-0.58
Montenegro,2016,-0.664
Montenegro,2017,-0.665
Montenegro,2018,-0.733
Montenegro,2019,-0.612
Montenegro,2020,-0.612
Montenegro,2021,-0.737
Montenegro,2022,4.238
Montenegro,2023,1.857
Montenegro,2024,-0.3
Montenegro,2025,-1.515
Montenegro,2026,-0.544
Montenegro,2027,-0.535
Montenegro,2028,-0.551
Montenegro,2029,-0.564
Montenegro,2030,-0.573
Montenegro,2031,-0.587
Montenegro,2032,-0.605
Montenegro,2033,-0.619
Montenegro,2034,-0.633
Montenegro,2035,-0.648
Montenegro,2036,-0.66
Montenegro,2037,-0.672
Montenegro,2038,-0.681
Montenegro,2039,-0.689
Montenegro,2040,-0.693
Montenegro,2041,-0.705
Montenegro,2042,-0.704
Montenegro,2043,-0.727
Montenegro,2044,-0.728
Montenegro,2045,-0.74
Montenegro,2046,-0.751
Montenegro,2047,-0.774
Montenegro,2048,-0.767
Montenegro,2049,-0.791
Montenegro,2050,-0.797
Montenegro,2051,-0.809
Montenegro,2052,-0.826
Montenegro,2053,-0.834
Montenegro,2054,-0.852
Montenegro,2055,-0.873
Montenegro,2056,-0.896
Montenegro,2057,-0.882
Montenegro,2058,-0.884
Montenegro,2059,-0.902
Montenegro,2060,-0.927
Montenegro,2061,-0.925
Montenegro,2062,-0.937
Montenegro,2063,-0.949
Montenegro,2064,-0.959
Montenegro,2065,-0.973
Montenegro,2066,-0.957
Montenegro,2067,-0.979
Montenegro,2068,-0.977
Montenegro,2069,-0.984
Montenegro,2070,-1
Montenegro,2071,-0.997
Montenegro,2072,-0.99
Montenegro,2073,-1.002
Montenegro,2074,-0.998
Montenegro,2075,-0.998
Montenegro,2076,-0.995
Montenegro,2077,-0.994
Montenegro,2078,-1.001
Montenegro,2079,-1.009
Montenegro,2080,-1.008
Montenegro,2081,-1.008
Montenegro,2082,-1.003
Montenegro,2083,-1.001
Montenegro,2084,-1.013
Montenegro,2085,-1.011
Montenegro,2086,-1.012
Montenegro,2087,-1.018
Montenegro,2088,-1.017
Montenegro,2089,-1.035
Montenegro,2090,-1.044
Montenegro,2091,-1.053
Montenegro,2092,-1.057
Montenegro,2093,-1.069
Montenegro,2094,-1.07
Montenegro,2095,-1.083
Montenegro,2096,-1.096
Montenegro,2097,-1.105
Montenegro,2098,-1.104
Montenegro,2099,-1.129
Montenegro,2100,-1.143
Montserrat,1950,-0.765
Montserrat,1951,-0.755
Montserrat,1952,-0.659
Montserrat,1953,-0.909
Montserrat,1954,-0.589
Montserrat,1955,-0.681
Montserrat,1956,-0.799
Montserrat,1957,-0.667
Montserrat,1958,-0.844
Montserrat,1959,-0.718
Montserrat,1960,-0.557
Montserrat,1961,-0.644
Montserrat,1962,-0.682
Montserrat,1963,-0.661
Montserrat,1964,-0.691
Montserrat,1965,-0.653
Montserrat,1966,-0.622
Montserrat,1967,-0.591
Montserrat,1968,-0.507
Montserrat,1969,-0.668
Montserrat,1970,-0.026
Montserrat,1971,0.115
Montserrat,1972,0.106
Montserrat,1973,0.167
Montserrat,1974,0.237
Montserrat,1975,0.114
Montserrat,1976,0.114
Montserrat,1977,0.105
Montserrat,1978,-0.061
Montserrat,1979,-0.412
Montserrat,1980,-0.82
Montserrat,1981,-0.711
Montserrat,1982,-0.563
Montserrat,1983,-0.54
Montserrat,1984,-0.624
Montserrat,1985,-0.482
Montserrat,1986,-0.448
Montserrat,1987,-0.441
Montserrat,1988,-0.461
Montserrat,1989,-0.817
Montserrat,1990,-1.049
Montserrat,1991,-3.536
Montserrat,1992,-5.308
Montserrat,1993,-6.162
Montserrat,1994,-6.731
Montserrat,1995,-7.569
Montserrat,1996,-8.409
Montserrat,1997,-9.377
Montserrat,1998,-10.499
Montserrat,1999,-11.057
Montserrat,2000,-12.645
Montserrat,2001,-5.251
Montserrat,2002,0.246
Montserrat,2003,0.423
Montserrat,2004,0.664
Montserrat,2005,0.726
Montserrat,2006,0.808
Montserrat,2007,0.995
Montserrat,2008,1.326
Montserrat,2009,1.14
Montserrat,2010,1.335
Montserrat,2011,-0.145
Montserrat,2012,-0.959
Montserrat,2013,-0.863
Montserrat,2014,-0.892
Montserrat,2015,-0.749
Montserrat,2016,-0.755
Montserrat,2017,-0.76
Montserrat,2018,-0.7
Montserrat,2019,-0.595
Montserrat,2020,-0.821
Montserrat,2021,-0.424
Montserrat,2022,-0.764
Montserrat,2023,-0.701
Montserrat,2024,-0.729
Montserrat,2025,-0.619
Montserrat,2026,-0.832
Montserrat,2027,-0.582
Montserrat,2028,-0.914
Montserrat,2029,-0.638
Montserrat,2030,-0.833
Montserrat,2031,-0.647
Montserrat,2032,-0.87
Montserrat,2033,-0.706
Montserrat,2034,-0.76
Montserrat,2035,-0.717
Montserrat,2036,-0.847
Montserrat,2037,-0.728
Montserrat,2038,-0.531
Montserrat,2039,-0.763
Montserrat,2040,-0.794
Montserrat,2041,-0.697
Montserrat,2042,-0.493
Montserrat,2043,-0.47
Montserrat,2044,-0.577
Montserrat,2045,-0.58
Montserrat,2046,-0.477
Montserrat,2047,-0.613
Montserrat,2048,-0.429
Montserrat,2049,-0.458
Montserrat,2050,-0.704
Montserrat,2051,-0.627
Montserrat,2052,-0.494
Montserrat,2053,-0.662
Montserrat,2054,-0.611
Montserrat,2055,-0.53
Montserrat,2056,-0.646
Montserrat,2057,-0.678
Montserrat,2058,-0.512
Montserrat,2059,-0.629
Montserrat,2060,-0.633
Montserrat,2061,-0.695
Montserrat,2062,-0.612
Montserrat,2063,-0.646
Montserrat,2064,-0.709
Montserrat,2065,-0.565
Montserrat,2066,-0.718
Montserrat,2067,-0.633
Montserrat,2068,-0.698
Montserrat,2069,-0.672
Montserrat,2070,-0.491
Montserrat,2071,-0.587
Montserrat,2072,-0.528
Montserrat,2073,-0.781
Montserrat,2074,-0.314
Montserrat,2075,-0.537
Montserrat,2076,-0.794
Montserrat,2077,-0.448
Montserrat,2078,-0.514
Montserrat,2079,-0.42
Montserrat,2080,-0.779
Montserrat,2081,-0.49
Montserrat,2082,-0.558
Montserrat,2083,-0.363
Montserrat,2084,-0.464
Montserrat,2085,-0.466
Montserrat,2086,-0.77
Montserrat,2087,-0.539
Montserrat,2088,-0.407
Montserrat,2089,-0.476
Montserrat,2090,-0.65
Montserrat,2091,-0.62
Montserrat,2092,-0.346
Montserrat,2093,-0.347
Montserrat,2094,-0.593
Montserrat,2095,-0.597
Montserrat,2096,-0.565
Montserrat,2097,-0.355
Montserrat,2098,-0.32
Montserrat,2099,-0.5
Montserrat,2100,-0.683
More developed regions,1950,1.171
More developed regions,1951,1.098
More developed regions,1952,1.129
More developed regions,1953,1.158
More developed regions,1954,1.159
More developed regions,1955,1.163
More developed regions,1956,1.135
More developed regions,1957,1.197
More developed regions,1958,1.196
More developed regions,1959,1.163
More developed regions,1960,1.163
More developed regions,1961,1.17
More developed regions,1962,1.125
More developed regions,1963,1.083
More developed regions,1964,1.047
More developed regions,1965,0.988
More developed regions,1966,0.918
More developed regions,1967,0.884
More developed regions,1968,0.873
More developed regions,1969,0.861
More developed regions,1970,0.805
More developed regions,1971,0.918
More developed regions,1972,0.837
More developed regions,1973,0.789
More developed regions,1974,0.749
More developed regions,1975,0.677
More developed regions,1976,0.669
More developed regions,1977,0.66
More developed regions,1978,0.63
More developed regions,1979,0.647
More developed regions,1980,0.674
More developed regions,1981,0.584
More developed regions,1982,0.566
More developed regions,1983,0.564
More developed regions,1984,0.543
More developed regions,1985,0.554
More developed regions,1986,0.586
More developed regions,1987,0.579
More developed regions,1988,0.595
More developed regions,1989,0.552
More developed regions,1990,0.601
More developed regions,1991,0.546
More developed regions,1992,0.378
More developed regions,1993,0.381
More developed regions,1994,0.424
More developed regions,1995,0.288
More developed regions,1996,0.31
More developed regions,1997,0.282
More developed regions,1998,0.204
More developed regions,1999,0.263
More developed regions,2000,0.31
More developed regions,2001,0.309
More developed regions,2002,0.448
More developed regions,2003,0.361
More developed regions,2004,0.381
More developed regions,2005,0.351
More developed regions,2006,0.373
More developed regions,2007,0.473
More developed regions,2008,0.451
More developed regions,2009,0.411
More developed regions,2010,0.4
More developed regions,2011,0.39
More developed regions,2012,0.367
More developed regions,2013,0.369
More developed regions,2014,0.381
More developed regions,2015,0.439
More developed regions,2016,0.442
More developed regions,2017,0.394
More developed regions,2018,0.359
More developed regions,2019,0.328
More developed regions,2020,-0.016
More developed regions,2021,-0.027
More developed regions,2022,-0.023
More developed regions,2023,0.136
More developed regions,2024,0.107
More developed regions,2025,0.079
More developed regions,2026,0.045
More developed regions,2027,0.03
More developed regions,2028,0.021
More developed regions,2029,0.005
More developed regions,2030,-0.004
More developed regions,2031,-0.017
More developed regions,2032,-0.02
More developed regions,2033,-0.026
More developed regions,2034,-0.029
More developed regions,2035,-0.037
More developed regions,2036,-0.042
More developed regions,2037,-0.046
More developed regions,2038,-0.047
More developed regions,2039,-0.058
More developed regions,2040,-0.058
More developed regions,2041,-0.061
More developed regions,2042,-0.062
More developed regions,2043,-0.073
More developed regions,2044,-0.08
More developed regions,2045,-0.087
More developed regions,2046,-0.095
More developed regions,2047,-0.105
More developed regions,2048,-0.114
More developed regions,2049,-0.127
More developed regions,2050,-0.133
More developed regions,2051,-0.142
More developed regions,2052,-0.151
More developed regions,2053,-0.166
More developed regions,2054,-0.177
More developed regions,2055,-0.188
More developed regions,2056,-0.192
More developed regions,2057,-0.19
More developed regions,2058,-0.19
More developed regions,2059,-0.196
More developed regions,2060,-0.196
More developed regions,2061,-0.193
More developed regions,2062,-0.189
More developed regions,2063,-0.187
More developed regions,2064,-0.187
More developed regions,2065,-0.182
More developed regions,2066,-0.173
More developed regions,2067,-0.163
More developed regions,2068,-0.162
More developed regions,2069,-0.156
More developed regions,2070,-0.154
More developed regions,2071,-0.146
More developed regions,2072,-0.143
More developed regions,2073,-0.139
More developed regions,2074,-0.135
More developed regions,2075,-0.12
More developed regions,2076,-0.118
More developed regions,2077,-0.119
More developed regions,2078,-0.112
More developed regions,2079,-0.112
More developed regions,2080,-0.108
More developed regions,2081,-0.092
More developed regions,2082,-0.099
More developed regions,2083,-0.093
More developed regions,2084,-0.094
More developed regions,2085,-0.098
More developed regions,2086,-0.089
More developed regions,2087,-0.084
More developed regions,2088,-0.073
More developed regions,2089,-0.079
More developed regions,2090,-0.08
More developed regions,2091,-0.072
More developed regions,2092,-0.074
More developed regions,2093,-0.072
More developed regions,2094,-0.071
More developed regions,2095,-0.076
More developed regions,2096,-0.083
More developed regions,2097,-0.08
More developed regions,2098,-0.087
More developed regions,2099,-0.091
More developed regions,2100,-0.099
Morocco,1950,2.436
Morocco,1951,2.512
Morocco,1952,2.567
Morocco,1953,2.576
Morocco,1954,2.62
Morocco,1955,2.662
Morocco,1956,2.697
Morocco,1957,2.721
Morocco,1958,2.676
Morocco,1959,2.755
Morocco,1960,2.616
Morocco,1961,2.584
Morocco,1962,2.741
Morocco,1963,2.489
Morocco,1964,2.556
Morocco,1965,2.65
Morocco,1966,2.684
Morocco,1967,2.701
Morocco,1968,2.664
Morocco,1969,2.651
Morocco,1970,2.643
Morocco,1971,2.549
Morocco,1972,2.507
Morocco,1973,2.474
Morocco,1974,2.458
Morocco,1975,2.465
Morocco,1976,2.413
Morocco,1977,2.537
Morocco,1978,2.534
Morocco,1979,2.576
Morocco,1980,2.675
Morocco,1981,2.654
Morocco,1982,2.629
Morocco,1983,2.57
Morocco,1984,2.431
Morocco,1985,2.331
Morocco,1986,2.027
Morocco,1987,1.947
Morocco,1988,1.886
Morocco,1989,1.815
Morocco,1990,1.796
Morocco,1991,1.65
Morocco,1992,1.657
Morocco,1993,1.509
Morocco,1994,1.485
Morocco,1995,1.558
Morocco,1996,1.515
Morocco,1997,1.486
Morocco,1998,1.493
Morocco,1999,1.423
Morocco,2000,1.385
Morocco,2001,1.349
Morocco,2002,1.296
Morocco,2003,1.245
Morocco,2004,1.319
Morocco,2005,1.368
Morocco,2006,1.335
Morocco,2007,1.346
Morocco,2008,1.332
Morocco,2009,1.334
Morocco,2010,1.372
Morocco,2011,1.355
Morocco,2012,1.318
Morocco,2013,1.258
Morocco,2014,1.196
Morocco,2015,1.145
Morocco,2016,1.243
Morocco,2017,1.158
Morocco,2018,1.05
Morocco,2019,1.011
Morocco,2020,1.04
Morocco,2021,0.974
Morocco,2022,1.043
Morocco,2023,1.001
Morocco,2024,0.945
Morocco,2025,0.883
Morocco,2026,0.836
Morocco,2027,0.797
Morocco,2028,0.753
Morocco,2029,0.716
Morocco,2030,0.685
Morocco,2031,0.654
Morocco,2032,0.616
Morocco,2033,0.59
Morocco,2034,0.557
Morocco,2035,0.538
Morocco,2036,0.509
Morocco,2037,0.483
Morocco,2038,0.468
Morocco,2039,0.431
Morocco,2040,0.414
Morocco,2041,0.394
Morocco,2042,0.366
Morocco,2043,0.339
Morocco,2044,0.325
Morocco,2045,0.294
Morocco,2046,0.268
Morocco,2047,0.252
Morocco,2048,0.231
Morocco,2049,0.2
Morocco,2050,0.19
Morocco,2051,0.163
Morocco,2052,0.137
Morocco,2053,0.108
Morocco,2054,0.082
Morocco,2055,0.057
Morocco,2056,0.027
Morocco,2057,0.012
Morocco,2058,-0.006
Morocco,2059,-0.035
Morocco,2060,-0.055
Morocco,2061,-0.072
Morocco,2062,-0.097
Morocco,2063,-0.109
Morocco,2064,-0.131
Morocco,2065,-0.158
Morocco,2066,-0.157
Morocco,2067,-0.18
Morocco,2068,-0.193
Morocco,2069,-0.209
Morocco,2070,-0.231
Morocco,2071,-0.24
Morocco,2072,-0.259
Morocco,2073,-0.276
Morocco,2074,-0.288
Morocco,2075,-0.298
Morocco,2076,-0.311
Morocco,2077,-0.326
Morocco,2078,-0.341
Morocco,2079,-0.359
Morocco,2080,-0.368
Morocco,2081,-0.38
Morocco,2082,-0.392
Morocco,2083,-0.4
Morocco,2084,-0.42
Morocco,2085,-0.437
Morocco,2086,-0.445
Morocco,2087,-0.451
Morocco,2088,-0.459
Morocco,2089,-0.481
Morocco,2090,-0.495
Morocco,2091,-0.51
Morocco,2092,-0.521
Morocco,2093,-0.533
Morocco,2094,-0.541
Morocco,2095,-0.555
Morocco,2096,-0.568
Morocco,2097,-0.578
Morocco,2098,-0.591
Morocco,2099,-0.602
Morocco,2100,-0.615
Mozambique,1950,1.076
Mozambique,1951,1.209
Mozambique,1952,1.205
Mozambique,1953,1.173
Mozambique,1954,1.225
Mozambique,1955,1.26
Mozambique,1956,1.291
Mozambique,1957,1.308
Mozambique,1958,1.265
Mozambique,1959,1.44
Mozambique,1960,1.66
Mozambique,1961,1.918
Mozambique,1962,1.977
Mozambique,1963,2.013
Mozambique,1964,2.031
Mozambique,1965,2.098
Mozambique,1966,2.086
Mozambique,1967,2.141
Mozambique,1968,2.164
Mozambique,1969,2.206
Mozambique,1970,2.293
Mozambique,1971,2.63
Mozambique,1972,2.885
Mozambique,1973,3.036
Mozambique,1974,3.161
Mozambique,1975,3.329
Mozambique,1976,3.398
Mozambique,1977,3.72
Mozambique,1978,3.826
Mozambique,1979,3.762
Mozambique,1980,1.764
Mozambique,1981,2.281
Mozambique,1982,2.103
Mozambique,1983,2.073
Mozambique,1984,1.9
Mozambique,1985,1.849
Mozambique,1986,1.654
Mozambique,1987,-0.837
Mozambique,1988,0.494
Mozambique,1989,1.157
Mozambique,1990,1.726
Mozambique,1991,2.165
Mozambique,1992,1.715
Mozambique,1993,4.572
Mozambique,1994,8.806
Mozambique,1995,3.323
Mozambique,1996,3.235
Mozambique,1997,2.251
Mozambique,1998,2.304
Mozambique,1999,2.191
Mozambique,2000,2.216
Mozambique,2001,2.236
Mozambique,2002,2.251
Mozambique,2003,2.277
Mozambique,2004,2.289
Mozambique,2005,2.336
Mozambique,2006,2.361
Mozambique,2007,2.398
Mozambique,2008,2.532
Mozambique,2009,2.649
Mozambique,2010,2.704
Mozambique,2011,2.866
Mozambique,2012,2.876
Mozambique,2013,2.905
Mozambique,2014,2.894
Mozambique,2015,2.908
Mozambique,2016,2.952
Mozambique,2017,3.024
Mozambique,2018,2.94
Mozambique,2019,2.94
Mozambique,2020,2.989
Mozambique,2021,2.927
Mozambique,2022,2.967
Mozambique,2023,2.941
Mozambique,2024,2.9
Mozambique,2025,2.794
Mozambique,2026,2.786
Mozambique,2027,2.753
Mozambique,2028,2.723
Mozambique,2029,2.684
Mozambique,2030,2.634
Mozambique,2031,2.607
Mozambique,2032,2.58
Mozambique,2033,2.522
Mozambique,2034,2.529
Mozambique,2035,2.438
Mozambique,2036,2.402
Mozambique,2037,2.32
Mozambique,2038,2.299
Mozambique,2039,2.262
Mozambique,2040,2.213
Mozambique,2041,2.14
Mozambique,2042,2.14
Mozambique,2043,2.048
Mozambique,2044,2.02
Mozambique,2045,1.944
Mozambique,2046,1.923
Mozambique,2047,1.895
Mozambique,2048,1.853
Mozambique,2049,1.843
Mozambique,2050,1.76
Mozambique,2051,1.724
Mozambique,2052,1.713
Mozambique,2053,1.639
Mozambique,2054,1.628
Mozambique,2055,1.62
Mozambique,2056,1.614
Mozambique,2057,1.562
Mozambique,2058,1.529
Mozambique,2059,1.493
Mozambique,2060,1.423
Mozambique,2061,1.434
Mozambique,2062,1.353
Mozambique,2063,1.271
Mozambique,2064,1.267
Mozambique,2065,1.224
Mozambique,2066,1.221
Mozambique,2067,1.162
Mozambique,2068,1.145
Mozambique,2069,1.165
Mozambique,2070,1.088
Mozambique,2071,1.069
Mozambique,2072,1.029
Mozambique,2073,1
Mozambique,2074,0.95
Mozambique,2075,0.942
Mozambique,2076,0.912
Mozambique,2077,0.892
Mozambique,2078,0.885
Mozambique,2079,0.84
Mozambique,2080,0.795
Mozambique,2081,0.779
Mozambique,2082,0.777
Mozambique,2083,0.759
Mozambique,2084,0.703
Mozambique,2085,0.693
Mozambique,2086,0.664
Mozambique,2087,0.656
Mozambique,2088,0.618
Mozambique,2089,0.615
Mozambique,2090,0.574
Mozambique,2091,0.511
Mozambique,2092,0.524
Mozambique,2093,0.511
Mozambique,2094,0.476
Mozambique,2095,0.465
Mozambique,2096,0.447
Mozambique,2097,0.412
Mozambique,2098,0.411
Mozambique,2099,0.373
Mozambique,2100,0.372
Myanmar,1950,1.849
Myanmar,1951,1.874
Myanmar,1952,1.936
Myanmar,1953,1.955
Myanmar,1954,2.017
Myanmar,1955,2.053
Myanmar,1956,2.085
Myanmar,1957,2.114
Myanmar,1958,2.097
Myanmar,1959,2.157
Myanmar,1960,2.181
Myanmar,1961,2.192
Myanmar,1962,2.209
Myanmar,1963,2.222
Myanmar,1964,2.241
Myanmar,1965,2.275
Myanmar,1966,2.262
Myanmar,1967,2.275
Myanmar,1968,2.264
Myanmar,1969,2.266
Myanmar,1970,2.256
Myanmar,1971,2.212
Myanmar,1972,2.206
Myanmar,1973,1.96
Myanmar,1974,1.941
Myanmar,1975,1.929
Myanmar,1976,1.893
Myanmar,1977,1.952
Myanmar,1978,1.945
Myanmar,1979,1.918
Myanmar,1980,1.915
Myanmar,1981,1.852
Myanmar,1982,1.802
Myanmar,1983,2.099
Myanmar,1984,2.048
Myanmar,1985,1.944
Myanmar,1986,1.801
Myanmar,1987,1.689
Myanmar,1988,1.599
Myanmar,1989,1.556
Myanmar,1990,1.495
Myanmar,1991,1.383
Myanmar,1992,1.352
Myanmar,1993,1.326
Myanmar,1994,1.32
Myanmar,1995,1.28
Myanmar,1996,1.283
Myanmar,1997,1.268
Myanmar,1998,1.229
Myanmar,1999,1.152
Myanmar,2000,1.082
Myanmar,2001,1.028
Myanmar,2002,0.979
Myanmar,2003,0.892
Myanmar,2004,0.822
Myanmar,2005,0.743
Myanmar,2006,0.714
Myanmar,2007,0.704
Myanmar,2008,0.398
Myanmar,2009,0.712
Myanmar,2010,0.778
Myanmar,2011,0.829
Myanmar,2012,0.854
Myanmar,2013,0.845
Myanmar,2014,0.815
Myanmar,2015,0.786
Myanmar,2016,0.799
Myanmar,2017,0.745
Myanmar,2018,0.704
Myanmar,2019,0.701
Myanmar,2020,0.721
Myanmar,2021,0.672
Myanmar,2022,0.708
Myanmar,2023,0.69
Myanmar,2024,0.659
Myanmar,2025,0.623
Myanmar,2026,0.592
Myanmar,2027,0.557
Myanmar,2028,0.523
Myanmar,2029,0.487
Myanmar,2030,0.459
Myanmar,2031,0.428
Myanmar,2032,0.398
Myanmar,2033,0.369
Myanmar,2034,0.34
Myanmar,2035,0.313
Myanmar,2036,0.284
Myanmar,2037,0.263
Myanmar,2038,0.241
Myanmar,2039,0.215
Myanmar,2040,0.19
Myanmar,2041,0.169
Myanmar,2042,0.146
Myanmar,2043,0.119
Myanmar,2044,0.097
Myanmar,2045,0.08
Myanmar,2046,0.052
Myanmar,2047,0.03
Myanmar,2048,0.011
Myanmar,2049,-0.009
Myanmar,2050,-0.025
Myanmar,2051,-0.045
Myanmar,2052,-0.064
Myanmar,2053,-0.081
Myanmar,2054,-0.104
Myanmar,2055,-0.12
Myanmar,2056,-0.144
Myanmar,2057,-0.153
Myanmar,2058,-0.166
Myanmar,2059,-0.187
Myanmar,2060,-0.205
Myanmar,2061,-0.221
Myanmar,2062,-0.224
Myanmar,2063,-0.238
Myanmar,2064,-0.254
Myanmar,2065,-0.264
Myanmar,2066,-0.273
Myanmar,2067,-0.283
Myanmar,2068,-0.296
Myanmar,2069,-0.305
Myanmar,2070,-0.318
Myanmar,2071,-0.326
Myanmar,2072,-0.337
Myanmar,2073,-0.349
Myanmar,2074,-0.356
Myanmar,2075,-0.365
Myanmar,2076,-0.371
Myanmar,2077,-0.374
Myanmar,2078,-0.387
Myanmar,2079,-0.393
Myanmar,2080,-0.397
Myanmar,2081,-0.404
Myanmar,2082,-0.411
Myanmar,2083,-0.415
Myanmar,2084,-0.424
Myanmar,2085,-0.434
Myanmar,2086,-0.441
Myanmar,2087,-0.446
Myanmar,2088,-0.449
Myanmar,2089,-0.455
Myanmar,2090,-0.466
Myanmar,2091,-0.476
Myanmar,2092,-0.474
Myanmar,2093,-0.479
Myanmar,2094,-0.488
Myanmar,2095,-0.492
Myanmar,2096,-0.491
Myanmar,2097,-0.491
Myanmar,2098,-0.494
Myanmar,2099,-0.498
Myanmar,2100,-0.506
Namibia,1950,1.097
Namibia,1951,1.144
Namibia,1952,1.24
Namibia,1953,1.249
Namibia,1954,1.28
Namibia,1955,1.32
Namibia,1956,1.394
Namibia,1957,1.482
Namibia,1958,1.602
Namibia,1959,1.724
Namibia,1960,1.872
Namibia,1961,2.012
Namibia,1962,2.153
Namibia,1963,2.288
Namibia,1964,2.401
Namibia,1965,2.51
Namibia,1966,2.6
Namibia,1967,2.753
Namibia,1968,2.772
Namibia,1969,2.897
Namibia,1970,2.926
Namibia,1971,2.98
Namibia,1972,3.03
Namibia,1973,2.979
Namibia,1974,3.055
Namibia,1975,3.102
Namibia,1976,2.619
Namibia,1977,2.721
Namibia,1978,0.738
Namibia,1979,2.505
Namibia,1980,1.335
Namibia,1981,0.91
Namibia,1982,2.631
Namibia,1983,2.682
Namibia,1984,2.733
Namibia,1985,2.978
Namibia,1986,3.158
Namibia,1987,3.246
Namibia,1988,3.779
Namibia,1989,8.756
Namibia,1990,3.5
Namibia,1991,3.168
Namibia,1992,3.178
Namibia,1993,3.203
Namibia,1994,3.014
Namibia,1995,2.799
Namibia,1996,2.614
Namibia,1997,2.563
Namibia,1998,2.521
Namibia,1999,2.453
Namibia,2000,2.254
Namibia,2001,1.929
Namibia,2002,1.589
Namibia,2003,1.302
Namibia,2004,1.25
Namibia,2005,1.257
Namibia,2006,1.3
Namibia,2007,1.364
Namibia,2008,1.435
Namibia,2009,1.507
Namibia,2010,1.59
Namibia,2011,1.84
Namibia,2012,2.605
Namibia,2013,2.599
Namibia,2014,2.626
Namibia,2015,2.679
Namibia,2016,2.715
Namibia,2017,2.755
Namibia,2018,2.79
Namibia,2019,2.809
Namibia,2020,3.009
Namibia,2021,2.899
Namibia,2022,2.656
Namibia,2023,2.366
Namibia,2024,2.111
Namibia,2025,1.986
Namibia,2026,1.885
Namibia,2027,1.864
Namibia,2028,1.792
Namibia,2029,1.761
Namibia,2030,1.76
Namibia,2031,1.722
Namibia,2032,1.655
Namibia,2033,1.575
Namibia,2034,1.569
Namibia,2035,1.557
Namibia,2036,1.521
Namibia,2037,1.501
Namibia,2038,1.509
Namibia,2039,1.425
Namibia,2040,1.382
Namibia,2041,1.388
Namibia,2042,1.365
Namibia,2043,1.376
Namibia,2044,1.343
Namibia,2045,1.373
Namibia,2046,1.278
Namibia,2047,1.288
Namibia,2048,1.175
Namibia,2049,1.128
Namibia,2050,1.181
Namibia,2051,1.138
Namibia,2052,1.101
Namibia,2053,1.076
Namibia,2054,1.026
Namibia,2055,1.032
Namibia,2056,0.975
Namibia,2057,0.936
Namibia,2058,0.92
Namibia,2059,0.88
Namibia,2060,0.89
Namibia,2061,0.811
Namibia,2062,0.796
Namibia,2063,0.769
Namibia,2064,0.711
Namibia,2065,0.683
Namibia,2066,0.71
Namibia,2067,0.681
Namibia,2068,0.646
Namibia,2069,0.6
Namibia,2070,0.565
Namibia,2071,0.556
Namibia,2072,0.537
Namibia,2073,0.506
Namibia,2074,0.525
Namibia,2075,0.534
Namibia,2076,0.487
Namibia,2077,0.466
Namibia,2078,0.45
Namibia,2079,0.408
Namibia,2080,0.433
Namibia,2081,0.405
Namibia,2082,0.365
Namibia,2083,0.337
Namibia,2084,0.315
Namibia,2085,0.3
Namibia,2086,0.33
Namibia,2087,0.289
Namibia,2088,0.265
Namibia,2089,0.234
Namibia,2090,0.248
Namibia,2091,0.213
Namibia,2092,0.207
Namibia,2093,0.186
Namibia,2094,0.137
Namibia,2095,0.131
Namibia,2096,0.069
Namibia,2097,0.082
Namibia,2098,0.092
Namibia,2099,0.093
Namibia,2100,0.091
Nauru,1950,3.053
Nauru,1951,2.934
Nauru,1952,2.523
Nauru,1953,2.247
Nauru,1954,2.302
Nauru,1955,3.167
Nauru,1956,3.731
Nauru,1957,2.982
Nauru,1958,3.584
Nauru,1959,3.571
Nauru,1960,3.234
Nauru,1961,3.834
Nauru,1962,4.56
Nauru,1963,5.148
Nauru,1964,5.569
Nauru,1965,5.609
Nauru,1966,1.605
Nauru,1967,1.386
Nauru,1968,4.773
Nauru,1969,3.1
Nauru,1970,0.79
Nauru,1971,0.769
Nauru,1972,0.705
Nauru,1973,0.874
Nauru,1974,0.794
Nauru,1975,1.045
Nauru,1976,1.147
Nauru,1977,1.619
Nauru,1978,2.11
Nauru,1979,2.478
Nauru,1980,2.314
Nauru,1981,2.603
Nauru,1982,2.451
Nauru,1983,1.911
Nauru,1984,1.958
Nauru,1985,2.152
Nauru,1986,2.254
Nauru,1987,2.37
Nauru,1988,2.455
Nauru,1989,2.417
Nauru,1990,2.453
Nauru,1991,2.234
Nauru,1992,1.217
Nauru,1993,0.396
Nauru,1994,0.306
Nauru,1995,0.226
Nauru,1996,0.137
Nauru,1997,0.137
Nauru,1998,-0.118
Nauru,1999,-0.098
Nauru,2000,-0.285
Nauru,2001,-0.444
Nauru,2002,-0.526
Nauru,2003,0.08
Nauru,2004,-0.06
Nauru,2005,-0.159
Nauru,2006,-0.149
Nauru,2007,-0.12
Nauru,2008,-0.09
Nauru,2009,0.22
Nauru,2010,0.319
Nauru,2011,0.763
Nauru,2012,2.552
Nauru,2013,2.263
Nauru,2014,1.983
Nauru,2015,1.917
Nauru,2016,1.632
Nauru,2017,1.466
Nauru,2018,1.229
Nauru,2019,0.673
Nauru,2020,0.292
Nauru,2021,0.828
Nauru,2022,0.746
Nauru,2023,0.505
Nauru,2024,0.695
Nauru,2025,0.624
Nauru,2026,0.636
Nauru,2027,0.894
Nauru,2028,0.764
Nauru,2029,0.951
Nauru,2030,0.958
Nauru,2031,1.052
Nauru,2032,1.056
Nauru,2033,1.13
Nauru,2034,1.186
Nauru,2035,1.262
Nauru,2036,1.113
Nauru,2037,1.166
Nauru,2038,1.131
Nauru,2039,1.212
Nauru,2040,1.311
Nauru,2041,1.28
Nauru,2042,1.264
Nauru,2043,1.18
Nauru,2044,1.193
Nauru,2045,1.132
Nauru,2046,1.166
Nauru,2047,1.113
Nauru,2048,1.036
Nauru,2049,1.058
Nauru,2050,0.952
Nauru,2051,1.005
Nauru,2052,0.896
Nauru,2053,0.87
Nauru,2054,0.838
Nauru,2055,0.843
Nauru,2056,0.842
Nauru,2057,0.77
Nauru,2058,0.776
Nauru,2059,0.723
Nauru,2060,0.758
Nauru,2061,0.776
Nauru,2062,0.701
Nauru,2063,0.708
Nauru,2064,0.725
Nauru,2065,0.709
Nauru,2066,0.676
Nauru,2067,0.793
Nauru,2068,0.661
Nauru,2069,0.585
Nauru,2070,0.75
Nauru,2071,0.556
Nauru,2072,0.644
Nauru,2073,0.613
Nauru,2074,0.594
Nauru,2075,0.585
Nauru,2076,0.566
Nauru,2077,0.552
Nauru,2078,0.554
Nauru,2079,0.541
Nauru,2080,0.441
Nauru,2081,0.495
Nauru,2082,0.442
Nauru,2083,0.425
Nauru,2084,0.393
Nauru,2085,0.346
Nauru,2086,0.34
Nauru,2087,0.279
Nauru,2088,0.328
Nauru,2089,0.327
Nauru,2090,0.277
Nauru,2091,0.222
Nauru,2092,0.226
Nauru,2093,0.27
Nauru,2094,0.23
Nauru,2095,0.171
Nauru,2096,0.171
Nauru,2097,0.195
Nauru,2098,0.199
Nauru,2099,0.15
Nauru,2100,0.179
Nepal,1950,2.097
Nepal,1951,2.054
Nepal,1952,1.98
Nepal,1953,1.891
Nepal,1954,1.876
Nepal,1955,1.836
Nepal,1956,1.802
Nepal,1957,1.775
Nepal,1958,1.7
Nepal,1959,1.804
Nepal,1960,1.878
Nepal,1961,1.932
Nepal,1962,1.959
Nepal,1963,1.969
Nepal,1964,2.027
Nepal,1965,2.078
Nepal,1966,2.09
Nepal,1967,2.142
Nepal,1968,2.163
Nepal,1969,2.17
Nepal,1970,2.206
Nepal,1971,2.152
Nepal,1972,2.191
Nepal,1973,2.167
Nepal,1974,2.202
Nepal,1975,2.205
Nepal,1976,2.173
Nepal,1977,2.31
Nepal,1978,2.332
Nepal,1979,2.342
Nepal,1980,2.375
Nepal,1981,2.319
Nepal,1982,2.343
Nepal,1983,2.399
Nepal,1984,2.293
Nepal,1985,2.249
Nepal,1986,2.17
Nepal,1987,2.066
Nepal,1988,2.143
Nepal,1989,2.303
Nepal,1990,2.533
Nepal,1991,2.642
Nepal,1992,2.995
Nepal,1993,2.473
Nepal,1994,2.537
Nepal,1995,2.27
Nepal,1996,2.145
Nepal,1997,2.013
Nepal,1998,1.919
Nepal,1999,1.804
Nepal,2000,1.659
Nepal,2001,1.576
Nepal,2002,1.466
Nepal,2003,1.356
Nepal,2004,1.182
Nepal,2005,1.057
Nepal,2006,0.88
Nepal,2007,0.792
Nepal,2008,0.707
Nepal,2009,0.645
Nepal,2010,0.595
Nepal,2011,0.3
Nepal,2012,0.212
Nepal,2013,0.188
Nepal,2014,0.408
Nepal,2015,0.681
Nepal,2016,0.265
Nepal,2017,0.134
Nepal,2018,0.354
Nepal,2019,2.004
Nepal,2020,1.849
Nepal,2021,1.632
Nepal,2022,-0.001
Nepal,2023,-0.139
Nepal,2024,-0.154
Nepal,2025,-0.068
Nepal,2026,0.144
Nepal,2027,0.514
Nepal,2028,0.962
Nepal,2029,0.93
Nepal,2030,0.9
Nepal,2031,0.868
Nepal,2032,0.844
Nepal,2033,0.816
Nepal,2034,0.782
Nepal,2035,0.752
Nepal,2036,0.725
Nepal,2037,0.697
Nepal,2038,0.678
Nepal,2039,0.647
Nepal,2040,0.626
Nepal,2041,0.602
Nepal,2042,0.583
Nepal,2043,0.557
Nepal,2044,0.538
Nepal,2045,0.515
Nepal,2046,0.498
Nepal,2047,0.465
Nepal,2048,0.439
Nepal,2049,0.422
Nepal,2050,0.399
Nepal,2051,0.379
Nepal,2052,0.346
Nepal,2053,0.325
Nepal,2054,0.299
Nepal,2055,0.279
Nepal,2056,0.261
Nepal,2057,0.231
Nepal,2058,0.213
Nepal,2059,0.182
Nepal,2060,0.156
Nepal,2061,0.13
Nepal,2062,0.112
Nepal,2063,0.078
Nepal,2064,0.059
Nepal,2065,0.032
Nepal,2066,0.011
Nepal,2067,-0.01
Nepal,2068,-0.031
Nepal,2069,-0.055
Nepal,2070,-0.083
Nepal,2071,-0.11
Nepal,2072,-0.122
Nepal,2073,-0.152
Nepal,2074,-0.177
Nepal,2075,-0.196
Nepal,2076,-0.221
Nepal,2077,-0.242
Nepal,2078,-0.266
Nepal,2079,-0.293
Nepal,2080,-0.31
Nepal,2081,-0.33
Nepal,2082,-0.35
Nepal,2083,-0.374
Nepal,2084,-0.397
Nepal,2085,-0.423
Nepal,2086,-0.431
Nepal,2087,-0.448
Nepal,2088,-0.468
Nepal,2089,-0.485
Nepal,2090,-0.497
Nepal,2091,-0.512
Nepal,2092,-0.526
Nepal,2093,-0.534
Nepal,2094,-0.549
Nepal,2095,-0.552
Nepal,2096,-0.564
Nepal,2097,-0.576
Nepal,2098,-0.581
Nepal,2099,-0.589
Nepal,2100,-0.601
Netherlands,1950,1.715
Netherlands,1951,1.248
Netherlands,1952,1.034
Netherlands,1953,1.097
Netherlands,1954,1.218
Netherlands,1955,1.318
Netherlands,1956,1.243
Netherlands,1957,1.259
Netherlands,1958,1.628
Netherlands,1959,1.228
Netherlands,1960,1.204
Netherlands,1961,1.432
Netherlands,1962,1.438
Netherlands,1963,1.282
Netherlands,1964,1.418
Netherlands,1965,1.354
Netherlands,1966,1.282
Netherlands,1967,1.009
Netherlands,1968,1.089
Netherlands,1969,1.248
Netherlands,1970,1.242
Netherlands,1971,1.139
Netherlands,1972,0.887
Netherlands,1973,0.77
Netherlands,1974,0.798
Netherlands,1975,0.968
Netherlands,1976,0.586
Netherlands,1977,0.6
Netherlands,1978,0.627
Netherlands,1979,0.748
Netherlands,1980,0.847
Netherlands,1981,0.561
Netherlands,1982,0.435
Netherlands,1983,0.442
Netherlands,1984,0.471
Netherlands,1985,0.579
Netherlands,1986,0.622
Netherlands,1987,0.72
Netherlands,1988,0.648
Netherlands,1989,0.633
Netherlands,1990,0.833
Netherlands,1991,0.813
Netherlands,1992,0.786
Netherlands,1993,0.687
Netherlands,1994,0.554
Netherlands,1995,0.472
Netherlands,1996,0.489
Netherlands,1997,0.577
Netherlands,1998,0.735
Netherlands,1999,0.689
Netherlands,2000,0.793
Netherlands,2001,0.745
Netherlands,2002,0.553
Netherlands,2003,0.413
Netherlands,2004,0.303
Netherlands,2005,0.186
Netherlands,2006,0.156
Netherlands,2007,0.298
Netherlands,2008,0.497
Netherlands,2009,0.547
Netherlands,2010,0.494
Netherlands,2011,0.456
Netherlands,2012,0.304
Netherlands,2013,0.308
Netherlands,2014,0.433
Netherlands,2015,0.473
Netherlands,2016,0.661
Netherlands,2017,0.622
Netherlands,2018,0.598
Netherlands,2019,0.732
Netherlands,2020,0.397
Netherlands,2021,0.663
Netherlands,2022,1.285
Netherlands,2023,0.807
Netherlands,2024,0.693
Netherlands,2025,0.598
Netherlands,2026,0.51
Netherlands,2027,0.455
Netherlands,2028,0.418
Netherlands,2029,0.369
Netherlands,2030,0.322
Netherlands,2031,0.282
Netherlands,2032,0.246
Netherlands,2033,0.224
Netherlands,2034,0.177
Netherlands,2035,0.152
Netherlands,2036,0.134
Netherlands,2037,0.097
Netherlands,2038,0.078
Netherlands,2039,0.049
Netherlands,2040,0.03
Netherlands,2041,0.003
Netherlands,2042,-0.016
Netherlands,2043,-0.03
Netherlands,2044,-0.052
Netherlands,2045,-0.06
Netherlands,2046,-0.06
Netherlands,2047,-0.09
Netherlands,2048,-0.094
Netherlands,2049,-0.109
Netherlands,2050,-0.113
Netherlands,2051,-0.142
Netherlands,2052,-0.125
Netherlands,2053,-0.137
Netherlands,2054,-0.14
Netherlands,2055,-0.148
Netherlands,2056,-0.164
Netherlands,2057,-0.165
Netherlands,2058,-0.156
Netherlands,2059,-0.154
Netherlands,2060,-0.151
Netherlands,2061,-0.149
Netherlands,2062,-0.127
Netherlands,2063,-0.128
Netherlands,2064,-0.119
Netherlands,2065,-0.115
Netherlands,2066,-0.099
Netherlands,2067,-0.082
Netherlands,2068,-0.083
Netherlands,2069,-0.084
Netherlands,2070,-0.084
Netherlands,2071,-0.083
Netherlands,2072,-0.091
Netherlands,2073,-0.099
Netherlands,2074,-0.098
Netherlands,2075,-0.115
Netherlands,2076,-0.14
Netherlands,2077,-0.158
Netherlands,2078,-0.157
Netherlands,2079,-0.169
Netherlands,2080,-0.169
Netherlands,2081,-0.187
Netherlands,2082,-0.195
Netherlands,2083,-0.204
Netherlands,2084,-0.203
Netherlands,2085,-0.203
Netherlands,2086,-0.219
Netherlands,2087,-0.202
Netherlands,2088,-0.222
Netherlands,2089,-0.224
Netherlands,2090,-0.237
Netherlands,2091,-0.22
Netherlands,2092,-0.22
Netherlands,2093,-0.226
Netherlands,2094,-0.219
Netherlands,2095,-0.214
Netherlands,2096,-0.202
Netherlands,2097,-0.197
Netherlands,2098,-0.19
Netherlands,2099,-0.192
Netherlands,2100,-0.201
New Caledonia,1950,1.427
New Caledonia,1951,1.492
New Caledonia,1952,1.585
New Caledonia,1953,1.653
New Caledonia,1954,1.734
New Caledonia,1955,1.805
New Caledonia,1956,2.357
New Caledonia,1957,3.056
New Caledonia,1958,3.144
New Caledonia,1959,3.218
New Caledonia,1960,3.297
New Caledonia,1961,3.362
New Caledonia,1962,3.341
New Caledonia,1963,2.933
New Caledonia,1964,2.783
New Caledonia,1965,2.786
New Caledonia,1966,2.845
New Caledonia,1967,2.848
New Caledonia,1968,2.858
New Caledonia,1969,3.737
New Caledonia,1970,4.628
New Caledonia,1971,4.625
New Caledonia,1972,4.618
New Caledonia,1973,4.596
New Caledonia,1974,4.536
New Caledonia,1975,4.408
New Caledonia,1976,2.253
New Caledonia,1977,1.255
New Caledonia,1978,1.21
New Caledonia,1979,1.155
New Caledonia,1980,1.107
New Caledonia,1981,1.049
New Caledonia,1982,1.001
New Caledonia,1983,1.595
New Caledonia,1984,1.706
New Caledonia,1985,1.632
New Caledonia,1986,1.665
New Caledonia,1987,1.686
New Caledonia,1988,1.728
New Caledonia,1989,2.407
New Caledonia,1990,2.672
New Caledonia,1991,2.676
New Caledonia,1992,2.589
New Caledonia,1993,2.489
New Caledonia,1994,2.436
New Caledonia,1995,2.378
New Caledonia,1996,2.217
New Caledonia,1997,2.15
New Caledonia,1998,2.087
New Caledonia,1999,2.057
New Caledonia,2000,2.083
New Caledonia,2001,2.007
New Caledonia,2002,1.933
New Caledonia,2003,1.857
New Caledonia,2004,1.642
New Caledonia,2005,1.27
New Caledonia,2006,1.304
New Caledonia,2007,1.248
New Caledonia,2008,1.21
New Caledonia,2009,1.469
New Caledonia,2010,1.868
New Caledonia,2011,1.889
New Caledonia,2012,1.895
New Caledonia,2013,1.89
New Caledonia,2014,1.271
New Caledonia,2015,0.111
New Caledonia,2016,0.069
New Caledonia,2017,0.018
New Caledonia,2018,-0.021
New Caledonia,2019,0.067
New Caledonia,2020,0.335
New Caledonia,2021,0.394
New Caledonia,2022,0.938
New Caledonia,2023,0.966
New Caledonia,2024,0.937
New Caledonia,2025,0.896
New Caledonia,2026,0.83
New Caledonia,2027,0.825
New Caledonia,2028,0.813
New Caledonia,2029,0.775
New Caledonia,2030,0.741
New Caledonia,2031,0.724
New Caledonia,2032,0.698
New Caledonia,2033,0.67
New Caledonia,2034,0.635
New Caledonia,2035,0.622
New Caledonia,2036,0.611
New Caledonia,2037,0.603
New Caledonia,2038,0.569
New Caledonia,2039,0.526
New Caledonia,2040,0.496
New Caledonia,2041,0.473
New Caledonia,2042,0.506
New Caledonia,2043,0.462
New Caledonia,2044,0.418
New Caledonia,2045,0.411
New Caledonia,2046,0.376
New Caledonia,2047,0.309
New Caledonia,2048,0.292
New Caledonia,2049,0.29
New Caledonia,2050,0.261
New Caledonia,2051,0.221
New Caledonia,2052,0.228
New Caledonia,2053,0.218
New Caledonia,2054,0.164
New Caledonia,2055,0.168
New Caledonia,2056,0.134
New Caledonia,2057,0.141
New Caledonia,2058,0.155
New Caledonia,2059,0.092
New Caledonia,2060,0.095
New Caledonia,2061,0.07
New Caledonia,2062,0.065
New Caledonia,2063,0.064
New Caledonia,2064,0.067
New Caledonia,2065,0.036
New Caledonia,2066,0.029
New Caledonia,2067,-0.02
New Caledonia,2068,-0.016
New Caledonia,2069,-0.029
New Caledonia,2070,-0.021
New Caledonia,2071,-0.026
New Caledonia,2072,-0.023
New Caledonia,2073,-0.01
New Caledonia,2074,-0.005
New Caledonia,2075,-0.041
New Caledonia,2076,-0.033
New Caledonia,2077,-0.043
New Caledonia,2078,-0.083
New Caledonia,2079,-0.077
New Caledonia,2080,-0.036
New Caledonia,2081,-0.065
New Caledonia,2082,-0.056
New Caledonia,2083,-0.049
New Caledonia,2084,-0.103
New Caledonia,2085,-0.09
New Caledonia,2086,-0.113
New Caledonia,2087,-0.127
New Caledonia,2088,-0.132
New Caledonia,2089,-0.118
New Caledonia,2090,-0.136
New Caledonia,2091,-0.15
New Caledonia,2092,-0.137
New Caledonia,2093,-0.146
New Caledonia,2094,-0.161
New Caledonia,2095,-0.179
New Caledonia,2096,-0.171
New Caledonia,2097,-0.207
New Caledonia,2098,-0.184
New Caledonia,2099,-0.177
New Caledonia,2100,-0.209
New Zealand,1950,1.944
New Zealand,1951,2.19
New Zealand,1952,2.52
New Zealand,1953,2.425
New Zealand,1954,2.154
New Zealand,1955,2.054
New Zealand,1956,2.124
New Zealand,1957,2.296
New Zealand,1958,2.246
New Zealand,1959,1.956
New Zealand,1960,1.948
New Zealand,1961,2.23
New Zealand,1962,2.219
New Zealand,1963,2.06
New Zealand,1964,1.894
New Zealand,1965,1.761
New Zealand,1966,1.705
New Zealand,1967,1.319
New Zealand,1968,0.954
New Zealand,1969,1.202
New Zealand,1970,1.492
New Zealand,1971,1.67
New Zealand,1972,1.929
New Zealand,1973,2.12
New Zealand,1974,2.017
New Zealand,1975,1.431
New Zealand,1976,0.669
New Zealand,1977,0.193
New Zealand,1978,-0.059
New Zealand,1979,0.018
New Zealand,1980,0.283
New Zealand,1981,0.574
New Zealand,1982,1.018
New Zealand,1983,1.115
New Zealand,1984,0.776
New Zealand,1985,0.342
New Zealand,1986,0.481
New Zealand,1987,0.609
New Zealand,1988,0.394
New Zealand,1989,0.676
New Zealand,1990,3.055
New Zealand,1991,1.842
New Zealand,1992,1.091
New Zealand,1993,1.237
New Zealand,1994,1.398
New Zealand,1995,1.528
New Zealand,1996,1.441
New Zealand,1997,1.096
New Zealand,1998,0.72
New Zealand,1999,0.546
New Zealand,2000,0.599
New Zealand,2001,1.163
New Zealand,2002,1.859
New Zealand,2003,1.728
New Zealand,2004,1.302
New Zealand,2005,1.186
New Zealand,2006,1.072
New Zealand,2007,0.895
New Zealand,2008,0.922
New Zealand,2009,1.061
New Zealand,2010,0.949
New Zealand,2011,0.652
New Zealand,2012,0.666
New Zealand,2013,1.235
New Zealand,2014,1.841
New Zealand,2015,2.142
New Zealand,2016,2.178
New Zealand,2017,1.939
New Zealand,2018,1.692
New Zealand,2019,1.888
New Zealand,2020,1.317
New Zealand,2021,0.173
New Zealand,2022,0.765
New Zealand,2023,0.83
New Zealand,2024,0.753
New Zealand,2025,0.698
New Zealand,2026,0.653
New Zealand,2027,0.607
New Zealand,2028,0.554
New Zealand,2029,0.518
New Zealand,2030,0.474
New Zealand,2031,0.454
New Zealand,2032,0.414
New Zealand,2033,0.409
New Zealand,2034,0.372
New Zealand,2035,0.373
New Zealand,2036,0.357
New Zealand,2037,0.348
New Zealand,2038,0.353
New Zealand,2039,0.331
New Zealand,2040,0.321
New Zealand,2041,0.336
New Zealand,2042,0.314
New Zealand,2043,0.282
New Zealand,2044,0.257
New Zealand,2045,0.243
New Zealand,2046,0.209
New Zealand,2047,0.191
New Zealand,2048,0.188
New Zealand,2049,0.149
New Zealand,2050,0.193
New Zealand,2051,0.204
New Zealand,2052,0.148
New Zealand,2053,0.168
New Zealand,2054,0.162
New Zealand,2055,0.151
New Zealand,2056,0.11
New Zealand,2057,0.101
New Zealand,2058,0.095
New Zealand,2059,0.079
New Zealand,2060,0.059
New Zealand,2061,0.021
New Zealand,2062,0.069
New Zealand,2063,0.033
New Zealand,2064,0.059
New Zealand,2065,0.07
New Zealand,2066,0.065
New Zealand,2067,0.042
New Zealand,2068,0.027
New Zealand,2069,0.021
New Zealand,2070,0.011
New Zealand,2071,0.001
New Zealand,2072,0.066
New Zealand,2073,0.022
New Zealand,2074,0.019
New Zealand,2075,0.007
New Zealand,2076,0.007
New Zealand,2077,0.019
New Zealand,2078,-0.01
New Zealand,2079,-0.021
New Zealand,2080,-0.043
New Zealand,2081,-0.026
New Zealand,2082,-0.056
New Zealand,2083,-0.075
New Zealand,2084,-0.064
New Zealand,2085,-0.059
New Zealand,2086,-0.053
New Zealand,2087,-0.05
New Zealand,2088,-0.013
New Zealand,2089,-0.052
New Zealand,2090,-0.018
New Zealand,2091,-0.027
New Zealand,2092,-0.005
New Zealand,2093,-0.044
New Zealand,2094,-0.023
New Zealand,2095,-0.033
New Zealand,2096,-0.045
New Zealand,2097,-0.052
New Zealand,2098,-0.069
New Zealand,2099,-0.073
New Zealand,2100,-0.077
Nicaragua,1950,2.844
Nicaragua,1951,2.815
Nicaragua,1952,2.852
Nicaragua,1953,2.867
Nicaragua,1954,2.891
Nicaragua,1955,2.919
Nicaragua,1956,2.947
Nicaragua,1957,2.969
Nicaragua,1958,2.989
Nicaragua,1959,3.002
Nicaragua,1960,2.988
Nicaragua,1961,2.991
Nicaragua,1962,3.003
Nicaragua,1963,3.018
Nicaragua,1964,3.043
Nicaragua,1965,3.08
Nicaragua,1966,3.108
Nicaragua,1967,3.131
Nicaragua,1968,3.141
Nicaragua,1969,3.136
Nicaragua,1970,3.124
Nicaragua,1971,3.114
Nicaragua,1972,2.708
Nicaragua,1973,3.085
Nicaragua,1974,3.07
Nicaragua,1975,3.049
Nicaragua,1976,3.029
Nicaragua,1977,2.988
Nicaragua,1978,2.797
Nicaragua,1979,2.6
Nicaragua,1980,2.874
Nicaragua,1981,2.782
Nicaragua,1982,2.707
Nicaragua,1983,2.549
Nicaragua,1984,2.422
Nicaragua,1985,2.35
Nicaragua,1986,2.326
Nicaragua,1987,2.261
Nicaragua,1988,2.33
Nicaragua,1989,2.355
Nicaragua,1990,2.316
Nicaragua,1991,2.295
Nicaragua,1992,2.227
Nicaragua,1993,2.164
Nicaragua,1994,2.084
Nicaragua,1995,1.991
Nicaragua,1996,1.726
Nicaragua,1997,1.613
Nicaragua,1998,1.446
Nicaragua,1999,1.415
Nicaragua,2000,1.336
Nicaragua,2001,1.244
Nicaragua,2002,1.183
Nicaragua,2003,1.175
Nicaragua,2004,1.189
Nicaragua,2005,1.417
Nicaragua,2006,1.436
Nicaragua,2007,1.437
Nicaragua,2008,1.43
Nicaragua,2009,1.419
Nicaragua,2010,1.419
Nicaragua,2011,1.406
Nicaragua,2012,1.401
Nicaragua,2013,1.378
Nicaragua,2014,1.366
Nicaragua,2015,1.35
Nicaragua,2016,1.34
Nicaragua,2017,1.324
Nicaragua,2018,1.313
Nicaragua,2019,1.282
Nicaragua,2020,1.22
Nicaragua,2021,1.186
Nicaragua,2022,1.382
Nicaragua,2023,1.362
Nicaragua,2024,1.332
Nicaragua,2025,1.293
Nicaragua,2026,1.255
Nicaragua,2027,1.221
Nicaragua,2028,1.185
Nicaragua,2029,1.147
Nicaragua,2030,1.112
Nicaragua,2031,1.084
Nicaragua,2032,1.048
Nicaragua,2033,1.019
Nicaragua,2034,0.988
Nicaragua,2035,0.956
Nicaragua,2036,0.926
Nicaragua,2037,0.899
Nicaragua,2038,0.868
Nicaragua,2039,0.834
Nicaragua,2040,0.808
Nicaragua,2041,0.779
Nicaragua,2042,0.751
Nicaragua,2043,0.722
Nicaragua,2044,0.698
Nicaragua,2045,0.67
Nicaragua,2046,0.639
Nicaragua,2047,0.616
Nicaragua,2048,0.589
Nicaragua,2049,0.555
Nicaragua,2050,0.533
Nicaragua,2051,0.504
Nicaragua,2052,0.471
Nicaragua,2053,0.44
Nicaragua,2054,0.416
Nicaragua,2055,0.389
Nicaragua,2056,0.361
Nicaragua,2057,0.338
Nicaragua,2058,0.319
Nicaragua,2059,0.292
Nicaragua,2060,0.263
Nicaragua,2061,0.233
Nicaragua,2062,0.213
Nicaragua,2063,0.186
Nicaragua,2064,0.161
Nicaragua,2065,0.137
Nicaragua,2066,0.119
Nicaragua,2067,0.091
Nicaragua,2068,0.072
Nicaragua,2069,0.046
Nicaragua,2070,0.022
Nicaragua,2071,0.004
Nicaragua,2072,-0.018
Nicaragua,2073,-0.042
Nicaragua,2074,-0.065
Nicaragua,2075,-0.074
Nicaragua,2076,-0.098
Nicaragua,2077,-0.119
Nicaragua,2078,-0.133
Nicaragua,2079,-0.155
Nicaragua,2080,-0.175
Nicaragua,2081,-0.195
Nicaragua,2082,-0.208
Nicaragua,2083,-0.221
Nicaragua,2084,-0.239
Nicaragua,2085,-0.252
Nicaragua,2086,-0.268
Nicaragua,2087,-0.276
Nicaragua,2088,-0.289
Nicaragua,2089,-0.306
Nicaragua,2090,-0.312
Nicaragua,2091,-0.329
Nicaragua,2092,-0.338
Nicaragua,2093,-0.354
Nicaragua,2094,-0.356
Nicaragua,2095,-0.37
Nicaragua,2096,-0.382
Nicaragua,2097,-0.393
Nicaragua,2098,-0.408
Nicaragua,2099,-0.418
Nicaragua,2100,-0.43
Niger,1950,3.343
Niger,1951,3.243
Niger,1952,3.147
Niger,1953,3.057
Niger,1954,2.986
Niger,1955,2.926
Niger,1956,2.884
Niger,1957,2.863
Niger,1958,2.862
Niger,1959,2.871
Niger,1960,2.894
Niger,1961,2.905
Niger,1962,2.906
Niger,1963,2.897
Niger,1964,2.874
Niger,1965,2.832
Niger,1966,2.81
Niger,1967,2.78
Niger,1968,2.749
Niger,1969,2.721
Niger,1970,2.709
Niger,1971,2.637
Niger,1972,2.677
Niger,1973,2.675
Niger,1974,2.694
Niger,1975,2.722
Niger,1976,2.767
Niger,1977,2.818
Niger,1978,2.907
Niger,1979,2.975
Niger,1980,2.994
Niger,1981,2.98
Niger,1982,2.965
Niger,1983,2.963
Niger,1984,2.951
Niger,1985,2.993
Niger,1986,3.022
Niger,1987,3.029
Niger,1988,3.03
Niger,1989,3.061
Niger,1990,3.098
Niger,1991,3.101
Niger,1992,3.135
Niger,1993,3.185
Niger,1994,3.246
Niger,1995,3.371
Niger,1996,3.317
Niger,1997,3.323
Niger,1998,3.443
Niger,1999,3.438
Niger,2000,3.495
Niger,2001,3.522
Niger,2002,3.541
Niger,2003,3.583
Niger,2004,3.613
Niger,2005,3.646
Niger,2006,3.668
Niger,2007,3.694
Niger,2008,3.71
Niger,2009,3.724
Niger,2010,3.727
Niger,2011,3.716
Niger,2012,3.828
Niger,2013,3.691
Niger,2014,3.687
Niger,2015,3.705
Niger,2016,3.645
Niger,2017,3.478
Niger,2018,3.424
Niger,2019,3.311
Niger,2020,3.289
Niger,2021,3.22
Niger,2022,3.282
Niger,2023,3.307
Niger,2024,3.255
Niger,2025,3.191
Niger,2026,3.135
Niger,2027,3.077
Niger,2028,3.02
Niger,2029,2.97
Niger,2030,2.916
Niger,2031,2.853
Niger,2032,2.798
Niger,2033,2.751
Niger,2034,2.686
Niger,2035,2.637
Niger,2036,2.578
Niger,2037,2.523
Niger,2038,2.465
Niger,2039,2.41
Niger,2040,2.365
Niger,2041,2.318
Niger,2042,2.278
Niger,2043,2.234
Niger,2044,2.199
Niger,2045,2.159
Niger,2046,2.118
Niger,2047,2.078
Niger,2048,2.041
Niger,2049,2.002
Niger,2050,1.965
Niger,2051,1.932
Niger,2052,1.89
Niger,2053,1.856
Niger,2054,1.818
Niger,2055,1.778
Niger,2056,1.735
Niger,2057,1.701
Niger,2058,1.663
Niger,2059,1.622
Niger,2060,1.584
Niger,2061,1.549
Niger,2062,1.511
Niger,2063,1.473
Niger,2064,1.437
Niger,2065,1.397
Niger,2066,1.367
Niger,2067,1.331
Niger,2068,1.294
Niger,2069,1.26
Niger,2070,1.222
Niger,2071,1.189
Niger,2072,1.156
Niger,2073,1.122
Niger,2074,1.088
Niger,2075,1.059
Niger,2076,1.028
Niger,2077,0.993
Niger,2078,0.962
Niger,2079,0.929
Niger,2080,0.903
Niger,2081,0.87
Niger,2082,0.843
Niger,2083,0.812
Niger,2084,0.781
Niger,2085,0.75
Niger,2086,0.719
Niger,2087,0.692
Niger,2088,0.666
Niger,2089,0.637
Niger,2090,0.611
Niger,2091,0.586
Niger,2092,0.561
Niger,2093,0.535
Niger,2094,0.508
Niger,2095,0.486
Niger,2096,0.462
Niger,2097,0.439
Niger,2098,0.414
Niger,2099,0.393
Niger,2100,0.373
Nigeria,1950,1.882
Nigeria,1951,1.896
Nigeria,1952,1.87
Nigeria,1953,1.834
Nigeria,1954,1.866
Nigeria,1955,1.879
Nigeria,1956,1.898
Nigeria,1957,1.908
Nigeria,1958,1.854
Nigeria,1959,1.972
Nigeria,1960,2.028
Nigeria,1961,2.082
Nigeria,1962,2.117
Nigeria,1963,2.131
Nigeria,1964,2.152
Nigeria,1965,2.186
Nigeria,1966,2.165
Nigeria,1967,2.107
Nigeria,1968,2.205
Nigeria,1969,2.234
Nigeria,1970,2.332
Nigeria,1971,2.339
Nigeria,1972,2.45
Nigeria,1973,2.538
Nigeria,1974,2.706
Nigeria,1975,2.83
Nigeria,1976,2.912
Nigeria,1977,3.054
Nigeria,1978,3.074
Nigeria,1979,3.095
Nigeria,1980,3.146
Nigeria,1981,3.006
Nigeria,1982,2.979
Nigeria,1983,2.219
Nigeria,1984,2.898
Nigeria,1985,2.77
Nigeria,1986,2.665
Nigeria,1987,2.664
Nigeria,1988,2.684
Nigeria,1989,2.7
Nigeria,1990,2.706
Nigeria,1991,2.578
Nigeria,1992,2.671
Nigeria,1993,2.629
Nigeria,1994,2.653
Nigeria,1995,2.621
Nigeria,1996,2.608
Nigeria,1997,2.598
Nigeria,1998,2.628
Nigeria,1999,2.644
Nigeria,2000,2.704
Nigeria,2001,2.728
Nigeria,2002,2.755
Nigeria,2003,2.759
Nigeria,2004,2.782
Nigeria,2005,2.756
Nigeria,2006,2.766
Nigeria,2007,2.777
Nigeria,2008,2.792
Nigeria,2009,2.783
Nigeria,2010,2.807
Nigeria,2011,2.799
Nigeria,2012,2.75
Nigeria,2013,2.68
Nigeria,2014,2.605
Nigeria,2015,2.469
Nigeria,2016,2.475
Nigeria,2017,2.39
Nigeria,2018,2.237
Nigeria,2019,2.153
Nigeria,2020,2.108
Nigeria,2021,2.085
Nigeria,2022,2.101
Nigeria,2023,2.096
Nigeria,2024,2.07
Nigeria,2025,2.055
Nigeria,2026,2.033
Nigeria,2027,2.004
Nigeria,2028,1.976
Nigeria,2029,1.953
Nigeria,2030,1.917
Nigeria,2031,1.888
Nigeria,2032,1.863
Nigeria,2033,1.826
Nigeria,2034,1.793
Nigeria,2035,1.759
Nigeria,2036,1.724
Nigeria,2037,1.686
Nigeria,2038,1.651
Nigeria,2039,1.614
Nigeria,2040,1.575
Nigeria,2041,1.533
Nigeria,2042,1.494
Nigeria,2043,1.458
Nigeria,2044,1.418
Nigeria,2045,1.381
Nigeria,2046,1.345
Nigeria,2047,1.311
Nigeria,2048,1.276
Nigeria,2049,1.245
Nigeria,2050,1.216
Nigeria,2051,1.185
Nigeria,2052,1.156
Nigeria,2053,1.126
Nigeria,2054,1.095
Nigeria,2055,1.068
Nigeria,2056,1.041
Nigeria,2057,1.013
Nigeria,2058,0.987
Nigeria,2059,0.961
Nigeria,2060,0.937
Nigeria,2061,0.913
Nigeria,2062,0.887
Nigeria,2063,0.863
Nigeria,2064,0.838
Nigeria,2065,0.81
Nigeria,2066,0.783
Nigeria,2067,0.759
Nigeria,2068,0.73
Nigeria,2069,0.705
Nigeria,2070,0.676
Nigeria,2071,0.652
Nigeria,2072,0.626
Nigeria,2073,0.599
Nigeria,2074,0.574
Nigeria,2075,0.55
Nigeria,2076,0.522
Nigeria,2077,0.495
Nigeria,2078,0.473
Nigeria,2079,0.447
Nigeria,2080,0.419
Nigeria,2081,0.394
Nigeria,2082,0.368
Nigeria,2083,0.346
Nigeria,2084,0.324
Nigeria,2085,0.298
Nigeria,2086,0.276
Nigeria,2087,0.252
Nigeria,2088,0.231
Nigeria,2089,0.211
Nigeria,2090,0.19
Nigeria,2091,0.172
Nigeria,2092,0.148
Nigeria,2093,0.131
Nigeria,2094,0.113
Nigeria,2095,0.101
Nigeria,2096,0.086
Nigeria,2097,0.071
Nigeria,2098,0.057
Nigeria,2099,0.038
Nigeria,2100,0.023
Niue,1950,2.09
Niue,1951,-0.088
Niue,1952,0.79
Niue,1953,0.066
Niue,1954,0.675
Niue,1955,0.799
Niue,1956,0.985
Niue,1957,1.018
Niue,1958,0.986
Niue,1959,0.749
Niue,1960,0.062
Niue,1961,0.928
Niue,1962,2.193
Niue,1963,2.008
Niue,1964,1.756
Niue,1965,1.154
Niue,1966,0.267
Niue,1967,-0.248
Niue,1968,-0.806
Niue,1969,-1.104
Niue,1970,-0.92
Niue,1971,-1.906
Niue,1972,-3.924
Niue,1973,-4.475
Niue,1974,-5.189
Niue,1975,-5.984
Niue,1976,-5.408
Niue,1977,-2.106
Niue,1978,-2.609
Niue,1979,-3.039
Niue,1980,-3.623
Niue,1981,-4.45
Niue,1982,-4.122
Niue,1983,-4.859
Niue,1984,-5.698
Niue,1985,-5.932
Niue,1986,-5.012
Niue,1987,-0.703
Niue,1988,-0.906
Niue,1989,-1.114
Niue,1990,-1.248
Niue,1991,-1.346
Niue,1992,-1.74
Niue,1993,-1.473
Niue,1994,-1.582
Niue,1995,-1.563
Niue,1996,-1.722
Niue,1997,-2.115
Niue,1998,-2.673
Niue,1999,-2.891
Niue,2000,-3.225
Niue,2001,-2.667
Niue,2002,-1.905
Niue,2003,-1.677
Niue,2004,-2.461
Niue,2005,-2.08
Niue,2006,-1.168
Niue,2007,-0.336
Niue,2008,-0.169
Niue,2009,-0.113
Niue,2010,-0.905
Niue,2011,-0.399
Niue,2012,0.455
Niue,2013,0.114
Niue,2014,0.678
Niue,2015,0.45
Niue,2016,-0.112
Niue,2017,-0.112
Niue,2018,0.784
Niue,2019,0
Niue,2020,0.612
Niue,2021,1.048
Niue,2022,-0.165
Niue,2023,-0.275
Niue,2024,0.385
Niue,2025,-0.165
Niue,2026,0.329
Niue,2027,-0.055
Niue,2028,0.383
Niue,2029,0.055
Niue,2030,0.273
Niue,2031,0.489
Niue,2032,0.108
Niue,2033,0.324
Niue,2034,0.806
Niue,2035,0.214
Niue,2036,0.479
Niue,2037,0.318
Niue,2038,0.37
Niue,2039,0.474
Niue,2040,0.315
Niue,2041,0.522
Niue,2042,0.26
Niue,2043,0.415
Niue,2044,0.052
Niue,2045,0.413
Niue,2046,0.257
Niue,2047,0.512
Niue,2048,0.153
Niue,2049,0.102
Niue,2050,0.407
Niue,2051,0.203
Niue,2052,0.505
Niue,2053,0.151
Niue,2054,0.251
Niue,2055,0.501
Niue,2056,0.449
Niue,2057,0.298
Niue,2058,0.642
Niue,2059,0.148
Niue,2060,0.491
Niue,2061,0.586
Niue,2062,0.582
Niue,2063,0.29
Niue,2064,0.433
Niue,2065,0.622
Niue,2066,0.713
Niue,2067,0.378
Niue,2068,0.846
Niue,2069,0.793
Niue,2070,0.371
Niue,2071,0.554
Niue,2072,0.642
Niue,2073,0.547
Niue,2074,0.589
Niue,2075,0.586
Niue,2076,0.493
Niue,2077,0.491
Niue,2078,0.533
Niue,2079,0.574
Niue,2080,0.571
Niue,2081,0.48
Niue,2082,0.131
Niue,2083,0.477
Niue,2084,0.303
Niue,2085,0.086
Niue,2086,0.215
Niue,2087,0.387
Niue,2088,0.043
Niue,2089,0.47
Niue,2090,0.128
Niue,2091,0.425
Niue,2092,0.339
Niue,2093,0.295
Niue,2094,0.21
Niue,2095,0.042
Niue,2096,0.084
Niue,2097,0.21
Niue,2098,0.042
Niue,2099,0.209
Niue,2100,0.125
North Korea,1950,-5.003
North Korea,1951,-4.823
North Korea,1952,-1.458
North Korea,1953,-0.029
North Korea,1954,1.305
North Korea,1955,1.801
North Korea,1956,1.951
North Korea,1957,2.781
North Korea,1958,2.833
North Korea,1959,2.29
North Korea,1960,2.369
North Korea,1961,2.15
North Korea,1962,2.337
North Korea,1963,2.561
North Korea,1964,2.511
North Korea,1965,2.539
North Korea,1966,2.682
North Korea,1967,2.971
North Korea,1968,2.784
North Korea,1969,2.737
North Korea,1970,2.677
North Korea,1971,2.525
North Korea,1972,2.579
North Korea,1973,2.071
North Korea,1974,1.841
North Korea,1975,1.703
North Korea,1976,1.484
North Korea,1977,1.388
North Korea,1978,1.373
North Korea,1979,1.398
North Korea,1980,1.399
North Korea,1981,1.48
North Korea,1982,1.472
North Korea,1983,1.464
North Korea,1984,1.464
North Korea,1985,1.466
North Korea,1986,1.473
North Korea,1987,1.465
North Korea,1988,1.46
North Korea,1989,1.457
North Korea,1990,1.48
North Korea,1991,1.496
North Korea,1992,1.49
North Korea,1993,1.454
North Korea,1994,1.431
North Korea,1995,1.016
North Korea,1996,0.972
North Korea,1997,0.898
North Korea,1998,0.832
North Korea,1999,0.758
North Korea,2000,0.669
North Korea,2001,0.59
North Korea,2002,0.488
North Korea,2003,0.731
North Korea,2004,0.631
North Korea,2005,0.532
North Korea,2006,0.515
North Korea,2007,0.477
North Korea,2008,0.48
North Korea,2009,0.436
North Korea,2010,0.438
North Korea,2011,0.446
North Korea,2012,0.46
North Korea,2013,0.472
North Korea,2014,0.487
North Korea,2015,0.485
North Korea,2016,0.474
North Korea,2017,0.453
North Korea,2018,0.424
North Korea,2019,0.396
North Korea,2020,0.361
North Korea,2021,0.374
North Korea,2022,0.359
North Korea,2023,0.319
North Korea,2024,0.291
North Korea,2025,0.254
North Korea,2026,0.217
North Korea,2027,0.179
North Korea,2028,0.142
North Korea,2029,0.103
North Korea,2030,0.068
North Korea,2031,0.03
North Korea,2032,-0.006
North Korea,2033,-0.038
North Korea,2034,-0.07
North Korea,2035,-0.1
North Korea,2036,-0.128
North Korea,2037,-0.152
North Korea,2038,-0.175
North Korea,2039,-0.196
North Korea,2040,-0.214
North Korea,2041,-0.23
North Korea,2042,-0.243
North Korea,2043,-0.26
North Korea,2044,-0.274
North Korea,2045,-0.288
North Korea,2046,-0.302
North Korea,2047,-0.317
North Korea,2048,-0.332
North Korea,2049,-0.349
North Korea,2050,-0.364
North Korea,2051,-0.38
North Korea,2052,-0.394
North Korea,2053,-0.41
North Korea,2054,-0.424
North Korea,2055,-0.439
North Korea,2056,-0.456
North Korea,2057,-0.468
North Korea,2058,-0.482
North Korea,2059,-0.492
North Korea,2060,-0.504
North Korea,2061,-0.514
North Korea,2062,-0.521
North Korea,2063,-0.527
North Korea,2064,-0.534
North Korea,2065,-0.54
North Korea,2066,-0.543
North Korea,2067,-0.545
North Korea,2068,-0.547
North Korea,2069,-0.549
North Korea,2070,-0.549
North Korea,2071,-0.551
North Korea,2072,-0.552
North Korea,2073,-0.554
North Korea,2074,-0.556
North Korea,2075,-0.557
North Korea,2076,-0.559
North Korea,2077,-0.564
North Korea,2078,-0.567
North Korea,2079,-0.573
North Korea,2080,-0.578
North Korea,2081,-0.584
North Korea,2082,-0.59
North Korea,2083,-0.594
North Korea,2084,-0.6
North Korea,2085,-0.607
North Korea,2086,-0.614
North Korea,2087,-0.62
North Korea,2088,-0.624
North Korea,2089,-0.63
North Korea,2090,-0.636
North Korea,2091,-0.641
North Korea,2092,-0.645
North Korea,2093,-0.646
North Korea,2094,-0.648
North Korea,2095,-0.653
North Korea,2096,-0.654
North Korea,2097,-0.654
North Korea,2098,-0.654
North Korea,2099,-0.655
North Korea,2100,-0.656
North Macedonia,1950,1.84
North Macedonia,1951,1.71
North Macedonia,1952,1.951
North Macedonia,1953,1.866
North Macedonia,1954,1.227
North Macedonia,1955,1.098
North Macedonia,1956,1.137
North Macedonia,1957,0.944
North Macedonia,1958,1.188
North Macedonia,1959,1.219
North Macedonia,1960,1.302
North Macedonia,1961,1.48
North Macedonia,1962,0.789
North Macedonia,1963,1.503
North Macedonia,1964,1.453
North Macedonia,1965,1.512
North Macedonia,1966,1.579
North Macedonia,1967,1.624
North Macedonia,1968,1.689
North Macedonia,1969,1.69
North Macedonia,1970,1.687
North Macedonia,1971,1.534
North Macedonia,1972,1.538
North Macedonia,1973,1.516
North Macedonia,1974,1.526
North Macedonia,1975,1.548
North Macedonia,1976,1.527
North Macedonia,1977,1.443
North Macedonia,1978,1.42
North Macedonia,1979,1.399
North Macedonia,1980,1.364
North Macedonia,1981,1.311
North Macedonia,1982,0.712
North Macedonia,1983,0.593
North Macedonia,1984,0.559
North Macedonia,1985,0.53
North Macedonia,1986,0.501
North Macedonia,1987,0.527
North Macedonia,1988,0.511
North Macedonia,1989,0.456
North Macedonia,1990,0.325
North Macedonia,1991,-1.075
North Macedonia,1992,-1.223
North Macedonia,1993,-1.32
North Macedonia,1994,-0.095
North Macedonia,1995,0.682
North Macedonia,1996,0.716
North Macedonia,1997,0.592
North Macedonia,1998,0.571
North Macedonia,1999,0.459
North Macedonia,2000,0.434
North Macedonia,2001,0.444
North Macedonia,2002,0.347
North Macedonia,2003,0.32
North Macedonia,2004,0.176
North Macedonia,2005,0.133
North Macedonia,2006,-0.188
North Macedonia,2007,-0.509
North Macedonia,2008,-0.564
North Macedonia,2009,-0.427
North Macedonia,2010,-0.458
North Macedonia,2011,-0.624
North Macedonia,2012,-0.67
North Macedonia,2013,-0.717
North Macedonia,2014,-0.824
North Macedonia,2015,-0.933
North Macedonia,2016,-1.006
North Macedonia,2017,-1.083
North Macedonia,2018,-1.108
North Macedonia,2019,-1.207
North Macedonia,2020,-1.514
North Macedonia,2021,-0.727
North Macedonia,2022,-0.45
North Macedonia,2023,-0.468
North Macedonia,2024,-0.494
North Macedonia,2025,-0.52
North Macedonia,2026,-0.556
North Macedonia,2027,-0.552
North Macedonia,2028,-0.575
North Macedonia,2029,-0.602
North Macedonia,2030,-0.65
North Macedonia,2031,-0.654
North Macedonia,2032,-0.666
North Macedonia,2033,-0.668
North Macedonia,2034,-0.694
North Macedonia,2035,-0.711
North Macedonia,2036,-0.731
North Macedonia,2037,-0.746
North Macedonia,2038,-0.74
North Macedonia,2039,-0.762
North Macedonia,2040,-0.777
North Macedonia,2041,-0.785
North Macedonia,2042,-0.806
North Macedonia,2043,-0.816
North Macedonia,2044,-0.804
North Macedonia,2045,-0.823
North Macedonia,2046,-0.837
North Macedonia,2047,-0.82
North Macedonia,2048,-0.832
North Macedonia,2049,-0.852
North Macedonia,2050,-0.868
North Macedonia,2051,-0.91
North Macedonia,2052,-0.914
North Macedonia,2053,-0.962
North Macedonia,2054,-0.986
North Macedonia,2055,-0.99
North Macedonia,2056,-1.01
North Macedonia,2057,-1.006
North Macedonia,2058,-1.006
North Macedonia,2059,-1.02
North Macedonia,2060,-1.059
North Macedonia,2061,-1.089
North Macedonia,2062,-1.099
North Macedonia,2063,-1.105
North Macedonia,2064,-1.087
North Macedonia,2065,-1.117
North Macedonia,2066,-1.103
North Macedonia,2067,-1.137
North Macedonia,2068,-1.154
North Macedonia,2069,-1.164
North Macedonia,2070,-1.166
North Macedonia,2071,-1.129
North Macedonia,2072,-1.141
North Macedonia,2073,-1.156
North Macedonia,2074,-1.162
North Macedonia,2075,-1.149
North Macedonia,2076,-1.167
North Macedonia,2077,-1.155
North Macedonia,2078,-1.144
North Macedonia,2079,-1.131
North Macedonia,2080,-1.127
North Macedonia,2081,-1.15
North Macedonia,2082,-1.16
North Macedonia,2083,-1.152
North Macedonia,2084,-1.171
North Macedonia,2085,-1.153
North Macedonia,2086,-1.174
North Macedonia,2087,-1.153
North Macedonia,2088,-1.161
North Macedonia,2089,-1.172
North Macedonia,2090,-1.168
North Macedonia,2091,-1.19
North Macedonia,2092,-1.195
North Macedonia,2093,-1.21
North Macedonia,2094,-1.194
North Macedonia,2095,-1.184
North Macedonia,2096,-1.214
North Macedonia,2097,-1.23
North Macedonia,2098,-1.237
North Macedonia,2099,-1.25
North Macedonia,2100,-1.248
Northern America (UN),1950,1.529
Northern America (UN),1951,1.567
Northern America (UN),1952,1.588
Northern America (UN),1953,1.606
Northern America (UN),1954,1.649
Northern America (UN),1955,1.646
Northern America (UN),1956,1.686
Northern America (UN),1957,1.698
Northern America (UN),1958,1.654
Northern America (UN),1959,1.809
Northern America (UN),1960,1.768
Northern America (UN),1961,1.812
Northern America (UN),1962,1.713
Northern America (UN),1963,1.623
Northern America (UN),1964,1.564
Northern America (UN),1965,1.431
Northern America (UN),1966,1.319
Northern America (UN),1967,1.222
Northern America (UN),1968,1.151
Northern America (UN),1969,1.154
Northern America (UN),1970,1.39
Northern America (UN),1971,1.285
Northern America (UN),1972,1.071
Northern America (UN),1973,0.999
Northern America (UN),1974,0.996
Northern America (UN),1975,0.976
Northern America (UN),1976,0.951
Northern America (UN),1977,0.973
Northern America (UN),1978,0.949
Northern America (UN),1979,0.996
Northern America (UN),1980,1.042
Northern America (UN),1981,1.033
Northern America (UN),1982,1.038
Northern America (UN),1983,1.012
Northern America (UN),1984,0.98
Northern America (UN),1985,0.968
Northern America (UN),1986,0.926
Northern America (UN),1987,0.943
Northern America (UN),1988,0.968
Northern America (UN),1989,0.997
Northern America (UN),1990,1.234
Northern America (UN),1991,1.216
Northern America (UN),1992,1.212
Northern America (UN),1993,1.105
Northern America (UN),1994,1.05
Northern America (UN),1995,1.005
Northern America (UN),1996,0.976
Northern America (UN),1997,0.943
Northern America (UN),1998,0.973
Northern America (UN),1999,0.934
Northern America (UN),2000,0.99
Northern America (UN),2001,0.996
Northern America (UN),2002,0.976
Northern America (UN),2003,0.975
Northern America (UN),2004,0.988
Northern America (UN),2005,0.995
Northern America (UN),2006,1.025
Northern America (UN),2007,1.043
Northern America (UN),2008,1.025
Northern America (UN),2009,0.991
Northern America (UN),2010,0.993
Northern America (UN),2011,0.967
Northern America (UN),2012,0.961
Northern America (UN),2013,0.942
Northern America (UN),2014,0.931
Northern America (UN),2015,0.921
Northern America (UN),2016,0.971
Northern America (UN),2017,0.924
Northern America (UN),2018,0.877
Northern America (UN),2019,0.845
Northern America (UN),2020,0.237
Northern America (UN),2021,0.296
Northern America (UN),2022,0.62
Northern America (UN),2023,0.648
Northern America (UN),2024,0.597
Northern America (UN),2025,0.559
Northern America (UN),2026,0.523
Northern America (UN),2027,0.505
Northern America (UN),2028,0.503
Northern America (UN),2029,0.479
Northern America (UN),2030,0.469
Northern America (UN),2031,0.458
Northern America (UN),2032,0.447
Northern America (UN),2033,0.434
Northern America (UN),2034,0.431
Northern America (UN),2035,0.413
Northern America (UN),2036,0.405
Northern America (UN),2037,0.397
Northern America (UN),2038,0.389
Northern America (UN),2039,0.368
Northern America (UN),2040,0.355
Northern America (UN),2041,0.342
Northern America (UN),2042,0.339
Northern America (UN),2043,0.319
Northern America (UN),2044,0.303
Northern America (UN),2045,0.292
Northern America (UN),2046,0.273
Northern America (UN),2047,0.267
Northern America (UN),2048,0.252
Northern America (UN),2049,0.242
Northern America (UN),2050,0.239
Northern America (UN),2051,0.234
Northern America (UN),2052,0.226
Northern America (UN),2053,0.223
Northern America (UN),2054,0.209
Northern America (UN),2055,0.205
Northern America (UN),2056,0.209
Northern America (UN),2057,0.222
Northern America (UN),2058,0.234
Northern America (UN),2059,0.229
Northern America (UN),2060,0.225
Northern America (UN),2061,0.238
Northern America (UN),2062,0.243
Northern America (UN),2063,0.245
Northern America (UN),2064,0.242
Northern America (UN),2065,0.248
Northern America (UN),2066,0.255
Northern America (UN),2067,0.263
Northern America (UN),2068,0.257
Northern America (UN),2069,0.262
Northern America (UN),2070,0.251
Northern America (UN),2071,0.258
Northern America (UN),2072,0.242
Northern America (UN),2073,0.241
Northern America (UN),2074,0.233
Northern America (UN),2075,0.243
Northern America (UN),2076,0.231
Northern America (UN),2077,0.218
Northern America (UN),2078,0.217
Northern America (UN),2079,0.203
Northern America (UN),2080,0.196
Northern America (UN),2081,0.216
Northern America (UN),2082,0.195
Northern America (UN),2083,0.195
Northern America (UN),2084,0.19
Northern America (UN),2085,0.175
Northern America (UN),2086,0.186
Northern America (UN),2087,0.185
Northern America (UN),2088,0.202
Northern America (UN),2089,0.189
Northern America (UN),2090,0.183
Northern America (UN),2091,0.192
Northern America (UN),2092,0.191
Northern America (UN),2093,0.188
Northern America (UN),2094,0.19
Northern America (UN),2095,0.185
Northern America (UN),2096,0.174
Northern America (UN),2097,0.18
Northern America (UN),2098,0.166
Northern America (UN),2099,0.165
Northern America (UN),2100,0.151
Northern Mariana Islands,1950,2.152
Northern Mariana Islands,1951,1.286
Northern Mariana Islands,1952,1.324
Northern Mariana Islands,1953,1.72
Northern Mariana Islands,1954,1.73
Northern Mariana Islands,1955,2.368
Northern Mariana Islands,1956,1.837
Northern Mariana Islands,1957,2.652
Northern Mariana Islands,1958,2.476
Northern Mariana Islands,1959,2.683
Northern Mariana Islands,1960,2.873
Northern Mariana Islands,1961,2.957
Northern Mariana Islands,1962,3.266
Northern Mariana Islands,1963,3.419
Northern Mariana Islands,1964,3.355
Northern Mariana Islands,1965,3.342
Northern Mariana Islands,1966,3.336
Northern Mariana Islands,1967,-0.754
Northern Mariana Islands,1968,-4.586
Northern Mariana Islands,1969,-4.796
Northern Mariana Islands,1970,8.284
Northern Mariana Islands,1971,12.073
Northern Mariana Islands,1972,10.876
Northern Mariana Islands,1973,8.037
Northern Mariana Islands,1974,2.955
Northern Mariana Islands,1975,2.576
Northern Mariana Islands,1976,2.313
Northern Mariana Islands,1977,2.16
Northern Mariana Islands,1978,2.145
Northern Mariana Islands,1979,2.238
Northern Mariana Islands,1980,10.83
Northern Mariana Islands,1981,12.591
Northern Mariana Islands,1982,11.449
Northern Mariana Islands,1983,10.497
Northern Mariana Islands,1984,9.665
Northern Mariana Islands,1985,8.939
Northern Mariana Islands,1986,8.319
Northern Mariana Islands,1987,7.758
Northern Mariana Islands,1988,7.254
Northern Mariana Islands,1989,6.726
Northern Mariana Islands,1990,2.997
Northern Mariana Islands,1991,1.811
Northern Mariana Islands,1992,1.711
Northern Mariana Islands,1993,1.669
Northern Mariana Islands,1994,1.691
Northern Mariana Islands,1995,4.366
Northern Mariana Islands,1996,9.594
Northern Mariana Islands,1997,8.525
Northern Mariana Islands,1998,7.601
Northern Mariana Islands,1999,6.828
Northern Mariana Islands,2000,0.557
Northern Mariana Islands,2001,-1.655
Northern Mariana Islands,2002,-1.93
Northern Mariana Islands,2003,-2.178
Northern Mariana Islands,2004,-2.407
Northern Mariana Islands,2005,-2.614
Northern Mariana Islands,2006,-2.823
Northern Mariana Islands,2007,-3.003
Northern Mariana Islands,2008,-3.173
Northern Mariana Islands,2009,-3.317
Northern Mariana Islands,2010,-1.172
Northern Mariana Islands,2011,-0.617
Northern Mariana Islands,2012,-0.785
Northern Mariana Islands,2013,-1.012
Northern Mariana Islands,2014,-1.198
Northern Mariana Islands,2015,-1.369
Northern Mariana Islands,2016,-1.528
Northern Mariana Islands,2017,-1.707
Northern Mariana Islands,2018,-1.854
Northern Mariana Islands,2019,-2.049
Northern Mariana Islands,2020,-0.454
Northern Mariana Islands,2021,-1.877
Northern Mariana Islands,2022,-1.997
Northern Mariana Islands,2023,-2.105
Northern Mariana Islands,2024,-1.764
Northern Mariana Islands,2025,-1.592
Northern Mariana Islands,2026,-1.305
Northern Mariana Islands,2027,-0.746
Northern Mariana Islands,2028,-0.604
Northern Mariana Islands,2029,-0.491
Northern Mariana Islands,2030,-0.34
Northern Mariana Islands,2031,-0.178
Northern Mariana Islands,2032,-0.192
Northern Mariana Islands,2033,-0.06
Northern Mariana Islands,2034,0.094
Northern Mariana Islands,2035,0.207
Northern Mariana Islands,2036,0.292
Northern Mariana Islands,2037,0.234
Northern Mariana Islands,2038,0.255
Northern Mariana Islands,2039,0.335
Northern Mariana Islands,2040,0.221
Northern Mariana Islands,2041,0.35
Northern Mariana Islands,2042,0.184
Northern Mariana Islands,2043,0.181
Northern Mariana Islands,2044,0.183
Northern Mariana Islands,2045,0.192
Northern Mariana Islands,2046,0.077
Northern Mariana Islands,2047,0.073
Northern Mariana Islands,2048,-0.035
Northern Mariana Islands,2049,0.131
Northern Mariana Islands,2050,-0.115
Northern Mariana Islands,2051,-0.091
Northern Mariana Islands,2052,-0.026
Northern Mariana Islands,2053,-0.105
Northern Mariana Islands,2054,-0.143
Northern Mariana Islands,2055,-0.216
Northern Mariana Islands,2056,-0.356
Northern Mariana Islands,2057,-0.277
Northern Mariana Islands,2058,-0.387
Northern Mariana Islands,2059,-0.407
Northern Mariana Islands,2060,-0.347
Northern Mariana Islands,2061,-0.261
Northern Mariana Islands,2062,-0.293
Northern Mariana Islands,2063,-0.265
Northern Mariana Islands,2064,-0.121
Northern Mariana Islands,2065,-0.206
Northern Mariana Islands,2066,-0.07
Northern Mariana Islands,2067,0.015
Northern Mariana Islands,2068,0.041
Northern Mariana Islands,2069,-0.032
Northern Mariana Islands,2070,-0.044
Northern Mariana Islands,2071,0.075
Northern Mariana Islands,2072,0.099
Northern Mariana Islands,2073,0.138
Northern Mariana Islands,2074,0.077
Northern Mariana Islands,2075,0.126
Northern Mariana Islands,2076,0.19
Northern Mariana Islands,2077,0.229
Northern Mariana Islands,2078,0.309
Northern Mariana Islands,2079,0.244
Northern Mariana Islands,2080,0.234
Northern Mariana Islands,2081,0.236
Northern Mariana Islands,2082,0.197
Northern Mariana Islands,2083,0.171
Northern Mariana Islands,2084,0.144
Northern Mariana Islands,2085,0.121
Northern Mariana Islands,2086,0.087
Northern Mariana Islands,2087,0.076
Northern Mariana Islands,2088,-0.009
Northern Mariana Islands,2089,0.017
Northern Mariana Islands,2090,-0.054
Northern Mariana Islands,2091,-0.104
Northern Mariana Islands,2092,-0.137
Northern Mariana Islands,2093,-0.104
Northern Mariana Islands,2094,-0.164
Northern Mariana Islands,2095,-0.19
Northern Mariana Islands,2096,-0.217
Northern Mariana Islands,2097,-0.227
Northern Mariana Islands,2098,-0.227
Northern Mariana Islands,2099,-0.288
Northern Mariana Islands,2100,-0.269
Norway,1950,0.93
Norway,1951,0.945
Norway,1952,0.979
Norway,1953,1.005
Norway,1954,0.97
Norway,1955,1.031
Norway,1956,0.86
Norway,1957,0.919
Norway,1958,0.851
Norway,1959,0.835
Norway,1960,0.753
Norway,1961,0.835
Norway,1962,0.776
Norway,1963,0.738
Norway,1964,0.774
Norway,1965,0.782
Norway,1966,0.802
Norway,1967,0.86
Norway,1968,0.823
Norway,1969,0.806
Norway,1970,0.647
Norway,1971,0.762
Norway,1972,0.777
Norway,1973,0.626
Norway,1974,0.617
Norway,1975,0.489
Norway,1976,0.45
Norway,1977,0.395
Norway,1978,0.366
Norway,1979,0.314
Norway,1980,0.328
Norway,1981,0.359
Norway,1982,0.374
Norway,1983,0.286
Norway,1984,0.277
Norway,1985,0.322
Norway,1986,0.392
Norway,1987,0.545
Norway,1988,0.534
Norway,1989,0.294
Norway,1990,0.392
Norway,1991,0.557
Norway,1992,0.596
Norway,1993,0.595
Norway,1994,0.543
Norway,1995,0.493
Norway,1996,0.52
Norway,1997,0.566
Norway,1998,0.626
Norway,1999,0.744
Norway,2000,0.556
Norway,2001,0.457
Norway,2002,0.619
Norway,2003,0.553
Norway,2004,0.63
Norway,2005,0.732
Norway,2006,0.878
Norway,2007,1.192
Norway,2008,1.301
Norway,2009,1.222
Norway,2010,1.27
Norway,2011,1.323
Norway,2012,1.304
Norway,2013,1.139
Norway,2014,1.103
Norway,2015,0.927
Norway,2016,0.847
Norway,2017,0.707
Norway,2018,0.614
Norway,2019,0.736
Norway,2020,0.441
Norway,2021,0.627
Norway,2022,1.164
Norway,2023,1.109
Norway,2024,0.964
Norway,2025,0.695
Norway,2026,0.368
Norway,2027,0.359
Norway,2028,0.335
Norway,2029,0.313
Norway,2030,0.296
Norway,2031,0.281
Norway,2032,0.259
Norway,2033,0.24
Norway,2034,0.222
Norway,2035,0.208
Norway,2036,0.201
Norway,2037,0.186
Norway,2038,0.178
Norway,2039,0.161
Norway,2040,0.139
Norway,2041,0.137
Norway,2042,0.117
Norway,2043,0.094
Norway,2044,0.087
Norway,2045,0.086
Norway,2046,0.063
Norway,2047,0.052
Norway,2048,0.049
Norway,2049,0.024
Norway,2050,0.006
Norway,2051,-0.008
Norway,2052,-0.02
Norway,2053,-0.051
Norway,2054,-0.068
Norway,2055,-0.084
Norway,2056,-0.101
Norway,2057,-0.109
Norway,2058,-0.1
Norway,2059,-0.111
Norway,2060,-0.131
Norway,2061,-0.137
Norway,2062,-0.156
Norway,2063,-0.162
Norway,2064,-0.167
Norway,2065,-0.168
Norway,2066,-0.171
Norway,2067,-0.171
Norway,2068,-0.16
Norway,2069,-0.151
Norway,2070,-0.164
Norway,2071,-0.153
Norway,2072,-0.167
Norway,2073,-0.173
Norway,2074,-0.175
Norway,2075,-0.169
Norway,2076,-0.17
Norway,2077,-0.178
Norway,2078,-0.187
Norway,2079,-0.195
Norway,2080,-0.207
Norway,2081,-0.21
Norway,2082,-0.22
Norway,2083,-0.229
Norway,2084,-0.243
Norway,2085,-0.24
Norway,2086,-0.246
Norway,2087,-0.252
Norway,2088,-0.239
Norway,2089,-0.227
Norway,2090,-0.232
Norway,2091,-0.216
Norway,2092,-0.217
Norway,2093,-0.228
Norway,2094,-0.221
Norway,2095,-0.226
Norway,2096,-0.216
Norway,2097,-0.21
Norway,2098,-0.221
Norway,2099,-0.234
Norway,2100,-0.231
Oceania (UN),1950,2.743
Oceania (UN),1951,2.484
Oceania (UN),1952,2.321
Oceania (UN),1953,2.138
Oceania (UN),1954,2.209
Oceania (UN),1955,2.377
Oceania (UN),1956,2.364
Oceania (UN),1957,2.288
Oceania (UN),1958,2.256
Oceania (UN),1959,2.23
Oceania (UN),1960,2.263
Oceania (UN),1961,2.155
Oceania (UN),1962,2.045
Oceania (UN),1963,2.063
Oceania (UN),1964,2.037
Oceania (UN),1965,2.121
Oceania (UN),1966,2.024
Oceania (UN),1967,1.791
Oceania (UN),1968,1.863
Oceania (UN),1969,1.993
Oceania (UN),1970,2.777
Oceania (UN),1971,2.707
Oceania (UN),1972,1.824
Oceania (UN),1973,1.775
Oceania (UN),1974,1.666
Oceania (UN),1975,1.399
Oceania (UN),1976,1.243
Oceania (UN),1977,1.233
Oceania (UN),1978,1.184
Oceania (UN),1979,1.216
Oceania (UN),1980,1.42
Oceania (UN),1981,1.631
Oceania (UN),1982,1.63
Oceania (UN),1983,1.502
Oceania (UN),1984,1.44
Oceania (UN),1985,1.458
Oceania (UN),1986,1.524
Oceania (UN),1987,1.59
Oceania (UN),1988,1.609
Oceania (UN),1989,1.606
Oceania (UN),1990,1.867
Oceania (UN),1991,1.65
Oceania (UN),1992,1.484
Oceania (UN),1993,1.434
Oceania (UN),1994,1.518
Oceania (UN),1995,1.621
Oceania (UN),1996,1.615
Oceania (UN),1997,1.521
Oceania (UN),1998,1.497
Oceania (UN),1999,1.505
Oceania (UN),2000,1.534
Oceania (UN),2001,1.594
Oceania (UN),2002,1.637
Oceania (UN),2003,1.603
Oceania (UN),2004,1.562
Oceania (UN),2005,1.627
Oceania (UN),2006,1.784
Oceania (UN),2007,1.942
Oceania (UN),2008,1.999
Oceania (UN),2009,1.883
Oceania (UN),2010,1.697
Oceania (UN),2011,1.689
Oceania (UN),2012,1.767
Oceania (UN),2013,1.748
Oceania (UN),2014,1.713
Oceania (UN),2015,1.745
Oceania (UN),2016,1.828
Oceania (UN),2017,1.753
Oceania (UN),2018,1.647
Oceania (UN),2019,1.546
Oceania (UN),2020,1.082
Oceania (UN),2021,1.081
Oceania (UN),2022,1.111
Oceania (UN),2023,1.155
Oceania (UN),2024,1.14
Oceania (UN),2025,1.108
Oceania (UN),2026,1.066
Oceania (UN),2027,1.045
Oceania (UN),2028,1.019
Oceania (UN),2029,0.981
Oceania (UN),2030,0.963
Oceania (UN),2031,0.939
Oceania (UN),2032,0.912
Oceania (UN),2033,0.895
Oceania (UN),2034,0.879
Oceania (UN),2035,0.87
Oceania (UN),2036,0.859
Oceania (UN),2037,0.832
Oceania (UN),2038,0.831
Oceania (UN),2039,0.804
Oceania (UN),2040,0.799
Oceania (UN),2041,0.796
Oceania (UN),2042,0.788
Oceania (UN),2043,0.77
Oceania (UN),2044,0.759
Oceania (UN),2045,0.754
Oceania (UN),2046,0.747
Oceania (UN),2047,0.711
Oceania (UN),2048,0.723
Oceania (UN),2049,0.689
Oceania (UN),2050,0.68
Oceania (UN),2051,0.67
Oceania (UN),2052,0.647
Oceania (UN),2053,0.637
Oceania (UN),2054,0.636
Oceania (UN),2055,0.624
Oceania (UN),2056,0.601
Oceania (UN),2057,0.594
Oceania (UN),2058,0.596
Oceania (UN),2059,0.568
Oceania (UN),2060,0.559
Oceania (UN),2061,0.549
Oceania (UN),2062,0.546
Oceania (UN),2063,0.54
Oceania (UN),2064,0.521
Oceania (UN),2065,0.525
Oceania (UN),2066,0.532
Oceania (UN),2067,0.524
Oceania (UN),2068,0.516
Oceania (UN),2069,0.503
Oceania (UN),2070,0.486
Oceania (UN),2071,0.47
Oceania (UN),2072,0.469
Oceania (UN),2073,0.459
Oceania (UN),2074,0.457
Oceania (UN),2075,0.448
Oceania (UN),2076,0.438
Oceania (UN),2077,0.443
Oceania (UN),2078,0.434
Oceania (UN),2079,0.422
Oceania (UN),2080,0.42
Oceania (UN),2081,0.423
Oceania (UN),2082,0.403
Oceania (UN),2083,0.41
Oceania (UN),2084,0.384
Oceania (UN),2085,0.384
Oceania (UN),2086,0.389
Oceania (UN),2087,0.391
Oceania (UN),2088,0.406
Oceania (UN),2089,0.385
Oceania (UN),2090,0.399
Oceania (UN),2091,0.391
Oceania (UN),2092,0.38
Oceania (UN),2093,0.366
Oceania (UN),2094,0.345
Oceania (UN),2095,0.346
Oceania (UN),2096,0.352
Oceania (UN),2097,0.351
Oceania (UN),2098,0.324
Oceania (UN),2099,0.311
Oceania (UN),2100,0.305
Oman,1950,1.228
Oman,1951,1.281
Oman,1952,1.322
Oman,1953,1.366
Oman,1954,1.414
Oman,1955,1.464
Oman,1956,1.528
Oman,1957,1.595
Oman,1958,1.693
Oman,1959,1.782
Oman,1960,1.705
Oman,1961,1.796
Oman,1962,1.906
Oman,1963,2.013
Oman,1964,2.133
Oman,1965,2.239
Oman,1966,2.343
Oman,1967,2.445
Oman,1968,2.539
Oman,1969,2.627
Oman,1970,2.701
Oman,1971,2.787
Oman,1972,2.851
Oman,1973,2.94
Oman,1974,4.072
Oman,1975,4.281
Oman,1976,4.707
Oman,1977,5.016
Oman,1978,5.231
Oman,1979,5.326
Oman,1980,5.367
Oman,1981,5.526
Oman,1982,5.576
Oman,1983,5.525
Oman,1984,5.391
Oman,1985,6.662
Oman,1986,6.2
Oman,1987,5.834
Oman,1988,5.515
Oman,1989,5.235
Oman,1990,4.974
Oman,1991,4.717
Oman,1992,4.449
Oman,1993,3.99
Oman,1994,1.905
Oman,1995,1.779
Oman,1996,1.626
Oman,1997,1.484
Oman,1998,1.396
Oman,1999,1.323
Oman,2000,1.255
Oman,2001,1.192
Oman,2002,1.126
Oman,2003,1.142
Oman,2004,2.289
Oman,2005,2.233
Oman,2006,2.19
Oman,2007,2.167
Oman,2008,2.171
Oman,2009,2.207
Oman,2010,3.131
Oman,2011,17.999
Oman,2012,10.96
Oman,2013,4.832
Oman,2014,3.794
Oman,2015,5.093
Oman,2016,4.53
Oman,2017,2.075
Oman,2018,0.583
Oman,2019,-0.873
Oman,2020,-2.154
Oman,2021,1.184
Oman,2022,8.595
Oman,2023,4.591
Oman,2024,4.408
Oman,2025,3.522
Oman,2026,2.822
Oman,2027,2.176
Oman,2028,1.732
Oman,2029,1.511
Oman,2030,1.342
Oman,2031,1.313
Oman,2032,1.289
Oman,2033,1.269
Oman,2034,1.254
Oman,2035,1.244
Oman,2036,1.236
Oman,2037,1.232
Oman,2038,1.229
Oman,2039,1.227
Oman,2040,1.228
Oman,2041,1.23
Oman,2042,1.229
Oman,2043,1.226
Oman,2044,1.223
Oman,2045,1.217
Oman,2046,1.212
Oman,2047,1.205
Oman,2048,1.2
Oman,2049,1.194
Oman,2050,1.188
Oman,2051,1.179
Oman,2052,1.17
Oman,2053,1.156
Oman,2054,1.14
Oman,2055,1.122
Oman,2056,1.103
Oman,2057,1.084
Oman,2058,1.066
Oman,2059,1.045
Oman,2060,1.025
Oman,2061,1.008
Oman,2062,0.99
Oman,2063,0.972
Oman,2064,0.957
Oman,2065,0.941
Oman,2066,0.927
Oman,2067,0.911
Oman,2068,0.897
Oman,2069,0.883
Oman,2070,0.87
Oman,2071,0.859
Oman,2072,0.847
Oman,2073,0.835
Oman,2074,0.825
Oman,2075,0.817
Oman,2076,0.811
Oman,2077,0.804
Oman,2078,0.798
Oman,2079,0.792
Oman,2080,0.787
Oman,2081,0.782
Oman,2082,0.779
Oman,2083,0.775
Oman,2084,0.77
Oman,2085,0.766
Oman,2086,0.762
Oman,2087,0.757
Oman,2088,0.754
Oman,2089,0.749
Oman,2090,0.742
Oman,2091,0.736
Oman,2092,0.729
Oman,2093,0.721
Oman,2094,0.713
Oman,2095,0.705
Oman,2096,0.697
Oman,2097,0.689
Oman,2098,0.68
Oman,2099,0.671
Oman,2100,0.661
Pakistan,1950,1.951
Pakistan,1951,2.093
Pakistan,1952,2.206
Pakistan,1953,2.304
Pakistan,1954,2.386
Pakistan,1955,2.464
Pakistan,1956,2.539
Pakistan,1957,2.605
Pakistan,1958,2.667
Pakistan,1959,2.722
Pakistan,1960,2.663
Pakistan,1961,2.572
Pakistan,1962,2.623
Pakistan,1963,2.67
Pakistan,1964,2.725
Pakistan,1965,2.747
Pakistan,1966,2.805
Pakistan,1967,2.838
Pakistan,1968,2.86
Pakistan,1969,2.867
Pakistan,1970,2.884
Pakistan,1971,2.631
Pakistan,1972,2.9
Pakistan,1973,2.924
Pakistan,1974,2.957
Pakistan,1975,3.021
Pakistan,1976,3.1
Pakistan,1977,3.171
Pakistan,1978,3.235
Pakistan,1979,3.686
Pakistan,1980,4.469
Pakistan,1981,3.9
Pakistan,1982,3.625
Pakistan,1983,3.305
Pakistan,1984,2.97
Pakistan,1985,3.362
Pakistan,1986,3.398
Pakistan,1987,3.42
Pakistan,1988,3.305
Pakistan,1989,3.232
Pakistan,1990,3.45
Pakistan,1991,3.168
Pakistan,1992,2.566
Pakistan,1993,2.973
Pakistan,1994,2.814
Pakistan,1995,2.964
Pakistan,1996,2.859
Pakistan,1997,2.798
Pakistan,1998,2.725
Pakistan,1999,2.719
Pakistan,2000,2.928
Pakistan,2001,2.668
Pakistan,2002,2.239
Pakistan,2003,2.467
Pakistan,2004,2.47
Pakistan,2005,2.339
Pakistan,2006,2.424
Pakistan,2007,2.855
Pakistan,2008,2.504
Pakistan,2009,2.577
Pakistan,2010,2.367
Pakistan,2011,2.11
Pakistan,2012,1.706
Pakistan,2013,1.549
Pakistan,2014,1.452
Pakistan,2015,1.354
Pakistan,2016,1.251
Pakistan,2017,1.575
Pakistan,2018,1.672
Pakistan,2019,1.711
Pakistan,2020,1.894
Pakistan,2021,1.879
Pakistan,2022,1.619
Pakistan,2023,1.48
Pakistan,2024,1.539
Pakistan,2025,1.58
Pakistan,2026,1.592
Pakistan,2027,1.634
Pakistan,2028,1.653
Pakistan,2029,1.647
Pakistan,2030,1.664
Pakistan,2031,1.663
Pakistan,2032,1.657
Pakistan,2033,1.649
Pakistan,2034,1.628
Pakistan,2035,1.606
Pakistan,2036,1.593
Pakistan,2037,1.565
Pakistan,2038,1.552
Pakistan,2039,1.52
Pakistan,2040,1.477
Pakistan,2041,1.461
Pakistan,2042,1.432
Pakistan,2043,1.407
Pakistan,2044,1.38
Pakistan,2045,1.358
Pakistan,2046,1.327
Pakistan,2047,1.288
Pakistan,2048,1.258
Pakistan,2049,1.234
Pakistan,2050,1.212
Pakistan,2051,1.179
Pakistan,2052,1.156
Pakistan,2053,1.129
Pakistan,2054,1.106
Pakistan,2055,1.084
Pakistan,2056,1.068
Pakistan,2057,1.035
Pakistan,2058,1.013
Pakistan,2059,0.982
Pakistan,2060,0.966
Pakistan,2061,0.94
Pakistan,2062,0.926
Pakistan,2063,0.889
Pakistan,2064,0.871
Pakistan,2065,0.849
Pakistan,2066,0.831
Pakistan,2067,0.807
Pakistan,2068,0.788
Pakistan,2069,0.762
Pakistan,2070,0.732
Pakistan,2071,0.706
Pakistan,2072,0.684
Pakistan,2073,0.66
Pakistan,2074,0.638
Pakistan,2075,0.622
Pakistan,2076,0.595
Pakistan,2077,0.564
Pakistan,2078,0.53
Pakistan,2079,0.508
Pakistan,2080,0.5
Pakistan,2081,0.476
Pakistan,2082,0.459
Pakistan,2083,0.434
Pakistan,2084,0.409
Pakistan,2085,0.394
Pakistan,2086,0.378
Pakistan,2087,0.35
Pakistan,2088,0.345
Pakistan,2089,0.32
Pakistan,2090,0.31
Pakistan,2091,0.298
Pakistan,2092,0.284
Pakistan,2093,0.269
Pakistan,2094,0.257
Pakistan,2095,0.235
Pakistan,2096,0.215
Pakistan,2097,0.194
Pakistan,2098,0.181
Pakistan,2099,0.17
Pakistan,2100,0.168
Palau,1950,2.663
Palau,1951,2
Palau,1952,2.252
Palau,1953,2.487
Palau,1954,2.619
Palau,1955,2.341
Palau,1956,1.839
Palau,1957,1.715
Palau,1958,1.797
Palau,1959,2.615
Palau,1960,2.305
Palau,1961,2.512
Palau,1962,2.41
Palau,1963,2.511
Palau,1964,2.507
Palau,1965,2.399
Palau,1966,2.416
Palau,1967,0.965
Palau,1968,0.704
Palau,1969,0.717
Palau,1970,2.982
Palau,1971,3.759
Palau,1972,3.51
Palau,1973,2.295
Palau,1974,-0.15
Palau,1975,-0.348
Palau,1976,-0.548
Palau,1977,-0.615
Palau,1978,-0.764
Palau,1979,-0.892
Palau,1980,-0.179
Palau,1981,2.282
Palau,1982,2.387
Palau,1983,2.461
Palau,1984,2.564
Palau,1985,2.637
Palau,1986,2.204
Palau,1987,2.17
Palau,1988,2.131
Palau,1989,1.927
Palau,1990,2.228
Palau,1991,2.376
Palau,1992,2.364
Palau,1993,2.376
Palau,1994,2.421
Palau,1995,2.582
Palau,1996,2.685
Palau,1997,2.397
Palau,1998,2.154
Palau,1999,1.878
Palau,2000,1.038
Palau,2001,0.765
Palau,2002,0.785
Palau,2003,0.814
Palau,2004,0.822
Palau,2005,-0.843
Palau,2006,-1.45
Palau,2007,-1.544
Palau,2008,-1.52
Palau,2009,-1.652
Palau,2010,-1.723
Palau,2011,-1.776
Palau,2012,-1.706
Palau,2013,0.385
Palau,2014,0.373
Palau,2015,0.242
Palau,2016,0.067
Palau,2017,0.101
Palau,2018,-0.073
Palau,2019,-0.112
Palau,2020,0.045
Palau,2021,-0.146
Palau,2022,-0.124
Palau,2023,-0.231
Palau,2024,-0.13
Palau,2025,-0.243
Palau,2026,-0.301
Palau,2027,-0.279
Palau,2028,-0.4
Palau,2029,-0.338
Palau,2030,-0.391
Palau,2031,-0.462
Palau,2032,-0.348
Palau,2033,-0.419
Palau,2034,-0.445
Palau,2035,-0.458
Palau,2036,-0.407
Palau,2037,-0.534
Palau,2038,-0.465
Palau,2039,-0.575
Palau,2040,-0.494
Palau,2041,-0.63
Palau,2042,-0.646
Palau,2043,-0.577
Palau,2044,-0.704
Palau,2045,-0.671
Palau,2046,-0.701
Palau,2047,-0.725
Palau,2048,-0.73
Palau,2049,-0.768
Palau,2050,-0.702
Palau,2051,-0.786
Palau,2052,-0.825
Palau,2053,-0.805
Palau,2054,-0.818
Palau,2055,-0.832
Palau,2056,-0.811
Palau,2057,-0.88
Palau,2058,-0.756
Palau,2059,-0.839
Palau,2060,-0.747
Palau,2061,-0.81
Palau,2062,-0.788
Palau,2063,-0.751
Palau,2064,-0.735
Palau,2065,-0.689
Palau,2066,-0.746
Palau,2067,-0.707
Palau,2068,-0.704
Palau,2069,-0.687
Palau,2070,-0.654
Palau,2071,-0.689
Palau,2072,-0.533
Palau,2073,-0.643
Palau,2074,-0.717
Palau,2075,-0.59
Palau,2076,-0.625
Palau,2077,-0.605
Palau,2078,-0.577
Palau,2079,-0.564
Palau,2080,-0.64
Palau,2081,-0.603
Palau,2082,-0.534
Palau,2083,-0.529
Palau,2084,-0.655
Palau,2085,-0.51
Palau,2086,-0.571
Palau,2087,-0.599
Palau,2088,-0.511
Palau,2089,-0.657
Palau,2090,-0.653
Palau,2091,-0.606
Palau,2092,-0.566
Palau,2093,-0.578
Palau,2094,-0.555
Palau,2095,-0.593
Palau,2096,-0.571
Palau,2097,-0.627
Palau,2098,-0.577
Palau,2099,-0.572
Palau,2100,-0.611
Palestine,1950,0.824
Palestine,1951,0.93
Palestine,1952,1.025
Palestine,1953,1.115
Palestine,1954,1.207
Palestine,1955,1.29
Palestine,1956,1.374
Palestine,1957,1.453
Palestine,1958,1.53
Palestine,1959,1.594
Palestine,1960,1.636
Palestine,1961,1.663
Palestine,1962,1.684
Palestine,1963,1.559
Palestine,1964,0.774
Palestine,1965,0.388
Palestine,1966,-0.548
Palestine,1967,-1.309
Palestine,1968,-1.185
Palestine,1969,-0.361
Palestine,1970,0.932
Palestine,1971,2.228
Palestine,1972,3.092
Palestine,1973,3.245
Palestine,1974,3.122
Palestine,1975,2.942
Palestine,1976,2.774
Palestine,1977,2.67
Palestine,1978,2.695
Palestine,1979,2.787
Palestine,1980,2.866
Palestine,1981,2.988
Palestine,1982,3.292
Palestine,1983,3.966
Palestine,1984,4.469
Palestine,1985,2.169
Palestine,1986,2.809
Palestine,1987,6.644
Palestine,1988,3.867
Palestine,1989,3.9
Palestine,1990,4.057
Palestine,1991,4.174
Palestine,1992,4.236
Palestine,1993,4.218
Palestine,1994,4.188
Palestine,1995,4.13
Palestine,1996,4.066
Palestine,1997,3.982
Palestine,1998,3.132
Palestine,1999,3.074
Palestine,2000,3.082
Palestine,2001,2.586
Palestine,2002,2.297
Palestine,2003,2.21
Palestine,2004,2.276
Palestine,2005,2.399
Palestine,2006,2.471
Palestine,2007,2.493
Palestine,2008,2.391
Palestine,2009,2.368
Palestine,2010,2.452
Palestine,2011,2.417
Palestine,2012,2.356
Palestine,2013,2.331
Palestine,2014,2.28
Palestine,2015,2.449
Palestine,2016,2.41
Palestine,2017,2.285
Palestine,2018,2.213
Palestine,2019,2.159
Palestine,2020,2.305
Palestine,2021,2.207
Palestine,2022,2.364
Palestine,2023,1.524
Palestine,2024,1.638
Palestine,2025,1.759
Palestine,2026,1.897
Palestine,2027,1.837
Palestine,2028,1.802
Palestine,2029,1.792
Palestine,2030,1.788
Palestine,2031,1.783
Palestine,2032,1.767
Palestine,2033,1.799
Palestine,2034,1.773
Palestine,2035,1.784
Palestine,2036,1.725
Palestine,2037,1.715
Palestine,2038,1.681
Palestine,2039,1.722
Palestine,2040,1.677
Palestine,2041,1.651
Palestine,2042,1.616
Palestine,2043,1.566
Palestine,2044,1.53
Palestine,2045,1.495
Palestine,2046,1.419
Palestine,2047,1.376
Palestine,2048,1.325
Palestine,2049,1.303
Palestine,2050,1.288
Palestine,2051,1.236
Palestine,2052,1.2
Palestine,2053,1.152
Palestine,2054,1.087
Palestine,2055,1.057
Palestine,2056,1.07
Palestine,2057,1.046
Palestine,2058,0.99
Palestine,2059,0.996
Palestine,2060,1.007
Palestine,2061,0.987
Palestine,2062,0.916
Palestine,2063,0.921
Palestine,2064,0.892
Palestine,2065,0.868
Palestine,2066,0.811
Palestine,2067,0.837
Palestine,2068,0.767
Palestine,2069,0.769
Palestine,2070,0.751
Palestine,2071,0.746
Palestine,2072,0.672
Palestine,2073,0.64
Palestine,2074,0.616
Palestine,2075,0.622
Palestine,2076,0.583
Palestine,2077,0.541
Palestine,2078,0.499
Palestine,2079,0.454
Palestine,2080,0.473
Palestine,2081,0.47
Palestine,2082,0.41
Palestine,2083,0.366
Palestine,2084,0.354
Palestine,2085,0.317
Palestine,2086,0.304
Palestine,2087,0.27
Palestine,2088,0.282
Palestine,2089,0.237
Palestine,2090,0.241
Palestine,2091,0.23
Palestine,2092,0.217
Palestine,2093,0.205
Palestine,2094,0.17
Palestine,2095,0.179
Palestine,2096,0.147
Palestine,2097,0.153
Palestine,2098,0.12
Palestine,2099,0.09
Palestine,2100,0.062
Panama,1950,2.381
Panama,1951,2.472
Panama,1952,2.554
Panama,1953,2.628
Panama,1954,2.664
Panama,1955,2.693
Panama,1956,2.73
Panama,1957,2.768
Panama,1958,2.812
Panama,1959,2.87
Panama,1960,2.933
Panama,1961,2.993
Panama,1962,3.025
Panama,1963,3.043
Panama,1964,3.023
Panama,1965,2.991
Panama,1966,2.963
Panama,1967,2.919
Panama,1968,2.876
Panama,1969,2.84
Panama,1970,2.816
Panama,1971,2.791
Panama,1972,2.742
Panama,1973,2.681
Panama,1974,2.631
Panama,1975,2.57
Panama,1976,2.508
Panama,1977,2.451
Panama,1978,2.406
Panama,1979,2.385
Panama,1980,2.369
Panama,1981,2.364
Panama,1982,2.354
Panama,1983,2.349
Panama,1984,2.325
Panama,1985,2.284
Panama,1986,2.245
Panama,1987,2.204
Panama,1988,2.168
Panama,1989,2.119
Panama,1990,2.142
Panama,1991,2.104
Panama,1992,2.084
Panama,1993,2.071
Panama,1994,2.051
Panama,1995,2.029
Panama,1996,2.016
Panama,1997,2.005
Panama,1998,1.989
Panama,1999,1.974
Panama,2000,1.954
Panama,2001,1.939
Panama,2002,1.921
Panama,2003,1.907
Panama,2004,1.903
Panama,2005,1.867
Panama,2006,1.841
Panama,2007,1.827
Panama,2008,1.815
Panama,2009,1.794
Panama,2010,1.774
Panama,2011,1.775
Panama,2012,1.754
Panama,2013,1.731
Panama,2014,1.73
Panama,2015,1.731
Panama,2016,1.726
Panama,2017,1.7
Panama,2018,1.647
Panama,2019,1.536
Panama,2020,1.213
Panama,2021,1.202
Panama,2022,1.33
Panama,2023,1.289
Panama,2024,1.244
Panama,2025,1.204
Panama,2026,1.168
Panama,2027,1.133
Panama,2028,1.101
Panama,2029,1.066
Panama,2030,1.034
Panama,2031,1.005
Panama,2032,0.979
Panama,2033,0.947
Panama,2034,0.919
Panama,2035,0.893
Panama,2036,0.868
Panama,2037,0.843
Panama,2038,0.815
Panama,2039,0.786
Panama,2040,0.759
Panama,2041,0.733
Panama,2042,0.707
Panama,2043,0.682
Panama,2044,0.655
Panama,2045,0.628
Panama,2046,0.605
Panama,2047,0.58
Panama,2048,0.555
Panama,2049,0.528
Panama,2050,0.505
Panama,2051,0.48
Panama,2052,0.454
Panama,2053,0.432
Panama,2054,0.408
Panama,2055,0.388
Panama,2056,0.367
Panama,2057,0.349
Panama,2058,0.331
Panama,2059,0.31
Panama,2060,0.294
Panama,2061,0.277
Panama,2062,0.261
Panama,2063,0.244
Panama,2064,0.23
Panama,2065,0.215
Panama,2066,0.202
Panama,2067,0.187
Panama,2068,0.175
Panama,2069,0.161
Panama,2070,0.146
Panama,2071,0.133
Panama,2072,0.12
Panama,2073,0.104
Panama,2074,0.091
Panama,2075,0.074
Panama,2076,0.06
Panama,2077,0.047
Panama,2078,0.034
Panama,2079,0.019
Panama,2080,0.005
Panama,2081,-0.008
Panama,2082,-0.022
Panama,2083,-0.035
Panama,2084,-0.046
Panama,2085,-0.059
Panama,2086,-0.068
Panama,2087,-0.078
Panama,2088,-0.088
Panama,2089,-0.101
Panama,2090,-0.108
Panama,2091,-0.118
Panama,2092,-0.126
Panama,2093,-0.137
Panama,2094,-0.145
Panama,2095,-0.156
Panama,2096,-0.163
Panama,2097,-0.17
Panama,2098,-0.18
Panama,2099,-0.188
Panama,2100,-0.197
Papua New Guinea,1950,2.134
Papua New Guinea,1951,1.908
Papua New Guinea,1952,2.434
Papua New Guinea,1953,2.557
Papua New Guinea,1954,2.619
Papua New Guinea,1955,2.707
Papua New Guinea,1956,2.762
Papua New Guinea,1957,2.763
Papua New Guinea,1958,2.761
Papua New Guinea,1959,2.726
Papua New Guinea,1960,2.721
Papua New Guinea,1961,2.333
Papua New Guinea,1962,2.285
Papua New Guinea,1963,2.198
Papua New Guinea,1964,2.14
Papua New Guinea,1965,2.154
Papua New Guinea,1966,2.264
Papua New Guinea,1967,2.215
Papua New Guinea,1968,2.291
Papua New Guinea,1969,2.349
Papua New Guinea,1970,2.392
Papua New Guinea,1971,2.403
Papua New Guinea,1972,2.373
Papua New Guinea,1973,2.306
Papua New Guinea,1974,2.254
Papua New Guinea,1975,2.211
Papua New Guinea,1976,2.182
Papua New Guinea,1977,2.151
Papua New Guinea,1978,2.116
Papua New Guinea,1979,2.077
Papua New Guinea,1980,2.064
Papua New Guinea,1981,2.077
Papua New Guinea,1982,2.088
Papua New Guinea,1983,2.116
Papua New Guinea,1984,2.132
Papua New Guinea,1985,2.152
Papua New Guinea,1986,2.162
Papua New Guinea,1987,2.165
Papua New Guinea,1988,2.156
Papua New Guinea,1989,2.328
Papua New Guinea,1990,2.886
Papua New Guinea,1991,3.439
Papua New Guinea,1992,3.635
Papua New Guinea,1993,3.632
Papua New Guinea,1994,3.611
Papua New Guinea,1995,3.583
Papua New Guinea,1996,3.57
Papua New Guinea,1997,3.554
Papua New Guinea,1998,3.48
Papua New Guinea,1999,3.48
Papua New Guinea,2000,3.42
Papua New Guinea,2001,3.376
Papua New Guinea,2002,3.338
Papua New Guinea,2003,3.303
Papua New Guinea,2004,3.253
Papua New Guinea,2005,3.212
Papua New Guinea,2006,3.168
Papua New Guinea,2007,3.124
Papua New Guinea,2008,3.088
Papua New Guinea,2009,3.039
Papua New Guinea,2010,3.001
Papua New Guinea,2011,2.832
Papua New Guinea,2012,2.742
Papua New Guinea,2013,2.663
Papua New Guinea,2014,2.586
Papua New Guinea,2015,2.507
Papua New Guinea,2016,2.43
Papua New Guinea,2017,2.356
Papua New Guinea,2018,2.292
Papua New Guinea,2019,2.223
Papua New Guinea,2020,2.036
Papua New Guinea,2021,1.942
Papua New Guinea,2022,1.824
Papua New Guinea,2023,1.798
Papua New Guinea,2024,1.767
Papua New Guinea,2025,1.726
Papua New Guinea,2026,1.684
Papua New Guinea,2027,1.64
Papua New Guinea,2028,1.597
Papua New Guinea,2029,1.559
Papua New Guinea,2030,1.526
Papua New Guinea,2031,1.481
Papua New Guinea,2032,1.45
Papua New Guinea,2033,1.416
Papua New Guinea,2034,1.395
Papua New Guinea,2035,1.357
Papua New Guinea,2036,1.337
Papua New Guinea,2037,1.305
Papua New Guinea,2038,1.277
Papua New Guinea,2039,1.245
Papua New Guinea,2040,1.215
Papua New Guinea,2041,1.181
Papua New Guinea,2042,1.151
Papua New Guinea,2043,1.132
Papua New Guinea,2044,1.115
Papua New Guinea,2045,1.095
Papua New Guinea,2046,1.058
Papua New Guinea,2047,1.031
Papua New Guinea,2048,1.006
Papua New Guinea,2049,0.985
Papua New Guinea,2050,0.943
Papua New Guinea,2051,0.924
Papua New Guinea,2052,0.904
Papua New Guinea,2053,0.866
Papua New Guinea,2054,0.856
Papua New Guinea,2055,0.814
Papua New Guinea,2056,0.79
Papua New Guinea,2057,0.77
Papua New Guinea,2058,0.745
Papua New Guinea,2059,0.727
Papua New Guinea,2060,0.713
Papua New Guinea,2061,0.671
Papua New Guinea,2062,0.647
Papua New Guinea,2063,0.627
Papua New Guinea,2064,0.622
Papua New Guinea,2065,0.608
Papua New Guinea,2066,0.587
Papua New Guinea,2067,0.569
Papua New Guinea,2068,0.544
Papua New Guinea,2069,0.519
Papua New Guinea,2070,0.499
Papua New Guinea,2071,0.488
Papua New Guinea,2072,0.465
Papua New Guinea,2073,0.437
Papua New Guinea,2074,0.421
Papua New Guinea,2075,0.408
Papua New Guinea,2076,0.387
Papua New Guinea,2077,0.38
Papua New Guinea,2078,0.374
Papua New Guinea,2079,0.351
Papua New Guinea,2080,0.361
Papua New Guinea,2081,0.325
Papua New Guinea,2082,0.305
Papua New Guinea,2083,0.305
Papua New Guinea,2084,0.28
Papua New Guinea,2085,0.275
Papua New Guinea,2086,0.263
Papua New Guinea,2087,0.241
Papua New Guinea,2088,0.225
Papua New Guinea,2089,0.211
Papua New Guinea,2090,0.218
Papua New Guinea,2091,0.192
Papua New Guinea,2092,0.174
Papua New Guinea,2093,0.155
Papua New Guinea,2094,0.144
Papua New Guinea,2095,0.125
Papua New Guinea,2096,0.113
Papua New Guinea,2097,0.093
Papua New Guinea,2098,0.073
Papua New Guinea,2099,0.064
Papua New Guinea,2100,0.048
Paraguay,1950,2.196
Paraguay,1951,2.221
Paraguay,1952,2.236
Paraguay,1953,2.252
Paraguay,1954,2.251
Paraguay,1955,2.241
Paraguay,1956,2.241
Paraguay,1957,2.251
Paraguay,1958,2.263
Paraguay,1959,2.276
Paraguay,1960,2.293
Paraguay,1961,2.312
Paraguay,1962,2.377
Paraguay,1963,2.505
Paraguay,1964,2.497
Paraguay,1965,2.463
Paraguay,1966,2.41
Paraguay,1967,2.348
Paraguay,1968,2.298
Paraguay,1969,2.259
Paraguay,1970,2.233
Paraguay,1971,2.281
Paraguay,1972,2.36
Paraguay,1973,2.478
Paraguay,1974,2.498
Paraguay,1975,2.47
Paraguay,1976,2.461
Paraguay,1977,2.482
Paraguay,1978,2.505
Paraguay,1979,2.582
Paraguay,1980,2.678
Paraguay,1981,2.772
Paraguay,1982,2.796
Paraguay,1983,2.82
Paraguay,1984,2.818
Paraguay,1985,2.829
Paraguay,1986,2.833
Paraguay,1987,2.814
Paraguay,1988,2.795
Paraguay,1989,2.743
Paraguay,1990,2.68
Paraguay,1991,2.632
Paraguay,1992,2.572
Paraguay,1993,2.494
Paraguay,1994,2.43
Paraguay,1995,2.361
Paraguay,1996,2.29
Paraguay,1997,2.219
Paraguay,1998,2.14
Paraguay,1999,2.026
Paraguay,2000,1.845
Paraguay,2001,1.533
Paraguay,2002,1.287
Paraguay,2003,1.173
Paraguay,2004,1.132
Paraguay,2005,1.08
Paraguay,2006,1.004
Paraguay,2007,0.958
Paraguay,2008,0.982
Paraguay,2009,1.061
Paraguay,2010,1.277
Paraguay,2011,1.376
Paraguay,2012,1.437
Paraguay,2013,1.44
Paraguay,2014,1.46
Paraguay,2015,1.461
Paraguay,2016,1.441
Paraguay,2017,1.404
Paraguay,2018,1.376
Paraguay,2019,1.334
Paraguay,2020,1.37
Paraguay,2021,1.054
Paraguay,2022,1.215
Paraguay,2023,1.245
Paraguay,2024,1.223
Paraguay,2025,1.185
Paraguay,2026,1.146
Paraguay,2027,1.107
Paraguay,2028,1.079
Paraguay,2029,1.044
Paraguay,2030,1.011
Paraguay,2031,0.978
Paraguay,2032,0.953
Paraguay,2033,0.924
Paraguay,2034,0.895
Paraguay,2035,0.875
Paraguay,2036,0.853
Paraguay,2037,0.828
Paraguay,2038,0.809
Paraguay,2039,0.783
Paraguay,2040,0.758
Paraguay,2041,0.74
Paraguay,2042,0.725
Paraguay,2043,0.7
Paraguay,2044,0.682
Paraguay,2045,0.664
Paraguay,2046,0.65
Paraguay,2047,0.619
Paraguay,2048,0.599
Paraguay,2049,0.577
Paraguay,2050,0.555
Paraguay,2051,0.538
Paraguay,2052,0.518
Paraguay,2053,0.494
Paraguay,2054,0.475
Paraguay,2055,0.452
Paraguay,2056,0.432
Paraguay,2057,0.41
Paraguay,2058,0.391
Paraguay,2059,0.356
Paraguay,2060,0.331
Paraguay,2061,0.312
Paraguay,2062,0.297
Paraguay,2063,0.272
Paraguay,2064,0.245
Paraguay,2065,0.219
Paraguay,2066,0.202
Paraguay,2067,0.175
Paraguay,2068,0.159
Paraguay,2069,0.144
Paraguay,2070,0.126
Paraguay,2071,0.105
Paraguay,2072,0.091
Paraguay,2073,0.072
Paraguay,2074,0.054
Paraguay,2075,0.039
Paraguay,2076,0.021
Paraguay,2077,0.009
Paraguay,2078,-0.002
Paraguay,2079,-0.017
Paraguay,2080,-0.028
Paraguay,2081,-0.045
Paraguay,2082,-0.051
Paraguay,2083,-0.06
Paraguay,2084,-0.066
Paraguay,2085,-0.083
Paraguay,2086,-0.094
Paraguay,2087,-0.096
Paraguay,2088,-0.105
Paraguay,2089,-0.124
Paraguay,2090,-0.128
Paraguay,2091,-0.139
Paraguay,2092,-0.145
Paraguay,2093,-0.155
Paraguay,2094,-0.165
Paraguay,2095,-0.173
Paraguay,2096,-0.186
Paraguay,2097,-0.198
Paraguay,2098,-0.207
Paraguay,2099,-0.224
Paraguay,2100,-0.237
Peru,1950,2.767
Peru,1951,2.787
Peru,1952,2.786
Peru,1953,2.76
Peru,1954,2.78
Peru,1955,2.799
Peru,1956,2.822
Peru,1957,2.837
Peru,1958,2.861
Peru,1959,2.886
Peru,1960,2.906
Peru,1961,2.924
Peru,1962,2.899
Peru,1963,2.903
Peru,1964,2.883
Peru,1965,2.864
Peru,1966,2.84
Peru,1967,2.823
Peru,1968,2.804
Peru,1969,2.784
Peru,1970,2.24
Peru,1971,2.683
Peru,1972,2.624
Peru,1973,2.555
Peru,1974,2.506
Peru,1975,2.478
Peru,1976,2.454
Peru,1977,2.485
Peru,1978,2.496
Peru,1979,2.492
Peru,1980,2.498
Peru,1981,2.484
Peru,1982,2.485
Peru,1983,2.489
Peru,1984,2.462
Peru,1985,2.418
Peru,1986,2.301
Peru,1987,2.272
Peru,1988,2.267
Peru,1989,2.223
Peru,1990,2.207
Peru,1991,2.011
Peru,1992,2.061
Peru,1993,1.973
Peru,1994,1.983
Peru,1995,1.895
Peru,1996,1.867
Peru,1997,1.831
Peru,1998,1.807
Peru,1999,1.649
Peru,2000,1.473
Peru,2001,1.263
Peru,2002,1.123
Peru,2003,1.008
Peru,2004,0.953
Peru,2005,0.828
Peru,2006,0.756
Peru,2007,0.695
Peru,2008,0.621
Peru,2009,0.613
Peru,2010,0.692
Peru,2011,0.802
Peru,2012,0.872
Peru,2013,0.931
Peru,2014,1.057
Peru,2015,1.199
Peru,2016,1.466
Peru,2017,1.48
Peru,2018,2.139
Peru,2019,1.298
Peru,2020,1.088
Peru,2021,0.836
Peru,2022,1.081
Peru,2023,1.118
Peru,2024,1.069
Peru,2025,1.017
Peru,2026,0.971
Peru,2027,0.93
Peru,2028,0.892
Peru,2029,0.857
Peru,2030,0.826
Peru,2031,0.795
Peru,2032,0.769
Peru,2033,0.745
Peru,2034,0.72
Peru,2035,0.693
Peru,2036,0.668
Peru,2037,0.642
Peru,2038,0.617
Peru,2039,0.593
Peru,2040,0.569
Peru,2041,0.546
Peru,2042,0.522
Peru,2043,0.497
Peru,2044,0.476
Peru,2045,0.45
Peru,2046,0.427
Peru,2047,0.403
Peru,2048,0.378
Peru,2049,0.357
Peru,2050,0.337
Peru,2051,0.315
Peru,2052,0.294
Peru,2053,0.275
Peru,2054,0.253
Peru,2055,0.233
Peru,2056,0.21
Peru,2057,0.19
Peru,2058,0.168
Peru,2059,0.147
Peru,2060,0.127
Peru,2061,0.107
Peru,2062,0.086
Peru,2063,0.066
Peru,2064,0.045
Peru,2065,0.026
Peru,2066,0.006
Peru,2067,-0.013
Peru,2068,-0.033
Peru,2069,-0.053
Peru,2070,-0.073
Peru,2071,-0.09
Peru,2072,-0.109
Peru,2073,-0.126
Peru,2074,-0.146
Peru,2075,-0.163
Peru,2076,-0.18
Peru,2077,-0.196
Peru,2078,-0.212
Peru,2079,-0.227
Peru,2080,-0.244
Peru,2081,-0.258
Peru,2082,-0.273
Peru,2083,-0.284
Peru,2084,-0.299
Peru,2085,-0.311
Peru,2086,-0.323
Peru,2087,-0.335
Peru,2088,-0.346
Peru,2089,-0.353
Peru,2090,-0.363
Peru,2091,-0.372
Peru,2092,-0.381
Peru,2093,-0.392
Peru,2094,-0.396
Peru,2095,-0.406
Peru,2096,-0.413
Peru,2097,-0.42
Peru,2098,-0.426
Peru,2099,-0.434
Peru,2100,-0.438
Philippines,1950,3.703
Philippines,1951,3.778
Philippines,1952,3.848
Philippines,1953,3.906
Philippines,1954,3.979
Philippines,1955,4.028
Philippines,1956,4.068
Philippines,1957,4.075
Philippines,1958,4.034
Philippines,1959,4.044
Philippines,1960,3.158
Philippines,1961,3.198
Philippines,1962,3.166
Philippines,1963,3.134
Philippines,1964,3.082
Philippines,1965,3.033
Philippines,1966,2.958
Philippines,1967,2.929
Philippines,1968,2.863
Philippines,1969,2.795
Philippines,1970,2.387
Philippines,1971,2.323
Philippines,1972,2.246
Philippines,1973,2.199
Philippines,1974,2.123
Philippines,1975,2.419
Philippines,1976,2.645
Philippines,1977,2.683
Philippines,1978,2.686
Philippines,1979,2.648
Philippines,1980,2.568
Philippines,1981,2.641
Philippines,1982,2.892
Philippines,1983,2.935
Philippines,1984,2.85
Philippines,1985,2.613
Philippines,1986,2.51
Philippines,1987,2.757
Philippines,1988,2.611
Philippines,1989,2.436
Philippines,1990,2.683
Philippines,1991,2.126
Philippines,1992,2.607
Philippines,1993,2.207
Philippines,1994,2.155
Philippines,1995,2.221
Philippines,1996,2.385
Philippines,1997,2.322
Philippines,1998,2.703
Philippines,1999,2.413
Philippines,2000,2.347
Philippines,2001,2.068
Philippines,2002,1.988
Philippines,2003,1.977
Philippines,2004,1.911
Philippines,2005,1.809
Philippines,2006,1.557
Philippines,2007,1.909
Philippines,2008,1.628
Philippines,2009,1.972
Philippines,2010,2.122
Philippines,2011,1.81
Philippines,2012,2.072
Philippines,2013,1.691
Philippines,2014,1.595
Philippines,2015,1.364
Philippines,2016,1.32
Philippines,2017,1.257
Philippines,2018,1.217
Philippines,2019,1.215
Philippines,2020,1.077
Philippines,2021,0.736
Philippines,2022,0.784
Philippines,2023,0.835
Philippines,2024,0.816
Philippines,2025,0.806
Philippines,2026,0.793
Philippines,2027,0.784
Philippines,2028,0.773
Philippines,2029,0.756
Philippines,2030,0.743
Philippines,2031,0.722
Philippines,2032,0.71
Philippines,2033,0.696
Philippines,2034,0.678
Philippines,2035,0.657
Philippines,2036,0.638
Philippines,2037,0.613
Philippines,2038,0.586
Philippines,2039,0.553
Philippines,2040,0.526
Philippines,2041,0.495
Philippines,2042,0.466
Philippines,2043,0.435
Philippines,2044,0.404
Philippines,2045,0.371
Philippines,2046,0.337
Philippines,2047,0.299
Philippines,2048,0.262
Philippines,2049,0.231
Philippines,2050,0.193
Philippines,2051,0.162
Philippines,2052,0.123
Philippines,2053,0.096
Philippines,2054,0.07
Philippines,2055,0.041
Philippines,2056,0.012
Philippines,2057,-0.004
Philippines,2058,-0.024
Philippines,2059,-0.049
Philippines,2060,-0.067
Philippines,2061,-0.085
Philippines,2062,-0.103
Philippines,2063,-0.116
Philippines,2064,-0.132
Philippines,2065,-0.152
Philippines,2066,-0.161
Philippines,2067,-0.182
Philippines,2068,-0.196
Philippines,2069,-0.215
Philippines,2070,-0.235
Philippines,2071,-0.251
Philippines,2072,-0.275
Philippines,2073,-0.295
Philippines,2074,-0.319
Philippines,2075,-0.337
Philippines,2076,-0.361
Philippines,2077,-0.391
Philippines,2078,-0.409
Philippines,2079,-0.427
Philippines,2080,-0.453
Philippines,2081,-0.47
Philippines,2082,-0.492
Philippines,2083,-0.509
Philippines,2084,-0.531
Philippines,2085,-0.552
Philippines,2086,-0.566
Philippines,2087,-0.579
Philippines,2088,-0.59
Philippines,2089,-0.601
Philippines,2090,-0.611
Philippines,2091,-0.623
Philippines,2092,-0.629
Philippines,2093,-0.634
Philippines,2094,-0.637
Philippines,2095,-0.647
Philippines,2096,-0.651
Philippines,2097,-0.65
Philippines,2098,-0.652
Philippines,2099,-0.655
Philippines,2100,-0.655
Poland,1950,1.748
Poland,1951,1.792
Poland,1952,1.744
Poland,1953,1.762
Poland,1954,1.759
Poland,1955,1.769
Poland,1956,1.689
Poland,1957,2.197
Poland,1958,1.807
Poland,1959,1.58
Poland,1960,1.443
Poland,1961,1.27
Poland,1962,1.108
Poland,1963,1.095
Poland,1964,0.976
Poland,1965,0.92
Poland,1966,0.861
Poland,1967,0.782
Poland,1968,0.782
Poland,1969,0.736
Poland,1970,0.62
Poland,1971,0.78
Poland,1972,0.865
Poland,1973,0.89
Poland,1974,0.956
Poland,1975,0.949
Poland,1976,0.998
Poland,1977,0.929
Poland,1978,0.829
Poland,1979,0.961
Poland,1980,0.893
Poland,1981,0.922
Poland,1982,0.922
Poland,1983,0.948
Poland,1984,0.861
Poland,1985,0.732
Poland,1986,0.617
Poland,1987,0.518
Poland,1988,0.289
Poland,1989,0.346
Poland,1990,0.272
Poland,1991,0.24
Poland,1992,0.183
Poland,1993,0.137
Poland,1994,0.121
Poland,1995,-0.014
Poland,1996,-0.014
Poland,1997,-0.042
Poland,1998,-0.072
Poland,1999,-0.13
Poland,2000,-0.024
Poland,2001,-0.032
Poland,2002,-0.062
Poland,2003,-0.073
Poland,2004,-0.115
Poland,2005,-0.111
Poland,2006,-0.168
Poland,2007,-0.099
Poland,2008,-0.03
Poland,2009,0.063
Poland,2010,0.426
Poland,2011,0.168
Poland,2012,0.037
Poland,2013,0.022
Poland,2014,0.008
Poland,2015,-0.002
Poland,2016,-0.014
Poland,2017,-0.029
Poland,2018,-0.043
Poland,2019,-0.036
Poland,2020,-0.251
Poland,2021,-0.435
Poland,2022,2.231
Poland,2023,-0.264
Poland,2024,-0.895
Poland,2025,-1.184
Poland,2026,-0.38
Poland,2027,-0.404
Poland,2028,-0.429
Poland,2029,-0.457
Poland,2030,-0.475
Poland,2031,-0.498
Poland,2032,-0.514
Poland,2033,-0.528
Poland,2034,-0.544
Poland,2035,-0.557
Poland,2036,-0.577
Poland,2037,-0.588
Poland,2038,-0.603
Poland,2039,-0.618
Poland,2040,-0.632
Poland,2041,-0.641
Poland,2042,-0.66
Poland,2043,-0.672
Poland,2044,-0.682
Poland,2045,-0.697
Poland,2046,-0.708
Poland,2047,-0.721
Poland,2048,-0.733
Poland,2049,-0.749
Poland,2050,-0.764
Poland,2051,-0.782
Poland,2052,-0.792
Poland,2053,-0.814
Poland,2054,-0.83
Poland,2055,-0.849
Poland,2056,-0.869
Poland,2057,-0.885
Poland,2058,-0.902
Poland,2059,-0.928
Poland,2060,-0.944
Poland,2061,-0.97
Poland,2062,-0.991
Poland,2063,-1.019
Poland,2064,-1.043
Poland,2065,-1.065
Poland,2066,-1.089
Poland,2067,-1.111
Poland,2068,-1.13
Poland,2069,-1.147
Poland,2070,-1.161
Poland,2071,-1.178
Poland,2072,-1.191
Poland,2073,-1.204
Poland,2074,-1.208
Poland,2075,-1.21
Poland,2076,-1.211
Poland,2077,-1.216
Poland,2078,-1.203
Poland,2079,-1.205
Poland,2080,-1.196
Poland,2081,-1.19
Poland,2082,-1.18
Poland,2083,-1.168
Poland,2084,-1.151
Poland,2085,-1.137
Poland,2086,-1.124
Poland,2087,-1.112
Poland,2088,-1.099
Poland,2089,-1.082
Poland,2090,-1.072
Poland,2091,-1.061
Poland,2092,-1.051
Poland,2093,-1.044
Poland,2094,-1.039
Poland,2095,-1.031
Poland,2096,-1.035
Poland,2097,-1.031
Poland,2098,-1.034
Poland,2099,-1.037
Poland,2100,-1.041
Portugal,1950,0.773
Portugal,1951,0.538
Portugal,1952,0.62
Portugal,1953,0.534
Portugal,1954,0.495
Portugal,1955,0.568
Portugal,1956,0.381
Portugal,1957,0.518
Portugal,1958,0.61
Portugal,1959,0.47
Portugal,1960,0.272
Portugal,1961,0.069
Portugal,1962,0.097
Portugal,1963,-0.04
Portugal,1964,-0.017
Portugal,1965,-0.121
Portugal,1966,-0.265
Portugal,1967,-0.337
Portugal,1968,-0.482
Portugal,1969,-0.782
Portugal,1970,-1.165
Portugal,1971,1.533
Portugal,1972,1.44
Portugal,1973,1.346
Portugal,1974,1.319
Portugal,1975,1.38
Portugal,1976,1.387
Portugal,1977,1.342
Portugal,1978,1.149
Portugal,1979,1.076
Portugal,1980,0.99
Portugal,1981,0.521
Portugal,1982,0.457
Portugal,1983,0.339
Portugal,1984,0.298
Portugal,1985,0.155
Portugal,1986,0.118
Portugal,1987,0.06
Portugal,1988,-0.008
Portugal,1989,-0.056
Portugal,1990,-0.181
Portugal,1991,-0.226
Portugal,1992,0.049
Portugal,1993,0.192
Portugal,1994,0.332
Portugal,1995,0.332
Portugal,1996,0.382
Portugal,1997,0.468
Portugal,1998,0.498
Portugal,1999,0.588
Portugal,2000,0.745
Portugal,2001,0.634
Portugal,2002,0.497
Portugal,2003,0.293
Portugal,2004,0.226
Portugal,2005,0.186
Portugal,2006,0.215
Portugal,2007,0.216
Portugal,2008,0.111
Portugal,2009,0.119
Portugal,2010,-0.074
Portugal,2011,-0.335
Portugal,2012,-0.498
Portugal,2013,-0.548
Portugal,2014,-0.451
Portugal,2015,-0.241
Portugal,2016,-0.221
Portugal,2017,-0.08
Portugal,2018,-0.027
Portugal,2019,0.372
Portugal,2020,0.156
Portugal,2021,0.238
Portugal,2022,0.264
Portugal,2023,-0.002
Portugal,2024,-0.103
Portugal,2025,-0.156
Portugal,2026,-0.161
Portugal,2027,-0.174
Portugal,2028,-0.206
Portugal,2029,-0.197
Portugal,2030,-0.182
Portugal,2031,-0.197
Portugal,2032,-0.219
Portugal,2033,-0.217
Portugal,2034,-0.232
Portugal,2035,-0.227
Portugal,2036,-0.236
Portugal,2037,-0.233
Portugal,2038,-0.25
Portugal,2039,-0.269
Portugal,2040,-0.281
Portugal,2041,-0.26
Portugal,2042,-0.273
Portugal,2043,-0.301
Portugal,2044,-0.305
Portugal,2045,-0.316
Portugal,2046,-0.33
Portugal,2047,-0.335
Portugal,2048,-0.332
Portugal,2049,-0.369
Portugal,2050,-0.364
Portugal,2051,-0.363
Portugal,2052,-0.385
Portugal,2053,-0.397
Portugal,2054,-0.387
Portugal,2055,-0.406
Portugal,2056,-0.389
Portugal,2057,-0.387
Portugal,2058,-0.416
Portugal,2059,-0.396
Portugal,2060,-0.398
Portugal,2061,-0.38
Portugal,2062,-0.39
Portugal,2063,-0.387
Portugal,2064,-0.391
Portugal,2065,-0.362
Portugal,2066,-0.353
Portugal,2067,-0.343
Portugal,2068,-0.351
Portugal,2069,-0.325
Portugal,2070,-0.305
Portugal,2071,-0.291
Portugal,2072,-0.253
Portugal,2073,-0.263
Portugal,2074,-0.25
Portugal,2075,-0.214
Portugal,2076,-0.204
Portugal,2077,-0.164
Portugal,2078,-0.154
Portugal,2079,-0.139
Portugal,2080,-0.121
Portugal,2081,-0.114
Portugal,2082,-0.091
Portugal,2083,-0.07
Portugal,2084,-0.075
Portugal,2085,-0.06
Portugal,2086,-0.053
Portugal,2087,-0.069
Portugal,2088,-0.052
Portugal,2089,-0.052
Portugal,2090,-0.048
Portugal,2091,-0.045
Portugal,2092,-0.058
Portugal,2093,-0.054
Portugal,2094,-0.053
Portugal,2095,-0.086
Portugal,2096,-0.068
Portugal,2097,-0.06
Portugal,2098,-0.045
Portugal,2099,-0.059
Portugal,2100,-0.049
Puerto Rico,1950,0.87
Puerto Rico,1951,0.779
Puerto Rico,1952,0.651
Puerto Rico,1953,0.602
Puerto Rico,1954,0.557
Puerto Rico,1955,0.521
Puerto Rico,1956,0.466
Puerto Rico,1957,0.383
Puerto Rico,1958,0.344
Puerto Rico,1959,0.413
Puerto Rico,1960,1.439
Puerto Rico,1961,1.686
Puerto Rico,1962,1.624
Puerto Rico,1963,1.572
Puerto Rico,1964,1.505
Puerto Rico,1965,1.458
Puerto Rico,1966,1.431
Puerto Rico,1967,1.377
Puerto Rico,1968,1.287
Puerto Rico,1969,1.147
Puerto Rico,1970,1.501
Puerto Rico,1971,1.658
Puerto Rico,1972,1.655
Puerto Rico,1973,1.63
Puerto Rico,1974,1.623
Puerto Rico,1975,1.634
Puerto Rico,1976,1.633
Puerto Rico,1977,1.623
Puerto Rico,1978,1.596
Puerto Rico,1979,1.645
Puerto Rico,1980,1.407
Puerto Rico,1981,1.246
Puerto Rico,1982,1.158
Puerto Rico,1983,1.059
Puerto Rico,1984,1.004
Puerto Rico,1985,0.895
Puerto Rico,1986,0.831
Puerto Rico,1987,0.817
Puerto Rico,1988,0.793
Puerto Rico,1989,0.747
Puerto Rico,1990,0.899
Puerto Rico,1991,0.935
Puerto Rico,1992,0.888
Puerto Rico,1993,0.814
Puerto Rico,1994,0.768
Puerto Rico,1995,0.728
Puerto Rico,1996,0.694
Puerto Rico,1997,0.679
Puerto Rico,1998,0.65
Puerto Rico,1999,0.615
Puerto Rico,2000,0.196
Puerto Rico,2001,-0.03
Puerto Rico,2002,-0.09
Puerto Rico,2003,-0.155
Puerto Rico,2004,-0.234
Puerto Rico,2005,-0.306
Puerto Rico,2006,-0.339
Puerto Rico,2007,-0.358
Puerto Rico,2008,-0.386
Puerto Rico,2009,-0.369
Puerto Rico,2010,-0.716
Puerto Rico,2011,-0.968
Puerto Rico,2012,-1.067
Puerto Rico,2013,-1.12
Puerto Rico,2014,-1.19
Puerto Rico,2015,-1.269
Puerto Rico,2016,-1.35
Puerto Rico,2017,-4.786
Puerto Rico,2018,-0.069
Puerto Rico,2019,-0.056
Puerto Rico,2020,-0.691
Puerto Rico,2021,-0.694
Puerto Rico,2022,-0.059
Puerto Rico,2023,0.124
Puerto Rico,2024,-0.113
Puerto Rico,2025,-0.314
Puerto Rico,2026,-0.466
Puerto Rico,2027,-0.566
Puerto Rico,2028,-0.661
Puerto Rico,2029,-0.708
Puerto Rico,2030,-0.818
Puerto Rico,2031,-0.815
Puerto Rico,2032,-0.849
Puerto Rico,2033,-0.895
Puerto Rico,2034,-0.936
Puerto Rico,2035,-0.931
Puerto Rico,2036,-0.953
Puerto Rico,2037,-1.027
Puerto Rico,2038,-1.085
Puerto Rico,2039,-1.105
Puerto Rico,2040,-1.153
Puerto Rico,2041,-1.171
Puerto Rico,2042,-1.199
Puerto Rico,2043,-1.228
Puerto Rico,2044,-1.27
Puerto Rico,2045,-1.308
Puerto Rico,2046,-1.369
Puerto Rico,2047,-1.368
Puerto Rico,2048,-1.399
Puerto Rico,2049,-1.463
Puerto Rico,2050,-1.448
Puerto Rico,2051,-1.491
Puerto Rico,2052,-1.496
Puerto Rico,2053,-1.492
Puerto Rico,2054,-1.531
Puerto Rico,2055,-1.53
Puerto Rico,2056,-1.58
Puerto Rico,2057,-1.602
Puerto Rico,2058,-1.646
Puerto Rico,2059,-1.621
Puerto Rico,2060,-1.655
Puerto Rico,2061,-1.646
Puerto Rico,2062,-1.671
Puerto Rico,2063,-1.626
Puerto Rico,2064,-1.682
Puerto Rico,2065,-1.683
Puerto Rico,2066,-1.704
Puerto Rico,2067,-1.716
Puerto Rico,2068,-1.687
Puerto Rico,2069,-1.7
Puerto Rico,2070,-1.707
Puerto Rico,2071,-1.694
Puerto Rico,2072,-1.729
Puerto Rico,2073,-1.732
Puerto Rico,2074,-1.774
Puerto Rico,2075,-1.767
Puerto Rico,2076,-1.792
Puerto Rico,2077,-1.795
Puerto Rico,2078,-1.808
Puerto Rico,2079,-1.853
Puerto Rico,2080,-1.862
Puerto Rico,2081,-1.877
Puerto Rico,2082,-1.909
Puerto Rico,2083,-1.92
Puerto Rico,2084,-1.952
Puerto Rico,2085,-1.982
Puerto Rico,2086,-2.015
Puerto Rico,2087,-2.039
Puerto Rico,2088,-2.074
Puerto Rico,2089,-2.113
Puerto Rico,2090,-2.131
Puerto Rico,2091,-2.158
Puerto Rico,2092,-2.185
Puerto Rico,2093,-2.207
Puerto Rico,2094,-2.232
Puerto Rico,2095,-2.247
Puerto Rico,2096,-2.258
Puerto Rico,2097,-2.266
Puerto Rico,2098,-2.269
Puerto Rico,2099,-2.268
Puerto Rico,2100,-2.258
Qatar,1950,3.155
Qatar,1951,3.196
Qatar,1952,3.245
Qatar,1953,3.224
Qatar,1954,3.241
Qatar,1955,3.308
Qatar,1956,3.496
Qatar,1957,3.901
Qatar,1958,4.59
Qatar,1959,5.668
Qatar,1960,7.785
Qatar,1961,11.449
Qatar,1962,12.031
Qatar,1963,12.196
Qatar,1964,12.037
Qatar,1965,11.811
Qatar,1966,12.06
Qatar,1967,12.047
Qatar,1968,11.807
Qatar,1969,11.401
Qatar,1970,12.837
Qatar,1971,11.492
Qatar,1972,10.414
Qatar,1973,9.539
Qatar,1974,8.809
Qatar,1975,8.206
Qatar,1976,7.702
Qatar,1977,7.271
Qatar,1978,6.897
Qatar,1979,6.595
Qatar,1980,6.32
Qatar,1981,6.081
Qatar,1982,5.819
Qatar,1983,5.527
Qatar,1984,5.209
Qatar,1985,4.922
Qatar,1986,3.911
Qatar,1987,3.58
Qatar,1988,3.479
Qatar,1989,3.397
Qatar,1990,3.318
Qatar,1991,3.243
Qatar,1992,3.164
Qatar,1993,3.079
Qatar,1994,2.986
Qatar,1995,2.881
Qatar,1996,2.754
Qatar,1997,5.159
Qatar,1998,5.459
Qatar,1999,5.264
Qatar,2000,5.077
Qatar,2001,4.888
Qatar,2002,4.701
Qatar,2003,4.503
Qatar,2004,3.075
Qatar,2005,9.745
Qatar,2006,22.136
Qatar,2007,21.35
Qatar,2008,12.605
Qatar,2009,8.744
Qatar,2010,6.307
Qatar,2011,5.284
Qatar,2012,5.07
Qatar,2013,7.599
Qatar,2014,9.793
Qatar,2015,8.279
Qatar,2016,5.512
Qatar,2017,2.639
Qatar,2018,1.356
Qatar,2019,1.291
Qatar,2020,-0.9
Qatar,2021,1.721
Qatar,2022,3.683
Qatar,2023,2.24
Qatar,2024,2.36
Qatar,2025,2.022
Qatar,2026,1.65
Qatar,2027,1.315
Qatar,2028,1.198
Qatar,2029,1.086
Qatar,2030,0.997
Qatar,2031,1.014
Qatar,2032,1.03
Qatar,2033,1.048
Qatar,2034,1.063
Qatar,2035,1.076
Qatar,2036,1.091
Qatar,2037,1.105
Qatar,2038,1.117
Qatar,2039,1.127
Qatar,2040,1.136
Qatar,2041,1.142
Qatar,2042,1.148
Qatar,2043,1.152
Qatar,2044,1.155
Qatar,2045,1.156
Qatar,2046,1.156
Qatar,2047,1.156
Qatar,2048,1.155
Qatar,2049,1.152
Qatar,2050,1.152
Qatar,2051,1.15
Qatar,2052,1.15
Qatar,2053,1.154
Qatar,2054,1.15
Qatar,2055,1.155
Qatar,2056,1.147
Qatar,2057,1.152
Qatar,2058,1.149
Qatar,2059,1.149
Qatar,2060,1.149
Qatar,2061,1.149
Qatar,2062,1.15
Qatar,2063,1.162
Qatar,2064,1.16
Qatar,2065,1.155
Qatar,2066,1.153
Qatar,2067,1.15
Qatar,2068,1.148
Qatar,2069,1.146
Qatar,2070,1.146
Qatar,2071,1.142
Qatar,2072,1.141
Qatar,2073,1.138
Qatar,2074,1.138
Qatar,2075,1.134
Qatar,2076,1.129
Qatar,2077,1.126
Qatar,2078,1.124
Qatar,2079,1.119
Qatar,2080,1.112
Qatar,2081,1.116
Qatar,2082,1.113
Qatar,2083,1.105
Qatar,2084,1.1
Qatar,2085,1.099
Qatar,2086,1.094
Qatar,2087,1.091
Qatar,2088,1.088
Qatar,2089,1.082
Qatar,2090,1.076
Qatar,2091,1.071
Qatar,2092,1.064
Qatar,2093,1.057
Qatar,2094,1.052
Qatar,2095,1.045
Qatar,2096,1.037
Qatar,2097,1.028
Qatar,2098,1.018
Qatar,2099,1.008
Qatar,2100,0.999
Reunion,1950,3.763
Reunion,1951,3.567
Reunion,1952,3.786
Reunion,1953,3.615
Reunion,1954,4.014
Reunion,1955,3.655
Reunion,1956,3.638
Reunion,1957,3.694
Reunion,1958,3.505
Reunion,1959,3.524
Reunion,1960,3.557
Reunion,1961,3.293
Reunion,1962,2.94
Reunion,1963,2.954
Reunion,1964,2.948
Reunion,1965,2.648
Reunion,1966,2.548
Reunion,1967,2.319
Reunion,1968,2.204
Reunion,1969,2.051
Reunion,1970,1.837
Reunion,1971,1.761
Reunion,1972,1.739
Reunion,1973,1.7
Reunion,1974,1.656
Reunion,1975,1.686
Reunion,1976,1.663
Reunion,1977,1.627
Reunion,1978,1.572
Reunion,1979,1.49
Reunion,1980,1.339
Reunion,1981,1.476
Reunion,1982,1.588
Reunion,1983,1.751
Reunion,1984,1.824
Reunion,1985,1.782
Reunion,1986,1.677
Reunion,1987,1.642
Reunion,1988,1.603
Reunion,1989,1.611
Reunion,1990,1.814
Reunion,1991,1.795
Reunion,1992,1.775
Reunion,1993,1.65
Reunion,1994,1.598
Reunion,1995,1.549
Reunion,1996,1.523
Reunion,1997,1.574
Reunion,1998,1.502
Reunion,1999,1.183
Reunion,2000,1.197
Reunion,2001,1.173
Reunion,2002,1.162
Reunion,2003,1.194
Reunion,2004,0.432
Reunion,2005,0.376
Reunion,2006,1.228
Reunion,2007,1.734
Reunion,2008,1.123
Reunion,2009,0.791
Reunion,2010,0.636
Reunion,2011,-0.089
Reunion,2012,-0.319
Reunion,2013,0.917
Reunion,2014,1.675
Reunion,2015,-0.196
Reunion,2016,-0.302
Reunion,2017,-0.652
Reunion,2018,0.231
Reunion,2019,-0.141
Reunion,2020,1.096
Reunion,2021,0.44
Reunion,2022,0.356
Reunion,2023,0.41
Reunion,2024,0.436
Reunion,2025,0.431
Reunion,2026,0.45
Reunion,2027,0.431
Reunion,2028,0.408
Reunion,2029,0.386
Reunion,2030,0.361
Reunion,2031,0.388
Reunion,2032,0.362
Reunion,2033,0.336
Reunion,2034,0.317
Reunion,2035,0.315
Reunion,2036,0.321
Reunion,2037,0.277
Reunion,2038,0.278
Reunion,2039,0.232
Reunion,2040,0.239
Reunion,2041,0.22
Reunion,2042,0.221
Reunion,2043,0.203
Reunion,2044,0.183
Reunion,2045,0.12
Reunion,2046,0.097
Reunion,2047,0.089
Reunion,2048,0.033
Reunion,2049,0.01
Reunion,2050,-0.041
Reunion,2051,-0.072
Reunion,2052,-0.08
Reunion,2053,-0.12
Reunion,2054,-0.131
Reunion,2055,-0.16
Reunion,2056,-0.159
Reunion,2057,-0.208
Reunion,2058,-0.2
Reunion,2059,-0.2
Reunion,2060,-0.227
Reunion,2061,-0.206
Reunion,2062,-0.214
Reunion,2063,-0.21
Reunion,2064,-0.21
Reunion,2065,-0.213
Reunion,2066,-0.217
Reunion,2067,-0.205
Reunion,2068,-0.199
Reunion,2069,-0.167
Reunion,2070,-0.192
Reunion,2071,-0.175
Reunion,2072,-0.155
Reunion,2073,-0.156
Reunion,2074,-0.149
Reunion,2075,-0.132
Reunion,2076,-0.151
Reunion,2077,-0.127
Reunion,2078,-0.15
Reunion,2079,-0.163
Reunion,2080,-0.169
Reunion,2081,-0.165
Reunion,2082,-0.166
Reunion,2083,-0.158
Reunion,2084,-0.187
Reunion,2085,-0.183
Reunion,2086,-0.209
Reunion,2087,-0.199
Reunion,2088,-0.216
Reunion,2089,-0.235
Reunion,2090,-0.231
Reunion,2091,-0.241
Reunion,2092,-0.259
Reunion,2093,-0.286
Reunion,2094,-0.288
Reunion,2095,-0.298
Reunion,2096,-0.297
Reunion,2097,-0.323
Reunion,2098,-0.343
Reunion,2099,-0.348
Reunion,2100,-0.37
Romania,1950,1.407
Romania,1951,1.359
Romania,1952,1.276
Romania,1953,1.222
Romania,1954,1.213
Romania,1955,1.188
Romania,1956,1.271
Romania,1957,0.933
Romania,1958,0.836
Romania,1959,0.727
Romania,1960,0.652
Romania,1961,0.536
Romania,1962,0.43
Romania,1963,0.387
Romania,1964,0.343
Romania,1965,0.274
Romania,1966,0.4
Romania,1967,1.945
Romania,1968,1.836
Romania,1969,1.655
Romania,1970,1.467
Romania,1971,1.331
Romania,1972,1.236
Romania,1973,1.112
Romania,1974,1.137
Romania,1975,1.081
Romania,1976,1.067
Romania,1977,0.81
Romania,1978,0.732
Romania,1979,0.65
Romania,1980,0.574
Romania,1981,0.488
Romania,1982,0.422
Romania,1983,0.334
Romania,1984,0.331
Romania,1985,0.306
Romania,1986,0.303
Romania,1987,0.321
Romania,1988,0.293
Romania,1989,0.339
Romania,1990,0.114
Romania,1991,-0.045
Romania,1992,-0.261
Romania,1993,-0.353
Romania,1994,-0.402
Romania,1995,-0.466
Romania,1996,-0.559
Romania,1997,-0.601
Romania,1998,-0.532
Romania,1999,-0.537
Romania,2000,-0.548
Romania,2001,-0.602
Romania,2002,-0.771
Romania,2003,-0.858
Romania,2004,-0.912
Romania,2005,-0.87
Romania,2006,-0.812
Romania,2007,-0.763
Romania,2008,-0.699
Romania,2009,-0.675
Romania,2010,-0.733
Romania,2011,-0.746
Romania,2012,-0.475
Romania,2013,-0.475
Romania,2014,-0.472
Romania,2015,-0.503
Romania,2016,-0.444
Romania,2017,-0.444
Romania,2018,-0.488
Romania,2019,-0.497
Romania,2020,-0.625
Romania,2021,-0.87
Romania,2022,0.024
Romania,2023,-0.53
Romania,2024,-0.555
Romania,2025,-0.568
Romania,2026,-0.578
Romania,2027,-0.585
Romania,2028,-0.592
Romania,2029,-0.605
Romania,2030,-0.607
Romania,2031,-0.614
Romania,2032,-0.618
Romania,2033,-0.63
Romania,2034,-0.635
Romania,2035,-0.652
Romania,2036,-0.66
Romania,2037,-0.665
Romania,2038,-0.676
Romania,2039,-0.674
Romania,2040,-0.68
Romania,2041,-0.696
Romania,2042,-0.69
Romania,2043,-0.698
Romania,2044,-0.708
Romania,2045,-0.707
Romania,2046,-0.71
Romania,2047,-0.727
Romania,2048,-0.732
Romania,2049,-0.74
Romania,2050,-0.74
Romania,2051,-0.756
Romania,2052,-0.775
Romania,2053,-0.777
Romania,2054,-0.795
Romania,2055,-0.823
Romania,2056,-0.84
Romania,2057,-0.852
Romania,2058,-0.866
Romania,2059,-0.883
Romania,2060,-0.891
Romania,2061,-0.909
Romania,2062,-0.918
Romania,2063,-0.911
Romania,2064,-0.913
Romania,2065,-0.916
Romania,2066,-0.895
Romania,2067,-0.884
Romania,2068,-0.866
Romania,2069,-0.863
Romania,2070,-0.851
Romania,2071,-0.84
Romania,2072,-0.828
Romania,2073,-0.805
Romania,2074,-0.802
Romania,2075,-0.789
Romania,2076,-0.783
Romania,2077,-0.777
Romania,2078,-0.771
Romania,2079,-0.764
Romania,2080,-0.762
Romania,2081,-0.751
Romania,2082,-0.731
Romania,2083,-0.733
Romania,2084,-0.725
Romania,2085,-0.718
Romania,2086,-0.723
Romania,2087,-0.707
Romania,2088,-0.708
Romania,2089,-0.712
Romania,2090,-0.72
Romania,2091,-0.713
Romania,2092,-0.722
Romania,2093,-0.732
Romania,2094,-0.727
Romania,2095,-0.74
Romania,2096,-0.745
Romania,2097,-0.754
Romania,2098,-0.765
Romania,2099,-0.776
Romania,2100,-0.785
Russia,1950,1.404
Russia,1951,1.386
Russia,1952,1.421
Russia,1953,1.428
Russia,1954,1.538
Russia,1955,1.54
Russia,1956,1.58
Russia,1957,1.62
Russia,1958,1.594
Russia,1959,1.312
Russia,1960,1.441
Russia,1961,1.325
Russia,1962,1.14
Russia,1963,1.023
Russia,1964,0.866
Russia,1965,0.727
Russia,1966,0.689
Russia,1967,0.576
Russia,1968,0.546
Russia,1969,0.531
Russia,1970,0.4
Russia,1971,0.549
Russia,1972,0.577
Russia,1973,0.557
Russia,1974,0.623
Russia,1975,0.689
Russia,1976,0.715
Russia,1977,0.702
Russia,1978,0.673
Russia,1979,0.547
Russia,1980,0.547
Russia,1981,0.574
Russia,1982,0.708
Russia,1983,0.831
Russia,1984,0.767
Russia,1985,0.779
Russia,1986,0.938
Russia,1987,0.904
Russia,1988,0.756
Russia,1989,0.486
Russia,1990,0.453
Russia,1991,0.176
Russia,1992,-0.892
Russia,1993,-0.157
Russia,1994,0.245
Russia,1995,-0.123
Russia,1996,-0.156
Russia,1997,-0.156
Russia,1998,-0.14
Russia,1999,-0.394
Russia,2000,-0.319
Russia,2001,-0.502
Russia,2002,0.259
Russia,2003,-0.458
Russia,2004,-0.386
Russia,2005,-0.418
Russia,2006,-0.267
Russia,2007,-0.07
Russia,2008,0.004
Russia,2009,0.076
Russia,2010,0.015
Russia,2011,0.137
Russia,2012,0.206
Russia,2013,0.227
Russia,2014,0.217
Russia,2015,0.31
Russia,2016,0.338
Russia,2017,0.222
Russia,2018,0.111
Russia,2019,0.029
Russia,2020,-0.25
Russia,2021,-0.482
Russia,2022,0.131
Russia,2023,-0.323
Russia,2024,-0.532
Russia,2025,-0.608
Russia,2026,-0.23
Russia,2027,-0.259
Russia,2028,-0.265
Russia,2029,-0.275
Russia,2030,-0.282
Russia,2031,-0.303
Russia,2032,-0.285
Russia,2033,-0.277
Russia,2034,-0.27
Russia,2035,-0.26
Russia,2036,-0.252
Russia,2037,-0.245
Russia,2038,-0.227
Russia,2039,-0.219
Russia,2040,-0.193
Russia,2041,-0.183
Russia,2042,-0.163
Russia,2043,-0.163
Russia,2044,-0.146
Russia,2045,-0.135
Russia,2046,-0.126
Russia,2047,-0.143
Russia,2048,-0.154
Russia,2049,-0.165
Russia,2050,-0.181
Russia,2051,-0.196
Russia,2052,-0.198
Russia,2053,-0.239
Russia,2054,-0.243
Russia,2055,-0.26
Russia,2056,-0.257
Russia,2057,-0.255
Russia,2058,-0.275
Russia,2059,-0.272
Russia,2060,-0.249
Russia,2061,-0.266
Russia,2062,-0.252
Russia,2063,-0.265
Russia,2064,-0.258
Russia,2065,-0.254
Russia,2066,-0.238
Russia,2067,-0.219
Russia,2068,-0.216
Russia,2069,-0.224
Russia,2070,-0.213
Russia,2071,-0.218
Russia,2072,-0.177
Russia,2073,-0.168
Russia,2074,-0.155
Russia,2075,-0.144
Russia,2076,-0.12
Russia,2077,-0.123
Russia,2078,-0.111
Russia,2079,-0.095
Russia,2080,-0.077
Russia,2081,-0.066
Russia,2082,-0.066
Russia,2083,-0.059
Russia,2084,-0.059
Russia,2085,-0.06
Russia,2086,-0.054
Russia,2087,-0.038
Russia,2088,-0.04
Russia,2089,-0.041
Russia,2090,-0.044
Russia,2091,-0.039
Russia,2092,-0.059
Russia,2093,-0.044
Russia,2094,-0.042
Russia,2095,-0.054
Russia,2096,-0.072
Russia,2097,-0.062
Russia,2098,-0.08
Russia,2099,-0.082
Russia,2100,-0.083
Rwanda,1950,3.626
Rwanda,1951,3.563
Rwanda,1952,3.509
Rwanda,1953,3.437
Rwanda,1954,3.429
Rwanda,1955,3.397
Rwanda,1956,3.38
Rwanda,1957,3.361
Rwanda,1958,3.245
Rwanda,1959,3.15
Rwanda,1960,2.893
Rwanda,1961,2.625
Rwanda,1962,2.416
Rwanda,1963,2.11
Rwanda,1964,2.492
Rwanda,1965,2.736
Rwanda,1966,2.93
Rwanda,1967,3.106
Rwanda,1968,3.103
Rwanda,1969,3.066
Rwanda,1970,3.025
Rwanda,1971,2.886
Rwanda,1972,2.897
Rwanda,1973,2.927
Rwanda,1974,2.932
Rwanda,1975,2.948
Rwanda,1976,2.964
Rwanda,1977,2.944
Rwanda,1978,2.978
Rwanda,1979,3.06
Rwanda,1980,3.15
Rwanda,1981,3.244
Rwanda,1982,3.315
Rwanda,1983,3.357
Rwanda,1984,3.38
Rwanda,1985,3.368
Rwanda,1986,3.315
Rwanda,1987,3.24
Rwanda,1988,3.136
Rwanda,1989,2.99
Rwanda,1990,2.256
Rwanda,1991,1.819
Rwanda,1992,2.287
Rwanda,1993,5.264
Rwanda,1994,-41.785
Rwanda,1995,9.897
Rwanda,1996,22.576
Rwanda,1997,7.544
Rwanda,1998,0.843
Rwanda,1999,0.79
Rwanda,2000,0.824
Rwanda,2001,0.949
Rwanda,2002,1.756
Rwanda,2003,2.631
Rwanda,2004,2.655
Rwanda,2005,2.665
Rwanda,2006,2.668
Rwanda,2007,2.652
Rwanda,2008,2.605
Rwanda,2009,2.554
Rwanda,2010,2.494
Rwanda,2011,2.412
Rwanda,2012,2.376
Rwanda,2013,2.43
Rwanda,2014,2.405
Rwanda,2015,2.382
Rwanda,2016,2.358
Rwanda,2017,2.333
Rwanda,2018,2.3
Rwanda,2019,2.262
Rwanda,2020,2.223
Rwanda,2021,2.16
Rwanda,2022,2.221
Rwanda,2023,2.177
Rwanda,2024,2.107
Rwanda,2025,2.232
Rwanda,2026,2.12
Rwanda,2027,2.193
Rwanda,2028,1.999
Rwanda,2029,1.93
Rwanda,2030,1.946
Rwanda,2031,1.958
Rwanda,2032,1.639
Rwanda,2033,1.923
Rwanda,2034,1.892
Rwanda,2035,2.023
Rwanda,2036,1.67
Rwanda,2037,1.828
Rwanda,2038,1.771
Rwanda,2039,1.899
Rwanda,2040,1.881
Rwanda,2041,1.844
Rwanda,2042,1.64
Rwanda,2043,1.772
Rwanda,2044,1.484
Rwanda,2045,1.522
Rwanda,2046,1.357
Rwanda,2047,1.469
Rwanda,2048,1.464
Rwanda,2049,1.394
Rwanda,2050,1.303
Rwanda,2051,1.321
Rwanda,2052,1.206
Rwanda,2053,1.202
Rwanda,2054,1.201
Rwanda,2055,1.229
Rwanda,2056,1.098
Rwanda,2057,1.074
Rwanda,2058,1.311
Rwanda,2059,1.077
Rwanda,2060,1.054
Rwanda,2061,1.189
Rwanda,2062,0.935
Rwanda,2063,1.042
Rwanda,2064,0.977
Rwanda,2065,0.995
Rwanda,2066,0.859
Rwanda,2067,0.949
Rwanda,2068,0.889
Rwanda,2069,0.755
Rwanda,2070,0.857
Rwanda,2071,0.769
Rwanda,2072,0.786
Rwanda,2073,0.748
Rwanda,2074,0.675
Rwanda,2075,0.689
Rwanda,2076,0.584
Rwanda,2077,0.66
Rwanda,2078,0.594
Rwanda,2079,0.63
Rwanda,2080,0.625
Rwanda,2081,0.574
Rwanda,2082,0.597
Rwanda,2083,0.565
Rwanda,2084,0.456
Rwanda,2085,0.461
Rwanda,2086,0.49
Rwanda,2087,0.612
Rwanda,2088,0.458
Rwanda,2089,0.613
Rwanda,2090,0.319
Rwanda,2091,0.32
Rwanda,2092,0.379
Rwanda,2093,0.41
Rwanda,2094,0.262
Rwanda,2095,0.405
Rwanda,2096,0.26
Rwanda,2097,0.227
Rwanda,2098,0.244
Rwanda,2099,0.317
Rwanda,2100,0.217
Saint Barthelemy,1950,3.191
Saint Barthelemy,1951,1.655
Saint Barthelemy,1952,0.577
Saint Barthelemy,1953,1.145
Saint Barthelemy,1954,0.756
Saint Barthelemy,1955,0.141
Saint Barthelemy,1956,-0.424
Saint Barthelemy,1957,0.518
Saint Barthelemy,1958,1.121
Saint Barthelemy,1959,0.925
Saint Barthelemy,1960,1.417
Saint Barthelemy,1961,0.543
Saint Barthelemy,1962,1.389
Saint Barthelemy,1963,1.502
Saint Barthelemy,1964,1.609
Saint Barthelemy,1965,1.158
Saint Barthelemy,1966,1.691
Saint Barthelemy,1967,0.042
Saint Barthelemy,1968,0.502
Saint Barthelemy,1969,0.083
Saint Barthelemy,1970,0.457
Saint Barthelemy,1971,1.278
Saint Barthelemy,1972,0.897
Saint Barthelemy,1973,0.768
Saint Barthelemy,1974,2.033
Saint Barthelemy,1975,2.456
Saint Barthelemy,1976,2.697
Saint Barthelemy,1977,3.607
Saint Barthelemy,1978,3.307
Saint Barthelemy,1979,2.794
Saint Barthelemy,1980,1.787
Saint Barthelemy,1981,1.492
Saint Barthelemy,1982,9.417
Saint Barthelemy,1983,8.469
Saint Barthelemy,1984,7.552
Saint Barthelemy,1985,6.664
Saint Barthelemy,1986,6.068
Saint Barthelemy,1987,5.678
Saint Barthelemy,1988,4.687
Saint Barthelemy,1989,4.322
Saint Barthelemy,1990,3.658
Saint Barthelemy,1991,3.438
Saint Barthelemy,1992,3.306
Saint Barthelemy,1993,3.285
Saint Barthelemy,1994,3.017
Saint Barthelemy,1995,2.896
Saint Barthelemy,1996,2.861
Saint Barthelemy,1997,2.812
Saint Barthelemy,1998,2.5
Saint Barthelemy,1999,2.683
Saint Barthelemy,2000,2.64
Saint Barthelemy,2001,2.654
Saint Barthelemy,2002,2.612
Saint Barthelemy,2003,2.455
Saint Barthelemy,2004,2.396
Saint Barthelemy,2005,2.254
Saint Barthelemy,2006,2.409
Saint Barthelemy,2007,2.211
Saint Barthelemy,2008,2.267
Saint Barthelemy,2009,2.172
Saint Barthelemy,2010,1.651
Saint Barthelemy,2011,1.078
Saint Barthelemy,2012,1.305
Saint Barthelemy,2013,1.309
Saint Barthelemy,2014,1.429
Saint Barthelemy,2015,1.585
Saint Barthelemy,2016,1.723
Saint Barthelemy,2017,1.904
Saint Barthelemy,2018,1.672
Saint Barthelemy,2019,2.068
Saint Barthelemy,2020,2.618
Saint Barthelemy,2021,1.542
Saint Barthelemy,2022,1.337
Saint Barthelemy,2023,1.66
Saint Barthelemy,2024,1.43
Saint Barthelemy,2025,1.323
Saint Barthelemy,2026,1.048
Saint Barthelemy,2027,1.003
Saint Barthelemy,2028,1.119
Saint Barthelemy,2029,0.865
Saint Barthelemy,2030,0.75
Saint Barthelemy,2031,0.826
Saint Barthelemy,2032,0.599
Saint Barthelemy,2033,0.49
Saint Barthelemy,2034,0.528
Saint Barthelemy,2035,0.533
Saint Barthelemy,2036,0.434
Saint Barthelemy,2037,0.376
Saint Barthelemy,2038,0.462
Saint Barthelemy,2039,0.341
Saint Barthelemy,2040,0.348
Saint Barthelemy,2041,0.268
Saint Barthelemy,2042,0.228
Saint Barthelemy,2043,0.196
Saint Barthelemy,2044,0.274
Saint Barthelemy,2045,0.18
Saint Barthelemy,2046,0.07
Saint Barthelemy,2047,0.016
Saint Barthelemy,2048,-0.109
Saint Barthelemy,2049,-0.055
Saint Barthelemy,2050,-0.149
Saint Barthelemy,2051,-0.149
Saint Barthelemy,2052,-0.275
Saint Barthelemy,2053,-0.189
Saint Barthelemy,2054,-0.268
Saint Barthelemy,2055,-0.332
Saint Barthelemy,2056,-0.453
Saint Barthelemy,2057,-0.431
Saint Barthelemy,2058,-0.473
Saint Barthelemy,2059,-0.459
Saint Barthelemy,2060,-0.437
Saint Barthelemy,2061,-0.512
Saint Barthelemy,2062,-0.424
Saint Barthelemy,2063,-0.41
Saint Barthelemy,2064,-0.519
Saint Barthelemy,2065,-0.463
Saint Barthelemy,2066,-0.465
Saint Barthelemy,2067,-0.484
Saint Barthelemy,2068,-0.453
Saint Barthelemy,2069,-0.54
Saint Barthelemy,2070,-0.466
Saint Barthelemy,2071,-0.596
Saint Barthelemy,2072,-0.462
Saint Barthelemy,2073,-0.525
Saint Barthelemy,2074,-0.441
Saint Barthelemy,2075,-0.643
Saint Barthelemy,2076,-0.586
Saint Barthelemy,2077,-0.704
Saint Barthelemy,2078,-0.541
Saint Barthelemy,2079,-0.624
Saint Barthelemy,2080,-0.61
Saint Barthelemy,2081,-0.731
Saint Barthelemy,2082,-0.645
Saint Barthelemy,2083,-0.76
Saint Barthelemy,2084,-0.756
Saint Barthelemy,2085,-0.697
Saint Barthelemy,2086,-0.833
Saint Barthelemy,2087,-0.888
Saint Barthelemy,2088,-0.972
Saint Barthelemy,2089,-0.818
Saint Barthelemy,2090,-0.97
Saint Barthelemy,2091,-0.95
Saint Barthelemy,2092,-0.979
Saint Barthelemy,2093,-1.11
Saint Barthelemy,2094,-1.051
Saint Barthelemy,2095,-1.011
Saint Barthelemy,2096,-1.187
Saint Barthelemy,2097,-1.065
Saint Barthelemy,2098,-1.214
Saint Barthelemy,2099,-1.218
Saint Barthelemy,2100,-1.31
Saint Helena,1950,1.225
Saint Helena,1951,0.701
Saint Helena,1952,0.302
Saint Helena,1953,0.207
Saint Helena,1954,-0.038
Saint Helena,1955,-0.377
Saint Helena,1956,-0.076
Saint Helena,1957,0.434
Saint Helena,1958,0.263
Saint Helena,1959,0.318
Saint Helena,1960,0.522
Saint Helena,1961,0.482
Saint Helena,1962,0.425
Saint Helena,1963,0.515
Saint Helena,1964,0.275
Saint Helena,1965,0.274
Saint Helena,1966,0.636
Saint Helena,1967,1.207
Saint Helena,1968,1.316
Saint Helena,1969,1.299
Saint Helena,1970,1.489
Saint Helena,1971,1.315
Saint Helena,1972,1.231
Saint Helena,1973,1.1
Saint Helena,1974,1.055
Saint Helena,1975,0.946
Saint Helena,1976,0.502
Saint Helena,1977,1.141
Saint Helena,1978,0.859
Saint Helena,1979,0.82
Saint Helena,1980,0.798
Saint Helena,1981,0.915
Saint Helena,1982,1.091
Saint Helena,1983,0.852
Saint Helena,1984,0.649
Saint Helena,1985,0.271
Saint Helena,1986,0.584
Saint Helena,1987,-0.075
Saint Helena,1988,-0.329
Saint Helena,1989,-0.601
Saint Helena,1990,-0.544
Saint Helena,1991,-0.806
Saint Helena,1992,-0.674
Saint Helena,1993,-0.896
Saint Helena,1994,-0.982
Saint Helena,1995,-1.024
Saint Helena,1996,-0.923
Saint Helena,1997,-1.076
Saint Helena,1998,-1.055
Saint Helena,1999,-1.182
Saint Helena,2000,-1.247
Saint Helena,2001,-1.381
Saint Helena,2002,-1.607
Saint Helena,2003,-1.756
Saint Helena,2004,-1.805
Saint Helena,2005,-2.057
Saint Helena,2006,-1.97
Saint Helena,2007,-2.123
Saint Helena,2008,0.247
Saint Helena,2009,0.642
Saint Helena,2010,0.6
Saint Helena,2011,0.727
Saint Helena,2012,0.703
Saint Helena,2013,0.478
Saint Helena,2014,0.659
Saint Helena,2015,0.763
Saint Helena,2016,-0.326
Saint Helena,2017,-0.254
Saint Helena,2018,-0.456
Saint Helena,2019,-0.385
Saint Helena,2020,-0.663
Saint Helena,2021,-0.816
Saint Helena,2022,-0.936
Saint Helena,2023,-1.116
Saint Helena,2024,-0.821
Saint Helena,2025,-0.751
Saint Helena,2026,-1.146
Saint Helena,2027,-1.061
Saint Helena,2028,-0.992
Saint Helena,2029,-1.184
Saint Helena,2030,-1.075
Saint Helena,2031,-1.149
Saint Helena,2032,-1.141
Saint Helena,2033,-1.134
Saint Helena,2034,-1.168
Saint Helena,2035,-1.117
Saint Helena,2036,-0.977
Saint Helena,2037,-1.119
Saint Helena,2038,-1.287
Saint Helena,2039,-0.875
Saint Helena,2040,-1.133
Saint Helena,2041,-1.054
Saint Helena,2042,-0.949
Saint Helena,2043,-1.217
Saint Helena,2044,-0.827
Saint Helena,2045,-1.266
Saint Helena,2046,-0.966
Saint Helena,2047,-1.147
Saint Helena,2048,-1.012
Saint Helena,2049,-0.972
Saint Helena,2050,-1.26
Saint Helena,2051,-0.943
Saint Helena,2052,-1.262
Saint Helena,2053,-1.2
Saint Helena,2054,-1.108
Saint Helena,2055,-1.174
Saint Helena,2056,-0.998
Saint Helena,2057,-1.173
Saint Helena,2058,-1.076
Saint Helena,2059,-1.228
Saint Helena,2060,-0.959
Saint Helena,2061,-1.226
Saint Helena,2062,-0.922
Saint Helena,2063,-1.048
Saint Helena,2064,-0.97
Saint Helena,2065,-0.801
Saint Helena,2066,-0.868
Saint Helena,2067,-1.148
Saint Helena,2068,-0.64
Saint Helena,2069,-1.076
Saint Helena,2070,-0.527
Saint Helena,2071,-0.718
Saint Helena,2072,-0.66
Saint Helena,2073,-0.823
Saint Helena,2074,-0.606
Saint Helena,2075,-0.706
Saint Helena,2076,-0.873
Saint Helena,2077,-0.684
Saint Helena,2078,-0.623
Saint Helena,2079,-0.462
Saint Helena,2080,-0.53
Saint Helena,2081,-1.002
Saint Helena,2082,-0.572
Saint Helena,2083,-0.678
Saint Helena,2084,-0.819
Saint Helena,2085,-0.653
Saint Helena,2086,-0.553
Saint Helena,2087,-0.731
Saint Helena,2088,-0.455
Saint Helena,2089,-0.917
Saint Helena,2090,-0.747
Saint Helena,2091,-0.716
Saint Helena,2092,-0.722
Saint Helena,2093,-0.581
Saint Helena,2094,-0.841
Saint Helena,2095,-0.442
Saint Helena,2096,-0.481
Saint Helena,2097,-0.707
Saint Helena,2098,-0.637
Saint Helena,2099,-0.716
Saint Helena,2100,-0.607
Saint Kitts and Nevis,1950,2.223
Saint Kitts and Nevis,1951,2.283
Saint Kitts and Nevis,1952,2.144
Saint Kitts and Nevis,1953,2.078
Saint Kitts and Nevis,1954,1.463
Saint Kitts and Nevis,1955,1.596
Saint Kitts and Nevis,1956,1.603
Saint Kitts and Nevis,1957,1.568
Saint Kitts and Nevis,1958,1.468
Saint Kitts and Nevis,1959,1.529
Saint Kitts and Nevis,1960,-0.297
Saint Kitts and Nevis,1961,-1.422
Saint Kitts and Nevis,1962,-1.761
Saint Kitts and Nevis,1963,-2.019
Saint Kitts and Nevis,1964,-2.202
Saint Kitts and Nevis,1965,-2.388
Saint Kitts and Nevis,1966,-2.527
Saint Kitts and Nevis,1967,-2.73
Saint Kitts and Nevis,1968,-2.949
Saint Kitts and Nevis,1969,-3.573
Saint Kitts and Nevis,1970,-1.379
Saint Kitts and Nevis,1971,-0.421
Saint Kitts and Nevis,1972,-0.363
Saint Kitts and Nevis,1973,-0.335
Saint Kitts and Nevis,1974,-0.311
Saint Kitts and Nevis,1975,-0.291
Saint Kitts and Nevis,1976,-0.281
Saint Kitts and Nevis,1977,-0.293
Saint Kitts and Nevis,1978,-0.356
Saint Kitts and Nevis,1979,-0.497
Saint Kitts and Nevis,1980,-0.355
Saint Kitts and Nevis,1981,-0.356
Saint Kitts and Nevis,1982,-0.423
Saint Kitts and Nevis,1983,-0.51
Saint Kitts and Nevis,1984,-0.537
Saint Kitts and Nevis,1985,-0.599
Saint Kitts and Nevis,1986,-0.627
Saint Kitts and Nevis,1987,-0.677
Saint Kitts and Nevis,1988,-0.714
Saint Kitts and Nevis,1989,-0.77
Saint Kitts and Nevis,1990,-0.836
Saint Kitts and Nevis,1991,0.471
Saint Kitts and Nevis,1992,1.285
Saint Kitts and Nevis,1993,1.288
Saint Kitts and Nevis,1994,1.29
Saint Kitts and Nevis,1995,1.323
Saint Kitts and Nevis,1996,1.264
Saint Kitts and Nevis,1997,1.29
Saint Kitts and Nevis,1998,1.316
Saint Kitts and Nevis,1999,1.408
Saint Kitts and Nevis,2000,1.47
Saint Kitts and Nevis,2001,0.789
Saint Kitts and Nevis,2002,0.345
Saint Kitts and Nevis,2003,0.331
Saint Kitts and Nevis,2004,0.266
Saint Kitts and Nevis,2005,0.263
Saint Kitts and Nevis,2006,0.303
Saint Kitts and Nevis,2007,0.285
Saint Kitts and Nevis,2008,0.269
Saint Kitts and Nevis,2009,0.079
Saint Kitts and Nevis,2010,-0.378
Saint Kitts and Nevis,2011,0.544
Saint Kitts and Nevis,2012,0.085
Saint Kitts and Nevis,2013,0.068
Saint Kitts and Nevis,2014,0.017
Saint Kitts and Nevis,2015,-0.023
Saint Kitts and Nevis,2016,-0.032
Saint Kitts and Nevis,2017,-0.07
Saint Kitts and Nevis,2018,-0.108
Saint Kitts and Nevis,2019,-0.134
Saint Kitts and Nevis,2020,-0.213
Saint Kitts and Nevis,2021,-0.244
Saint Kitts and Nevis,2022,0.015
Saint Kitts and Nevis,2023,0.192
Saint Kitts and Nevis,2024,0.171
Saint Kitts and Nevis,2025,0.164
Saint Kitts and Nevis,2026,0.134
Saint Kitts and Nevis,2027,0.13
Saint Kitts and Nevis,2028,0.042
Saint Kitts and Nevis,2029,0.053
Saint Kitts and Nevis,2030,0.021
Saint Kitts and Nevis,2031,-0.034
Saint Kitts and Nevis,2032,-0.074
Saint Kitts and Nevis,2033,-0.083
Saint Kitts and Nevis,2034,-0.153
Saint Kitts and Nevis,2035,-0.207
Saint Kitts and Nevis,2036,-0.235
Saint Kitts and Nevis,2037,-0.235
Saint Kitts and Nevis,2038,-0.264
Saint Kitts and Nevis,2039,-0.319
Saint Kitts and Nevis,2040,-0.328
Saint Kitts and Nevis,2041,-0.353
Saint Kitts and Nevis,2042,-0.396
Saint Kitts and Nevis,2043,-0.47
Saint Kitts and Nevis,2044,-0.441
Saint Kitts and Nevis,2045,-0.478
Saint Kitts and Nevis,2046,-0.481
Saint Kitts and Nevis,2047,-0.521
Saint Kitts and Nevis,2048,-0.488
Saint Kitts and Nevis,2049,-0.488
Saint Kitts and Nevis,2050,-0.558
Saint Kitts and Nevis,2051,-0.584
Saint Kitts and Nevis,2052,-0.592
Saint Kitts and Nevis,2053,-0.619
Saint Kitts and Nevis,2054,-0.618
Saint Kitts and Nevis,2055,-0.662
Saint Kitts and Nevis,2056,-0.619
Saint Kitts and Nevis,2057,-0.67
Saint Kitts and Nevis,2058,-0.689
Saint Kitts and Nevis,2059,-0.67
Saint Kitts and Nevis,2060,-0.631
Saint Kitts and Nevis,2061,-0.642
Saint Kitts and Nevis,2062,-0.668
Saint Kitts and Nevis,2063,-0.673
Saint Kitts and Nevis,2064,-0.704
Saint Kitts and Nevis,2065,-0.737
Saint Kitts and Nevis,2066,-0.735
Saint Kitts and Nevis,2067,-0.761
Saint Kitts and Nevis,2068,-0.774
Saint Kitts and Nevis,2069,-0.76
Saint Kitts and Nevis,2070,-0.802
Saint Kitts and Nevis,2071,-0.8
Saint Kitts and Nevis,2072,-0.815
Saint Kitts and Nevis,2073,-0.784
Saint Kitts and Nevis,2074,-0.849
Saint Kitts and Nevis,2075,-0.835
Saint Kitts and Nevis,2076,-0.85
Saint Kitts and Nevis,2077,-0.833
Saint Kitts and Nevis,2078,-0.859
Saint Kitts and Nevis,2079,-0.847
Saint Kitts and Nevis,2080,-0.829
Saint Kitts and Nevis,2081,-0.85
Saint Kitts and Nevis,2082,-0.823
Saint Kitts and Nevis,2083,-0.853
Saint Kitts and Nevis,2084,-0.84
Saint Kitts and Nevis,2085,-0.812
Saint Kitts and Nevis,2086,-0.863
Saint Kitts and Nevis,2087,-0.804
Saint Kitts and Nevis,2088,-0.853
Saint Kitts and Nevis,2089,-0.809
Saint Kitts and Nevis,2090,-0.809
Saint Kitts and Nevis,2091,-0.797
Saint Kitts and Nevis,2092,-0.829
Saint Kitts and Nevis,2093,-0.798
Saint Kitts and Nevis,2094,-0.795
Saint Kitts and Nevis,2095,-0.801
Saint Kitts and Nevis,2096,-0.801
Saint Kitts and Nevis,2097,-0.775
Saint Kitts and Nevis,2098,-0.794
Saint Kitts and Nevis,2099,-0.801
Saint Kitts and Nevis,2100,-0.754
Saint Lucia,1950,1.136
Saint Lucia,1951,0.955
Saint Lucia,1952,-0.002
Saint Lucia,1953,-0.187
Saint Lucia,1954,-0.279
Saint Lucia,1955,-0.366
Saint Lucia,1956,-0.386
Saint Lucia,1957,-0.404
Saint Lucia,1958,-0.388
Saint Lucia,1959,-0.397
Saint Lucia,1960,0.902
Saint Lucia,1961,1.043
Saint Lucia,1962,1.115
Saint Lucia,1963,1.021
Saint Lucia,1964,1.032
Saint Lucia,1965,1.004
Saint Lucia,1966,0.978
Saint Lucia,1967,1.125
Saint Lucia,1968,1.215
Saint Lucia,1969,1.163
Saint Lucia,1970,1.343
Saint Lucia,1971,1.351
Saint Lucia,1972,1.381
Saint Lucia,1973,1.421
Saint Lucia,1974,1.492
Saint Lucia,1975,1.51
Saint Lucia,1976,1.537
Saint Lucia,1977,1.482
Saint Lucia,1978,1.475
Saint Lucia,1979,1.429
Saint Lucia,1980,1.546
Saint Lucia,1981,1.575
Saint Lucia,1982,1.57
Saint Lucia,1983,1.586
Saint Lucia,1984,1.623
Saint Lucia,1985,1.642
Saint Lucia,1986,1.554
Saint Lucia,1987,1.454
Saint Lucia,1988,1.192
Saint Lucia,1989,1.037
Saint Lucia,1990,0.923
Saint Lucia,1991,1.472
Saint Lucia,1992,1.511
Saint Lucia,1993,1.445
Saint Lucia,1994,1.544
Saint Lucia,1995,1.609
Saint Lucia,1996,1.378
Saint Lucia,1997,1.437
Saint Lucia,1998,1.308
Saint Lucia,1999,1.294
Saint Lucia,2000,1.135
Saint Lucia,2001,0.899
Saint Lucia,2002,0.846
Saint Lucia,2003,0.798
Saint Lucia,2004,0.746
Saint Lucia,2005,0.722
Saint Lucia,2006,0.711
Saint Lucia,2007,0.628
Saint Lucia,2008,0.619
Saint Lucia,2009,0.634
Saint Lucia,2010,0.585
Saint Lucia,2011,0.46
Saint Lucia,2012,0.453
Saint Lucia,2013,0.452
Saint Lucia,2014,0.435
Saint Lucia,2015,0.443
Saint Lucia,2016,0.403
Saint Lucia,2017,0.388
Saint Lucia,2018,0.376
Saint Lucia,2019,0.351
Saint Lucia,2020,0.311
Saint Lucia,2021,-0.007
Saint Lucia,2022,0.296
Saint Lucia,2023,0.266
Saint Lucia,2024,0.245
Saint Lucia,2025,0.205
Saint Lucia,2026,0.17
Saint Lucia,2027,0.14
Saint Lucia,2028,0.121
Saint Lucia,2029,0.098
Saint Lucia,2030,0.076
Saint Lucia,2031,0.036
Saint Lucia,2032,-0.002
Saint Lucia,2033,-0.035
Saint Lucia,2034,-0.084
Saint Lucia,2035,-0.107
Saint Lucia,2036,-0.146
Saint Lucia,2037,-0.203
Saint Lucia,2038,-0.246
Saint Lucia,2039,-0.258
Saint Lucia,2040,-0.279
Saint Lucia,2041,-0.317
Saint Lucia,2042,-0.327
Saint Lucia,2043,-0.345
Saint Lucia,2044,-0.392
Saint Lucia,2045,-0.399
Saint Lucia,2046,-0.424
Saint Lucia,2047,-0.473
Saint Lucia,2048,-0.506
Saint Lucia,2049,-0.514
Saint Lucia,2050,-0.541
Saint Lucia,2051,-0.547
Saint Lucia,2052,-0.581
Saint Lucia,2053,-0.603
Saint Lucia,2054,-0.615
Saint Lucia,2055,-0.632
Saint Lucia,2056,-0.635
Saint Lucia,2057,-0.664
Saint Lucia,2058,-0.68
Saint Lucia,2059,-0.71
Saint Lucia,2060,-0.755
Saint Lucia,2061,-0.748
Saint Lucia,2062,-0.767
Saint Lucia,2063,-0.788
Saint Lucia,2064,-0.831
Saint Lucia,2065,-0.842
Saint Lucia,2066,-0.887
Saint Lucia,2067,-0.9
Saint Lucia,2068,-0.917
Saint Lucia,2069,-0.937
Saint Lucia,2070,-0.951
Saint Lucia,2071,-0.971
Saint Lucia,2072,-0.993
Saint Lucia,2073,-1.026
Saint Lucia,2074,-1.053
Saint Lucia,2075,-1.046
Saint Lucia,2076,-1.076
Saint Lucia,2077,-1.083
Saint Lucia,2078,-1.08
Saint Lucia,2079,-1.105
Saint Lucia,2080,-1.112
Saint Lucia,2081,-1.116
Saint Lucia,2082,-1.104
Saint Lucia,2083,-1.104
Saint Lucia,2084,-1.119
Saint Lucia,2085,-1.1
Saint Lucia,2086,-1.103
Saint Lucia,2087,-1.103
Saint Lucia,2088,-1.109
Saint Lucia,2089,-1.079
Saint Lucia,2090,-1.06
Saint Lucia,2091,-1.075
Saint Lucia,2092,-1.049
Saint Lucia,2093,-1.027
Saint Lucia,2094,-1.016
Saint Lucia,2095,-1.015
Saint Lucia,2096,-0.993
Saint Lucia,2097,-0.978
Saint Lucia,2098,-0.982
Saint Lucia,2099,-0.974
Saint Lucia,2100,-0.959
Saint Martin (French part),1950,4.491
Saint Martin (French part),1951,3.984
Saint Martin (French part),1952,3.528
Saint Martin (French part),1953,3.818
Saint Martin (French part),1954,3.565
Saint Martin (French part),1955,3.223
Saint Martin (French part),1956,3.546
Saint Martin (French part),1957,3.016
Saint Martin (French part),1958,3.374
Saint Martin (French part),1959,3.551
Saint Martin (French part),1960,3.082
Saint Martin (French part),1961,3.192
Saint Martin (French part),1962,3.137
Saint Martin (French part),1963,3.231
Saint Martin (French part),1964,3.212
Saint Martin (French part),1965,3.683
Saint Martin (French part),1966,4.778
Saint Martin (French part),1967,4.935
Saint Martin (French part),1968,3.021
Saint Martin (French part),1969,3.034
Saint Martin (French part),1970,2.977
Saint Martin (French part),1971,2.907
Saint Martin (French part),1972,2.825
Saint Martin (French part),1973,2.956
Saint Martin (French part),1974,3.147
Saint Martin (French part),1975,3.695
Saint Martin (French part),1976,3.711
Saint Martin (French part),1977,3.448
Saint Martin (French part),1978,3.132
Saint Martin (French part),1979,2.927
Saint Martin (French part),1980,2.582
Saint Martin (French part),1981,2.424
Saint Martin (French part),1982,18.868
Saint Martin (French part),1983,19.179
Saint Martin (French part),1984,16.787
Saint Martin (French part),1985,15.089
Saint Martin (French part),1986,13.508
Saint Martin (French part),1987,12.31
Saint Martin (French part),1988,11.33
Saint Martin (French part),1989,10.291
Saint Martin (French part),1990,2.916
Saint Martin (French part),1991,1.142
Saint Martin (French part),1992,0.801
Saint Martin (French part),1993,0.57
Saint Martin (French part),1994,0.326
Saint Martin (French part),1995,0.061
Saint Martin (French part),1996,-0.245
Saint Martin (French part),1997,-0.57
Saint Martin (French part),1998,-0.914
Saint Martin (French part),1999,2.114
Saint Martin (French part),2000,2.687
Saint Martin (French part),2001,2.626
Saint Martin (French part),2002,2.506
Saint Martin (French part),2003,2.439
Saint Martin (French part),2004,2.297
Saint Martin (French part),2005,2.217
Saint Martin (French part),2006,2.043
Saint Martin (French part),2007,1.842
Saint Martin (French part),2008,1.641
Saint Martin (French part),2009,1.367
Saint Martin (French part),2010,0.564
Saint Martin (French part),2011,0.585
Saint Martin (French part),2012,0.528
Saint Martin (French part),2013,0.238
Saint Martin (French part),2014,-0.067
Saint Martin (French part),2015,-0.369
Saint Martin (French part),2016,-0.672
Saint Martin (French part),2017,-1.154
Saint Martin (French part),2018,-3.405
Saint Martin (French part),2019,-6.612
Saint Martin (French part),2020,-8.487
Saint Martin (French part),2021,-3.184
Saint Martin (French part),2022,-4.251
Saint Martin (French part),2023,-5.398
Saint Martin (French part),2024,-4.923
Saint Martin (French part),2025,-4.375
Saint Martin (French part),2026,-4.16
Saint Martin (French part),2027,-3.563
Saint Martin (French part),2028,-3.135
Saint Martin (French part),2029,-2.653
Saint Martin (French part),2030,-2.336
Saint Martin (French part),2031,-2.033
Saint Martin (French part),2032,-1.735
Saint Martin (French part),2033,-1.685
Saint Martin (French part),2034,-1.163
Saint Martin (French part),2035,-0.928
Saint Martin (French part),2036,-0.634
Saint Martin (French part),2037,-0.502
Saint Martin (French part),2038,-0.42
Saint Martin (French part),2039,-0.284
Saint Martin (French part),2040,-0.328
Saint Martin (French part),2041,-0.249
Saint Martin (French part),2042,-0.111
Saint Martin (French part),2043,-0.027
Saint Martin (French part),2044,0.011
Saint Martin (French part),2045,-0.037
Saint Martin (French part),2046,-0.101
Saint Martin (French part),2047,-0.037
Saint Martin (French part),2048,0.101
Saint Martin (French part),2049,-0.053
Saint Martin (French part),2050,-0.032
Saint Martin (French part),2051,-0.011
Saint Martin (French part),2052,-0.075
Saint Martin (French part),2053,-0.027
Saint Martin (French part),2054,-0.101
Saint Martin (French part),2055,-0.144
Saint Martin (French part),2056,-0.166
Saint Martin (French part),2057,-0.311
Saint Martin (French part),2058,-0.317
Saint Martin (French part),2059,-0.372
Saint Martin (French part),2060,-0.439
Saint Martin (French part),2061,-0.49
Saint Martin (French part),2062,-0.339
Saint Martin (French part),2063,-0.428
Saint Martin (French part),2064,-0.281
Saint Martin (French part),2065,-0.287
Saint Martin (French part),2066,-0.171
Saint Martin (French part),2067,-0.105
Saint Martin (French part),2068,-0.216
Saint Martin (French part),2069,-0.167
Saint Martin (French part),2070,0.078
Saint Martin (French part),2071,0.061
Saint Martin (French part),2072,0.167
Saint Martin (French part),2073,0.338
Saint Martin (French part),2074,0.32
Saint Martin (French part),2075,0.401
Saint Martin (French part),2076,0.4
Saint Martin (French part),2077,0.512
Saint Martin (French part),2078,0.483
Saint Martin (French part),2079,0.561
Saint Martin (French part),2080,0.483
Saint Martin (French part),2081,0.545
Saint Martin (French part),2082,0.531
Saint Martin (French part),2083,0.534
Saint Martin (French part),2084,0.573
Saint Martin (French part),2085,0.517
Saint Martin (French part),2086,0.504
Saint Martin (French part),2087,0.512
Saint Martin (French part),2088,0.494
Saint Martin (French part),2089,0.405
Saint Martin (French part),2090,0.398
Saint Martin (French part),2091,0.417
Saint Martin (French part),2092,0.289
Saint Martin (French part),2093,0.318
Saint Martin (French part),2094,0.232
Saint Martin (French part),2095,0.216
Saint Martin (French part),2096,0.241
Saint Martin (French part),2097,0.115
Saint Martin (French part),2098,0.085
Saint Martin (French part),2099,-0.005
Saint Martin (French part),2100,-0.06
Saint Pierre and Miquelon,1950,1.27
Saint Pierre and Miquelon,1951,0.662
Saint Pierre and Miquelon,1952,1.441
Saint Pierre and Miquelon,1953,1.142
Saint Pierre and Miquelon,1954,1.489
Saint Pierre and Miquelon,1955,1.28
Saint Pierre and Miquelon,1956,0.706
Saint Pierre and Miquelon,1957,0.578
Saint Pierre and Miquelon,1958,1.653
Saint Pierre and Miquelon,1959,1.007
Saint Pierre and Miquelon,1960,0.06
Saint Pierre and Miquelon,1961,-0.482
Saint Pierre and Miquelon,1962,1.081
Saint Pierre and Miquelon,1963,1.737
Saint Pierre and Miquelon,1964,1.765
Saint Pierre and Miquelon,1965,1.299
Saint Pierre and Miquelon,1966,1.619
Saint Pierre and Miquelon,1967,1.409
Saint Pierre and Miquelon,1968,1.317
Saint Pierre and Miquelon,1969,1.64
Saint Pierre and Miquelon,1970,1.455
Saint Pierre and Miquelon,1971,1.625
Saint Pierre and Miquelon,1972,1.411
Saint Pierre and Miquelon,1973,1.644
Saint Pierre and Miquelon,1974,1.07
Saint Pierre and Miquelon,1975,0.597
Saint Pierre and Miquelon,1976,0.61
Saint Pierre and Miquelon,1977,0.622
Saint Pierre and Miquelon,1978,0.489
Saint Pierre and Miquelon,1979,0.243
Saint Pierre and Miquelon,1980,0.097
Saint Pierre and Miquelon,1981,-0.878
Saint Pierre and Miquelon,1982,0.684
Saint Pierre and Miquelon,1983,0.744
Saint Pierre and Miquelon,1984,0.802
Saint Pierre and Miquelon,1985,0.589
Saint Pierre and Miquelon,1986,0.586
Saint Pierre and Miquelon,1987,0.378
Saint Pierre and Miquelon,1988,0.063
Saint Pierre and Miquelon,1989,-0.362
Saint Pierre and Miquelon,1990,0.472
Saint Pierre and Miquelon,1991,0.376
Saint Pierre and Miquelon,1992,0.359
Saint Pierre and Miquelon,1993,0.125
Saint Pierre and Miquelon,1994,0.218
Saint Pierre and Miquelon,1995,-0.047
Saint Pierre and Miquelon,1996,-0.218
Saint Pierre and Miquelon,1997,-0.218
Saint Pierre and Miquelon,1998,-1.225
Saint Pierre and Miquelon,1999,-0.443
Saint Pierre and Miquelon,2000,-0.238
Saint Pierre and Miquelon,2001,-0.351
Saint Pierre and Miquelon,2002,-0.496
Saint Pierre and Miquelon,2003,-0.692
Saint Pierre and Miquelon,2004,-0.762
Saint Pierre and Miquelon,2005,-0.932
Saint Pierre and Miquelon,2006,-0.527
Saint Pierre and Miquelon,2007,-0.149
Saint Pierre and Miquelon,2008,-0.248
Saint Pierre and Miquelon,2009,0.017
Saint Pierre and Miquelon,2010,-0.199
Saint Pierre and Miquelon,2011,-0.166
Saint Pierre and Miquelon,2012,-0.417
Saint Pierre and Miquelon,2013,-0.234
Saint Pierre and Miquelon,2014,-0.268
Saint Pierre and Miquelon,2015,-0.219
Saint Pierre and Miquelon,2016,-0.337
Saint Pierre and Miquelon,2017,-0.034
Saint Pierre and Miquelon,2018,-0.288
Saint Pierre and Miquelon,2019,-0.851
Saint Pierre and Miquelon,2020,-0.824
Saint Pierre and Miquelon,2021,-0.831
Saint Pierre and Miquelon,2022,-0.803
Saint Pierre and Miquelon,2023,-0.968
Saint Pierre and Miquelon,2024,-0.924
Saint Pierre and Miquelon,2025,-1.023
Saint Pierre and Miquelon,2026,-1.143
Saint Pierre and Miquelon,2027,-1.008
Saint Pierre and Miquelon,2028,-1
Saint Pierre and Miquelon,2029,-1.104
Saint Pierre and Miquelon,2030,-0.964
Saint Pierre and Miquelon,2031,-1.07
Saint Pierre and Miquelon,2032,-0.849
Saint Pierre and Miquelon,2033,-1.13
Saint Pierre and Miquelon,2034,-1.044
Saint Pierre and Miquelon,2035,-1.015
Saint Pierre and Miquelon,2036,-0.823
Saint Pierre and Miquelon,2037,-0.932
Saint Pierre and Miquelon,2038,-0.879
Saint Pierre and Miquelon,2039,-1.073
Saint Pierre and Miquelon,2040,-0.854
Saint Pierre and Miquelon,2041,-1.158
Saint Pierre and Miquelon,2042,-1
Saint Pierre and Miquelon,2043,-0.924
Saint Pierre and Miquelon,2044,-1.085
Saint Pierre and Miquelon,2045,-1.318
Saint Pierre and Miquelon,2046,-1.246
Saint Pierre and Miquelon,2047,-1.284
Saint Pierre and Miquelon,2048,-1.278
Saint Pierre and Miquelon,2049,-1.527
Saint Pierre and Miquelon,2050,-1.385
Saint Pierre and Miquelon,2051,-1.453
Saint Pierre and Miquelon,2052,-1.645
Saint Pierre and Miquelon,2053,-1.648
Saint Pierre and Miquelon,2054,-1.7
Saint Pierre and Miquelon,2055,-1.525
Saint Pierre and Miquelon,2056,-1.783
Saint Pierre and Miquelon,2057,-1.921
Saint Pierre and Miquelon,2058,-1.499
Saint Pierre and Miquelon,2059,-1.687
Saint Pierre and Miquelon,2060,-1.688
Saint Pierre and Miquelon,2061,-1.717
Saint Pierre and Miquelon,2062,-1.516
Saint Pierre and Miquelon,2063,-1.481
Saint Pierre and Miquelon,2064,-1.622
Saint Pierre and Miquelon,2065,-1.891
Saint Pierre and Miquelon,2066,-1.526
Saint Pierre and Miquelon,2067,-1.425
Saint Pierre and Miquelon,2068,-1.319
Saint Pierre and Miquelon,2069,-1.401
Saint Pierre and Miquelon,2070,-1.518
Saint Pierre and Miquelon,2071,-1.443
Saint Pierre and Miquelon,2072,-1.263
Saint Pierre and Miquelon,2073,-1.483
Saint Pierre and Miquelon,2074,-1.47
Saint Pierre and Miquelon,2075,-1.248
Saint Pierre and Miquelon,2076,-1.193
Saint Pierre and Miquelon,2077,-1.601
Saint Pierre and Miquelon,2078,-1.227
Saint Pierre and Miquelon,2079,-1.353
Saint Pierre and Miquelon,2080,-1.483
Saint Pierre and Miquelon,2081,-1.316
Saint Pierre and Miquelon,2082,-1.449
Saint Pierre and Miquelon,2083,-1.198
Saint Pierre and Miquelon,2084,-1.606
Saint Pierre and Miquelon,2085,-1.392
Saint Pierre and Miquelon,2086,-1.209
Saint Pierre and Miquelon,2087,-1.552
Saint Pierre and Miquelon,2088,-1.118
Saint Pierre and Miquelon,2089,-1.679
Saint Pierre and Miquelon,2090,-1.407
Saint Pierre and Miquelon,2091,-1.689
Saint Pierre and Miquelon,2092,-1.186
Saint Pierre and Miquelon,2093,-1.424
Saint Pierre and Miquelon,2094,-1.399
Saint Pierre and Miquelon,2095,-1.696
Saint Pierre and Miquelon,2096,-1.725
Saint Pierre and Miquelon,2097,-1.469
Saint Pierre and Miquelon,2098,-1.588
Saint Pierre and Miquelon,2099,-1.466
Saint Pierre and Miquelon,2100,-1.938
Saint Vincent and the Grenadines,1950,2.603
Saint Vincent and the Grenadines,1951,2.786
Saint Vincent and the Grenadines,1952,2.921
Saint Vincent and the Grenadines,1953,3.057
Saint Vincent and the Grenadines,1954,3.215
Saint Vincent and the Grenadines,1955,3.339
Saint Vincent and the Grenadines,1956,3.368
Saint Vincent and the Grenadines,1957,3.436
Saint Vincent and the Grenadines,1958,3.48
Saint Vincent and the Grenadines,1959,3.548
Saint Vincent and the Grenadines,1960,1.85
Saint Vincent and the Grenadines,1961,1.634
Saint Vincent and the Grenadines,1962,1.525
Saint Vincent and the Grenadines,1963,1.406
Saint Vincent and the Grenadines,1964,1.345
Saint Vincent and the Grenadines,1965,1.261
Saint Vincent and the Grenadines,1966,1.198
Saint Vincent and the Grenadines,1967,1.119
Saint Vincent and the Grenadines,1968,1.015
Saint Vincent and the Grenadines,1969,0.965
Saint Vincent and the Grenadines,1970,0.932
Saint Vincent and the Grenadines,1971,0.952
Saint Vincent and the Grenadines,1972,0.935
Saint Vincent and the Grenadines,1973,0.899
Saint Vincent and the Grenadines,1974,0.849
Saint Vincent and the Grenadines,1975,0.813
Saint Vincent and the Grenadines,1976,0.794
Saint Vincent and the Grenadines,1977,0.786
Saint Vincent and the Grenadines,1978,0.729
Saint Vincent and the Grenadines,1979,0.637
Saint Vincent and the Grenadines,1980,0.778
Saint Vincent and the Grenadines,1981,0.865
Saint Vincent and the Grenadines,1982,0.831
Saint Vincent and the Grenadines,1983,0.803
Saint Vincent and the Grenadines,1984,0.78
Saint Vincent and the Grenadines,1985,0.735
Saint Vincent and the Grenadines,1986,0.689
Saint Vincent and the Grenadines,1987,0.623
Saint Vincent and the Grenadines,1988,0.569
Saint Vincent and the Grenadines,1989,0.537
Saint Vincent and the Grenadines,1990,0.433
Saint Vincent and the Grenadines,1991,0.299
Saint Vincent and the Grenadines,1992,0.213
Saint Vincent and the Grenadines,1993,0.188
Saint Vincent and the Grenadines,1994,0.135
Saint Vincent and the Grenadines,1995,0.095
Saint Vincent and the Grenadines,1996,0.032
Saint Vincent and the Grenadines,1997,0.006
Saint Vincent and the Grenadines,1998,0.064
Saint Vincent and the Grenadines,1999,0.265
Saint Vincent and the Grenadines,2000,0.051
Saint Vincent and the Grenadines,2001,-0.129
Saint Vincent and the Grenadines,2002,-0.144
Saint Vincent and the Grenadines,2003,-0.218
Saint Vincent and the Grenadines,2004,-0.325
Saint Vincent and the Grenadines,2005,-0.358
Saint Vincent and the Grenadines,2006,-0.418
Saint Vincent and the Grenadines,2007,-0.446
Saint Vincent and the Grenadines,2008,-0.458
Saint Vincent and the Grenadines,2009,-0.481
Saint Vincent and the Grenadines,2010,-0.516
Saint Vincent and the Grenadines,2011,-0.597
Saint Vincent and the Grenadines,2012,-0.527
Saint Vincent and the Grenadines,2013,-0.58
Saint Vincent and the Grenadines,2014,-0.534
Saint Vincent and the Grenadines,2015,-0.539
Saint Vincent and the Grenadines,2016,-0.608
Saint Vincent and the Grenadines,2017,-0.685
Saint Vincent and the Grenadines,2018,-0.715
Saint Vincent and the Grenadines,2019,-0.737
Saint Vincent and the Grenadines,2020,-0.496
Saint Vincent and the Grenadines,2021,-0.832
Saint Vincent and the Grenadines,2022,-0.719
Saint Vincent and the Grenadines,2023,-0.704
Saint Vincent and the Grenadines,2024,-0.696
Saint Vincent and the Grenadines,2025,-0.684
Saint Vincent and the Grenadines,2026,-0.682
Saint Vincent and the Grenadines,2027,-0.638
Saint Vincent and the Grenadines,2028,-0.596
Saint Vincent and the Grenadines,2029,-0.582
Saint Vincent and the Grenadines,2030,-0.558
Saint Vincent and the Grenadines,2031,-0.524
Saint Vincent and the Grenadines,2032,-0.515
Saint Vincent and the Grenadines,2033,-0.471
Saint Vincent and the Grenadines,2034,-0.465
Saint Vincent and the Grenadines,2035,-0.45
Saint Vincent and the Grenadines,2036,-0.415
Saint Vincent and the Grenadines,2037,-0.391
Saint Vincent and the Grenadines,2038,-0.386
Saint Vincent and the Grenadines,2039,-0.371
Saint Vincent and the Grenadines,2040,-0.346
Saint Vincent and the Grenadines,2041,-0.349
Saint Vincent and the Grenadines,2042,-0.377
Saint Vincent and the Grenadines,2043,-0.378
Saint Vincent and the Grenadines,2044,-0.366
Saint Vincent and the Grenadines,2045,-0.409
Saint Vincent and the Grenadines,2046,-0.424
Saint Vincent and the Grenadines,2047,-0.455
Saint Vincent and the Grenadines,2048,-0.451
Saint Vincent and the Grenadines,2049,-0.458
Saint Vincent and the Grenadines,2050,-0.492
Saint Vincent and the Grenadines,2051,-0.516
Saint Vincent and the Grenadines,2052,-0.526
Saint Vincent and the Grenadines,2053,-0.545
Saint Vincent and the Grenadines,2054,-0.581
Saint Vincent and the Grenadines,2055,-0.578
Saint Vincent and the Grenadines,2056,-0.596
Saint Vincent and the Grenadines,2057,-0.586
Saint Vincent and the Grenadines,2058,-0.608
Saint Vincent and the Grenadines,2059,-0.609
Saint Vincent and the Grenadines,2060,-0.615
Saint Vincent and the Grenadines,2061,-0.617
Saint Vincent and the Grenadines,2062,-0.612
Saint Vincent and the Grenadines,2063,-0.612
Saint Vincent and the Grenadines,2064,-0.621
Saint Vincent and the Grenadines,2065,-0.638
Saint Vincent and the Grenadines,2066,-0.623
Saint Vincent and the Grenadines,2067,-0.615
Saint Vincent and the Grenadines,2068,-0.633
Saint Vincent and the Grenadines,2069,-0.632
Saint Vincent and the Grenadines,2070,-0.623
Saint Vincent and the Grenadines,2071,-0.627
Saint Vincent and the Grenadines,2072,-0.619
Saint Vincent and the Grenadines,2073,-0.623
Saint Vincent and the Grenadines,2074,-0.631
Saint Vincent and the Grenadines,2075,-0.621
Saint Vincent and the Grenadines,2076,-0.638
Saint Vincent and the Grenadines,2077,-0.623
Saint Vincent and the Grenadines,2078,-0.637
Saint Vincent and the Grenadines,2079,-0.649
Saint Vincent and the Grenadines,2080,-0.646
Saint Vincent and the Grenadines,2081,-0.656
Saint Vincent and the Grenadines,2082,-0.678
Saint Vincent and the Grenadines,2083,-0.673
Saint Vincent and the Grenadines,2084,-0.684
Saint Vincent and the Grenadines,2085,-0.7
Saint Vincent and the Grenadines,2086,-0.693
Saint Vincent and the Grenadines,2087,-0.713
Saint Vincent and the Grenadines,2088,-0.698
Saint Vincent and the Grenadines,2089,-0.732
Saint Vincent and the Grenadines,2090,-0.716
Saint Vincent and the Grenadines,2091,-0.735
Saint Vincent and the Grenadines,2092,-0.725
Saint Vincent and the Grenadines,2093,-0.749
Saint Vincent and the Grenadines,2094,-0.743
Saint Vincent and the Grenadines,2095,-0.753
Saint Vincent and the Grenadines,2096,-0.734
Saint Vincent and the Grenadines,2097,-0.767
Saint Vincent and the Grenadines,2098,-0.747
Saint Vincent and the Grenadines,2099,-0.754
Saint Vincent and the Grenadines,2100,-0.744
Samoa,1950,2.412
Samoa,1951,2.574
Samoa,1952,2.214
Samoa,1953,2.207
Samoa,1954,2.195
Samoa,1955,2.208
Samoa,1956,2.341
Samoa,1957,2.675
Samoa,1958,2.653
Samoa,1959,2.641
Samoa,1960,2.638
Samoa,1961,2.636
Samoa,1962,2.662
Samoa,1963,2.61
Samoa,1964,2.467
Samoa,1965,2.414
Samoa,1966,2.365
Samoa,1967,1.706
Samoa,1968,1.64
Samoa,1969,1.587
Samoa,1970,1.525
Samoa,1971,1.448
Samoa,1972,1.388
Samoa,1973,1.331
Samoa,1974,2.597
Samoa,1975,2.572
Samoa,1976,2.288
Samoa,1977,1.054
Samoa,1978,0.967
Samoa,1979,0.893
Samoa,1980,0.867
Samoa,1981,0.776
Samoa,1982,0.196
Samoa,1983,0.08
Samoa,1984,0.018
Samoa,1985,0.045
Samoa,1986,0.21
Samoa,1987,0.507
Samoa,1988,0.309
Samoa,1989,0.192
Samoa,1990,0.132
Samoa,1991,0.254
Samoa,1992,0.878
Samoa,1993,0.811
Samoa,1994,0.794
Samoa,1995,0.83
Samoa,1996,0.881
Samoa,1997,0.788
Samoa,1998,0.736
Samoa,1999,0.79
Samoa,2000,0.767
Samoa,2001,0.856
Samoa,2002,0.565
Samoa,2003,0.472
Samoa,2004,0.409
Samoa,2005,0.374
Samoa,2006,0.406
Samoa,2007,0.703
Samoa,2008,0.727
Samoa,2009,0.747
Samoa,2010,0.822
Samoa,2011,0.921
Samoa,2012,0.904
Samoa,2013,0.89
Samoa,2014,0.886
Samoa,2015,0.851
Samoa,2016,0.843
Samoa,2017,1.03
Samoa,2018,1.069
Samoa,2019,1.037
Samoa,2020,1.016
Samoa,2021,0.709
Samoa,2022,0.672
Samoa,2023,0.627
Samoa,2024,0.622
Samoa,2025,0.556
Samoa,2026,0.555
Samoa,2027,0.572
Samoa,2028,0.625
Samoa,2029,0.629
Samoa,2030,0.67
Samoa,2031,0.751
Samoa,2032,0.755
Samoa,2033,0.813
Samoa,2034,0.869
Samoa,2035,0.939
Samoa,2036,0.96
Samoa,2037,0.974
Samoa,2038,1.038
Samoa,2039,1.023
Samoa,2040,1.037
Samoa,2041,1.055
Samoa,2042,1.047
Samoa,2043,0.991
Samoa,2044,1.035
Samoa,2045,1.009
Samoa,2046,0.976
Samoa,2047,0.93
Samoa,2048,0.918
Samoa,2049,0.91
Samoa,2050,0.877
Samoa,2051,0.874
Samoa,2052,0.831
Samoa,2053,0.798
Samoa,2054,0.775
Samoa,2055,0.777
Samoa,2056,0.766
Samoa,2057,0.792
Samoa,2058,0.834
Samoa,2059,0.817
Samoa,2060,0.815
Samoa,2061,0.8
Samoa,2062,0.844
Samoa,2063,0.854
Samoa,2064,0.854
Samoa,2065,0.852
Samoa,2066,0.886
Samoa,2067,0.857
Samoa,2068,0.886
Samoa,2069,0.86
Samoa,2070,0.84
Samoa,2071,0.884
Samoa,2072,0.84
Samoa,2073,0.812
Samoa,2074,0.779
Samoa,2075,0.78
Samoa,2076,0.765
Samoa,2077,0.744
Samoa,2078,0.72
Samoa,2079,0.684
Samoa,2080,0.653
Samoa,2081,0.653
Samoa,2082,0.625
Samoa,2083,0.599
Samoa,2084,0.575
Samoa,2085,0.562
Samoa,2086,0.55
Samoa,2087,0.537
Samoa,2088,0.534
Samoa,2089,0.504
Samoa,2090,0.478
Samoa,2091,0.484
Samoa,2092,0.461
Samoa,2093,0.435
Samoa,2094,0.413
Samoa,2095,0.404
Samoa,2096,0.387
Samoa,2097,0.354
Samoa,2098,0.344
Samoa,2099,0.341
Samoa,2100,0.307
San Marino,1950,1.398
San Marino,1951,1.242
San Marino,1952,1.175
San Marino,1953,1.191
San Marino,1954,1.359
San Marino,1955,1.32
San Marino,1956,2.349
San Marino,1957,2.364
San Marino,1958,2.343
San Marino,1959,2.309
San Marino,1960,2.346
San Marino,1961,2.399
San Marino,1962,2.404
San Marino,1963,2.449
San Marino,1964,2.286
San Marino,1965,1.554
San Marino,1966,0.942
San Marino,1967,0.938
San Marino,1968,1.008
San Marino,1969,0.838
San Marino,1970,0.721
San Marino,1971,2.02
San Marino,1972,1.932
San Marino,1973,0.258
San Marino,1974,0.137
San Marino,1975,0.032
San Marino,1976,0.633
San Marino,1977,8.473
San Marino,1978,1.527
San Marino,1979,1.257
San Marino,1980,1.214
San Marino,1981,1.14
San Marino,1982,0.821
San Marino,1983,0.742
San Marino,1984,0.313
San Marino,1985,0.929
San Marino,1986,0.406
San Marino,1987,0.031
San Marino,1988,1.344
San Marino,1989,1.361
San Marino,1990,1.397
San Marino,1991,1.332
San Marino,1992,1.397
San Marino,1993,1.463
San Marino,1994,1.386
San Marino,1995,1.296
San Marino,1996,1.26
San Marino,1997,1.229
San Marino,1998,1.271
San Marino,1999,1.274
San Marino,2000,1.276
San Marino,2001,1.275
San Marino,2002,1.27
San Marino,2003,1.282
San Marino,2004,1.28
San Marino,2005,1.32
San Marino,2006,1.261
San Marino,2007,1.3
San Marino,2008,1.316
San Marino,2009,1.283
San Marino,2010,2.224
San Marino,2011,7.495
San Marino,2012,0.553
San Marino,2013,0.363
San Marino,2014,0.264
San Marino,2015,0.773
San Marino,2016,0.758
San Marino,2017,0.506
San Marino,2018,0.368
San Marino,2019,0.352
San Marino,2020,0.314
San Marino,2021,-1.449
San Marino,2022,-1.361
San Marino,2023,-0.744
San Marino,2024,-0.155
San Marino,2025,0.104
San Marino,2026,0.089
San Marino,2027,0.119
San Marino,2028,0.151
San Marino,2029,0.065
San Marino,2030,0.053
San Marino,2031,0.024
San Marino,2032,0.074
San Marino,2033,0.018
San Marino,2034,0.059
San Marino,2035,0.103
San Marino,2036,0.077
San Marino,2037,0.153
San Marino,2038,0.109
San Marino,2039,0.041
San Marino,2040,-0.026
San Marino,2041,-0.012
San Marino,2042,0.088
San Marino,2043,-0.018
San Marino,2044,-0.141
San Marino,2045,-0.097
San Marino,2046,-0.124
San Marino,2047,-0.112
San Marino,2048,-0.169
San Marino,2049,-0.163
San Marino,2050,-0.098
San Marino,2051,-0.214
San Marino,2052,-0.274
San Marino,2053,-0.335
San Marino,2054,-0.369
San Marino,2055,-0.331
San Marino,2056,-0.396
San Marino,2057,-0.409
San Marino,2058,-0.411
San Marino,2059,-0.419
San Marino,2060,-0.371
San Marino,2061,-0.391
San Marino,2062,-0.415
San Marino,2063,-0.36
San Marino,2064,-0.421
San Marino,2065,-0.407
San Marino,2066,-0.324
San Marino,2067,-0.404
San Marino,2068,-0.317
San Marino,2069,-0.292
San Marino,2070,-0.216
San Marino,2071,-0.22
San Marino,2072,-0.198
San Marino,2073,-0.186
San Marino,2074,-0.16
San Marino,2075,-0.129
San Marino,2076,-0.103
San Marino,2077,-0.042
San Marino,2078,0.01
San Marino,2079,0.013
San Marino,2080,-0.058
San Marino,2081,0.129
San Marino,2082,0.051
San Marino,2083,0.035
San Marino,2084,0.042
San Marino,2085,0.148
San Marino,2086,0.083
San Marino,2087,0.048
San Marino,2088,0.026
San Marino,2089,0.045
San Marino,2090,-0.035
San Marino,2091,0.038
San Marino,2092,-0.07
San Marino,2093,0.093
San Marino,2094,0.019
San Marino,2095,0.058
San Marino,2096,-0.054
San Marino,2097,-0.135
San Marino,2098,-0.038
San Marino,2099,-0.064
San Marino,2100,-0.051
Sao Tome and Principe,1950,1.47
Sao Tome and Principe,1951,1.426
Sao Tome and Principe,1952,1.249
Sao Tome and Principe,1953,1.083
Sao Tome and Principe,1954,0.991
Sao Tome and Principe,1955,0.935
Sao Tome and Principe,1956,0.974
Sao Tome and Principe,1957,0.996
Sao Tome and Principe,1958,1.077
Sao Tome and Principe,1959,1.115
Sao Tome and Principe,1960,1.017
Sao Tome and Principe,1961,1.014
Sao Tome and Principe,1962,1.001
Sao Tome and Principe,1963,1.031
Sao Tome and Principe,1964,1.108
Sao Tome and Principe,1965,1.177
Sao Tome and Principe,1966,1.305
Sao Tome and Principe,1967,1.487
Sao Tome and Principe,1968,1.664
Sao Tome and Principe,1969,1.83
Sao Tome and Principe,1970,2.184
Sao Tome and Principe,1971,2.158
Sao Tome and Principe,1972,2.11
Sao Tome and Principe,1973,2.179
Sao Tome and Principe,1974,2.296
Sao Tome and Principe,1975,2.454
Sao Tome and Principe,1976,2.588
Sao Tome and Principe,1977,2.69
Sao Tome and Principe,1978,2.698
Sao Tome and Principe,1979,2.48
Sao Tome and Principe,1980,2.229
Sao Tome and Principe,1981,1.934
Sao Tome and Principe,1982,1.795
Sao Tome and Principe,1983,1.825
Sao Tome and Principe,1984,1.995
Sao Tome and Principe,1985,2.214
Sao Tome and Principe,1986,2.319
Sao Tome and Principe,1987,2.599
Sao Tome and Principe,1988,2.631
Sao Tome and Principe,1989,2.504
Sao Tome and Principe,1990,2.438
Sao Tome and Principe,1991,1.937
Sao Tome and Principe,1992,1.867
Sao Tome and Principe,1993,1.78
Sao Tome and Principe,1994,1.664
Sao Tome and Principe,1995,1.569
Sao Tome and Principe,1996,1.473
Sao Tome and Principe,1997,1.368
Sao Tome and Principe,1998,1.249
Sao Tome and Principe,1999,1.14
Sao Tome and Principe,2000,1.062
Sao Tome and Principe,2001,2.175
Sao Tome and Principe,2002,2.608
Sao Tome and Principe,2003,2.52
Sao Tome and Principe,2004,2.477
Sao Tome and Principe,2005,2.452
Sao Tome and Principe,2006,2.436
Sao Tome and Principe,2007,2.41
Sao Tome and Principe,2008,2.358
Sao Tome and Principe,2009,2.262
Sao Tome and Principe,2010,2.131
Sao Tome and Principe,2011,2.058
Sao Tome and Principe,2012,1.984
Sao Tome and Principe,2013,1.894
Sao Tome and Principe,2014,1.819
Sao Tome and Principe,2015,1.732
Sao Tome and Principe,2016,1.633
Sao Tome and Principe,2017,1.564
Sao Tome and Principe,2018,1.521
Sao Tome and Principe,2019,1.506
Sao Tome and Principe,2020,2.24
Sao Tome and Principe,2021,1.884
Sao Tome and Principe,2022,1.991
Sao Tome and Principe,2023,2.004
Sao Tome and Principe,2024,1.997
Sao Tome and Principe,2025,1.97
Sao Tome and Principe,2026,1.938
Sao Tome and Principe,2027,1.939
Sao Tome and Principe,2028,1.926
Sao Tome and Principe,2029,1.914
Sao Tome and Principe,2030,1.877
Sao Tome and Principe,2031,1.871
Sao Tome and Principe,2032,1.858
Sao Tome and Principe,2033,1.838
Sao Tome and Principe,2034,1.813
Sao Tome and Principe,2035,1.783
Sao Tome and Principe,2036,1.76
Sao Tome and Principe,2037,1.712
Sao Tome and Principe,2038,1.687
Sao Tome and Principe,2039,1.65
Sao Tome and Principe,2040,1.61
Sao Tome and Principe,2041,1.56
Sao Tome and Principe,2042,1.538
Sao Tome and Principe,2043,1.519
Sao Tome and Principe,2044,1.487
Sao Tome and Principe,2045,1.467
Sao Tome and Principe,2046,1.423
Sao Tome and Principe,2047,1.378
Sao Tome and Principe,2048,1.35
Sao Tome and Principe,2049,1.32
Sao Tome and Principe,2050,1.301
Sao Tome and Principe,2051,1.29
Sao Tome and Principe,2052,1.248
Sao Tome and Principe,2053,1.235
Sao Tome and Principe,2054,1.208
Sao Tome and Principe,2055,1.195
Sao Tome and Principe,2056,1.151
Sao Tome and Principe,2057,1.148
Sao Tome and Principe,2058,1.12
Sao Tome and Principe,2059,1.105
Sao Tome and Principe,2060,1.1
Sao Tome and Principe,2061,1.071
Sao Tome and Principe,2062,1.065
Sao Tome and Principe,2063,1.031
Sao Tome and Principe,2064,1.024
Sao Tome and Principe,2065,0.976
Sao Tome and Principe,2066,0.977
Sao Tome and Principe,2067,0.945
Sao Tome and Principe,2068,0.906
Sao Tome and Principe,2069,0.903
Sao Tome and Principe,2070,0.863
Sao Tome and Principe,2071,0.83
Sao Tome and Principe,2072,0.808
Sao Tome and Principe,2073,0.777
Sao Tome and Principe,2074,0.764
Sao Tome and Principe,2075,0.747
Sao Tome and Principe,2076,0.73
Sao Tome and Principe,2077,0.719
Sao Tome and Principe,2078,0.68
Sao Tome and Principe,2079,0.66
Sao Tome and Principe,2080,0.649
Sao Tome and Principe,2081,0.61
Sao Tome and Principe,2082,0.591
Sao Tome and Principe,2083,0.577
Sao Tome and Principe,2084,0.545
Sao Tome and Principe,2085,0.527
Sao Tome and Principe,2086,0.499
Sao Tome and Principe,2087,0.492
Sao Tome and Principe,2088,0.487
Sao Tome and Principe,2089,0.46
Sao Tome and Principe,2090,0.446
Sao Tome and Principe,2091,0.417
Sao Tome and Principe,2092,0.406
Sao Tome and Principe,2093,0.382
Sao Tome and Principe,2094,0.363
Sao Tome and Principe,2095,0.334
Sao Tome and Principe,2096,0.332
Sao Tome and Principe,2097,0.311
Sao Tome and Principe,2098,0.287
Sao Tome and Principe,2099,0.26
Sao Tome and Principe,2100,0.248
Saudi Arabia,1950,3.469
Saudi Arabia,1951,3.492
Saudi Arabia,1952,3.517
Saudi Arabia,1953,3.546
Saudi Arabia,1954,3.563
Saudi Arabia,1955,3.584
Saudi Arabia,1956,3.595
Saudi Arabia,1957,3.614
Saudi Arabia,1958,3.631
Saudi Arabia,1959,3.648
Saudi Arabia,1960,3.661
Saudi Arabia,1961,3.671
Saudi Arabia,1962,3.678
Saudi Arabia,1963,3.695
Saudi Arabia,1964,3.713
Saudi Arabia,1965,3.716
Saudi Arabia,1966,3.731
Saudi Arabia,1967,3.842
Saudi Arabia,1968,3.95
Saudi Arabia,1969,4.073
Saudi Arabia,1970,4.254
Saudi Arabia,1971,4.608
Saudi Arabia,1972,4.912
Saudi Arabia,1973,5.102
Saudi Arabia,1974,5.208
Saudi Arabia,1975,5.273
Saudi Arabia,1976,5.474
Saudi Arabia,1977,5.65
Saudi Arabia,1978,5.773
Saudi Arabia,1979,5.84
Saudi Arabia,1980,5.881
Saudi Arabia,1981,6.069
Saudi Arabia,1982,6.132
Saudi Arabia,1983,6.048
Saudi Arabia,1984,5.85
Saudi Arabia,1985,5.629
Saudi Arabia,1986,5.738
Saudi Arabia,1987,5.567
Saudi Arabia,1988,5.088
Saudi Arabia,1989,5.023
Saudi Arabia,1990,4.85
Saudi Arabia,1991,4.698
Saudi Arabia,1992,4.516
Saudi Arabia,1993,4.345
Saudi Arabia,1994,4.218
Saudi Arabia,1995,4.07
Saudi Arabia,1996,3.925
Saudi Arabia,1997,3.792
Saudi Arabia,1998,3.682
Saudi Arabia,1999,3.558
Saudi Arabia,2000,5.323
Saudi Arabia,2001,5.085
Saudi Arabia,2002,4.873
Saudi Arabia,2003,4.68
Saudi Arabia,2004,4.507
Saudi Arabia,2005,4.351
Saudi Arabia,2006,4.213
Saudi Arabia,2007,4.088
Saudi Arabia,2008,3.972
Saudi Arabia,2009,3.86
Saudi Arabia,2010,3.754
Saudi Arabia,2011,3.65
Saudi Arabia,2012,3.55
Saudi Arabia,2013,3.454
Saudi Arabia,2014,3.361
Saudi Arabia,2015,3.266
Saudi Arabia,2016,1.65
Saudi Arabia,2017,-1.226
Saudi Arabia,2018,-1.505
Saudi Arabia,2019,2.207
Saudi Arabia,2020,1.176
Saudi Arabia,2021,0.989
Saudi Arabia,2022,4.302
Saudi Arabia,2023,2.387
Saudi Arabia,2024,1.776
Saudi Arabia,2025,1.748
Saudi Arabia,2026,1.691
Saudi Arabia,2027,1.656
Saudi Arabia,2028,1.591
Saudi Arabia,2029,1.501
Saudi Arabia,2030,1.367
Saudi Arabia,2031,1.351
Saudi Arabia,2032,1.333
Saudi Arabia,2033,1.319
Saudi Arabia,2034,1.304
Saudi Arabia,2035,1.29
Saudi Arabia,2036,1.275
Saudi Arabia,2037,1.258
Saudi Arabia,2038,1.242
Saudi Arabia,2039,1.224
Saudi Arabia,2040,1.209
Saudi Arabia,2041,1.192
Saudi Arabia,2042,1.176
Saudi Arabia,2043,1.16
Saudi Arabia,2044,1.147
Saudi Arabia,2045,1.132
Saudi Arabia,2046,1.116
Saudi Arabia,2047,1.1
Saudi Arabia,2048,1.086
Saudi Arabia,2049,1.071
Saudi Arabia,2050,1.058
Saudi Arabia,2051,1.045
Saudi Arabia,2052,1.032
Saudi Arabia,2053,1.019
Saudi Arabia,2054,1.006
Saudi Arabia,2055,0.992
Saudi Arabia,2056,0.981
Saudi Arabia,2057,0.968
Saudi Arabia,2058,0.958
Saudi Arabia,2059,0.945
Saudi Arabia,2060,0.931
Saudi Arabia,2061,0.92
Saudi Arabia,2062,0.906
Saudi Arabia,2063,0.894
Saudi Arabia,2064,0.881
Saudi Arabia,2065,0.87
Saudi Arabia,2066,0.857
Saudi Arabia,2067,0.845
Saudi Arabia,2068,0.832
Saudi Arabia,2069,0.818
Saudi Arabia,2070,0.804
Saudi Arabia,2071,0.793
Saudi Arabia,2072,0.782
Saudi Arabia,2073,0.77
Saudi Arabia,2074,0.759
Saudi Arabia,2075,0.751
Saudi Arabia,2076,0.742
Saudi Arabia,2077,0.735
Saudi Arabia,2078,0.728
Saudi Arabia,2079,0.723
Saudi Arabia,2080,0.719
Saudi Arabia,2081,0.715
Saudi Arabia,2082,0.71
Saudi Arabia,2083,0.706
Saudi Arabia,2084,0.703
Saudi Arabia,2085,0.699
Saudi Arabia,2086,0.698
Saudi Arabia,2087,0.695
Saudi Arabia,2088,0.692
Saudi Arabia,2089,0.688
Saudi Arabia,2090,0.687
Saudi Arabia,2091,0.684
Saudi Arabia,2092,0.679
Saudi Arabia,2093,0.674
Saudi Arabia,2094,0.668
Saudi Arabia,2095,0.663
Saudi Arabia,2096,0.657
Saudi Arabia,2097,0.649
Saudi Arabia,2098,0.643
Saudi Arabia,2099,0.635
Saudi Arabia,2100,0.629
Senegal,1950,2.457
Senegal,1951,2.511
Senegal,1952,2.566
Senegal,1953,2.618
Senegal,1954,2.665
Senegal,1955,2.708
Senegal,1956,2.747
Senegal,1957,2.76
Senegal,1958,2.786
Senegal,1959,2.805
Senegal,1960,2.816
Senegal,1961,2.819
Senegal,1962,2.822
Senegal,1963,2.823
Senegal,1964,2.852
Senegal,1965,2.905
Senegal,1966,2.957
Senegal,1967,2.986
Senegal,1968,2.983
Senegal,1969,2.982
Senegal,1970,2.988
Senegal,1971,2.991
Senegal,1972,2.993
Senegal,1973,2.973
Senegal,1974,2.85
Senegal,1975,2.697
Senegal,1976,2.563
Senegal,1977,2.315
Senegal,1978,2.356
Senegal,1979,2.427
Senegal,1980,2.516
Senegal,1981,2.601
Senegal,1982,2.658
Senegal,1983,2.711
Senegal,1984,2.743
Senegal,1985,2.837
Senegal,1986,2.911
Senegal,1987,2.915
Senegal,1988,2.877
Senegal,1989,2.872
Senegal,1990,2.865
Senegal,1991,2.819
Senegal,1992,2.775
Senegal,1993,2.729
Senegal,1994,2.626
Senegal,1995,2.504
Senegal,1996,2.385
Senegal,1997,2.334
Senegal,1998,2.338
Senegal,1999,2.401
Senegal,2000,2.419
Senegal,2001,2.431
Senegal,2002,2.468
Senegal,2003,2.347
Senegal,2004,2.345
Senegal,2005,2.333
Senegal,2006,2.323
Senegal,2007,2.323
Senegal,2008,2.356
Senegal,2009,2.375
Senegal,2010,2.398
Senegal,2011,2.654
Senegal,2012,2.699
Senegal,2013,3.22
Senegal,2014,3.117
Senegal,2015,3.025
Senegal,2016,2.933
Senegal,2017,2.843
Senegal,2018,2.759
Senegal,2019,2.678
Senegal,2020,2.59
Senegal,2021,2.489
Senegal,2022,2.447
Senegal,2023,2.329
Senegal,2024,2.312
Senegal,2025,2.283
Senegal,2026,2.257
Senegal,2027,2.244
Senegal,2028,2.223
Senegal,2029,2.192
Senegal,2030,2.17
Senegal,2031,2.136
Senegal,2032,2.095
Senegal,2033,2.054
Senegal,2034,2.013
Senegal,2035,1.985
Senegal,2036,1.944
Senegal,2037,1.907
Senegal,2038,1.868
Senegal,2039,1.825
Senegal,2040,1.786
Senegal,2041,1.749
Senegal,2042,1.717
Senegal,2043,1.687
Senegal,2044,1.657
Senegal,2045,1.622
Senegal,2046,1.603
Senegal,2047,1.565
Senegal,2048,1.55
Senegal,2049,1.513
Senegal,2050,1.494
Senegal,2051,1.462
Senegal,2052,1.434
Senegal,2053,1.417
Senegal,2054,1.389
Senegal,2055,1.375
Senegal,2056,1.358
Senegal,2057,1.325
Senegal,2058,1.307
Senegal,2059,1.261
Senegal,2060,1.245
Senegal,2061,1.222
Senegal,2062,1.2
Senegal,2063,1.167
Senegal,2064,1.146
Senegal,2065,1.115
Senegal,2066,1.092
Senegal,2067,1.05
Senegal,2068,1.029
Senegal,2069,1.006
Senegal,2070,0.966
Senegal,2071,0.943
Senegal,2072,0.921
Senegal,2073,0.894
Senegal,2074,0.87
Senegal,2075,0.848
Senegal,2076,0.811
Senegal,2077,0.783
Senegal,2078,0.763
Senegal,2079,0.736
Senegal,2080,0.713
Senegal,2081,0.697
Senegal,2082,0.676
Senegal,2083,0.669
Senegal,2084,0.634
Senegal,2085,0.62
Senegal,2086,0.6
Senegal,2087,0.572
Senegal,2088,0.551
Senegal,2089,0.54
Senegal,2090,0.514
Senegal,2091,0.497
Senegal,2092,0.479
Senegal,2093,0.464
Senegal,2094,0.452
Senegal,2095,0.43
Senegal,2096,0.413
Senegal,2097,0.401
Senegal,2098,0.376
Senegal,2099,0.364
Senegal,2100,0.346
Serbia,1950,0.956
Serbia,1951,0.959
Serbia,1952,1.016
Serbia,1953,1.099
Serbia,1954,1.291
Serbia,1955,1.229
Serbia,1956,1.166
Serbia,1957,1.115
Serbia,1958,1.052
Serbia,1959,1.008
Serbia,1960,1.024
Serbia,1961,1.008
Serbia,1962,0.969
Serbia,1963,0.939
Serbia,1964,0.909
Serbia,1965,0.889
Serbia,1966,0.869
Serbia,1967,0.848
Serbia,1968,0.812
Serbia,1969,0.763
Serbia,1970,0.7
Serbia,1971,0.68
Serbia,1972,0.661
Serbia,1973,0.649
Serbia,1974,0.657
Serbia,1975,0.666
Serbia,1976,0.657
Serbia,1977,0.619
Serbia,1978,0.562
Serbia,1979,0.505
Serbia,1980,0.474
Serbia,1981,0.334
Serbia,1982,0.222
Serbia,1983,0.159
Serbia,1984,0.107
Serbia,1985,0.058
Serbia,1986,0.019
Serbia,1987,0.001
Serbia,1988,-0.024
Serbia,1989,-0.057
Serbia,1990,-0.113
Serbia,1991,-0.079
Serbia,1992,-0.106
Serbia,1993,-0.151
Serbia,1994,-0.17
Serbia,1995,-0.185
Serbia,1996,-0.214
Serbia,1997,-0.262
Serbia,1998,-0.336
Serbia,1999,-0.478
Serbia,2000,-0.553
Serbia,2001,-0.56
Serbia,2002,-0.361
Serbia,2003,-0.317
Serbia,2004,-0.345
Serbia,2005,-0.362
Serbia,2006,-0.375
Serbia,2007,-0.383
Serbia,2008,-0.386
Serbia,2009,-0.392
Serbia,2010,-0.404
Serbia,2011,-0.436
Serbia,2012,-0.66
Serbia,2013,-0.667
Serbia,2014,-0.684
Serbia,2015,-0.703
Serbia,2016,-0.728
Serbia,2017,-0.754
Serbia,2018,-0.765
Serbia,2019,-0.776
Serbia,2020,-0.907
Serbia,2021,-1.202
Serbia,2022,-0.093
Serbia,2023,-0.439
Serbia,2024,-0.657
Serbia,2025,-0.749
Serbia,2026,-0.663
Serbia,2027,-0.68
Serbia,2028,-0.691
Serbia,2029,-0.7
Serbia,2030,-0.715
Serbia,2031,-0.724
Serbia,2032,-0.735
Serbia,2033,-0.748
Serbia,2034,-0.753
Serbia,2035,-0.763
Serbia,2036,-0.769
Serbia,2037,-0.781
Serbia,2038,-0.788
Serbia,2039,-0.798
Serbia,2040,-0.797
Serbia,2041,-0.804
Serbia,2042,-0.803
Serbia,2043,-0.797
Serbia,2044,-0.793
Serbia,2045,-0.79
Serbia,2046,-0.785
Serbia,2047,-0.781
Serbia,2048,-0.778
Serbia,2049,-0.779
Serbia,2050,-0.775
Serbia,2051,-0.781
Serbia,2052,-0.774
Serbia,2053,-0.77
Serbia,2054,-0.778
Serbia,2055,-0.783
Serbia,2056,-0.79
Serbia,2057,-0.795
Serbia,2058,-0.793
Serbia,2059,-0.796
Serbia,2060,-0.805
Serbia,2061,-0.811
Serbia,2062,-0.822
Serbia,2063,-0.825
Serbia,2064,-0.83
Serbia,2065,-0.835
Serbia,2066,-0.836
Serbia,2067,-0.844
Serbia,2068,-0.848
Serbia,2069,-0.85
Serbia,2070,-0.851
Serbia,2071,-0.846
Serbia,2072,-0.844
Serbia,2073,-0.843
Serbia,2074,-0.843
Serbia,2075,-0.836
Serbia,2076,-0.834
Serbia,2077,-0.836
Serbia,2078,-0.835
Serbia,2079,-0.826
Serbia,2080,-0.818
Serbia,2081,-0.81
Serbia,2082,-0.808
Serbia,2083,-0.801
Serbia,2084,-0.793
Serbia,2085,-0.789
Serbia,2086,-0.786
Serbia,2087,-0.782
Serbia,2088,-0.776
Serbia,2089,-0.779
Serbia,2090,-0.773
Serbia,2091,-0.775
Serbia,2092,-0.775
Serbia,2093,-0.769
Serbia,2094,-0.77
Serbia,2095,-0.769
Serbia,2096,-0.77
Serbia,2097,-0.772
Serbia,2098,-0.77
Serbia,2099,-0.775
Serbia,2100,-0.779
Seychelles,1950,1.285
Seychelles,1951,0.791
Seychelles,1952,0.782
Seychelles,1953,0.873
Seychelles,1954,0.99
Seychelles,1955,1.12
Seychelles,1956,1.35
Seychelles,1957,1.477
Seychelles,1958,1.517
Seychelles,1959,1.637
Seychelles,1960,1.939
Seychelles,1961,2.084
Seychelles,1962,2.197
Seychelles,1963,2.244
Seychelles,1964,2.325
Seychelles,1965,2.412
Seychelles,1966,2.441
Seychelles,1967,2.402
Seychelles,1968,2.346
Seychelles,1969,2.217
Seychelles,1970,2.146
Seychelles,1971,2.437
Seychelles,1972,2.468
Seychelles,1973,2.434
Seychelles,1974,2.442
Seychelles,1975,2.446
Seychelles,1976,2.477
Seychelles,1977,1.822
Seychelles,1978,0.919
Seychelles,1979,0.969
Seychelles,1980,1.025
Seychelles,1981,1.044
Seychelles,1982,1.039
Seychelles,1983,1.047
Seychelles,1984,1.057
Seychelles,1985,1.073
Seychelles,1986,1.042
Seychelles,1987,1.137
Seychelles,1988,1.295
Seychelles,1989,1.202
Seychelles,1990,1.152
Seychelles,1991,1.089
Seychelles,1992,1.039
Seychelles,1993,1.044
Seychelles,1994,1.174
Seychelles,1995,1.051
Seychelles,1996,0.877
Seychelles,1997,1.061
Seychelles,1998,1.609
Seychelles,1999,1.583
Seychelles,2000,1.556
Seychelles,2001,1.512
Seychelles,2002,1.426
Seychelles,2003,1.298
Seychelles,2004,1.263
Seychelles,2005,1.241
Seychelles,2006,1.224
Seychelles,2007,1.185
Seychelles,2008,1.162
Seychelles,2009,1.16
Seychelles,2010,1.685
Seychelles,2011,2.583
Seychelles,2012,2.544
Seychelles,2013,2.515
Seychelles,2014,2.443
Seychelles,2015,2.418
Seychelles,2016,2.358
Seychelles,2017,2.331
Seychelles,2018,2.265
Seychelles,2019,2.223
Seychelles,2020,2.216
Seychelles,2021,2.217
Seychelles,2022,1.867
Seychelles,2023,1.964
Seychelles,2024,1.858
Seychelles,2025,1.73
Seychelles,2026,1.529
Seychelles,2027,1.324
Seychelles,2028,1.035
Seychelles,2029,0.694
Seychelles,2030,0.274
Seychelles,2031,0.264
Seychelles,2032,0.219
Seychelles,2033,0.192
Seychelles,2034,0.169
Seychelles,2035,0.15
Seychelles,2036,0.119
Seychelles,2037,0.101
Seychelles,2038,0.07
Seychelles,2039,0.062
Seychelles,2040,0.063
Seychelles,2041,0.018
Seychelles,2042,0.008
Seychelles,2043,-0.011
Seychelles,2044,-0.039
Seychelles,2045,-0.042
Seychelles,2046,-0.081
Seychelles,2047,-0.101
Seychelles,2048,-0.117
Seychelles,2049,-0.15
Seychelles,2050,-0.152
Seychelles,2051,-0.172
Seychelles,2052,-0.178
Seychelles,2053,-0.187
Seychelles,2054,-0.23
Seychelles,2055,-0.243
Seychelles,2056,-0.259
Seychelles,2057,-0.289
Seychelles,2058,-0.294
Seychelles,2059,-0.316
Seychelles,2060,-0.337
Seychelles,2061,-0.36
Seychelles,2062,-0.376
Seychelles,2063,-0.41
Seychelles,2064,-0.419
Seychelles,2065,-0.44
Seychelles,2066,-0.448
Seychelles,2067,-0.446
Seychelles,2068,-0.462
Seychelles,2069,-0.458
Seychelles,2070,-0.49
Seychelles,2071,-0.492
Seychelles,2072,-0.496
Seychelles,2073,-0.509
Seychelles,2074,-0.509
Seychelles,2075,-0.521
Seychelles,2076,-0.514
Seychelles,2077,-0.527
Seychelles,2078,-0.529
Seychelles,2079,-0.519
Seychelles,2080,-0.519
Seychelles,2081,-0.5
Seychelles,2082,-0.499
Seychelles,2083,-0.483
Seychelles,2084,-0.468
Seychelles,2085,-0.467
Seychelles,2086,-0.444
Seychelles,2087,-0.443
Seychelles,2088,-0.405
Seychelles,2089,-0.417
Seychelles,2090,-0.382
Seychelles,2091,-0.389
Seychelles,2092,-0.383
Seychelles,2093,-0.371
Seychelles,2094,-0.38
Seychelles,2095,-0.378
Seychelles,2096,-0.366
Seychelles,2097,-0.363
Seychelles,2098,-0.367
Seychelles,2099,-0.366
Seychelles,2100,-0.358
Sierra Leone,1950,1.169
Sierra Leone,1951,1.183
Sierra Leone,1952,1.168
Sierra Leone,1953,1.126
Sierra Leone,1954,1.203
Sierra Leone,1955,1.247
Sierra Leone,1956,1.291
Sierra Leone,1957,1.324
Sierra Leone,1958,1.287
Sierra Leone,1959,1.432
Sierra Leone,1960,1.528
Sierra Leone,1961,1.609
Sierra Leone,1962,1.663
Sierra Leone,1963,1.724
Sierra Leone,1964,1.781
Sierra Leone,1965,1.838
Sierra Leone,1966,1.852
Sierra Leone,1967,1.909
Sierra Leone,1968,1.891
Sierra Leone,1969,1.89
Sierra Leone,1970,1.901
Sierra Leone,1971,1.821
Sierra Leone,1972,1.848
Sierra Leone,1973,1.853
Sierra Leone,1974,1.845
Sierra Leone,1975,1.833
Sierra Leone,1976,1.777
Sierra Leone,1977,1.921
Sierra Leone,1978,1.942
Sierra Leone,1979,1.961
Sierra Leone,1980,2.026
Sierra Leone,1981,2.019
Sierra Leone,1982,2.085
Sierra Leone,1983,2.179
Sierra Leone,1984,2.202
Sierra Leone,1985,2.226
Sierra Leone,1986,2.653
Sierra Leone,1987,2.71
Sierra Leone,1988,2.69
Sierra Leone,1989,2.311
Sierra Leone,1990,5.538
Sierra Leone,1991,-3.144
Sierra Leone,1992,-0.632
Sierra Leone,1993,0.189
Sierra Leone,1994,0.578
Sierra Leone,1995,-0.286
Sierra Leone,1996,1.239
Sierra Leone,1997,1.34
Sierra Leone,1998,0.632
Sierra Leone,1999,0.402
Sierra Leone,2000,4.381
Sierra Leone,2001,7.343
Sierra Leone,2002,4.285
Sierra Leone,2003,3.854
Sierra Leone,2004,2.923
Sierra Leone,2005,2.462
Sierra Leone,2006,1.957
Sierra Leone,2007,2.43
Sierra Leone,2008,2.562
Sierra Leone,2009,2.821
Sierra Leone,2010,2.625
Sierra Leone,2011,2.595
Sierra Leone,2012,2.472
Sierra Leone,2013,2.443
Sierra Leone,2014,2.336
Sierra Leone,2015,2.301
Sierra Leone,2016,2.407
Sierra Leone,2017,2.365
Sierra Leone,2018,2.33
Sierra Leone,2019,2.313
Sierra Leone,2020,2.304
Sierra Leone,2021,2.246
Sierra Leone,2022,2.207
Sierra Leone,2023,2.184
Sierra Leone,2024,2.062
Sierra Leone,2025,2.01
Sierra Leone,2026,1.963
Sierra Leone,2027,1.954
Sierra Leone,2028,1.812
Sierra Leone,2029,1.83
Sierra Leone,2030,1.793
Sierra Leone,2031,1.794
Sierra Leone,2032,1.76
Sierra Leone,2033,1.672
Sierra Leone,2034,1.637
Sierra Leone,2035,1.64
Sierra Leone,2036,1.575
Sierra Leone,2037,1.529
Sierra Leone,2038,1.455
Sierra Leone,2039,1.485
Sierra Leone,2040,1.49
Sierra Leone,2041,1.433
Sierra Leone,2042,1.359
Sierra Leone,2043,1.337
Sierra Leone,2044,1.362
Sierra Leone,2045,1.268
Sierra Leone,2046,1.248
Sierra Leone,2047,1.153
Sierra Leone,2048,1.181
Sierra Leone,2049,1.106
Sierra Leone,2050,1.118
Sierra Leone,2051,1.111
Sierra Leone,2052,1.055
Sierra Leone,2053,1.002
Sierra Leone,2054,0.926
Sierra Leone,2055,0.944
Sierra Leone,2056,0.897
Sierra Leone,2057,0.856
Sierra Leone,2058,0.834
Sierra Leone,2059,0.789
Sierra Leone,2060,0.784
Sierra Leone,2061,0.73
Sierra Leone,2062,0.771
Sierra Leone,2063,0.672
Sierra Leone,2064,0.656
Sierra Leone,2065,0.655
Sierra Leone,2066,0.647
Sierra Leone,2067,0.636
Sierra Leone,2068,0.584
Sierra Leone,2069,0.529
Sierra Leone,2070,0.504
Sierra Leone,2071,0.466
Sierra Leone,2072,0.453
Sierra Leone,2073,0.435
Sierra Leone,2074,0.353
Sierra Leone,2075,0.383
Sierra Leone,2076,0.35
Sierra Leone,2077,0.324
Sierra Leone,2078,0.311
Sierra Leone,2079,0.264
Sierra Leone,2080,0.24
Sierra Leone,2081,0.251
Sierra Leone,2082,0.225
Sierra Leone,2083,0.21
Sierra Leone,2084,0.147
Sierra Leone,2085,0.133
Sierra Leone,2086,0.168
Sierra Leone,2087,0.1
Sierra Leone,2088,0.085
Sierra Leone,2089,0.072
Sierra Leone,2090,0.06
Sierra Leone,2091,0.043
Sierra Leone,2092,0.018
Sierra Leone,2093,-0.029
Sierra Leone,2094,0.002
Sierra Leone,2095,-0.053
Sierra Leone,2096,-0.067
Sierra Leone,2097,-0.092
Sierra Leone,2098,-0.081
Sierra Leone,2099,-0.092
Sierra Leone,2100,-0.137
Singapore,1950,5.244
Singapore,1951,5.274
Singapore,1952,5.311
Singapore,1953,5.312
Singapore,1954,5.308
Singapore,1955,5.261
Singapore,1956,5.178
Singapore,1957,4.295
Singapore,1958,3.45
Singapore,1959,3.302
Singapore,1960,3.173
Singapore,1961,3.048
Singapore,1962,2.935
Singapore,1963,2.831
Singapore,1964,2.732
Singapore,1965,2.617
Singapore,1966,2.479
Singapore,1967,2.32
Singapore,1968,2.15
Singapore,1969,1.994
Singapore,1970,1.812
Singapore,1971,1.685
Singapore,1972,1.661
Singapore,1973,1.621
Singapore,1974,1.531
Singapore,1975,1.441
Singapore,1976,1.38
Singapore,1977,1.28
Singapore,1978,1.197
Singapore,1979,1.124
Singapore,1980,2.947
Singapore,1981,4.614
Singapore,1982,2.833
Singapore,1983,1.589
Singapore,1984,1
Singapore,1985,0.037
Singapore,1986,0.664
Singapore,1987,2.002
Singapore,1988,2.779
Singapore,1989,3.405
Singapore,1990,3.35
Singapore,1991,2.92
Singapore,1992,2.751
Singapore,1993,2.836
Singapore,1994,3.095
Singapore,1995,3.562
Singapore,1996,3.712
Singapore,1997,3.375
Singapore,1998,2.089
Singapore,1999,1.23
Singapore,2000,2.195
Singapore,2001,1.78
Singapore,2002,-0.285
Singapore,2003,-0.133
Singapore,2004,1.786
Singapore,2005,2.733
Singapore,2006,3.647
Singapore,2007,4.748
Singapore,2008,4.209
Singapore,2009,2.443
Singapore,2010,1.881
Singapore,2011,2.218
Singapore,2012,2.026
Singapore,2013,1.434
Singapore,2014,1.235
Singapore,2015,1.222
Singapore,2016,0.676
Singapore,2017,0.261
Singapore,2018,0.816
Singapore,2019,0.431
Singapore,2020,-2.193
Singapore,2021,-0.441
Singapore,2022,4.101
Singapore,2023,0.807
Singapore,2024,0.683
Singapore,2025,0.628
Singapore,2026,0.561
Singapore,2027,0.58
Singapore,2028,0.555
Singapore,2029,0.472
Singapore,2030,0.435
Singapore,2031,0.459
Singapore,2032,0.424
Singapore,2033,0.426
Singapore,2034,0.346
Singapore,2035,0.255
Singapore,2036,0.187
Singapore,2037,0.181
Singapore,2038,0.137
Singapore,2039,0.052
Singapore,2040,-0.024
Singapore,2041,-0.087
Singapore,2042,-0.105
Singapore,2043,-0.125
Singapore,2044,-0.203
Singapore,2045,-0.186
Singapore,2046,-0.223
Singapore,2047,-0.281
Singapore,2048,-0.208
Singapore,2049,-0.267
Singapore,2050,-0.292
Singapore,2051,-0.273
Singapore,2052,-0.197
Singapore,2053,-0.258
Singapore,2054,-0.34
Singapore,2055,-0.3
Singapore,2056,-0.293
Singapore,2057,-0.286
Singapore,2058,-0.363
Singapore,2059,-0.34
Singapore,2060,-0.415
Singapore,2061,-0.378
Singapore,2062,-0.404
Singapore,2063,-0.37
Singapore,2064,-0.44
Singapore,2065,-0.523
Singapore,2066,-0.55
Singapore,2067,-0.477
Singapore,2068,-0.523
Singapore,2069,-0.554
Singapore,2070,-0.528
Singapore,2071,-0.578
Singapore,2072,-0.617
Singapore,2073,-0.673
Singapore,2074,-0.798
Singapore,2075,-0.834
Singapore,2076,-0.771
Singapore,2077,-0.856
Singapore,2078,-0.908
Singapore,2079,-0.982
Singapore,2080,-1.006
Singapore,2081,-1.052
Singapore,2082,-1.088
Singapore,2083,-1.092
Singapore,2084,-1.098
Singapore,2085,-1.145
Singapore,2086,-1.186
Singapore,2087,-1.178
Singapore,2088,-1.169
Singapore,2089,-1.233
Singapore,2090,-1.19
Singapore,2091,-1.188
Singapore,2092,-1.115
Singapore,2093,-1.14
Singapore,2094,-1.178
Singapore,2095,-1.124
Singapore,2096,-1.12
Singapore,2097,-1.083
Singapore,2098,-1.078
Singapore,2099,-0.994
Singapore,2100,-0.949
Sint Maarten (Dutch part),1950,7.175
Sint Maarten (Dutch part),1951,6.57
Sint Maarten (Dutch part),1952,5.282
Sint Maarten (Dutch part),1953,5.41
Sint Maarten (Dutch part),1954,5.398
Sint Maarten (Dutch part),1955,6.623
Sint Maarten (Dutch part),1956,6.165
Sint Maarten (Dutch part),1957,6.772
Sint Maarten (Dutch part),1958,6.342
Sint Maarten (Dutch part),1959,6.31
Sint Maarten (Dutch part),1960,8.441
Sint Maarten (Dutch part),1961,9.47
Sint Maarten (Dutch part),1962,9.443
Sint Maarten (Dutch part),1963,9.27
Sint Maarten (Dutch part),1964,8.801
Sint Maarten (Dutch part),1965,8.762
Sint Maarten (Dutch part),1966,8.324
Sint Maarten (Dutch part),1967,8.387
Sint Maarten (Dutch part),1968,7.912
Sint Maarten (Dutch part),1969,7.738
Sint Maarten (Dutch part),1970,7.362
Sint Maarten (Dutch part),1971,6.913
Sint Maarten (Dutch part),1972,6.899
Sint Maarten (Dutch part),1973,7.115
Sint Maarten (Dutch part),1974,6.938
Sint Maarten (Dutch part),1975,6.744
Sint Maarten (Dutch part),1976,6.497
Sint Maarten (Dutch part),1977,6.438
Sint Maarten (Dutch part),1978,6.171
Sint Maarten (Dutch part),1979,5.87
Sint Maarten (Dutch part),1980,5.529
Sint Maarten (Dutch part),1981,8.259
Sint Maarten (Dutch part),1982,10.354
Sint Maarten (Dutch part),1983,9.565
Sint Maarten (Dutch part),1984,8.936
Sint Maarten (Dutch part),1985,8.371
Sint Maarten (Dutch part),1986,7.959
Sint Maarten (Dutch part),1987,7.56
Sint Maarten (Dutch part),1988,7.266
Sint Maarten (Dutch part),1989,7.095
Sint Maarten (Dutch part),1990,6.873
Sint Maarten (Dutch part),1991,6.796
Sint Maarten (Dutch part),1992,3.178
Sint Maarten (Dutch part),1993,-0.272
Sint Maarten (Dutch part),1994,-0.407
Sint Maarten (Dutch part),1995,-0.504
Sint Maarten (Dutch part),1996,-0.598
Sint Maarten (Dutch part),1997,-0.634
Sint Maarten (Dutch part),1998,-0.712
Sint Maarten (Dutch part),1999,-0.681
Sint Maarten (Dutch part),2000,-0.634
Sint Maarten (Dutch part),2001,0.325
Sint Maarten (Dutch part),2002,1.192
Sint Maarten (Dutch part),2003,1.162
Sint Maarten (Dutch part),2004,1.142
Sint Maarten (Dutch part),2005,1.164
Sint Maarten (Dutch part),2006,1.138
Sint Maarten (Dutch part),2007,1.083
Sint Maarten (Dutch part),2008,1.068
Sint Maarten (Dutch part),2009,1.009
Sint Maarten (Dutch part),2010,0.796
Sint Maarten (Dutch part),2011,1.973
Sint Maarten (Dutch part),2012,2.384
Sint Maarten (Dutch part),2013,2.309
Sint Maarten (Dutch part),2014,2.201
Sint Maarten (Dutch part),2015,2.116
Sint Maarten (Dutch part),2016,1.992
Sint Maarten (Dutch part),2017,1.88
Sint Maarten (Dutch part),2018,1.758
Sint Maarten (Dutch part),2019,1.602
Sint Maarten (Dutch part),2020,1.461
Sint Maarten (Dutch part),2021,1.27
Sint Maarten (Dutch part),2022,1.441
Sint Maarten (Dutch part),2023,1.436
Sint Maarten (Dutch part),2024,1.359
Sint Maarten (Dutch part),2025,1.266
Sint Maarten (Dutch part),2026,1.107
Sint Maarten (Dutch part),2027,1.115
Sint Maarten (Dutch part),2028,1.021
Sint Maarten (Dutch part),2029,1.002
Sint Maarten (Dutch part),2030,0.917
Sint Maarten (Dutch part),2031,0.864
Sint Maarten (Dutch part),2032,0.861
Sint Maarten (Dutch part),2033,0.747
Sint Maarten (Dutch part),2034,0.75
Sint Maarten (Dutch part),2035,0.73
Sint Maarten (Dutch part),2036,0.683
Sint Maarten (Dutch part),2037,0.626
Sint Maarten (Dutch part),2038,0.591
Sint Maarten (Dutch part),2039,0.505
Sint Maarten (Dutch part),2040,0.529
Sint Maarten (Dutch part),2041,0.416
Sint Maarten (Dutch part),2042,0.309
Sint Maarten (Dutch part),2043,0.342
Sint Maarten (Dutch part),2044,0.297
Sint Maarten (Dutch part),2045,0.3
Sint Maarten (Dutch part),2046,0.274
Sint Maarten (Dutch part),2047,0.23
Sint Maarten (Dutch part),2048,0.143
Sint Maarten (Dutch part),2049,-0.043
Sint Maarten (Dutch part),2050,0.045
Sint Maarten (Dutch part),2051,-0.049
Sint Maarten (Dutch part),2052,-0.047
Sint Maarten (Dutch part),2053,0.012
Sint Maarten (Dutch part),2054,-0.13
Sint Maarten (Dutch part),2055,-0.165
Sint Maarten (Dutch part),2056,-0.173
Sint Maarten (Dutch part),2057,-0.189
Sint Maarten (Dutch part),2058,-0.213
Sint Maarten (Dutch part),2059,-0.216
Sint Maarten (Dutch part),2060,-0.153
Sint Maarten (Dutch part),2061,-0.155
Sint Maarten (Dutch part),2062,-0.175
Sint Maarten (Dutch part),2063,-0.233
Sint Maarten (Dutch part),2064,-0.242
Sint Maarten (Dutch part),2065,-0.234
Sint Maarten (Dutch part),2066,-0.358
Sint Maarten (Dutch part),2067,-0.309
Sint Maarten (Dutch part),2068,-0.279
Sint Maarten (Dutch part),2069,-0.333
Sint Maarten (Dutch part),2070,-0.242
Sint Maarten (Dutch part),2071,-0.275
Sint Maarten (Dutch part),2072,-0.327
Sint Maarten (Dutch part),2073,-0.326
Sint Maarten (Dutch part),2074,-0.361
Sint Maarten (Dutch part),2075,-0.343
Sint Maarten (Dutch part),2076,-0.359
Sint Maarten (Dutch part),2077,-0.433
Sint Maarten (Dutch part),2078,-0.446
Sint Maarten (Dutch part),2079,-0.353
Sint Maarten (Dutch part),2080,-0.401
Sint Maarten (Dutch part),2081,-0.402
Sint Maarten (Dutch part),2082,-0.483
Sint Maarten (Dutch part),2083,-0.431
Sint Maarten (Dutch part),2084,-0.474
Sint Maarten (Dutch part),2085,-0.472
Sint Maarten (Dutch part),2086,-0.513
Sint Maarten (Dutch part),2087,-0.514
Sint Maarten (Dutch part),2088,-0.512
Sint Maarten (Dutch part),2089,-0.599
Sint Maarten (Dutch part),2090,-0.547
Sint Maarten (Dutch part),2091,-0.626
Sint Maarten (Dutch part),2092,-0.609
Sint Maarten (Dutch part),2093,-0.658
Sint Maarten (Dutch part),2094,-0.624
Sint Maarten (Dutch part),2095,-0.642
Sint Maarten (Dutch part),2096,-0.685
Sint Maarten (Dutch part),2097,-0.713
Sint Maarten (Dutch part),2098,-0.713
Sint Maarten (Dutch part),2099,-0.714
Sint Maarten (Dutch part),2100,-0.74
Slovakia,1950,1.579
Slovakia,1951,1.831
Slovakia,1952,1.905
Slovakia,1953,1.858
Slovakia,1954,1.821
Slovakia,1955,1.863
Slovakia,1956,1.838
Slovakia,1957,1.677
Slovakia,1958,1.641
Slovakia,1959,1.433
Slovakia,1960,1.486
Slovakia,1961,1.446
Slovakia,1962,0.953
Slovakia,1963,1.051
Slovakia,1964,1.033
Slovakia,1965,0.89
Slovakia,1966,0.806
Slovakia,1967,0.729
Slovakia,1968,0.635
Slovakia,1969,0.642
Slovakia,1970,0.725
Slovakia,1971,0.796
Slovakia,1972,0.924
Slovakia,1973,0.975
Slovakia,1974,1.038
Slovakia,1975,1.021
Slovakia,1976,1.051
Slovakia,1977,0.994
Slovakia,1978,0.981
Slovakia,1979,0.963
Slovakia,1980,0.782
Slovakia,1981,0.751
Slovakia,1982,0.713
Slovakia,1983,0.654
Slovakia,1984,0.637
Slovakia,1985,0.601
Slovakia,1986,0.519
Slovakia,1987,0.474
Slovakia,1988,0.438
Slovakia,1989,0.335
Slovakia,1990,0.279
Slovakia,1991,0.433
Slovakia,1992,0.381
Slovakia,1993,0.368
Slovakia,1994,0.264
Slovakia,1995,0.149
Slovakia,1996,0.155
Slovakia,1997,0.119
Slovakia,1998,0.068
Slovakia,1999,0.055
Slovakia,2000,0.015
Slovakia,2001,-0.036
Slovakia,2002,-0.029
Slovakia,2003,-0.027
Slovakia,2004,0.021
Slovakia,2005,0.004
Slovakia,2006,0.002
Slovakia,2007,0.004
Slovakia,2008,0.075
Slovakia,2009,0.146
Slovakia,2010,0.106
Slovakia,2011,0.126
Slovakia,2012,0.124
Slovakia,2013,0.081
Slovakia,2014,0.096
Slovakia,2015,0.09
Slovakia,2016,0.167
Slovakia,2017,0.143
Slovakia,2018,0.133
Slovakia,2019,0.138
Slovakia,2020,0.023
Slovakia,2021,-0.474
Slovakia,2022,1.584
Slovakia,2023,0.055
Slovakia,2024,-0.465
Slovakia,2025,-0.696
Slovakia,2026,-0.164
Slovakia,2027,-0.199
Slovakia,2028,-0.229
Slovakia,2029,-0.263
Slovakia,2030,-0.293
Slovakia,2031,-0.319
Slovakia,2032,-0.342
Slovakia,2033,-0.364
Slovakia,2034,-0.383
Slovakia,2035,-0.405
Slovakia,2036,-0.421
Slovakia,2037,-0.434
Slovakia,2038,-0.447
Slovakia,2039,-0.457
Slovakia,2040,-0.469
Slovakia,2041,-0.478
Slovakia,2042,-0.483
Slovakia,2043,-0.493
Slovakia,2044,-0.499
Slovakia,2045,-0.502
Slovakia,2046,-0.509
Slovakia,2047,-0.516
Slovakia,2048,-0.523
Slovakia,2049,-0.536
Slovakia,2050,-0.546
Slovakia,2051,-0.558
Slovakia,2052,-0.573
Slovakia,2053,-0.588
Slovakia,2054,-0.601
Slovakia,2055,-0.624
Slovakia,2056,-0.646
Slovakia,2057,-0.667
Slovakia,2058,-0.691
Slovakia,2059,-0.713
Slovakia,2060,-0.734
Slovakia,2061,-0.753
Slovakia,2062,-0.775
Slovakia,2063,-0.793
Slovakia,2064,-0.811
Slovakia,2065,-0.824
Slovakia,2066,-0.836
Slovakia,2067,-0.85
Slovakia,2068,-0.862
Slovakia,2069,-0.867
Slovakia,2070,-0.87
Slovakia,2071,-0.87
Slovakia,2072,-0.871
Slovakia,2073,-0.864
Slovakia,2074,-0.856
Slovakia,2075,-0.849
Slovakia,2076,-0.838
Slovakia,2077,-0.826
Slovakia,2078,-0.809
Slovakia,2079,-0.796
Slovakia,2080,-0.783
Slovakia,2081,-0.767
Slovakia,2082,-0.752
Slovakia,2083,-0.738
Slovakia,2084,-0.724
Slovakia,2085,-0.712
Slovakia,2086,-0.698
Slovakia,2087,-0.685
Slovakia,2088,-0.674
Slovakia,2089,-0.668
Slovakia,2090,-0.659
Slovakia,2091,-0.653
Slovakia,2092,-0.648
Slovakia,2093,-0.644
Slovakia,2094,-0.642
Slovakia,2095,-0.642
Slovakia,2096,-0.64
Slovakia,2097,-0.645
Slovakia,2098,-0.649
Slovakia,2099,-0.652
Slovakia,2100,-0.659
Slovenia,1950,1.12
Slovenia,1951,1.131
Slovenia,1952,1.171
Slovenia,1953,1.232
Slovenia,1954,1.164
Slovenia,1955,1.072
Slovenia,1956,1.023
Slovenia,1957,0.954
Slovenia,1958,0.878
Slovenia,1959,0.834
Slovenia,1960,0.788
Slovenia,1961,0.885
Slovenia,1962,0.901
Slovenia,1963,0.85
Slovenia,1964,0.832
Slovenia,1965,0.843
Slovenia,1966,0.859
Slovenia,1967,0.819
Slovenia,1968,0.708
Slovenia,1969,0.657
Slovenia,1970,0.632
Slovenia,1971,0.839
Slovenia,1972,0.923
Slovenia,1973,0.919
Slovenia,1974,0.918
Slovenia,1975,0.913
Slovenia,1976,0.923
Slovenia,1977,0.918
Slovenia,1978,0.931
Slovenia,1979,0.922
Slovenia,1980,0.89
Slovenia,1981,0.319
Slovenia,1982,0.035
Slovenia,1983,0.525
Slovenia,1984,0.445
Slovenia,1985,0.46
Slovenia,1986,1.924
Slovenia,1987,0.431
Slovenia,1988,0.122
Slovenia,1989,0.073
Slovenia,1990,0.182
Slovenia,1991,-0.063
Slovenia,1992,-0.271
Slovenia,1993,-0.236
Slovenia,1994,-0.02
Slovenia,1995,0.003
Slovenia,1996,-0.134
Slovenia,1997,-0.107
Slovenia,1998,-0.331
Slovenia,1999,0.444
Slovenia,2000,0.123
Slovenia,2001,0.165
Slovenia,2002,0.025
Slovenia,2003,0.067
Slovenia,2004,0.039
Slovenia,2005,0.299
Slovenia,2006,0.321
Slovenia,2007,0.777
Slovenia,2008,0.306
Slovenia,2009,0.729
Slovenia,2010,0.155
Slovenia,2011,0.255
Slovenia,2012,0.186
Slovenia,2013,0.118
Slovenia,2014,0.073
Slovenia,2015,0.078
Slovenia,2016,0.061
Slovenia,2017,0.04
Slovenia,2018,0.644
Slovenia,2019,0.701
Slovenia,2020,1.111
Slovenia,2021,-0.057
Slovenia,2022,0.221
Slovenia,2023,0.078
Slovenia,2024,-0.05
Slovenia,2025,-0.104
Slovenia,2026,-0.133
Slovenia,2027,-0.154
Slovenia,2028,-0.198
Slovenia,2029,-0.211
Slovenia,2030,-0.224
Slovenia,2031,-0.241
Slovenia,2032,-0.239
Slovenia,2033,-0.247
Slovenia,2034,-0.238
Slovenia,2035,-0.253
Slovenia,2036,-0.265
Slovenia,2037,-0.279
Slovenia,2038,-0.252
Slovenia,2039,-0.264
Slovenia,2040,-0.255
Slovenia,2041,-0.278
Slovenia,2042,-0.302
Slovenia,2043,-0.309
Slovenia,2044,-0.32
Slovenia,2045,-0.327
Slovenia,2046,-0.328
Slovenia,2047,-0.341
Slovenia,2048,-0.34
Slovenia,2049,-0.369
Slovenia,2050,-0.394
Slovenia,2051,-0.406
Slovenia,2052,-0.435
Slovenia,2053,-0.442
Slovenia,2054,-0.465
Slovenia,2055,-0.483
Slovenia,2056,-0.483
Slovenia,2057,-0.516
Slovenia,2058,-0.486
Slovenia,2059,-0.52
Slovenia,2060,-0.537
Slovenia,2061,-0.525
Slovenia,2062,-0.514
Slovenia,2063,-0.515
Slovenia,2064,-0.533
Slovenia,2065,-0.52
Slovenia,2066,-0.498
Slovenia,2067,-0.493
Slovenia,2068,-0.507
Slovenia,2069,-0.504
Slovenia,2070,-0.473
Slovenia,2071,-0.463
Slovenia,2072,-0.446
Slovenia,2073,-0.459
Slovenia,2074,-0.433
Slovenia,2075,-0.41
Slovenia,2076,-0.39
Slovenia,2077,-0.379
Slovenia,2078,-0.381
Slovenia,2079,-0.352
Slovenia,2080,-0.353
Slovenia,2081,-0.324
Slovenia,2082,-0.309
Slovenia,2083,-0.306
Slovenia,2084,-0.291
Slovenia,2085,-0.285
Slovenia,2086,-0.289
Slovenia,2087,-0.273
Slovenia,2088,-0.261
Slovenia,2089,-0.26
Slovenia,2090,-0.27
Slovenia,2091,-0.249
Slovenia,2092,-0.251
Slovenia,2093,-0.255
Slovenia,2094,-0.251
Slovenia,2095,-0.254
Slovenia,2096,-0.256
Slovenia,2097,-0.264
Slovenia,2098,-0.248
Slovenia,2099,-0.256
Slovenia,2100,-0.27
Solomon Islands,1950,2.036
Solomon Islands,1951,2.195
Solomon Islands,1952,2.314
Solomon Islands,1953,2.426
Solomon Islands,1954,2.505
Solomon Islands,1955,2.598
Solomon Islands,1956,2.502
Solomon Islands,1957,2.743
Solomon Islands,1958,2.815
Solomon Islands,1959,2.879
Solomon Islands,1960,2.295
Solomon Islands,1961,2.269
Solomon Islands,1962,2.282
Solomon Islands,1963,2.3
Solomon Islands,1964,2.32
Solomon Islands,1965,2.33
Solomon Islands,1966,2.346
Solomon Islands,1967,2.399
Solomon Islands,1968,2.457
Solomon Islands,1969,2.467
Solomon Islands,1970,2.237
Solomon Islands,1971,2.306
Solomon Islands,1972,2.46
Solomon Islands,1973,2.64
Solomon Islands,1974,2.832
Solomon Islands,1975,2.932
Solomon Islands,1976,3.385
Solomon Islands,1977,3.469
Solomon Islands,1978,3.506
Solomon Islands,1979,3.507
Solomon Islands,1980,3.486
Solomon Islands,1981,3.464
Solomon Islands,1982,3.428
Solomon Islands,1983,3.404
Solomon Islands,1984,3.368
Solomon Islands,1985,3.324
Solomon Islands,1986,3.216
Solomon Islands,1987,3.238
Solomon Islands,1988,3.195
Solomon Islands,1989,3.141
Solomon Islands,1990,3.083
Solomon Islands,1991,3.041
Solomon Islands,1992,2.993
Solomon Islands,1993,2.956
Solomon Islands,1994,2.93
Solomon Islands,1995,2.903
Solomon Islands,1996,2.875
Solomon Islands,1997,2.834
Solomon Islands,1998,2.779
Solomon Islands,1999,2.605
Solomon Islands,2000,1.98
Solomon Islands,2001,1.913
Solomon Islands,2002,1.858
Solomon Islands,2003,1.816
Solomon Islands,2004,1.781
Solomon Islands,2005,1.757
Solomon Islands,2006,1.737
Solomon Islands,2007,1.717
Solomon Islands,2008,1.707
Solomon Islands,2009,1.934
Solomon Islands,2010,3.685
Solomon Islands,2011,3.675
Solomon Islands,2012,3.662
Solomon Islands,2013,3.643
Solomon Islands,2014,3.608
Solomon Islands,2015,3.56
Solomon Islands,2016,3.498
Solomon Islands,2017,3.416
Solomon Islands,2018,3.306
Solomon Islands,2019,2.012
Solomon Islands,2020,2.425
Solomon Islands,2021,2.378
Solomon Islands,2022,2.409
Solomon Islands,2023,2.383
Solomon Islands,2024,2.358
Solomon Islands,2025,2.334
Solomon Islands,2026,2.296
Solomon Islands,2027,2.269
Solomon Islands,2028,2.23
Solomon Islands,2029,2.193
Solomon Islands,2030,2.158
Solomon Islands,2031,2.118
Solomon Islands,2032,2.086
Solomon Islands,2033,2.027
Solomon Islands,2034,1.981
Solomon Islands,2035,1.927
Solomon Islands,2036,1.861
Solomon Islands,2037,1.799
Solomon Islands,2038,1.73
Solomon Islands,2039,1.665
Solomon Islands,2040,1.596
Solomon Islands,2041,1.551
Solomon Islands,2042,1.525
Solomon Islands,2043,1.49
Solomon Islands,2044,1.452
Solomon Islands,2045,1.421
Solomon Islands,2046,1.385
Solomon Islands,2047,1.355
Solomon Islands,2048,1.325
Solomon Islands,2049,1.296
Solomon Islands,2050,1.269
Solomon Islands,2051,1.235
Solomon Islands,2052,1.214
Solomon Islands,2053,1.181
Solomon Islands,2054,1.152
Solomon Islands,2055,1.129
Solomon Islands,2056,1.1
Solomon Islands,2057,1.072
Solomon Islands,2058,1.062
Solomon Islands,2059,1.036
Solomon Islands,2060,1.005
Solomon Islands,2061,0.992
Solomon Islands,2062,0.962
Solomon Islands,2063,0.95
Solomon Islands,2064,0.921
Solomon Islands,2065,0.896
Solomon Islands,2066,0.873
Solomon Islands,2067,0.858
Solomon Islands,2068,0.837
Solomon Islands,2069,0.811
Solomon Islands,2070,0.784
Solomon Islands,2071,0.769
Solomon Islands,2072,0.741
Solomon Islands,2073,0.718
Solomon Islands,2074,0.682
Solomon Islands,2075,0.671
Solomon Islands,2076,0.659
Solomon Islands,2077,0.63
Solomon Islands,2078,0.604
Solomon Islands,2079,0.577
Solomon Islands,2080,0.567
Solomon Islands,2081,0.543
Solomon Islands,2082,0.522
Solomon Islands,2083,0.501
Solomon Islands,2084,0.483
Solomon Islands,2085,0.46
Solomon Islands,2086,0.443
Solomon Islands,2087,0.423
Solomon Islands,2088,0.408
Solomon Islands,2089,0.389
Solomon Islands,2090,0.377
Solomon Islands,2091,0.358
Solomon Islands,2092,0.346
Solomon Islands,2093,0.322
Solomon Islands,2094,0.295
Solomon Islands,2095,0.29
Solomon Islands,2096,0.261
Solomon Islands,2097,0.249
Solomon Islands,2098,0.227
Solomon Islands,2099,0.219
Solomon Islands,2100,0.205
Somalia,1950,2.871
Somalia,1951,2.793
Somalia,1952,2.716
Somalia,1953,2.625
Somalia,1954,2.61
Somalia,1955,2.586
Somalia,1956,2.569
Somalia,1957,2.548
Somalia,1958,2.469
Somalia,1959,2.564
Somalia,1960,2.594
Somalia,1961,2.603
Somalia,1962,2.615
Somalia,1963,2.614
Somalia,1964,2.617
Somalia,1965,2.642
Somalia,1966,2.611
Somalia,1967,2.634
Somalia,1968,2.626
Somalia,1969,2.63
Somalia,1970,2.652
Somalia,1971,2.589
Somalia,1972,2.643
Somalia,1973,2.674
Somalia,1974,2.513
Somalia,1975,2.515
Somalia,1976,2.508
Somalia,1977,2.832
Somalia,1978,11.116
Somalia,1979,13.486
Somalia,1980,4.049
Somalia,1981,-2.456
Somalia,1982,3.147
Somalia,1983,3.231
Somalia,1984,4.04
Somalia,1985,4.037
Somalia,1986,4.199
Somalia,1987,2.963
Somalia,1988,-2.765
Somalia,1989,-0.576
Somalia,1990,-0.325
Somalia,1991,-7.563
Somalia,1992,-1.881
Somalia,1993,7.409
Somalia,1994,2.79
Somalia,1995,4.399
Somalia,1996,2.893
Somalia,1997,4.11
Somalia,1998,4.172
Somalia,1999,3.923
Somalia,2000,4.076
Somalia,2001,3.907
Somalia,2002,3.6
Somalia,2003,3.779
Somalia,2004,3.592
Somalia,2005,3.356
Somalia,2006,2.783
Somalia,2007,3.434
Somalia,2008,2.506
Somalia,2009,2.542
Somalia,2010,2.423
Somalia,2011,-0.996
Somalia,2012,2.79
Somalia,2013,3.647
Somalia,2014,3.528
Somalia,2015,3.364
Somalia,2016,4.316
Somalia,2017,3.464
Somalia,2018,3.593
Somalia,2019,3.755
Somalia,2020,3.835
Somalia,2021,3.485
Somalia,2022,2.579
Somalia,2023,3.565
Somalia,2024,3.402
Somalia,2025,3.28
Somalia,2026,3.24
Somalia,2027,3.094
Somalia,2028,2.949
Somalia,2029,2.943
Somalia,2030,2.967
Somalia,2031,2.839
Somalia,2032,2.755
Somalia,2033,2.639
Somalia,2034,2.68
Somalia,2035,2.726
Somalia,2036,2.636
Somalia,2037,2.64
Somalia,2038,2.52
Somalia,2039,2.425
Somalia,2040,2.507
Somalia,2041,2.382
Somalia,2042,2.228
Somalia,2043,2.238
Somalia,2044,2.219
Somalia,2045,2.185
Somalia,2046,2.171
Somalia,2047,2.152
Somalia,2048,2.076
Somalia,2049,1.972
Somalia,2050,2
Somalia,2051,1.977
Somalia,2052,1.912
Somalia,2053,1.914
Somalia,2054,1.968
Somalia,2055,1.926
Somalia,2056,1.825
Somalia,2057,1.76
Somalia,2058,1.678
Somalia,2059,1.836
Somalia,2060,1.791
Somalia,2061,1.613
Somalia,2062,1.562
Somalia,2063,1.552
Somalia,2064,1.56
Somalia,2065,1.527
Somalia,2066,1.424
Somalia,2067,1.386
Somalia,2068,1.321
Somalia,2069,1.331
Somalia,2070,1.343
Somalia,2071,1.295
Somalia,2072,1.24
Somalia,2073,1.233
Somalia,2074,1.213
Somalia,2075,1.06
Somalia,2076,1.071
Somalia,2077,1.114
Somalia,2078,1.074
Somalia,2079,1.061
Somalia,2080,0.97
Somalia,2081,0.853
Somalia,2082,0.949
Somalia,2083,0.913
Somalia,2084,0.901
Somalia,2085,0.923
Somalia,2086,0.861
Somalia,2087,0.754
Somalia,2088,0.72
Somalia,2089,0.686
Somalia,2090,0.759
Somalia,2091,0.724
Somalia,2092,0.666
Somalia,2093,0.635
Somalia,2094,0.611
Somalia,2095,0.58
Somalia,2096,0.58
Somalia,2097,0.503
Somalia,2098,0.498
Somalia,2099,0.504
Somalia,2100,0.424
South Africa,1950,2.006
South Africa,1951,2.1
South Africa,1952,2.159
South Africa,1953,2.168
South Africa,1954,2.257
South Africa,1955,2.33
South Africa,1956,2.393
South Africa,1957,2.442
South Africa,1958,2.426
South Africa,1959,2.562
South Africa,1960,2.677
South Africa,1961,2.931
South Africa,1962,3.017
South Africa,1963,3.045
South Africa,1964,3.063
South Africa,1965,3.086
South Africa,1966,3.11
South Africa,1967,3.129
South Africa,1968,3.105
South Africa,1969,3.072
South Africa,1970,2.992
South Africa,1971,2.867
South Africa,1972,2.867
South Africa,1973,2.851
South Africa,1974,2.789
South Africa,1975,2.751
South Africa,1976,2.661
South Africa,1977,2.746
South Africa,1978,2.714
South Africa,1979,2.699
South Africa,1980,3.376
South Africa,1981,3.431
South Africa,1982,3.482
South Africa,1983,3.504
South Africa,1984,3.422
South Africa,1985,3.25
South Africa,1986,3.146
South Africa,1987,3.09
South Africa,1988,3.003
South Africa,1989,2.878
South Africa,1990,2.688
South Africa,1991,1.891
South Africa,1992,1.704
South Africa,1993,2.273
South Africa,1994,0.977
South Africa,1995,1.448
South Africa,1996,1.148
South Africa,1997,1.248
South Africa,1998,1.178
South Africa,1999,1.003
South Africa,2000,0.827
South Africa,2001,0.891
South Africa,2002,1.002
South Africa,2003,0.991
South Africa,2004,1.024
South Africa,2005,1.002
South Africa,2006,1.042
South Africa,2007,1.068
South Africa,2008,1.237
South Africa,2009,1.152
South Africa,2010,1.214
South Africa,2011,1.258
South Africa,2012,1.688
South Africa,2013,1.618
South Africa,2014,1.704
South Africa,2015,2.309
South Africa,2016,-0.415
South Africa,2017,1.716
South Africa,2018,1.649
South Africa,2019,1.65
South Africa,2020,1.595
South Africa,2021,1.487
South Africa,2022,1.342
South Africa,2023,1.315
South Africa,2024,1.185
South Africa,2025,1.115
South Africa,2026,1.054
South Africa,2027,1.043
South Africa,2028,1.025
South Africa,2029,0.99
South Africa,2030,0.94
South Africa,2031,0.921
South Africa,2032,0.896
South Africa,2033,0.865
South Africa,2034,0.844
South Africa,2035,0.828
South Africa,2036,0.798
South Africa,2037,0.787
South Africa,2038,0.759
South Africa,2039,0.734
South Africa,2040,0.729
South Africa,2041,0.724
South Africa,2042,0.71
South Africa,2043,0.696
South Africa,2044,0.682
South Africa,2045,0.671
South Africa,2046,0.676
South Africa,2047,0.659
South Africa,2048,0.62
South Africa,2049,0.614
South Africa,2050,0.596
South Africa,2051,0.6
South Africa,2052,0.56
South Africa,2053,0.54
South Africa,2054,0.543
South Africa,2055,0.524
South Africa,2056,0.499
South Africa,2057,0.495
South Africa,2058,0.49
South Africa,2059,0.472
South Africa,2060,0.457
South Africa,2061,0.439
South Africa,2062,0.44
South Africa,2063,0.434
South Africa,2064,0.421
South Africa,2065,0.386
South Africa,2066,0.387
South Africa,2067,0.371
South Africa,2068,0.361
South Africa,2069,0.354
South Africa,2070,0.379
South Africa,2071,0.372
South Africa,2072,0.322
South Africa,2073,0.316
South Africa,2074,0.321
South Africa,2075,0.307
South Africa,2076,0.295
South Africa,2077,0.31
South Africa,2078,0.308
South Africa,2079,0.3
South Africa,2080,0.303
South Africa,2081,0.298
South Africa,2082,0.289
South Africa,2083,0.288
South Africa,2084,0.27
South Africa,2085,0.25
South Africa,2086,0.275
South Africa,2087,0.268
South Africa,2088,0.263
South Africa,2089,0.258
South Africa,2090,0.25
South Africa,2091,0.267
South Africa,2092,0.242
South Africa,2093,0.244
South Africa,2094,0.24
South Africa,2095,0.221
South Africa,2096,0.21
South Africa,2097,0.203
South Africa,2098,0.22
South Africa,2099,0.223
South Africa,2100,0.23
South Korea,1950,0.002
South Korea,1951,1.122
South Korea,1952,2.466
South Korea,1953,2.85
South Korea,1954,3.215
South Korea,1955,3.302
South Korea,1956,3.358
South Korea,1957,3.401
South Korea,1958,3.358
South Korea,1959,3.269
South Korea,1960,3.092
South Korea,1961,2.487
South Korea,1962,2.344
South Korea,1963,2.231
South Korea,1964,1.987
South Korea,1965,1.734
South Korea,1966,2.062
South Korea,1967,2.243
South Korea,1968,2.166
South Korea,1969,2.134
South Korea,1970,2.148
South Korea,1971,2.095
South Korea,1972,2.054
South Korea,1973,1.969
South Korea,1974,1.82
South Korea,1975,1.488
South Korea,1976,1.305
South Korea,1977,1.229
South Korea,1978,1.137
South Korea,1979,1.151
South Korea,1980,1.118
South Korea,1981,1.731
South Korea,1982,1.687
South Korea,1983,1.564
South Korea,1984,1.402
South Korea,1985,1.293
South Korea,1986,1.455
South Korea,1987,1.418
South Korea,1988,1.402
South Korea,1989,1.383
South Korea,1990,1.16
South Korea,1991,0.459
South Korea,1992,0.504
South Korea,1993,0.541
South Korea,1994,0.539
South Korea,1995,0.511
South Korea,1996,0.676
South Korea,1997,0.647
South Korea,1998,0.609
South Korea,1999,0.554
South Korea,2000,0.588
South Korea,2001,0.592
South Korea,2002,0.492
South Korea,2003,0.415
South Korea,2004,0.353
South Korea,2005,0.294
South Korea,2006,0.352
South Korea,2007,0.361
South Korea,2008,0.378
South Korea,2009,0.407
South Korea,2010,0.508
South Korea,2011,0.955
South Korea,2012,0.957
South Korea,2013,0.935
South Korea,2014,0.925
South Korea,2015,0.828
South Korea,2016,0.401
South Korea,2017,0.333
South Korea,2018,0.267
South Korea,2019,0.224
South Korea,2020,0.126
South Korea,2021,-0.165
South Korea,2022,-0.089
South Korea,2023,-0.041
South Korea,2024,-0.079
South Korea,2025,-0.116
South Korea,2026,-0.142
South Korea,2027,-0.175
South Korea,2028,-0.196
South Korea,2029,-0.23
South Korea,2030,-0.26
South Korea,2031,-0.29
South Korea,2032,-0.326
South Korea,2033,-0.371
South Korea,2034,-0.41
South Korea,2035,-0.448
South Korea,2036,-0.486
South Korea,2037,-0.528
South Korea,2038,-0.568
South Korea,2039,-0.603
South Korea,2040,-0.632
South Korea,2041,-0.673
South Korea,2042,-0.692
South Korea,2043,-0.724
South Korea,2044,-0.765
South Korea,2045,-0.798
South Korea,2046,-0.827
South Korea,2047,-0.883
South Korea,2048,-0.926
South Korea,2049,-0.98
South Korea,2050,-1.023
South Korea,2051,-1.08
South Korea,2052,-1.137
South Korea,2053,-1.171
South Korea,2054,-1.2
South Korea,2055,-1.247
South Korea,2056,-1.291
South Korea,2057,-1.34
South Korea,2058,-1.377
South Korea,2059,-1.392
South Korea,2060,-1.418
South Korea,2061,-1.415
South Korea,2062,-1.444
South Korea,2063,-1.447
South Korea,2064,-1.457
South Korea,2065,-1.46
South Korea,2066,-1.462
South Korea,2067,-1.47
South Korea,2068,-1.467
South Korea,2069,-1.494
South Korea,2070,-1.496
South Korea,2071,-1.495
South Korea,2072,-1.495
South Korea,2073,-1.489
South Korea,2074,-1.493
South Korea,2075,-1.491
South Korea,2076,-1.494
South Korea,2077,-1.496
South Korea,2078,-1.495
South Korea,2079,-1.494
South Korea,2080,-1.502
South Korea,2081,-1.516
South Korea,2082,-1.51
South Korea,2083,-1.519
South Korea,2084,-1.517
South Korea,2085,-1.533
South Korea,2086,-1.54
South Korea,2087,-1.555
South Korea,2088,-1.558
South Korea,2089,-1.568
South Korea,2090,-1.572
South Korea,2091,-1.574
South Korea,2092,-1.573
South Korea,2093,-1.563
South Korea,2094,-1.55
South Korea,2095,-1.54
South Korea,2096,-1.512
South Korea,2097,-1.493
South Korea,2098,-1.481
South Korea,2099,-1.457
South Korea,2100,-1.448
South Sudan,1950,1.385
South Sudan,1951,1.508
South Sudan,1952,1.597
South Sudan,1953,1.685
South Sudan,1954,1.758
South Sudan,1955,1.821
South Sudan,1956,1.806
South Sudan,1957,1.757
South Sudan,1958,1.378
South Sudan,1959,1.44
South Sudan,1960,1.499
South Sudan,1961,1.558
South Sudan,1962,1.613
South Sudan,1963,1.56
South Sudan,1964,2.127
South Sudan,1965,1.67
South Sudan,1966,1.233
South Sudan,1967,1.298
South Sudan,1968,1.361
South Sudan,1969,1.272
South Sudan,1970,1.33
South Sudan,1971,2.096
South Sudan,1972,2.117
South Sudan,1973,2.613
South Sudan,1974,2.605
South Sudan,1975,2.603
South Sudan,1976,2.584
South Sudan,1977,2.557
South Sudan,1978,2.528
South Sudan,1979,2.494
South Sudan,1980,2.473
South Sudan,1981,2.455
South Sudan,1982,2.45
South Sudan,1983,2.062
South Sudan,1984,1.726
South Sudan,1985,1.766
South Sudan,1986,1.799
South Sudan,1987,-0.125
South Sudan,1988,-4.591
South Sudan,1989,-0.999
South Sudan,1990,2.024
South Sudan,1991,2.113
South Sudan,1992,0.895
South Sudan,1993,0.98
South Sudan,1994,3.586
South Sudan,1995,2.44
South Sudan,1996,2.514
South Sudan,1997,3.081
South Sudan,1998,0.928
South Sudan,1999,4.349
South Sudan,2000,4.481
South Sudan,2001,4.47
South Sudan,2002,4.471
South Sudan,2003,4.604
South Sudan,2004,4.73
South Sudan,2005,4.904
South Sudan,2006,5.024
South Sudan,2007,5.054
South Sudan,2008,4.921
South Sudan,2009,4.523
South Sudan,2010,6.023
South Sudan,2011,4.837
South Sudan,2012,4.08
South Sudan,2013,3.415
South Sudan,2014,-2.169
South Sudan,2015,-0.102
South Sudan,2016,-5.021
South Sudan,2017,-5.833
South Sudan,2018,3.22
South Sudan,2019,2.637
South Sudan,2020,2.573
South Sudan,2021,0.546
South Sudan,2022,2.281
South Sudan,2023,5.862
South Sudan,2024,2.069
South Sudan,2025,1.999
South Sudan,2026,2.017
South Sudan,2027,1.984
South Sudan,2028,1.984
South Sudan,2029,1.943
South Sudan,2030,1.949
South Sudan,2031,1.994
South Sudan,2032,1.917
South Sudan,2033,1.841
South Sudan,2034,1.852
South Sudan,2035,1.846
South Sudan,2036,1.791
South Sudan,2037,1.704
South Sudan,2038,1.662
South Sudan,2039,1.579
South Sudan,2040,1.561
South Sudan,2041,1.505
South Sudan,2042,1.449
South Sudan,2043,1.374
South Sudan,2044,1.352
South Sudan,2045,1.283
South Sudan,2046,1.284
South Sudan,2047,1.199
South Sudan,2048,1.158
South Sudan,2049,1.109
South Sudan,2050,1.074
South Sudan,2051,1.106
South Sudan,2052,1.161
South Sudan,2053,1.028
South Sudan,2054,1.068
South Sudan,2055,0.997
South Sudan,2056,0.984
South Sudan,2057,0.979
South Sudan,2058,0.924
South Sudan,2059,0.963
South Sudan,2060,0.868
South Sudan,2061,0.851
South Sudan,2062,0.863
South Sudan,2063,0.84
South Sudan,2064,0.826
South Sudan,2065,0.838
South Sudan,2066,0.766
South Sudan,2067,0.771
South Sudan,2068,0.793
South Sudan,2069,0.67
South Sudan,2070,0.614
South Sudan,2071,0.675
South Sudan,2072,0.643
South Sudan,2073,0.629
South Sudan,2074,0.625
South Sudan,2075,0.518
South Sudan,2076,0.431
South Sudan,2077,0.477
South Sudan,2078,0.418
South Sudan,2079,0.418
South Sudan,2080,0.319
South Sudan,2081,0.318
South Sudan,2082,0.325
South Sudan,2083,0.294
South Sudan,2084,0.304
South Sudan,2085,0.186
South Sudan,2086,0.226
South Sudan,2087,0.146
South Sudan,2088,0.19
South Sudan,2089,0.171
South Sudan,2090,0.091
South Sudan,2091,0.078
South Sudan,2092,0.083
South Sudan,2093,0.036
South Sudan,2094,-0.006
South Sudan,2095,0.034
South Sudan,2096,0.045
South Sudan,2097,-0.008
South Sudan,2098,0.075
South Sudan,2099,0.023
South Sudan,2100,0.026
Spain,1950,0.438
Spain,1951,0.541
Spain,1952,0.809
Spain,1953,0.781
Spain,1954,0.785
Spain,1955,0.816
Spain,1956,0.786
Spain,1957,0.886
Spain,1958,0.996
Spain,1959,0.945
Spain,1960,0.802
Spain,1961,1.126
Spain,1962,1.081
Spain,1963,1.096
Spain,1964,1.196
Spain,1965,1.117
Spain,1966,1.084
Spain,1967,1.09
Spain,1968,1.028
Spain,1969,0.934
Spain,1970,0.943
Spain,1971,1.085
Spain,1972,1.141
Spain,1973,1.085
Spain,1974,1.39
Spain,1975,1.052
Spain,1976,1.063
Spain,1977,1
Spain,1978,0.926
Spain,1979,0.83
Spain,1980,0.814
Spain,1981,0.648
Spain,1982,0.588
Spain,1983,0.493
Spain,1984,0.468
Spain,1985,0.382
Spain,1986,0.313
Spain,1987,0.287
Spain,1988,0.229
Spain,1989,0.168
Spain,1990,0.116
Spain,1991,0.48
Spain,1992,0.631
Spain,1993,0.539
Spain,1994,0.503
Spain,1995,0.468
Spain,1996,0.452
Spain,1997,0.473
Spain,1998,0.483
Spain,1999,0.477
Spain,2000,0.534
Spain,2001,0.564
Spain,2002,1.886
Spain,2003,1.68
Spain,2004,1.716
Spain,2005,1.607
Spain,2006,1.715
Spain,2007,1.924
Spain,2008,1.214
Spain,2009,0.512
Spain,2010,0.367
Spain,2011,0.305
Spain,2012,-0.219
Spain,2013,-0.455
Spain,2014,-0.144
Spain,2015,-0.012
Spain,2016,0.222
Spain,2017,0.358
Spain,2018,0.596
Spain,2019,0.851
Spain,2020,0.178
Spain,2021,0.058
Spain,2022,0.33
Spain,2023,0.018
Spain,2024,-0.022
Spain,2025,-0.064
Spain,2026,-0.1
Spain,2027,-0.103
Spain,2028,-0.122
Spain,2029,-0.141
Spain,2030,-0.174
Spain,2031,-0.192
Spain,2032,-0.187
Spain,2033,-0.19
Spain,2034,-0.198
Spain,2035,-0.217
Spain,2036,-0.228
Spain,2037,-0.234
Spain,2038,-0.238
Spain,2039,-0.256
Spain,2040,-0.271
Spain,2041,-0.282
Spain,2042,-0.302
Spain,2043,-0.302
Spain,2044,-0.336
Spain,2045,-0.365
Spain,2046,-0.381
Spain,2047,-0.405
Spain,2048,-0.421
Spain,2049,-0.47
Spain,2050,-0.472
Spain,2051,-0.493
Spain,2052,-0.545
Spain,2053,-0.586
Spain,2054,-0.596
Spain,2055,-0.62
Spain,2056,-0.685
Spain,2057,-0.689
Spain,2058,-0.694
Spain,2059,-0.727
Spain,2060,-0.737
Spain,2061,-0.776
Spain,2062,-0.79
Spain,2063,-0.785
Spain,2064,-0.803
Spain,2065,-0.785
Spain,2066,-0.79
Spain,2067,-0.781
Spain,2068,-0.789
Spain,2069,-0.766
Spain,2070,-0.772
Spain,2071,-0.744
Spain,2072,-0.745
Spain,2073,-0.716
Spain,2074,-0.703
Spain,2075,-0.669
Spain,2076,-0.646
Spain,2077,-0.612
Spain,2078,-0.583
Spain,2079,-0.572
Spain,2080,-0.547
Spain,2081,-0.533
Spain,2082,-0.507
Spain,2083,-0.505
Spain,2084,-0.489
Spain,2085,-0.483
Spain,2086,-0.464
Spain,2087,-0.46
Spain,2088,-0.474
Spain,2089,-0.483
Spain,2090,-0.477
Spain,2091,-0.46
Spain,2092,-0.457
Spain,2093,-0.463
Spain,2094,-0.467
Spain,2095,-0.483
Spain,2096,-0.478
Spain,2097,-0.501
Spain,2098,-0.513
Spain,2099,-0.521
Spain,2100,-0.536
Sri Lanka,1950,1.79
Sri Lanka,1951,1.894
Sri Lanka,1952,1.969
Sri Lanka,1953,2.023
Sri Lanka,1954,2.062
Sri Lanka,1955,2.095
Sri Lanka,1956,2.125
Sri Lanka,1957,2.227
Sri Lanka,1958,2.337
Sri Lanka,1959,2.412
Sri Lanka,1960,2.433
Sri Lanka,1961,2.434
Sri Lanka,1962,2.443
Sri Lanka,1963,2.451
Sri Lanka,1964,2.459
Sri Lanka,1965,2.429
Sri Lanka,1966,2.403
Sri Lanka,1967,2.427
Sri Lanka,1968,2.381
Sri Lanka,1969,2.298
Sri Lanka,1970,2.201
Sri Lanka,1971,2.065
Sri Lanka,1972,1.994
Sri Lanka,1973,1.899
Sri Lanka,1974,1.816
Sri Lanka,1975,1.808
Sri Lanka,1976,1.816
Sri Lanka,1977,1.813
Sri Lanka,1978,1.865
Sri Lanka,1979,1.866
Sri Lanka,1980,1.782
Sri Lanka,1981,1.578
Sri Lanka,1982,0.89
Sri Lanka,1983,0.445
Sri Lanka,1984,0.244
Sri Lanka,1985,1.074
Sri Lanka,1986,1.318
Sri Lanka,1987,1.026
Sri Lanka,1988,1
Sri Lanka,1989,1.102
Sri Lanka,1990,0.176
Sri Lanka,1991,1.318
Sri Lanka,1992,1.857
Sri Lanka,1993,1.542
Sri Lanka,1994,1.373
Sri Lanka,1995,1.932
Sri Lanka,1996,1.913
Sri Lanka,1997,1.884
Sri Lanka,1998,1.892
Sri Lanka,1999,1.825
Sri Lanka,2000,1.819
Sri Lanka,2001,1.345
Sri Lanka,2002,0.743
Sri Lanka,2003,0.724
Sri Lanka,2004,0.636
Sri Lanka,2005,0.643
Sri Lanka,2006,0.696
Sri Lanka,2007,0.676
Sri Lanka,2008,0.655
Sri Lanka,2009,0.573
Sri Lanka,2010,0.605
Sri Lanka,2011,0.636
Sri Lanka,2012,0.884
Sri Lanka,2013,0.897
Sri Lanka,2014,0.862
Sri Lanka,2015,0.825
Sri Lanka,2016,0.832
Sri Lanka,2017,0.775
Sri Lanka,2018,0.719
Sri Lanka,2019,0.691
Sri Lanka,2020,0.654
Sri Lanka,2021,0.571
Sri Lanka,2022,0.612
Sri Lanka,2023,0.582
Sri Lanka,2024,0.564
Sri Lanka,2025,0.523
Sri Lanka,2026,0.497
Sri Lanka,2027,0.47
Sri Lanka,2028,0.445
Sri Lanka,2029,0.414
Sri Lanka,2030,0.406
Sri Lanka,2031,0.38
Sri Lanka,2032,0.369
Sri Lanka,2033,0.351
Sri Lanka,2034,0.328
Sri Lanka,2035,0.311
Sri Lanka,2036,0.292
Sri Lanka,2037,0.288
Sri Lanka,2038,0.262
Sri Lanka,2039,0.248
Sri Lanka,2040,0.219
Sri Lanka,2041,0.204
Sri Lanka,2042,0.176
Sri Lanka,2043,0.159
Sri Lanka,2044,0.134
Sri Lanka,2045,0.137
Sri Lanka,2046,0.1
Sri Lanka,2047,0.07
Sri Lanka,2048,0.044
Sri Lanka,2049,0.024
Sri Lanka,2050,0.012
Sri Lanka,2051,-0.004
Sri Lanka,2052,-0.017
Sri Lanka,2053,-0.042
Sri Lanka,2054,-0.038
Sri Lanka,2055,-0.049
Sri Lanka,2056,-0.086
Sri Lanka,2057,-0.096
Sri Lanka,2058,-0.11
Sri Lanka,2059,-0.12
Sri Lanka,2060,-0.137
Sri Lanka,2061,-0.138
Sri Lanka,2062,-0.16
Sri Lanka,2063,-0.175
Sri Lanka,2064,-0.195
Sri Lanka,2065,-0.221
Sri Lanka,2066,-0.215
Sri Lanka,2067,-0.238
Sri Lanka,2068,-0.23
Sri Lanka,2069,-0.233
Sri Lanka,2070,-0.251
Sri Lanka,2071,-0.258
Sri Lanka,2072,-0.267
Sri Lanka,2073,-0.29
Sri Lanka,2074,-0.314
Sri Lanka,2075,-0.307
Sri Lanka,2076,-0.32
Sri Lanka,2077,-0.334
Sri Lanka,2078,-0.349
Sri Lanka,2079,-0.379
Sri Lanka,2080,-0.385
Sri Lanka,2081,-0.401
Sri Lanka,2082,-0.402
Sri Lanka,2083,-0.42
Sri Lanka,2084,-0.428
Sri Lanka,2085,-0.454
Sri Lanka,2086,-0.46
Sri Lanka,2087,-0.464
Sri Lanka,2088,-0.473
Sri Lanka,2089,-0.486
Sri Lanka,2090,-0.503
Sri Lanka,2091,-0.496
Sri Lanka,2092,-0.506
Sri Lanka,2093,-0.516
Sri Lanka,2094,-0.523
Sri Lanka,2095,-0.535
Sri Lanka,2096,-0.544
Sri Lanka,2097,-0.548
Sri Lanka,2098,-0.562
Sri Lanka,2099,-0.557
Sri Lanka,2100,-0.558
Sudan,1950,2.949
Sudan,1951,2.977
Sudan,1952,2.974
Sudan,1953,2.946
Sudan,1954,2.987
Sudan,1955,3.007
Sudan,1956,3.025
Sudan,1957,3.039
Sudan,1958,2.993
Sudan,1959,3.104
Sudan,1960,3.162
Sudan,1961,3.202
Sudan,1962,3.271
Sudan,1963,3.324
Sudan,1964,3.354
Sudan,1965,3.39
Sudan,1966,3.383
Sudan,1967,3.423
Sudan,1968,3.423
Sudan,1969,3.436
Sudan,1970,3.467
Sudan,1971,3.421
Sudan,1972,3.437
Sudan,1973,4.693
Sudan,1974,3.317
Sudan,1975,3.681
Sudan,1976,3.378
Sudan,1977,3.591
Sudan,1978,4.302
Sudan,1979,3.948
Sudan,1980,4.465
Sudan,1981,3.835
Sudan,1982,3.951
Sudan,1983,2.7
Sudan,1984,1.83
Sudan,1985,1.814
Sudan,1986,1.99
Sudan,1987,2.075
Sudan,1988,2.069
Sudan,1989,2.047
Sudan,1990,2.021
Sudan,1991,2.017
Sudan,1992,2.007
Sudan,1993,2.458
Sudan,1994,2.58
Sudan,1995,2.578
Sudan,1996,1.913
Sudan,1997,2.535
Sudan,1998,2.512
Sudan,1999,2.502
Sudan,2000,2.493
Sudan,2001,2.478
Sudan,2002,2.455
Sudan,2003,2.065
Sudan,2004,2.304
Sudan,2005,2.264
Sudan,2006,2.352
Sudan,2007,2.415
Sudan,2008,2.762
Sudan,2009,2.782
Sudan,2010,2.058
Sudan,2011,2.003
Sudan,2012,2.277
Sudan,2013,2.341
Sudan,2014,3.067
Sudan,2015,3.028
Sudan,2016,3.052
Sudan,2017,3.863
Sudan,2018,3.127
Sudan,2019,2.749
Sudan,2020,2.629
Sudan,2021,2.758
Sudan,2022,2.647
Sudan,2023,0.023
Sudan,2024,1.587
Sudan,2025,3.147
Sudan,2026,3.032
Sudan,2027,2.316
Sudan,2028,2.271
Sudan,2029,2.255
Sudan,2030,2.221
Sudan,2031,2.174
Sudan,2032,2.144
Sudan,2033,2.119
Sudan,2034,2.078
Sudan,2035,2.035
Sudan,2036,1.982
Sudan,2037,1.954
Sudan,2038,1.893
Sudan,2039,1.86
Sudan,2040,1.838
Sudan,2041,1.825
Sudan,2042,1.788
Sudan,2043,1.773
Sudan,2044,1.743
Sudan,2045,1.727
Sudan,2046,1.692
Sudan,2047,1.66
Sudan,2048,1.637
Sudan,2049,1.647
Sudan,2050,1.614
Sudan,2051,1.582
Sudan,2052,1.557
Sudan,2053,1.521
Sudan,2054,1.508
Sudan,2055,1.476
Sudan,2056,1.425
Sudan,2057,1.399
Sudan,2058,1.369
Sudan,2059,1.33
Sudan,2060,1.309
Sudan,2061,1.278
Sudan,2062,1.263
Sudan,2063,1.221
Sudan,2064,1.188
Sudan,2065,1.146
Sudan,2066,1.144
Sudan,2067,1.118
Sudan,2068,1.056
Sudan,2069,1.047
Sudan,2070,1.015
Sudan,2071,1.009
Sudan,2072,0.988
Sudan,2073,0.957
Sudan,2074,0.936
Sudan,2075,0.904
Sudan,2076,0.869
Sudan,2077,0.86
Sudan,2078,0.848
Sudan,2079,0.81
Sudan,2080,0.791
Sudan,2081,0.766
Sudan,2082,0.763
Sudan,2083,0.758
Sudan,2084,0.748
Sudan,2085,0.715
Sudan,2086,0.7
Sudan,2087,0.68
Sudan,2088,0.649
Sudan,2089,0.626
Sudan,2090,0.595
Sudan,2091,0.571
Sudan,2092,0.572
Sudan,2093,0.536
Sudan,2094,0.485
Sudan,2095,0.496
Sudan,2096,0.471
Sudan,2097,0.47
Sudan,2098,0.449
Sudan,2099,0.423
Sudan,2100,0.42
Suriname,1950,2.086
Suriname,1951,2.892
Suriname,1952,2.859
Suriname,1953,2.882
Suriname,1954,2.928
Suriname,1955,2.995
Suriname,1956,3.08
Suriname,1957,3.147
Suriname,1958,3.221
Suriname,1959,3.266
Suriname,1960,3.306
Suriname,1961,3.307
Suriname,1962,4.658
Suriname,1963,4.385
Suriname,1964,3.557
Suriname,1965,3.416
Suriname,1966,3.425
Suriname,1967,3.429
Suriname,1968,3.42
Suriname,1969,3.394
Suriname,1970,3.326
Suriname,1971,3.154
Suriname,1972,-0.352
Suriname,1973,-0.475
Suriname,1974,-0.587
Suriname,1975,-0.691
Suriname,1976,-0.788
Suriname,1977,-0.879
Suriname,1978,-0.981
Suriname,1979,-1.074
Suriname,1980,-0.105
Suriname,1981,0.148
Suriname,1982,0.434
Suriname,1983,0.725
Suriname,1984,1.086
Suriname,1985,1.398
Suriname,1986,1.353
Suriname,1987,0.971
Suriname,1988,1.686
Suriname,1989,1.367
Suriname,1990,0.627
Suriname,1991,0.592
Suriname,1992,0.646
Suriname,1993,0.197
Suriname,1994,1.235
Suriname,1995,2.152
Suriname,1996,2.098
Suriname,1997,2.069
Suriname,1998,2.057
Suriname,1999,2.059
Suriname,2000,2.064
Suriname,2001,2.054
Suriname,2002,2.012
Suriname,2003,1.923
Suriname,2004,1.027
Suriname,2005,1.059
Suriname,2006,1.118
Suriname,2007,1.162
Suriname,2008,1.171
Suriname,2009,1.169
Suriname,2010,1.156
Suriname,2011,1.139
Suriname,2012,1.136
Suriname,2013,1.121
Suriname,2014,1.099
Suriname,2015,1.063
Suriname,2016,1.034
Suriname,2017,0.983
Suriname,2018,0.962
Suriname,2019,1.114
Suriname,2020,1.037
Suriname,2021,0.778
Suriname,2022,0.919
Suriname,2023,0.909
Suriname,2024,0.847
Suriname,2025,0.854
Suriname,2026,0.829
Suriname,2027,0.81
Suriname,2028,0.787
Suriname,2029,0.736
Suriname,2030,0.729
Suriname,2031,0.699
Suriname,2032,0.685
Suriname,2033,0.643
Suriname,2034,0.632
Suriname,2035,0.615
Suriname,2036,0.589
Suriname,2037,0.524
Suriname,2038,0.536
Suriname,2039,0.507
Suriname,2040,0.51
Suriname,2041,0.467
Suriname,2042,0.455
Suriname,2043,0.411
Suriname,2044,0.403
Suriname,2045,0.382
Suriname,2046,0.327
Suriname,2047,0.337
Suriname,2048,0.296
Suriname,2049,0.248
Suriname,2050,0.264
Suriname,2051,0.225
Suriname,2052,0.226
Suriname,2053,0.198
Suriname,2054,0.215
Suriname,2055,0.206
Suriname,2056,0.163
Suriname,2057,0.191
Suriname,2058,0.108
Suriname,2059,0.121
Suriname,2060,0.131
Suriname,2061,0.091
Suriname,2062,0.103
Suriname,2063,0.072
Suriname,2064,0.11
Suriname,2065,0.092
Suriname,2066,0.045
Suriname,2067,0.06
Suriname,2068,0.036
Suriname,2069,0.011
Suriname,2070,0.018
Suriname,2071,0
Suriname,2072,-0.011
Suriname,2073,-0.04
Suriname,2074,-0.025
Suriname,2075,-0.071
Suriname,2076,-0.057
Suriname,2077,-0.081
Suriname,2078,-0.088
Suriname,2079,-0.098
Suriname,2080,-0.139
Suriname,2081,-0.156
Suriname,2082,-0.159
Suriname,2083,-0.186
Suriname,2084,-0.193
Suriname,2085,-0.229
Suriname,2086,-0.237
Suriname,2087,-0.247
Suriname,2088,-0.289
Suriname,2089,-0.3
Suriname,2090,-0.281
Suriname,2091,-0.314
Suriname,2092,-0.323
Suriname,2093,-0.334
Suriname,2094,-0.315
Suriname,2095,-0.335
Suriname,2096,-0.319
Suriname,2097,-0.337
Suriname,2098,-0.329
Suriname,2099,-0.338
Suriname,2100,-0.353
Sweden,1950,0.867
Sweden,1951,0.732
Sweden,1952,0.727
Sweden,1953,0.582
Sweden,1954,0.587
Sweden,1955,0.763
Sweden,1956,0.697
Sweden,1957,0.703
Sweden,1958,0.582
Sweden,1959,0.473
Sweden,1960,0.359
Sweden,1961,0.585
Sweden,1962,0.517
Sweden,1963,0.609
Sweden,1964,0.883
Sweden,1965,0.982
Sweden,1966,0.887
Sweden,1967,0.666
Sweden,1968,0.493
Sweden,1969,0.913
Sweden,1970,0.955
Sweden,1971,0.418
Sweden,1972,0.182
Sweden,1973,0.18
Sweden,1974,0.395
Sweden,1975,0.387
Sweden,1976,0.338
Sweden,1977,0.374
Sweden,1978,0.21
Sweden,1979,0.224
Sweden,1980,0.179
Sweden,1981,0.061
Sweden,1982,0.052
Sweden,1983,0.037
Sweden,1984,0.144
Sweden,1985,0.186
Sweden,1986,0.279
Sweden,1987,0.388
Sweden,1988,0.532
Sweden,1989,0.802
Sweden,1990,0.741
Sweden,1991,0.619
Sweden,1992,0.552
Sweden,1993,0.609
Sweden,1994,0.811
Sweden,1995,0.238
Sweden,1996,0.08
Sweden,1997,0.037
Sweden,1998,0.077
Sweden,1999,0.082
Sweden,2000,0.243
Sweden,2001,0.296
Sweden,2002,0.356
Sweden,2003,0.391
Sweden,2004,0.397
Sweden,2005,0.401
Sweden,2006,0.721
Sweden,2007,0.763
Sweden,2008,0.797
Sweden,2009,0.906
Sweden,2010,0.797
Sweden,2011,0.712
Sweden,2012,0.768
Sweden,2013,0.928
Sweden,2014,1.057
Sweden,2015,1.057
Sweden,2016,1.451
Sweden,2017,1.244
Sweden,2018,1.08
Sweden,2019,0.949
Sweden,2020,0.499
Sweden,2021,0.703
Sweden,2022,0.659
Sweden,2023,0.561
Sweden,2024,0.489
Sweden,2025,0.445
Sweden,2026,0.387
Sweden,2027,0.363
Sweden,2028,0.326
Sweden,2029,0.293
Sweden,2030,0.264
Sweden,2031,0.234
Sweden,2032,0.233
Sweden,2033,0.222
Sweden,2034,0.207
Sweden,2035,0.205
Sweden,2036,0.209
Sweden,2037,0.197
Sweden,2038,0.203
Sweden,2039,0.21
Sweden,2040,0.22
Sweden,2041,0.213
Sweden,2042,0.233
Sweden,2043,0.229
Sweden,2044,0.224
Sweden,2045,0.213
Sweden,2046,0.204
Sweden,2047,0.195
Sweden,2048,0.185
Sweden,2049,0.173
Sweden,2050,0.168
Sweden,2051,0.14
Sweden,2052,0.122
Sweden,2053,0.094
Sweden,2054,0.066
Sweden,2055,0.061
Sweden,2056,0.046
Sweden,2057,0.048
Sweden,2058,0.033
Sweden,2059,0.021
Sweden,2060,0.01
Sweden,2061,0.02
Sweden,2062,-0.005
Sweden,2063,0.001
Sweden,2064,0.009
Sweden,2065,0.006
Sweden,2066,0
Sweden,2067,0.007
Sweden,2068,0.012
Sweden,2069,0.034
Sweden,2070,0.033
Sweden,2071,0.043
Sweden,2072,0.032
Sweden,2073,0.026
Sweden,2074,0.029
Sweden,2075,0.036
Sweden,2076,0.034
Sweden,2077,0.018
Sweden,2078,0.019
Sweden,2079,0.004
Sweden,2080,-0.019
Sweden,2081,-0.014
Sweden,2082,-0.046
Sweden,2083,-0.031
Sweden,2084,-0.042
Sweden,2085,-0.044
Sweden,2086,-0.064
Sweden,2087,-0.033
Sweden,2088,-0.023
Sweden,2089,-0.026
Sweden,2090,-0.017
Sweden,2091,-0.013
Sweden,2092,-0.018
Sweden,2093,-0.017
Sweden,2094,-0.023
Sweden,2095,-0.026
Sweden,2096,-0.015
Sweden,2097,-0.01
Sweden,2098,-0.038
Sweden,2099,-0.034
Sweden,2100,-0.051
Switzerland,1950,1.046
Switzerland,1951,1.301
Switzerland,1952,1.357
Switzerland,1953,1.288
Switzerland,1954,1.283
Switzerland,1955,1.266
Switzerland,1956,1.257
Switzerland,1957,1.275
Switzerland,1958,1.292
Switzerland,1959,1.246
Switzerland,1960,1.209
Switzerland,1961,2.729
Switzerland,1962,2.348
Switzerland,1963,1.933
Switzerland,1964,1.38
Switzerland,1965,0.933
Switzerland,1966,1.156
Switzerland,1967,1.32
Switzerland,1968,1.199
Switzerland,1969,1.054
Switzerland,1970,0.396
Switzerland,1971,0.656
Switzerland,1972,0.868
Switzerland,1973,0.607
Switzerland,1974,0.468
Switzerland,1975,-0.556
Switzerland,1976,-0.585
Switzerland,1977,-0.088
Switzerland,1978,0.11
Switzerland,1979,0.293
Switzerland,1980,0.503
Switzerland,1981,0.592
Switzerland,1982,0.577
Switzerland,1983,0.283
Switzerland,1984,0.436
Switzerland,1985,0.448
Switzerland,1986,0.593
Switzerland,1987,0.664
Switzerland,1988,0.808
Switzerland,1989,0.812
Switzerland,1990,1.144
Switzerland,1991,1.335
Switzerland,1992,0.952
Switzerland,1993,0.874
Switzerland,1994,0.719
Switzerland,1995,0.618
Switzerland,1996,0.273
Switzerland,1997,0.215
Switzerland,1998,0.38
Switzerland,1999,0.569
Switzerland,2000,0.545
Switzerland,2001,0.631
Switzerland,2002,0.812
Switzerland,2003,0.686
Switzerland,2004,0.693
Switzerland,2005,0.593
Switzerland,2006,0.659
Switzerland,2007,1.119
Switzerland,2008,1.417
Switzerland,2009,1.08
Switzerland,2010,1.184
Switzerland,2011,1.069
Switzerland,2012,1.057
Switzerland,2013,1.236
Switzerland,2014,1.197
Switzerland,2015,1.079
Switzerland,2016,1.105
Switzerland,2017,0.767
Switzerland,2018,0.711
Switzerland,2019,0.721
Switzerland,2020,0.744
Switzerland,2021,0.788
Switzerland,2022,1.157
Switzerland,2023,0.62
Switzerland,2024,0.536
Switzerland,2025,0.48
Switzerland,2026,0.419
Switzerland,2027,0.381
Switzerland,2028,0.339
Switzerland,2029,0.287
Switzerland,2030,0.269
Switzerland,2031,0.25
Switzerland,2032,0.201
Switzerland,2033,0.185
Switzerland,2034,0.181
Switzerland,2035,0.145
Switzerland,2036,0.126
Switzerland,2037,0.115
Switzerland,2038,0.096
Switzerland,2039,0.093
Switzerland,2040,0.119
Switzerland,2041,0.074
Switzerland,2042,0.106
Switzerland,2043,0.078
Switzerland,2044,0.074
Switzerland,2045,0.062
Switzerland,2046,0.065
Switzerland,2047,0.074
Switzerland,2048,0.074
Switzerland,2049,0.037
Switzerland,2050,0.02
Switzerland,2051,0
Switzerland,2052,0
Switzerland,2053,-0.054
Switzerland,2054,-0.078
Switzerland,2055,-0.09
Switzerland,2056,-0.077
Switzerland,2057,-0.06
Switzerland,2058,-0.088
Switzerland,2059,-0.11
Switzerland,2060,-0.095
Switzerland,2061,-0.125
Switzerland,2062,-0.115
Switzerland,2063,-0.107
Switzerland,2064,-0.117
Switzerland,2065,-0.129
Switzerland,2066,-0.126
Switzerland,2067,-0.079
Switzerland,2068,-0.09
Switzerland,2069,-0.087
Switzerland,2070,-0.118
Switzerland,2071,-0.105
Switzerland,2072,-0.083
Switzerland,2073,-0.097
Switzerland,2074,-0.116
Switzerland,2075,-0.059
Switzerland,2076,-0.054
Switzerland,2077,-0.083
Switzerland,2078,-0.073
Switzerland,2079,-0.081
Switzerland,2080,-0.07
Switzerland,2081,-0.069
Switzerland,2082,-0.063
Switzerland,2083,-0.054
Switzerland,2084,-0.046
Switzerland,2085,-0.046
Switzerland,2086,-0.019
Switzerland,2087,0.004
Switzerland,2088,-0.015
Switzerland,2089,0.004
Switzerland,2090,0.022
Switzerland,2091,0.032
Switzerland,2092,0.028
Switzerland,2093,0.026
Switzerland,2094,0.048
Switzerland,2095,0.06
Switzerland,2096,0.041
Switzerland,2097,0.08
Switzerland,2098,0.069
Switzerland,2099,0.085
Switzerland,2100,0.046
Syria,1950,1.903
Syria,1951,2.085
Syria,1952,2.229
Syria,1953,2.368
Syria,1954,2.504
Syria,1955,2.632
Syria,1956,2.728
Syria,1957,2.822
Syria,1958,2.903
Syria,1959,2.995
Syria,1960,3.075
Syria,1961,2.912
Syria,1962,2.975
Syria,1963,3.028
Syria,1964,3.084
Syria,1965,3.125
Syria,1966,3.168
Syria,1967,3.188
Syria,1968,3.22
Syria,1969,3.245
Syria,1970,3.3
Syria,1971,3.402
Syria,1972,3.39
Syria,1973,3.36
Syria,1974,3.376
Syria,1975,3.414
Syria,1976,3.429
Syria,1977,3.441
Syria,1978,3.418
Syria,1979,3.373
Syria,1980,3.342
Syria,1981,3.301
Syria,1982,3.332
Syria,1983,3.49
Syria,1984,3.525
Syria,1985,3.511
Syria,1986,3.466
Syria,1987,3.432
Syria,1988,3.36
Syria,1989,3.266
Syria,1990,3.2
Syria,1991,3.087
Syria,1992,3.054
Syria,1993,2.982
Syria,1994,2.917
Syria,1995,2.751
Syria,1996,2.667
Syria,1997,2.584
Syria,1998,2.575
Syria,1999,2.514
Syria,2000,2.475
Syria,2001,2.435
Syria,2002,2.398
Syria,2003,2.365
Syria,2004,2.575
Syria,2005,2.564
Syria,2006,5.927
Syria,2007,6.374
Syria,2008,0.805
Syria,2009,2.305
Syria,2010,2.243
Syria,2011,1.255
Syria,2012,-2.301
Syria,2013,-7.674
Syria,2014,-5.548
Syria,2015,-2.953
Syria,2016,0.583
Syria,2017,-0.262
Syria,2018,3.865
Syria,2019,3.905
Syria,2020,2.837
Syria,2021,2.597
Syria,2022,4.92
Syria,2023,4.917
Syria,2024,4.038
Syria,2025,3.51
Syria,2026,3.041
Syria,2027,2.836
Syria,2028,2.56
Syria,2029,2.467
Syria,2030,2.191
Syria,2031,2.08
Syria,2032,1.903
Syria,2033,1.841
Syria,2034,1.69
Syria,2035,1.6
Syria,2036,1.434
Syria,2037,1.414
Syria,2038,1.288
Syria,2039,1.192
Syria,2040,1.15
Syria,2041,1.061
Syria,2042,1.008
Syria,2043,0.93
Syria,2044,0.864
Syria,2045,0.913
Syria,2046,0.833
Syria,2047,0.775
Syria,2048,0.804
Syria,2049,0.839
Syria,2050,0.838
Syria,2051,0.801
Syria,2052,0.772
Syria,2053,0.869
Syria,2054,0.841
Syria,2055,0.761
Syria,2056,0.768
Syria,2057,0.692
Syria,2058,0.689
Syria,2059,0.758
Syria,2060,0.686
Syria,2061,0.606
Syria,2062,0.592
Syria,2063,0.584
Syria,2064,0.588
Syria,2065,0.583
Syria,2066,0.487
Syria,2067,0.448
Syria,2068,0.419
Syria,2069,0.338
Syria,2070,0.328
Syria,2071,0.328
Syria,2072,0.31
Syria,2073,0.243
Syria,2074,0.22
Syria,2075,0.211
Syria,2076,0.189
Syria,2077,0.102
Syria,2078,0.084
Syria,2079,0.128
Syria,2080,0.221
Syria,2081,0.149
Syria,2082,0.135
Syria,2083,0.063
Syria,2084,0.078
Syria,2085,0.076
Syria,2086,-0.043
Syria,2087,-0.017
Syria,2088,0.012
Syria,2089,0.002
Syria,2090,-0.07
Syria,2091,-0.028
Syria,2092,-0.066
Syria,2093,-0.065
Syria,2094,-0.111
Syria,2095,-0.062
Syria,2096,-0.122
Syria,2097,-0.14
Syria,2098,-0.134
Syria,2099,-0.157
Syria,2100,-0.149
Taiwan,1950,3.373
Taiwan,1951,3.515
Taiwan,1952,3.633
Taiwan,1953,3.653
Taiwan,1954,3.697
Taiwan,1955,3.83
Taiwan,1956,3.957
Taiwan,1957,4.012
Taiwan,1958,3.867
Taiwan,1959,3.757
Taiwan,1960,3.66
Taiwan,1961,3.582
Taiwan,1962,3.507
Taiwan,1963,3.435
Taiwan,1964,3.305
Taiwan,1965,3.172
Taiwan,1966,3.025
Taiwan,1967,2.288
Taiwan,1968,2.182
Taiwan,1969,2.106
Taiwan,1970,1.88
Taiwan,1971,2.198
Taiwan,1972,2.114
Taiwan,1973,2.013
Taiwan,1974,1.876
Taiwan,1975,1.614
Taiwan,1976,2.089
Taiwan,1977,2.05
Taiwan,1978,2.063
Taiwan,1979,2.062
Taiwan,1980,1.856
Taiwan,1981,1.721
Taiwan,1982,1.631
Taiwan,1983,1.534
Taiwan,1984,1.432
Taiwan,1985,1.295
Taiwan,1986,1.086
Taiwan,1987,1.022
Taiwan,1988,1.044
Taiwan,1989,0.878
Taiwan,1990,0.838
Taiwan,1991,0.967
Taiwan,1992,0.951
Taiwan,1993,0.876
Taiwan,1994,0.84
Taiwan,1995,0.814
Taiwan,1996,0.802
Taiwan,1997,0.813
Taiwan,1998,0.68
Taiwan,1999,0.717
Taiwan,2000,0.443
Taiwan,2001,0.569
Taiwan,2002,0.503
Taiwan,2003,0.357
Taiwan,2004,0.359
Taiwan,2005,0.339
Taiwan,2006,0.445
Taiwan,2007,0.359
Taiwan,2008,0.33
Taiwan,2009,0.346
Taiwan,2010,0.169
Taiwan,2011,0.253
Taiwan,2012,0.372
Taiwan,2013,0.234
Taiwan,2014,0.243
Taiwan,2015,0.238
Taiwan,2016,0.245
Taiwan,2017,0.151
Taiwan,2018,0.072
Taiwan,2019,0.054
Taiwan,2020,-0.144
Taiwan,2021,-0.748
Taiwan,2022,-0.428
Taiwan,2023,-0.453
Taiwan,2024,-0.434
Taiwan,2025,-0.44
Taiwan,2026,-0.44
Taiwan,2027,-0.457
Taiwan,2028,-0.458
Taiwan,2029,-0.469
Taiwan,2030,-0.488
Taiwan,2031,-0.512
Taiwan,2032,-0.528
Taiwan,2033,-0.548
Taiwan,2034,-0.582
Taiwan,2035,-0.602
Taiwan,2036,-0.627
Taiwan,2037,-0.663
Taiwan,2038,-0.684
Taiwan,2039,-0.717
Taiwan,2040,-0.746
Taiwan,2041,-0.779
Taiwan,2042,-0.812
Taiwan,2043,-0.84
Taiwan,2044,-0.863
Taiwan,2045,-0.907
Taiwan,2046,-0.918
Taiwan,2047,-0.96
Taiwan,2048,-0.977
Taiwan,2049,-1.017
Taiwan,2050,-1.036
Taiwan,2051,-1.054
Taiwan,2052,-1.078
Taiwan,2053,-1.108
Taiwan,2054,-1.141
Taiwan,2055,-1.166
Taiwan,2056,-1.176
Taiwan,2057,-1.215
Taiwan,2058,-1.237
Taiwan,2059,-1.275
Taiwan,2060,-1.306
Taiwan,2061,-1.336
Taiwan,2062,-1.357
Taiwan,2063,-1.367
Taiwan,2064,-1.39
Taiwan,2065,-1.403
Taiwan,2066,-1.412
Taiwan,2067,-1.433
Taiwan,2068,-1.448
Taiwan,2069,-1.445
Taiwan,2070,-1.457
Taiwan,2071,-1.475
Taiwan,2072,-1.488
Taiwan,2073,-1.481
Taiwan,2074,-1.487
Taiwan,2075,-1.486
Taiwan,2076,-1.471
Taiwan,2077,-1.471
Taiwan,2078,-1.469
Taiwan,2079,-1.453
Taiwan,2080,-1.431
Taiwan,2081,-1.423
Taiwan,2082,-1.398
Taiwan,2083,-1.386
Taiwan,2084,-1.38
Taiwan,2085,-1.353
Taiwan,2086,-1.33
Taiwan,2087,-1.321
Taiwan,2088,-1.318
Taiwan,2089,-1.3
Taiwan,2090,-1.298
Taiwan,2091,-1.272
Taiwan,2092,-1.259
Taiwan,2093,-1.25
Taiwan,2094,-1.244
Taiwan,2095,-1.235
Taiwan,2096,-1.225
Taiwan,2097,-1.224
Taiwan,2098,-1.217
Taiwan,2099,-1.21
Taiwan,2100,-1.201
Tajikistan,1950,4.031
Tajikistan,1951,3.681
Tajikistan,1952,3.405
Tajikistan,1953,3.227
Tajikistan,1954,3.099
Tajikistan,1955,3.022
Tajikistan,1956,2.986
Tajikistan,1957,3
Tajikistan,1958,3.1
Tajikistan,1959,3.219
Tajikistan,1960,3.214
Tajikistan,1961,3.276
Tajikistan,1962,3.325
Tajikistan,1963,3.365
Tajikistan,1964,3.343
Tajikistan,1965,3.325
Tajikistan,1966,3.318
Tajikistan,1967,3.318
Tajikistan,1968,3.306
Tajikistan,1969,3.227
Tajikistan,1970,3.106
Tajikistan,1971,3.068
Tajikistan,1972,3.099
Tajikistan,1973,3.116
Tajikistan,1974,3.129
Tajikistan,1975,3.144
Tajikistan,1976,3.149
Tajikistan,1977,3.146
Tajikistan,1978,3.067
Tajikistan,1979,2.905
Tajikistan,1980,2.812
Tajikistan,1981,2.804
Tajikistan,1982,2.865
Tajikistan,1983,2.903
Tajikistan,1984,2.946
Tajikistan,1985,3.16
Tajikistan,1986,3.36
Tajikistan,1987,3.514
Tajikistan,1988,3.487
Tajikistan,1989,2.396
Tajikistan,1990,2.535
Tajikistan,1991,2.672
Tajikistan,1992,1.21
Tajikistan,1993,1.447
Tajikistan,1994,2.024
Tajikistan,1995,2.16
Tajikistan,1996,1.77
Tajikistan,1997,0.639
Tajikistan,1998,0.549
Tajikistan,1999,0.484
Tajikistan,2000,1.952
Tajikistan,2001,1.914
Tajikistan,2002,1.929
Tajikistan,2003,1.92
Tajikistan,2004,2.004
Tajikistan,2005,1.91
Tajikistan,2006,1.891
Tajikistan,2007,1.951
Tajikistan,2008,2.01
Tajikistan,2009,2.085
Tajikistan,2010,2.191
Tajikistan,2011,2.27
Tajikistan,2012,2.508
Tajikistan,2013,2.487
Tajikistan,2014,2.532
Tajikistan,2015,2.583
Tajikistan,2016,2.485
Tajikistan,2017,2.425
Tajikistan,2018,2.391
Tajikistan,2019,2.338
Tajikistan,2020,2.215
Tajikistan,2021,2.2
Tajikistan,2022,2.076
Tajikistan,2023,1.962
Tajikistan,2024,1.874
Tajikistan,2025,1.791
Tajikistan,2026,1.736
Tajikistan,2027,1.693
Tajikistan,2028,1.656
Tajikistan,2029,1.634
Tajikistan,2030,1.593
Tajikistan,2031,1.577
Tajikistan,2032,1.581
Tajikistan,2033,1.568
Tajikistan,2034,1.571
Tajikistan,2035,1.583
Tajikistan,2036,1.597
Tajikistan,2037,1.561
Tajikistan,2038,1.528
Tajikistan,2039,1.502
Tajikistan,2040,1.474
Tajikistan,2041,1.439
Tajikistan,2042,1.414
Tajikistan,2043,1.351
Tajikistan,2044,1.332
Tajikistan,2045,1.271
Tajikistan,2046,1.225
Tajikistan,2047,1.187
Tajikistan,2048,1.147
Tajikistan,2049,1.091
Tajikistan,2050,1.06
Tajikistan,2051,1.023
Tajikistan,2052,1.012
Tajikistan,2053,0.958
Tajikistan,2054,0.954
Tajikistan,2055,0.933
Tajikistan,2056,0.921
Tajikistan,2057,0.917
Tajikistan,2058,0.898
Tajikistan,2059,0.88
Tajikistan,2060,0.863
Tajikistan,2061,0.816
Tajikistan,2062,0.813
Tajikistan,2063,0.806
Tajikistan,2064,0.772
Tajikistan,2065,0.738
Tajikistan,2066,0.735
Tajikistan,2067,0.699
Tajikistan,2068,0.669
Tajikistan,2069,0.656
Tajikistan,2070,0.621
Tajikistan,2071,0.589
Tajikistan,2072,0.554
Tajikistan,2073,0.522
Tajikistan,2074,0.502
Tajikistan,2075,0.478
Tajikistan,2076,0.469
Tajikistan,2077,0.424
Tajikistan,2078,0.404
Tajikistan,2079,0.38
Tajikistan,2080,0.375
Tajikistan,2081,0.341
Tajikistan,2082,0.338
Tajikistan,2083,0.34
Tajikistan,2084,0.322
Tajikistan,2085,0.295
Tajikistan,2086,0.275
Tajikistan,2087,0.276
Tajikistan,2088,0.252
Tajikistan,2089,0.238
Tajikistan,2090,0.224
Tajikistan,2091,0.218
Tajikistan,2092,0.204
Tajikistan,2093,0.157
Tajikistan,2094,0.157
Tajikistan,2095,0.133
Tajikistan,2096,0.118
Tajikistan,2097,0.09
Tajikistan,2098,0.068
Tajikistan,2099,0.044
Tajikistan,2100,0.025
Tanzania,1950,2.409
Tanzania,1951,2.457
Tanzania,1952,2.5
Tanzania,1953,2.531
Tanzania,1954,2.558
Tanzania,1955,2.599
Tanzania,1956,2.65
Tanzania,1957,2.708
Tanzania,1958,2.741
Tanzania,1959,2.768
Tanzania,1960,2.805
Tanzania,1961,2.897
Tanzania,1962,2.904
Tanzania,1963,2.954
Tanzania,1964,3.034
Tanzania,1965,3.036
Tanzania,1966,3.089
Tanzania,1967,3.115
Tanzania,1968,3.364
Tanzania,1969,3.416
Tanzania,1970,3.459
Tanzania,1971,3.514
Tanzania,1972,3.625
Tanzania,1973,3.577
Tanzania,1974,3.639
Tanzania,1975,3.639
Tanzania,1976,3.636
Tanzania,1977,3.602
Tanzania,1978,3.462
Tanzania,1979,3.274
Tanzania,1980,3.058
Tanzania,1981,3.048
Tanzania,1982,3.063
Tanzania,1983,3.501
Tanzania,1984,3.033
Tanzania,1985,3.488
Tanzania,1986,3.138
Tanzania,1987,3.384
Tanzania,1988,2.687
Tanzania,1989,2.644
Tanzania,1990,2.567
Tanzania,1991,2.503
Tanzania,1992,2.492
Tanzania,1993,3.763
Tanzania,1994,3.918
Tanzania,1995,2.399
Tanzania,1996,1.278
Tanzania,1997,2.752
Tanzania,1998,2.516
Tanzania,1999,2.835
Tanzania,2000,2.847
Tanzania,2001,2.559
Tanzania,2002,2.617
Tanzania,2003,2.673
Tanzania,2004,2.752
Tanzania,2005,2.797
Tanzania,2006,2.804
Tanzania,2007,2.779
Tanzania,2008,2.629
Tanzania,2009,2.309
Tanzania,2010,2.774
Tanzania,2011,2.825
Tanzania,2012,2.933
Tanzania,2013,3.094
Tanzania,2014,3.068
Tanzania,2015,3.45
Tanzania,2016,3.366
Tanzania,2017,3.317
Tanzania,2018,2.999
Tanzania,2019,2.963
Tanzania,2020,3.023
Tanzania,2021,2.98
Tanzania,2022,2.921
Tanzania,2023,2.884
Tanzania,2024,2.865
Tanzania,2025,2.846
Tanzania,2026,2.795
Tanzania,2027,2.753
Tanzania,2028,2.71
Tanzania,2029,2.701
Tanzania,2030,2.66
Tanzania,2031,2.645
Tanzania,2032,2.595
Tanzania,2033,2.562
Tanzania,2034,2.556
Tanzania,2035,2.51
Tanzania,2036,2.487
Tanzania,2037,2.441
Tanzania,2038,2.42
Tanzania,2039,2.386
Tanzania,2040,2.347
Tanzania,2041,2.309
Tanzania,2042,2.293
Tanzania,2043,2.259
Tanzania,2044,2.236
Tanzania,2045,2.206
Tanzania,2046,2.181
Tanzania,2047,2.156
Tanzania,2048,2.12
Tanzania,2049,2.067
Tanzania,2050,2.048
Tanzania,2051,2.014
Tanzania,2052,1.979
Tanzania,2053,1.949
Tanzania,2054,1.934
Tanzania,2055,1.918
Tanzania,2056,1.897
Tanzania,2057,1.854
Tanzania,2058,1.824
Tanzania,2059,1.793
Tanzania,2060,1.769
Tanzania,2061,1.749
Tanzania,2062,1.728
Tanzania,2063,1.698
Tanzania,2064,1.671
Tanzania,2065,1.667
Tanzania,2066,1.61
Tanzania,2067,1.584
Tanzania,2068,1.559
Tanzania,2069,1.538
Tanzania,2070,1.514
Tanzania,2071,1.487
Tanzania,2072,1.459
Tanzania,2073,1.441
Tanzania,2074,1.423
Tanzania,2075,1.392
Tanzania,2076,1.375
Tanzania,2077,1.346
Tanzania,2078,1.322
Tanzania,2079,1.301
Tanzania,2080,1.271
Tanzania,2081,1.247
Tanzania,2082,1.223
Tanzania,2083,1.202
Tanzania,2084,1.187
Tanzania,2085,1.176
Tanzania,2086,1.152
Tanzania,2087,1.122
Tanzania,2088,1.105
Tanzania,2089,1.079
Tanzania,2090,1.055
Tanzania,2091,1.042
Tanzania,2092,1.019
Tanzania,2093,0.997
Tanzania,2094,0.97
Tanzania,2095,0.953
Tanzania,2096,0.939
Tanzania,2097,0.923
Tanzania,2098,0.898
Tanzania,2099,0.883
Tanzania,2100,0.868
Thailand,1950,2.556
Thailand,1951,2.63
Thailand,1952,2.664
Thailand,1953,2.669
Thailand,1954,2.721
Thailand,1955,2.749
Thailand,1956,2.777
Thailand,1957,2.791
Thailand,1958,2.742
Thailand,1959,2.861
Thailand,1960,2.909
Thailand,1961,2.952
Thailand,1962,2.968
Thailand,1963,2.99
Thailand,1964,2.985
Thailand,1965,2.992
Thailand,1966,2.934
Thailand,1967,2.912
Thailand,1968,2.846
Thailand,1969,2.788
Thailand,1970,2.744
Thailand,1971,2.652
Thailand,1972,2.672
Thailand,1973,2.604
Thailand,1974,2.493
Thailand,1975,2.39
Thailand,1976,2.231
Thailand,1977,2.241
Thailand,1978,2.123
Thailand,1979,2.078
Thailand,1980,2.046
Thailand,1981,1.97
Thailand,1982,1.937
Thailand,1983,1.936
Thailand,1984,1.863
Thailand,1985,1.828
Thailand,1986,1.749
Thailand,1987,1.723
Thailand,1988,1.687
Thailand,1989,1.606
Thailand,1990,1.669
Thailand,1991,1.59
Thailand,1992,1.589
Thailand,1993,1.499
Thailand,1994,1.45
Thailand,1995,1.404
Thailand,1996,1.358
Thailand,1997,1.31
Thailand,1998,1.302
Thailand,1999,1.207
Thailand,2000,1.056
Thailand,2001,0.976
Thailand,2002,0.948
Thailand,2003,0.916
Thailand,2004,0.877
Thailand,2005,0.844
Thailand,2006,0.817
Thailand,2007,0.784
Thailand,2008,0.753
Thailand,2009,0.724
Thailand,2010,0.617
Thailand,2011,0.626
Thailand,2012,0.613
Thailand,2013,0.562
Thailand,2014,0.498
Thailand,2015,0.424
Thailand,2016,0.479
Thailand,2017,0.367
Thailand,2018,0.239
Thailand,2019,0.171
Thailand,2020,0.162
Thailand,2021,0.077
Thailand,2022,-0.055
Thailand,2023,-0.037
Thailand,2024,-0.059
Thailand,2025,-0.075
Thailand,2026,-0.093
Thailand,2027,-0.107
Thailand,2028,-0.12
Thailand,2029,-0.134
Thailand,2030,-0.15
Thailand,2031,-0.162
Thailand,2032,-0.181
Thailand,2033,-0.198
Thailand,2034,-0.215
Thailand,2035,-0.24
Thailand,2036,-0.255
Thailand,2037,-0.276
Thailand,2038,-0.298
Thailand,2039,-0.318
Thailand,2040,-0.34
Thailand,2041,-0.371
Thailand,2042,-0.39
Thailand,2043,-0.415
Thailand,2044,-0.435
Thailand,2045,-0.462
Thailand,2046,-0.488
Thailand,2047,-0.511
Thailand,2048,-0.536
Thailand,2049,-0.567
Thailand,2050,-0.588
Thailand,2051,-0.613
Thailand,2052,-0.641
Thailand,2053,-0.654
Thailand,2054,-0.679
Thailand,2055,-0.694
Thailand,2056,-0.713
Thailand,2057,-0.725
Thailand,2058,-0.735
Thailand,2059,-0.743
Thailand,2060,-0.754
Thailand,2061,-0.753
Thailand,2062,-0.762
Thailand,2063,-0.76
Thailand,2064,-0.763
Thailand,2065,-0.77
Thailand,2066,-0.762
Thailand,2067,-0.767
Thailand,2068,-0.773
Thailand,2069,-0.77
Thailand,2070,-0.774
Thailand,2071,-0.768
Thailand,2072,-0.77
Thailand,2073,-0.771
Thailand,2074,-0.772
Thailand,2075,-0.766
Thailand,2076,-0.767
Thailand,2077,-0.768
Thailand,2078,-0.769
Thailand,2079,-0.774
Thailand,2080,-0.77
Thailand,2081,-0.768
Thailand,2082,-0.775
Thailand,2083,-0.776
Thailand,2084,-0.781
Thailand,2085,-0.776
Thailand,2086,-0.775
Thailand,2087,-0.775
Thailand,2088,-0.772
Thailand,2089,-0.784
Thailand,2090,-0.78
Thailand,2091,-0.777
Thailand,2092,-0.782
Thailand,2093,-0.777
Thailand,2094,-0.775
Thailand,2095,-0.772
Thailand,2096,-0.769
Thailand,2097,-0.762
Thailand,2098,-0.757
Thailand,2099,-0.751
Thailand,2100,-0.749
Togo,1950,1.744
Togo,1951,1.768
Togo,1952,1.784
Togo,1953,1.79
Togo,1954,1.794
Togo,1955,1.792
Togo,1956,1.795
Togo,1957,1.799
Togo,1958,1.796
Togo,1959,1.78
Togo,1960,1.76
Togo,1961,1.748
Togo,1962,1.773
Togo,1963,1.898
Togo,1964,2.397
Togo,1965,3.098
Togo,1966,3.756
Togo,1967,4.144
Togo,1968,4.134
Togo,1969,3.844
Togo,1970,3.418
Togo,1971,3.007
Togo,1972,2.698
Togo,1973,2.579
Togo,1974,2.503
Togo,1975,2.442
Togo,1976,2.407
Togo,1977,2.395
Togo,1978,2.449
Togo,1979,2.663
Togo,1980,2.96
Togo,1981,3.247
Togo,1982,3.408
Togo,1983,3.4
Togo,1984,3.31
Togo,1985,3.086
Togo,1986,3.031
Togo,1987,3.051
Togo,1988,2.995
Togo,1989,2.947
Togo,1990,2.907
Togo,1991,2.852
Togo,1992,2.805
Togo,1993,-4.067
Togo,1994,4.786
Togo,1995,3.939
Togo,1996,3.503
Togo,1997,2.836
Togo,1998,2.834
Togo,1999,2.819
Togo,2000,2.696
Togo,2001,2.579
Togo,2002,2.506
Togo,2003,2.56
Togo,2004,2.573
Togo,2005,2.561
Togo,2006,3.035
Togo,2007,2.795
Togo,2008,2.952
Togo,2009,2.719
Togo,2010,2.723
Togo,2011,2.667
Togo,2012,2.593
Togo,2013,2.544
Togo,2014,2.525
Togo,2015,2.516
Togo,2016,2.512
Togo,2017,2.486
Togo,2018,2.458
Togo,2019,2.43
Togo,2020,2.396
Togo,2021,2.361
Togo,2022,2.344
Togo,2023,2.323
Togo,2024,2.162
Togo,2025,2.13
Togo,2026,2.13
Togo,2027,2.096
Togo,2028,2.07
Togo,2029,2.058
Togo,2030,2.071
Togo,2031,2.065
Togo,2032,2.036
Togo,2033,2
Togo,2034,1.966
Togo,2035,1.956
Togo,2036,1.907
Togo,2037,1.899
Togo,2038,1.883
Togo,2039,1.881
Togo,2040,1.813
Togo,2041,1.818
Togo,2042,1.79
Togo,2043,1.797
Togo,2044,1.758
Togo,2045,1.727
Togo,2046,1.697
Togo,2047,1.652
Togo,2048,1.641
Togo,2049,1.638
Togo,2050,1.563
Togo,2051,1.577
Togo,2052,1.519
Togo,2053,1.48
Togo,2054,1.46
Togo,2055,1.483
Togo,2056,1.416
Togo,2057,1.389
Togo,2058,1.351
Togo,2059,1.318
Togo,2060,1.33
Togo,2061,1.311
Togo,2062,1.298
Togo,2063,1.304
Togo,2064,1.256
Togo,2065,1.24
Togo,2066,1.24
Togo,2067,1.203
Togo,2068,1.214
Togo,2069,1.17
Togo,2070,1.125
Togo,2071,1.112
Togo,2072,1.093
Togo,2073,1.097
Togo,2074,1.078
Togo,2075,1.076
Togo,2076,1.025
Togo,2077,0.974
Togo,2078,0.949
Togo,2079,0.998
Togo,2080,0.98
Togo,2081,0.956
Togo,2082,0.915
Togo,2083,0.891
Togo,2084,0.855
Togo,2085,0.844
Togo,2086,0.841
Togo,2087,0.749
Togo,2088,0.776
Togo,2089,0.749
Togo,2090,0.722
Togo,2091,0.722
Togo,2092,0.682
Togo,2093,0.656
Togo,2094,0.702
Togo,2095,0.644
Togo,2096,0.645
Togo,2097,0.63
Togo,2098,0.612
Togo,2099,0.609
Togo,2100,0.574
Tokelau,1950,-2.764
Tokelau,1951,-1.024
Tokelau,1952,1.215
Tokelau,1953,0.381
Tokelau,1954,0.883
Tokelau,1955,0
Tokelau,1956,1.372
Tokelau,1957,2.628
Tokelau,1958,2.795
Tokelau,1959,2.833
Tokelau,1960,3.364
Tokelau,1961,2.665
Tokelau,1962,0.695
Tokelau,1963,0.638
Tokelau,1964,0.476
Tokelau,1965,0.158
Tokelau,1966,-0.211
Tokelau,1967,-2.402
Tokelau,1968,-2.627
Tokelau,1969,-2.984
Tokelau,1970,-3.43
Tokelau,1971,-3.062
Tokelau,1972,0.061
Tokelau,1973,0.183
Tokelau,1974,-0.305
Tokelau,1975,-0.061
Tokelau,1976,0.548
Tokelau,1977,0.666
Tokelau,1978,0.541
Tokelau,1979,-0.12
Tokelau,1980,-0.12
Tokelau,1981,0.06
Tokelau,1982,0.24
Tokelau,1983,2.487
Tokelau,1984,1.969
Tokelau,1985,1.931
Tokelau,1986,0.449
Tokelau,1987,-0.9
Tokelau,1988,-0.453
Tokelau,1989,0.113
Tokelau,1990,0.283
Tokelau,1991,0.507
Tokelau,1992,0
Tokelau,1993,-0.338
Tokelau,1994,-0.056
Tokelau,1995,0
Tokelau,1996,0
Tokelau,1997,1.179
Tokelau,1998,0.999
Tokelau,1999,1.263
Tokelau,2000,1.247
Tokelau,2001,0.858
Tokelau,2002,-3.534
Tokelau,2003,-3.721
Tokelau,2004,-4.224
Tokelau,2005,-4.723
Tokelau,2006,-2.932
Tokelau,2007,0.773
Tokelau,2008,0.576
Tokelau,2009,0.889
Tokelau,2010,0.442
Tokelau,2011,1.314
Tokelau,2012,6.03
Tokelau,2013,1.913
Tokelau,2014,-1.62
Tokelau,2015,-1.885
Tokelau,2016,-0.596
Tokelau,2017,7.986
Tokelau,2018,7.087
Tokelau,2019,6.954
Tokelau,2020,4.136
Tokelau,2021,2.993
Tokelau,2022,4.542
Tokelau,2023,4.631
Tokelau,2024,4.27
Tokelau,2025,3.681
Tokelau,2026,2.601
Tokelau,2027,2.857
Tokelau,2028,2.708
Tokelau,2029,2.501
Tokelau,2030,2.01
Tokelau,2031,2.489
Tokelau,2032,1.954
Tokelau,2033,1.605
Tokelau,2034,1.58
Tokelau,2035,1.555
Tokelau,2036,1.71
Tokelau,2037,1.476
Tokelau,2038,1.194
Tokelau,2039,1.18
Tokelau,2040,1.025
Tokelau,2041,0.959
Tokelau,2042,1.144
Tokelau,2043,0.829
Tokelau,2044,1.067
Tokelau,2045,0.84
Tokelau,2046,0.86
Tokelau,2047,0.427
Tokelau,2048,0.849
Tokelau,2049,0.658
Tokelau,2050,0.602
Tokelau,2051,0.443
Tokelau,2052,0.905
Tokelau,2053,0.693
Tokelau,2054,0.561
Tokelau,2055,0.709
Tokelau,2056,0.579
Tokelau,2057,0.426
Tokelau,2058,0.871
Tokelau,2059,0.716
Tokelau,2060,0.515
Tokelau,2061,0.415
Tokelau,2062,0.632
Tokelau,2063,0.483
Tokelau,2064,0.529
Tokelau,2065,0.502
Tokelau,2066,0.808
Tokelau,2067,0.378
Tokelau,2068,0.611
Tokelau,2069,0.537
Tokelau,2070,0.488
Tokelau,2071,0.486
Tokelau,2072,0.437
Tokelau,2073,0.413
Tokelau,2074,0.183
Tokelau,2075,0.16
Tokelau,2076,0.25
Tokelau,2077,0.068
Tokelau,2078,0.136
Tokelau,2079,0.181
Tokelau,2080,0.158
Tokelau,2081,0.023
Tokelau,2082,-0.136
Tokelau,2083,-0.068
Tokelau,2084,0.158
Tokelau,2085,0
Tokelau,2086,-0.136
Tokelau,2087,0
Tokelau,2088,0.091
Tokelau,2089,0.045
Tokelau,2090,-0.113
Tokelau,2091,-0.136
Tokelau,2092,0
Tokelau,2093,-0.136
Tokelau,2094,-0.25
Tokelau,2095,0.046
Tokelau,2096,-0.046
Tokelau,2097,-0.228
Tokelau,2098,0.046
Tokelau,2099,-0.251
Tokelau,2100,-0.137
Tonga,1950,2.491
Tonga,1951,2.642
Tonga,1952,2.804
Tonga,1953,2.929
Tonga,1954,3.046
Tonga,1955,3.128
Tonga,1956,3.203
Tonga,1957,2.745
Tonga,1958,2.779
Tonga,1959,2.78
Tonga,1960,2.799
Tonga,1961,2.766
Tonga,1962,2.751
Tonga,1963,2.735
Tonga,1964,2.736
Tonga,1965,2.728
Tonga,1966,2.673
Tonga,1967,1.926
Tonga,1968,1.894
Tonga,1969,1.838
Tonga,1970,1.79
Tonga,1971,1.721
Tonga,1972,1.651
Tonga,1973,1.638
Tonga,1974,2.54
Tonga,1975,2.543
Tonga,1976,2.36
Tonga,1977,0.569
Tonga,1978,0.421
Tonga,1979,0.278
Tonga,1980,0.183
Tonga,1981,0.101
Tonga,1982,0.044
Tonga,1983,-0.006
Tonga,1984,-0.011
Tonga,1985,-0.001
Tonga,1986,0.055
Tonga,1987,0.688
Tonga,1988,0.515
Tonga,1989,0.36
Tonga,1990,0.236
Tonga,1991,0.157
Tonga,1992,0.097
Tonga,1993,0.064
Tonga,1994,0.062
Tonga,1995,0.055
Tonga,1996,0.047
Tonga,1997,0.744
Tonga,1998,0.67
Tonga,1999,0.625
Tonga,2000,0.609
Tonga,2001,0.578
Tonga,2002,0.552
Tonga,2003,0.582
Tonga,2004,0.577
Tonga,2005,0.562
Tonga,2006,0.536
Tonga,2007,0.352
Tonga,2008,0.198
Tonga,2009,0.143
Tonga,2010,0.224
Tonga,2011,0.092
Tonga,2012,-0.297
Tonga,2013,-0.416
Tonga,2014,-0.462
Tonga,2015,-0.505
Tonga,2016,-0.574
Tonga,2017,0.255
Tonga,2018,0.145
Tonga,2019,0.05
Tonga,2020,0.014
Tonga,2021,-0.42
Tonga,2022,-0.43
Tonga,2023,-0.418
Tonga,2024,-0.391
Tonga,2025,-0.443
Tonga,2026,-0.428
Tonga,2027,-0.338
Tonga,2028,-0.306
Tonga,2029,-0.248
Tonga,2030,-0.161
Tonga,2031,-0.129
Tonga,2032,-0.041
Tonga,2033,-0.02
Tonga,2034,0.009
Tonga,2035,0.046
Tonga,2036,0.079
Tonga,2037,0.125
Tonga,2038,0.222
Tonga,2039,0.163
Tonga,2040,0.214
Tonga,2041,0.238
Tonga,2042,0.236
Tonga,2043,0.272
Tonga,2044,0.322
Tonga,2045,0.293
Tonga,2046,0.29
Tonga,2047,0.224
Tonga,2048,0.238
Tonga,2049,0.199
Tonga,2050,0.223
Tonga,2051,0.197
Tonga,2052,0.189
Tonga,2053,0.201
Tonga,2054,0.205
Tonga,2055,0.203
Tonga,2056,0.202
Tonga,2057,0.23
Tonga,2058,0.237
Tonga,2059,0.257
Tonga,2060,0.26
Tonga,2061,0.291
Tonga,2062,0.3
Tonga,2063,0.318
Tonga,2064,0.331
Tonga,2065,0.299
Tonga,2066,0.352
Tonga,2067,0.346
Tonga,2068,0.349
Tonga,2069,0.333
Tonga,2070,0.349
Tonga,2071,0.372
Tonga,2072,0.37
Tonga,2073,0.347
Tonga,2074,0.344
Tonga,2075,0.337
Tonga,2076,0.357
Tonga,2077,0.318
Tonga,2078,0.319
Tonga,2079,0.307
Tonga,2080,0.286
Tonga,2081,0.252
Tonga,2082,0.256
Tonga,2083,0.253
Tonga,2084,0.21
Tonga,2085,0.187
Tonga,2086,0.162
Tonga,2087,0.176
Tonga,2088,0.172
Tonga,2089,0.134
Tonga,2090,0.124
Tonga,2091,0.097
Tonga,2092,0.094
Tonga,2093,0.071
Tonga,2094,0.079
Tonga,2095,0.066
Tonga,2096,0.026
Tonga,2097,0.032
Tonga,2098,0.047
Tonga,2099,0.027
Tonga,2100,-0.013
Trinidad and Tobago,1950,2.553
Trinidad and Tobago,1951,2.606
Trinidad and Tobago,1952,2.642
Trinidad and Tobago,1953,2.679
Trinidad and Tobago,1954,2.744
Trinidad and Tobago,1955,2.748
Trinidad and Tobago,1956,2.697
Trinidad and Tobago,1957,2.695
Trinidad and Tobago,1958,2.686
Trinidad and Tobago,1959,2.518
Trinidad and Tobago,1960,2.258
Trinidad and Tobago,1961,2.007
Trinidad and Tobago,1962,1.907
Trinidad and Tobago,1963,1.833
Trinidad and Tobago,1964,1.739
Trinidad and Tobago,1965,1.62
Trinidad and Tobago,1966,1.483
Trinidad and Tobago,1967,1.358
Trinidad and Tobago,1968,1.258
Trinidad and Tobago,1969,1.143
Trinidad and Tobago,1970,1.041
Trinidad and Tobago,1971,1.188
Trinidad and Tobago,1972,1.258
Trinidad and Tobago,1973,1.274
Trinidad and Tobago,1974,1.222
Trinidad and Tobago,1975,1.205
Trinidad and Tobago,1976,1.218
Trinidad and Tobago,1977,1.251
Trinidad and Tobago,1978,1.294
Trinidad and Tobago,1979,1.297
Trinidad and Tobago,1980,1.234
Trinidad and Tobago,1981,1.14
Trinidad and Tobago,1982,1.102
Trinidad and Tobago,1983,1.082
Trinidad and Tobago,1984,1.052
Trinidad and Tobago,1985,1.383
Trinidad and Tobago,1986,1.255
Trinidad and Tobago,1987,1.1
Trinidad and Tobago,1988,0.977
Trinidad and Tobago,1989,0.889
Trinidad and Tobago,1990,0.813
Trinidad and Tobago,1991,0.772
Trinidad and Tobago,1992,0.728
Trinidad and Tobago,1993,0.65
Trinidad and Tobago,1994,0.576
Trinidad and Tobago,1995,0.481
Trinidad and Tobago,1996,0.406
Trinidad and Tobago,1997,0.347
Trinidad and Tobago,1998,0.324
Trinidad and Tobago,1999,0.36
Trinidad and Tobago,2000,0.409
Trinidad and Tobago,2001,0.466
Trinidad and Tobago,2002,0.503
Trinidad and Tobago,2003,0.5
Trinidad and Tobago,2004,0.494
Trinidad and Tobago,2005,0.493
Trinidad and Tobago,2006,0.491
Trinidad and Tobago,2007,0.49
Trinidad and Tobago,2008,0.49
Trinidad and Tobago,2009,0.523
Trinidad and Tobago,2010,0.575
Trinidad and Tobago,2011,0.622
Trinidad and Tobago,2012,0.639
Trinidad and Tobago,2013,0.617
Trinidad and Tobago,2014,0.58
Trinidad and Tobago,2015,0.551
Trinidad and Tobago,2016,0.543
Trinidad and Tobago,2017,0.6
Trinidad and Tobago,2018,2.846
Trinidad and Tobago,2019,-0.882
Trinidad and Tobago,2020,0.362
Trinidad and Tobago,2021,0.54
Trinidad and Tobago,2022,0.56
Trinidad and Tobago,2023,0.376
Trinidad and Tobago,2024,0.269
Trinidad and Tobago,2025,0.178
Trinidad and Tobago,2026,0.101
Trinidad and Tobago,2027,0.033
Trinidad and Tobago,2028,-0.022
Trinidad and Tobago,2029,-0.071
Trinidad and Tobago,2030,-0.107
Trinidad and Tobago,2031,-0.142
Trinidad and Tobago,2032,-0.181
Trinidad and Tobago,2033,-0.208
Trinidad and Tobago,2034,-0.241
Trinidad and Tobago,2035,-0.269
Trinidad and Tobago,2036,-0.297
Trinidad and Tobago,2037,-0.323
Trinidad and Tobago,2038,-0.347
Trinidad and Tobago,2039,-0.376
Trinidad and Tobago,2040,-0.399
Trinidad and Tobago,2041,-0.425
Trinidad and Tobago,2042,-0.447
Trinidad and Tobago,2043,-0.472
Trinidad and Tobago,2044,-0.491
Trinidad and Tobago,2045,-0.513
Trinidad and Tobago,2046,-0.53
Trinidad and Tobago,2047,-0.553
Trinidad and Tobago,2048,-0.57
Trinidad and Tobago,2049,-0.59
Trinidad and Tobago,2050,-0.606
Trinidad and Tobago,2051,-0.628
Trinidad and Tobago,2052,-0.645
Trinidad and Tobago,2053,-0.662
Trinidad and Tobago,2054,-0.686
Trinidad and Tobago,2055,-0.704
Trinidad and Tobago,2056,-0.72
Trinidad and Tobago,2057,-0.743
Trinidad and Tobago,2058,-0.758
Trinidad and Tobago,2059,-0.783
Trinidad and Tobago,2060,-0.801
Trinidad and Tobago,2061,-0.824
Trinidad and Tobago,2062,-0.844
Trinidad and Tobago,2063,-0.865
Trinidad and Tobago,2064,-0.889
Trinidad and Tobago,2065,-0.909
Trinidad and Tobago,2066,-0.922
Trinidad and Tobago,2067,-0.936
Trinidad and Tobago,2068,-0.957
Trinidad and Tobago,2069,-0.969
Trinidad and Tobago,2070,-0.979
Trinidad and Tobago,2071,-0.985
Trinidad and Tobago,2072,-0.995
Trinidad and Tobago,2073,-0.993
Trinidad and Tobago,2074,-0.997
Trinidad and Tobago,2075,-0.998
Trinidad and Tobago,2076,-0.995
Trinidad and Tobago,2077,-0.994
Trinidad and Tobago,2078,-0.984
Trinidad and Tobago,2079,-0.979
Trinidad and Tobago,2080,-0.966
Trinidad and Tobago,2081,-0.964
Trinidad and Tobago,2082,-0.951
Trinidad and Tobago,2083,-0.944
Trinidad and Tobago,2084,-0.932
Trinidad and Tobago,2085,-0.925
Trinidad and Tobago,2086,-0.92
Trinidad and Tobago,2087,-0.914
Trinidad and Tobago,2088,-0.908
Trinidad and Tobago,2089,-0.911
Trinidad and Tobago,2090,-0.907
Trinidad and Tobago,2091,-0.909
Trinidad and Tobago,2092,-0.904
Trinidad and Tobago,2093,-0.908
Trinidad and Tobago,2094,-0.906
Trinidad and Tobago,2095,-0.914
Trinidad and Tobago,2096,-0.913
Trinidad and Tobago,2097,-0.914
Trinidad and Tobago,2098,-0.915
Trinidad and Tobago,2099,-0.922
Trinidad and Tobago,2100,-0.924
Tunisia,1950,1.989
Tunisia,1951,2.022
Tunisia,1952,2.068
Tunisia,1953,2.103
Tunisia,1954,2.132
Tunisia,1955,2.189
Tunisia,1956,1.648
Tunisia,1957,0.984
Tunisia,1958,0.993
Tunisia,1959,1.063
Tunisia,1960,1.122
Tunisia,1961,1.161
Tunisia,1962,1.273
Tunisia,1963,1.364
Tunisia,1964,1.45
Tunisia,1965,1.708
Tunisia,1966,2.233
Tunisia,1967,2.384
Tunisia,1968,2.549
Tunisia,1969,2.502
Tunisia,1970,2.498
Tunisia,1971,2.515
Tunisia,1972,2.547
Tunisia,1973,2.599
Tunisia,1974,2.656
Tunisia,1975,2.71
Tunisia,1976,2.622
Tunisia,1977,2.61
Tunisia,1978,2.319
Tunisia,1979,2.289
Tunisia,1980,2.298
Tunisia,1981,2.255
Tunisia,1982,2.147
Tunisia,1983,2.013
Tunisia,1984,2.639
Tunisia,1985,2.554
Tunisia,1986,2.521
Tunisia,1987,2.411
Tunisia,1988,2.271
Tunisia,1989,2.126
Tunisia,1990,2.071
Tunisia,1991,2.144
Tunisia,1992,2.063
Tunisia,1993,1.938
Tunisia,1994,1.656
Tunisia,1995,1.487
Tunisia,1996,1.4
Tunisia,1997,1.312
Tunisia,1998,1.229
Tunisia,1999,1.153
Tunisia,2000,1.091
Tunisia,2001,1.043
Tunisia,2002,1.011
Tunisia,2003,0.988
Tunisia,2004,0.881
Tunisia,2005,0.868
Tunisia,2006,0.897
Tunisia,2007,0.936
Tunisia,2008,0.988
Tunisia,2009,1.051
Tunisia,2010,1.102
Tunisia,2011,1.116
Tunisia,2012,1.142
Tunisia,2013,1.236
Tunisia,2014,1.137
Tunisia,2015,1.121
Tunisia,2016,1.085
Tunisia,2017,1.018
Tunisia,2018,0.947
Tunisia,2019,0.907
Tunisia,2020,0.754
Tunisia,2021,0.489
Tunisia,2022,0.681
Tunisia,2023,0.653
Tunisia,2024,0.6
Tunisia,2025,0.561
Tunisia,2026,0.515
Tunisia,2027,0.465
Tunisia,2028,0.429
Tunisia,2029,0.379
Tunisia,2030,0.342
Tunisia,2031,0.318
Tunisia,2032,0.3
Tunisia,2033,0.288
Tunisia,2034,0.253
Tunisia,2035,0.236
Tunisia,2036,0.235
Tunisia,2037,0.225
Tunisia,2038,0.212
Tunisia,2039,0.208
Tunisia,2040,0.203
Tunisia,2041,0.196
Tunisia,2042,0.197
Tunisia,2043,0.188
Tunisia,2044,0.177
Tunisia,2045,0.159
Tunisia,2046,0.141
Tunisia,2047,0.126
Tunisia,2048,0.094
Tunisia,2049,0.065
Tunisia,2050,0.041
Tunisia,2051,0.005
Tunisia,2052,-0.026
Tunisia,2053,-0.054
Tunisia,2054,-0.1
Tunisia,2055,-0.131
Tunisia,2056,-0.17
Tunisia,2057,-0.2
Tunisia,2058,-0.223
Tunisia,2059,-0.246
Tunisia,2060,-0.289
Tunisia,2061,-0.304
Tunisia,2062,-0.327
Tunisia,2063,-0.345
Tunisia,2064,-0.357
Tunisia,2065,-0.385
Tunisia,2066,-0.389
Tunisia,2067,-0.403
Tunisia,2068,-0.414
Tunisia,2069,-0.424
Tunisia,2070,-0.427
Tunisia,2071,-0.435
Tunisia,2072,-0.428
Tunisia,2073,-0.443
Tunisia,2074,-0.434
Tunisia,2075,-0.444
Tunisia,2076,-0.437
Tunisia,2077,-0.457
Tunisia,2078,-0.476
Tunisia,2079,-0.476
Tunisia,2080,-0.473
Tunisia,2081,-0.465
Tunisia,2082,-0.485
Tunisia,2083,-0.494
Tunisia,2084,-0.496
Tunisia,2085,-0.505
Tunisia,2086,-0.526
Tunisia,2087,-0.535
Tunisia,2088,-0.539
Tunisia,2089,-0.561
Tunisia,2090,-0.572
Tunisia,2091,-0.587
Tunisia,2092,-0.601
Tunisia,2093,-0.616
Tunisia,2094,-0.638
Tunisia,2095,-0.647
Tunisia,2096,-0.663
Tunisia,2097,-0.66
Tunisia,2098,-0.684
Tunisia,2099,-0.702
Tunisia,2100,-0.721
Turkey,1950,2.91
Turkey,1951,2.929
Turkey,1952,2.955
Turkey,1953,2.955
Turkey,1954,2.863
Turkey,1955,2.765
Turkey,1956,3.281
Turkey,1957,3.186
Turkey,1958,3.084
Turkey,1959,2.976
Turkey,1960,2.782
Turkey,1961,2.716
Turkey,1962,2.685
Turkey,1963,2.663
Turkey,1964,2.581
Turkey,1965,2.443
Turkey,1966,2.637
Turkey,1967,2.557
Turkey,1968,2.497
Turkey,1969,2.404
Turkey,1970,2.296
Turkey,1971,2.45
Turkey,1972,2.352
Turkey,1973,2.275
Turkey,1974,2.156
Turkey,1975,1.995
Turkey,1976,2.088
Turkey,1977,2.039
Turkey,1978,1.998
Turkey,1979,1.928
Turkey,1980,2.067
Turkey,1981,1.913
Turkey,1982,2.358
Turkey,1983,2.343
Turkey,1984,2.256
Turkey,1985,2.186
Turkey,1986,2.073
Turkey,1987,2.003
Turkey,1988,1.992
Turkey,1989,1.929
Turkey,1990,1.816
Turkey,1991,1.704
Turkey,1992,1.706
Turkey,1993,1.744
Turkey,1994,1.733
Turkey,1995,1.542
Turkey,1996,1.473
Turkey,1997,1.418
Turkey,1998,1.367
Turkey,1999,1.306
Turkey,2000,1.26
Turkey,2001,1.228
Turkey,2002,1.184
Turkey,2003,1.139
Turkey,2004,1.093
Turkey,2005,1.045
Turkey,2006,1.01
Turkey,2007,0.994
Turkey,2008,1.286
Turkey,2009,1.221
Turkey,2010,1.198
Turkey,2011,1.156
Turkey,2012,1.471
Turkey,2013,1.709
Turkey,2014,2.513
Turkey,2015,2.494
Turkey,2016,1.568
Turkey,2017,1.905
Turkey,2018,1.281
Turkey,2019,0.939
Turkey,2020,0.774
Turkey,2021,0.603
Turkey,2022,0.255
Turkey,2023,0.232
Turkey,2024,0.234
Turkey,2025,0.25
Turkey,2026,0.298
Turkey,2027,0.32
Turkey,2028,0.318
Turkey,2029,0.303
Turkey,2030,0.31
Turkey,2031,0.286
Turkey,2032,0.263
Turkey,2033,0.251
Turkey,2034,0.231
Turkey,2035,0.22
Turkey,2036,0.214
Turkey,2037,0.196
Turkey,2038,0.169
Turkey,2039,0.153
Turkey,2040,0.13
Turkey,2041,0.113
Turkey,2042,0.099
Turkey,2043,0.072
Turkey,2044,0.056
Turkey,2045,0.029
Turkey,2046,0.028
Turkey,2047,-0.009
Turkey,2048,-0.041
Turkey,2049,-0.081
Turkey,2050,-0.117
Turkey,2051,-0.141
Turkey,2052,-0.178
Turkey,2053,-0.201
Turkey,2054,-0.234
Turkey,2055,-0.259
Turkey,2056,-0.305
Turkey,2057,-0.33
Turkey,2058,-0.353
Turkey,2059,-0.393
Turkey,2060,-0.409
Turkey,2061,-0.433
Turkey,2062,-0.463
Turkey,2063,-0.484
Turkey,2064,-0.509
Turkey,2065,-0.528
Turkey,2066,-0.542
Turkey,2067,-0.552
Turkey,2068,-0.577
Turkey,2069,-0.599
Turkey,2070,-0.625
Turkey,2071,-0.641
Turkey,2072,-0.663
Turkey,2073,-0.676
Turkey,2074,-0.708
Turkey,2075,-0.715
Turkey,2076,-0.737
Turkey,2077,-0.746
Turkey,2078,-0.759
Turkey,2079,-0.772
Turkey,2080,-0.796
Turkey,2081,-0.805
Turkey,2082,-0.829
Turkey,2083,-0.838
Turkey,2084,-0.845
Turkey,2085,-0.875
Turkey,2086,-0.885
Turkey,2087,-0.892
Turkey,2088,-0.914
Turkey,2089,-0.93
Turkey,2090,-0.949
Turkey,2091,-0.95
Turkey,2092,-0.956
Turkey,2093,-0.972
Turkey,2094,-0.963
Turkey,2095,-0.968
Turkey,2096,-0.972
Turkey,2097,-0.988
Turkey,2098,-0.986
Turkey,2099,-1.007
Turkey,2100,-1.005
Turkmenistan,1950,1.891
Turkmenistan,1951,1.993
Turkmenistan,1952,2.054
Turkmenistan,1953,2.308
Turkmenistan,1954,2.475
Turkmenistan,1955,2.637
Turkmenistan,1956,2.793
Turkmenistan,1957,2.935
Turkmenistan,1958,3.058
Turkmenistan,1959,3.089
Turkmenistan,1960,3.094
Turkmenistan,1961,3.129
Turkmenistan,1962,3.121
Turkmenistan,1963,3.078
Turkmenistan,1964,3.007
Turkmenistan,1965,2.919
Turkmenistan,1966,2.827
Turkmenistan,1967,2.743
Turkmenistan,1968,2.675
Turkmenistan,1969,2.627
Turkmenistan,1970,2.596
Turkmenistan,1971,2.575
Turkmenistan,1972,2.536
Turkmenistan,1973,2.546
Turkmenistan,1974,2.543
Turkmenistan,1975,2.535
Turkmenistan,1976,2.528
Turkmenistan,1977,2.522
Turkmenistan,1978,2.531
Turkmenistan,1979,2.552
Turkmenistan,1980,2.586
Turkmenistan,1981,2.639
Turkmenistan,1982,2.68
Turkmenistan,1983,2.736
Turkmenistan,1984,2.827
Turkmenistan,1985,3.01
Turkmenistan,1986,3.071
Turkmenistan,1987,3.101
Turkmenistan,1988,2.984
Turkmenistan,1989,2.73
Turkmenistan,1990,2.559
Turkmenistan,1991,2.449
Turkmenistan,1992,2.108
Turkmenistan,1993,2.289
Turkmenistan,1994,1.852
Turkmenistan,1995,1.738
Turkmenistan,1996,1.697
Turkmenistan,1997,1.694
Turkmenistan,1998,1.68
Turkmenistan,1999,1.986
Turkmenistan,2000,2.003
Turkmenistan,2001,2.004
Turkmenistan,2002,1.98
Turkmenistan,2003,1.94
Turkmenistan,2004,1.898
Turkmenistan,2005,1.865
Turkmenistan,2006,1.855
Turkmenistan,2007,1.877
Turkmenistan,2008,1.937
Turkmenistan,2009,2.01
Turkmenistan,2010,2.084
Turkmenistan,2011,2.15
Turkmenistan,2012,2.205
Turkmenistan,2013,2.248
Turkmenistan,2014,2.278
Turkmenistan,2015,2.294
Turkmenistan,2016,2.295
Turkmenistan,2017,2.276
Turkmenistan,2018,2.236
Turkmenistan,2019,2.175
Turkmenistan,2020,2.071
Turkmenistan,2021,1.979
Turkmenistan,2022,1.881
Turkmenistan,2023,1.8
Turkmenistan,2024,1.703
Turkmenistan,2025,1.59
Turkmenistan,2026,1.479
Turkmenistan,2027,1.368
Turkmenistan,2028,1.259
Turkmenistan,2029,1.146
Turkmenistan,2030,1.037
Turkmenistan,2031,0.999
Turkmenistan,2032,0.97
Turkmenistan,2033,0.951
Turkmenistan,2034,0.935
Turkmenistan,2035,0.923
Turkmenistan,2036,0.916
Turkmenistan,2037,0.906
Turkmenistan,2038,0.897
Turkmenistan,2039,0.888
Turkmenistan,2040,0.876
Turkmenistan,2041,0.864
Turkmenistan,2042,0.846
Turkmenistan,2043,0.828
Turkmenistan,2044,0.807
Turkmenistan,2045,0.779
Turkmenistan,2046,0.748
Turkmenistan,2047,0.711
Turkmenistan,2048,0.673
Turkmenistan,2049,0.632
Turkmenistan,2050,0.592
Turkmenistan,2051,0.549
Turkmenistan,2052,0.509
Turkmenistan,2053,0.471
Turkmenistan,2054,0.428
Turkmenistan,2055,0.396
Turkmenistan,2056,0.362
Turkmenistan,2057,0.332
Turkmenistan,2058,0.305
Turkmenistan,2059,0.275
Turkmenistan,2060,0.252
Turkmenistan,2061,0.236
Turkmenistan,2062,0.22
Turkmenistan,2063,0.204
Turkmenistan,2064,0.19
Turkmenistan,2065,0.175
Turkmenistan,2066,0.167
Turkmenistan,2067,0.157
Turkmenistan,2068,0.145
Turkmenistan,2069,0.136
Turkmenistan,2070,0.127
Turkmenistan,2071,0.117
Turkmenistan,2072,0.104
Turkmenistan,2073,0.087
Turkmenistan,2074,0.071
Turkmenistan,2075,0.06
Turkmenistan,2076,0.042
Turkmenistan,2077,0.026
Turkmenistan,2078,0.011
Turkmenistan,2079,-0.008
Turkmenistan,2080,-0.026
Turkmenistan,2081,-0.04
Turkmenistan,2082,-0.056
Turkmenistan,2083,-0.067
Turkmenistan,2084,-0.082
Turkmenistan,2085,-0.098
Turkmenistan,2086,-0.112
Turkmenistan,2087,-0.128
Turkmenistan,2088,-0.141
Turkmenistan,2089,-0.151
Turkmenistan,2090,-0.168
Turkmenistan,2091,-0.176
Turkmenistan,2092,-0.192
Turkmenistan,2093,-0.205
Turkmenistan,2094,-0.218
Turkmenistan,2095,-0.234
Turkmenistan,2096,-0.244
Turkmenistan,2097,-0.26
Turkmenistan,2098,-0.273
Turkmenistan,2099,-0.286
Turkmenistan,2100,-0.298
Turks and Caicos Islands,1950,0.933
Turks and Caicos Islands,1951,-0.396
Turks and Caicos Islands,1952,-1.037
Turks and Caicos Islands,1953,-0.181
Turks and Caicos Islands,1954,1.87
Turks and Caicos Islands,1955,2.318
Turks and Caicos Islands,1956,2.152
Turks and Caicos Islands,1957,1.904
Turks and Caicos Islands,1958,1.341
Turks and Caicos Islands,1959,1.879
Turks and Caicos Islands,1960,0.482
Turks and Caicos Islands,1961,0.302
Turks and Caicos Islands,1962,0.195
Turks and Caicos Islands,1963,0.213
Turks and Caicos Islands,1964,0.159
Turks and Caicos Islands,1965,-0.141
Turks and Caicos Islands,1966,-0.018
Turks and Caicos Islands,1967,0.159
Turks and Caicos Islands,1968,-0.212
Turks and Caicos Islands,1969,0.088
Turks and Caicos Islands,1970,0.406
Turks and Caicos Islands,1971,2.642
Turks and Caicos Islands,1972,2.874
Turks and Caicos Islands,1973,2.94
Turks and Caicos Islands,1974,2.997
Turks and Caicos Islands,1975,2.971
Turks and Caicos Islands,1976,3.033
Turks and Caicos Islands,1977,3.001
Turks and Caicos Islands,1978,3.29
Turks and Caicos Islands,1979,2.902
Turks and Caicos Islands,1980,4.007
Turks and Caicos Islands,1981,4.882
Turks and Caicos Islands,1982,4.714
Turks and Caicos Islands,1983,4.704
Turks and Caicos Islands,1984,4.536
Turks and Caicos Islands,1985,4.359
Turks and Caicos Islands,1986,4.276
Turks and Caicos Islands,1987,4.006
Turks and Caicos Islands,1988,3.833
Turks and Caicos Islands,1989,3.771
Turks and Caicos Islands,1990,4.852
Turks and Caicos Islands,1991,5.422
Turks and Caicos Islands,1992,5.113
Turks and Caicos Islands,1993,5.079
Turks and Caicos Islands,1994,4.874
Turks and Caicos Islands,1995,4.765
Turks and Caicos Islands,1996,4.511
Turks and Caicos Islands,1997,4.381
Turks and Caicos Islands,1998,4.294
Turks and Caicos Islands,1999,4.199
Turks and Caicos Islands,2000,4.203
Turks and Caicos Islands,2001,4.634
Turks and Caicos Islands,2002,5.507
Turks and Caicos Islands,2003,5.188
Turks and Caicos Islands,2004,4.945
Turks and Caicos Islands,2005,4.724
Turks and Caicos Islands,2006,4.534
Turks and Caicos Islands,2007,4.39
Turks and Caicos Islands,2008,4.241
Turks and Caicos Islands,2009,4.055
Turks and Caicos Islands,2010,3.841
Turks and Caicos Islands,2011,3.476
Turks and Caicos Islands,2012,4.639
Turks and Caicos Islands,2013,4.642
Turks and Caicos Islands,2014,3.515
Turks and Caicos Islands,2015,5.132
Turks and Caicos Islands,2016,4.025
Turks and Caicos Islands,2017,4.142
Turks and Caicos Islands,2018,3.944
Turks and Caicos Islands,2019,3.649
Turks and Caicos Islands,2020,1.949
Turks and Caicos Islands,2021,1.881
Turks and Caicos Islands,2022,0.779
Turks and Caicos Islands,2023,0.745
Turks and Caicos Islands,2024,0.707
Turks and Caicos Islands,2025,0.664
Turks and Caicos Islands,2026,0.585
Turks and Caicos Islands,2027,0.599
Turks and Caicos Islands,2028,0.612
Turks and Caicos Islands,2029,0.55
Turks and Caicos Islands,2030,0.547
Turks and Caicos Islands,2031,0.536
Turks and Caicos Islands,2032,0.517
Turks and Caicos Islands,2033,0.512
Turks and Caicos Islands,2034,0.447
Turks and Caicos Islands,2035,0.489
Turks and Caicos Islands,2036,0.432
Turks and Caicos Islands,2037,0.381
Turks and Caicos Islands,2038,0.359
Turks and Caicos Islands,2039,0.334
Turks and Caicos Islands,2040,0.224
Turks and Caicos Islands,2041,0.23
Turks and Caicos Islands,2042,0.255
Turks and Caicos Islands,2043,0.205
Turks and Caicos Islands,2044,0.124
Turks and Caicos Islands,2045,0.132
Turks and Caicos Islands,2046,0.053
Turks and Caicos Islands,2047,0.057
Turks and Caicos Islands,2048,0.012
Turks and Caicos Islands,2049,-0.041
Turks and Caicos Islands,2050,-0.051
Turks and Caicos Islands,2051,-0.108
Turks and Caicos Islands,2052,-0.246
Turks and Caicos Islands,2053,-0.158
Turks and Caicos Islands,2054,-0.205
Turks and Caicos Islands,2055,-0.319
Turks and Caicos Islands,2056,-0.365
Turks and Caicos Islands,2057,-0.375
Turks and Caicos Islands,2058,-0.412
Turks and Caicos Islands,2059,-0.408
Turks and Caicos Islands,2060,-0.422
Turks and Caicos Islands,2061,-0.509
Turks and Caicos Islands,2062,-0.55
Turks and Caicos Islands,2063,-0.522
Turks and Caicos Islands,2064,-0.513
Turks and Caicos Islands,2065,-0.634
Turks and Caicos Islands,2066,-0.548
Turks and Caicos Islands,2067,-0.53
Turks and Caicos Islands,2068,-0.594
Turks and Caicos Islands,2069,-0.572
Turks and Caicos Islands,2070,-0.578
Turks and Caicos Islands,2071,-0.589
Turks and Caicos Islands,2072,-0.651
Turks and Caicos Islands,2073,-0.662
Turks and Caicos Islands,2074,-0.664
Turks and Caicos Islands,2075,-0.702
Turks and Caicos Islands,2076,-0.674
Turks and Caicos Islands,2077,-0.68
Turks and Caicos Islands,2078,-0.685
Turks and Caicos Islands,2079,-0.629
Turks and Caicos Islands,2080,-0.658
Turks and Caicos Islands,2081,-0.694
Turks and Caicos Islands,2082,-0.683
Turks and Caicos Islands,2083,-0.66
Turks and Caicos Islands,2084,-0.619
Turks and Caicos Islands,2085,-0.618
Turks and Caicos Islands,2086,-0.663
Turks and Caicos Islands,2087,-0.617
Turks and Caicos Islands,2088,-0.652
Turks and Caicos Islands,2089,-0.654
Turks and Caicos Islands,2090,-0.622
Turks and Caicos Islands,2091,-0.621
Turks and Caicos Islands,2092,-0.649
Turks and Caicos Islands,2093,-0.584
Turks and Caicos Islands,2094,-0.622
Turks and Caicos Islands,2095,-0.644
Turks and Caicos Islands,2096,-0.633
Turks and Caicos Islands,2097,-0.644
Turks and Caicos Islands,2098,-0.633
Turks and Caicos Islands,2099,-0.63
Turks and Caicos Islands,2100,-0.641
Tuvalu,1950,4.471
Tuvalu,1951,2.213
Tuvalu,1952,2.753
Tuvalu,1953,2.164
Tuvalu,1954,1.442
Tuvalu,1955,1.068
Tuvalu,1956,0.928
Tuvalu,1957,0.901
Tuvalu,1958,1.237
Tuvalu,1959,0.774
Tuvalu,1960,0.875
Tuvalu,1961,0.885
Tuvalu,1962,0.93
Tuvalu,1963,0.869
Tuvalu,1964,-0.834
Tuvalu,1965,-0.437
Tuvalu,1966,-0.616
Tuvalu,1967,-0.548
Tuvalu,1968,-0.48
Tuvalu,1969,0.746
Tuvalu,1970,0.388
Tuvalu,1971,0.387
Tuvalu,1972,-0.123
Tuvalu,1973,-0.264
Tuvalu,1974,5.085
Tuvalu,1975,4.791
Tuvalu,1976,4.419
Tuvalu,1977,4.174
Tuvalu,1978,3.809
Tuvalu,1979,2.603
Tuvalu,1980,2.417
Tuvalu,1981,1.887
Tuvalu,1982,1.736
Tuvalu,1983,1.515
Tuvalu,1984,1.367
Tuvalu,1985,2.25
Tuvalu,1986,1.959
Tuvalu,1987,1.744
Tuvalu,1988,1.738
Tuvalu,1989,1.628
Tuvalu,1990,1.478
Tuvalu,1991,1.456
Tuvalu,1992,0.996
Tuvalu,1993,0.931
Tuvalu,1994,0.858
Tuvalu,1995,0.7
Tuvalu,1996,0.642
Tuvalu,1997,0.606
Tuvalu,1998,0.466
Tuvalu,1999,0.484
Tuvalu,2000,0.524
Tuvalu,2001,0.365
Tuvalu,2002,0.385
Tuvalu,2003,1.124
Tuvalu,2004,1.345
Tuvalu,2005,1.157
Tuvalu,2006,1.164
Tuvalu,2007,1.336
Tuvalu,2008,1.376
Tuvalu,2009,1.329
Tuvalu,2010,1.564
Tuvalu,2011,1.531
Tuvalu,2012,1.326
Tuvalu,2013,-0.118
Tuvalu,2014,-0.182
Tuvalu,2015,-0.201
Tuvalu,2016,-0.412
Tuvalu,2017,-0.699
Tuvalu,2018,-1.498
Tuvalu,2019,-1.682
Tuvalu,2020,-1.779
Tuvalu,2021,-2.227
Tuvalu,2022,-1.761
Tuvalu,2023,-1.803
Tuvalu,2024,-1.69
Tuvalu,2025,-1.517
Tuvalu,2026,-1.239
Tuvalu,2027,-1.026
Tuvalu,2028,-0.829
Tuvalu,2029,-0.659
Tuvalu,2030,-0.564
Tuvalu,2031,-0.266
Tuvalu,2032,-0.223
Tuvalu,2033,-0.1
Tuvalu,2034,0.078
Tuvalu,2035,0.1
Tuvalu,2036,0.167
Tuvalu,2037,0.311
Tuvalu,2038,0.442
Tuvalu,2039,0.561
Tuvalu,2040,0.46
Tuvalu,2041,0.566
Tuvalu,2042,0.714
Tuvalu,2043,0.709
Tuvalu,2044,0.672
Tuvalu,2045,0.646
Tuvalu,2046,0.705
Tuvalu,2047,0.815
Tuvalu,2048,0.694
Tuvalu,2049,0.69
Tuvalu,2050,0.665
Tuvalu,2051,0.731
Tuvalu,2052,0.575
Tuvalu,2053,0.692
Tuvalu,2054,0.578
Tuvalu,2055,0.634
Tuvalu,2056,0.659
Tuvalu,2057,0.518
Tuvalu,2058,0.613
Tuvalu,2059,0.676
Tuvalu,2060,0.547
Tuvalu,2061,0.668
Tuvalu,2062,0.55
Tuvalu,2063,0.604
Tuvalu,2064,0.619
Tuvalu,2065,0.513
Tuvalu,2066,0.602
Tuvalu,2067,0.626
Tuvalu,2068,0.632
Tuvalu,2069,0.637
Tuvalu,2070,0.534
Tuvalu,2071,0.674
Tuvalu,2072,0.527
Tuvalu,2073,0.684
Tuvalu,2074,0.574
Tuvalu,2075,0.5
Tuvalu,2076,0.507
Tuvalu,2077,0.521
Tuvalu,2078,0.432
Tuvalu,2079,0.482
Tuvalu,2080,0.54
Tuvalu,2081,0.341
Tuvalu,2082,0.348
Tuvalu,2083,0.33
Tuvalu,2084,0.371
Tuvalu,2085,0.345
Tuvalu,2086,0.293
Tuvalu,2087,0.226
Tuvalu,2088,0.3
Tuvalu,2089,0.266
Tuvalu,2090,0.257
Tuvalu,2091,0.223
Tuvalu,2092,0.248
Tuvalu,2093,0.165
Tuvalu,2094,0.148
Tuvalu,2095,0.123
Tuvalu,2096,0.189
Tuvalu,2097,0.18
Tuvalu,2098,0.172
Tuvalu,2099,0.057
Tuvalu,2100,0.212
Uganda,1950,2.746
Uganda,1951,2.751
Uganda,1952,2.784
Uganda,1953,2.811
Uganda,1954,2.835
Uganda,1955,2.851
Uganda,1956,2.863
Uganda,1957,2.884
Uganda,1958,2.909
Uganda,1959,2.931
Uganda,1960,2.847
Uganda,1961,2.862
Uganda,1962,2.905
Uganda,1963,2.974
Uganda,1964,3
Uganda,1965,3.03
Uganda,1966,3.061
Uganda,1967,3.113
Uganda,1968,3.157
Uganda,1969,3.055
Uganda,1970,2.98
Uganda,1971,2.69
Uganda,1972,2.292
Uganda,1973,2.399
Uganda,1974,2.572
Uganda,1975,2.618
Uganda,1976,2.635
Uganda,1977,2.65
Uganda,1978,2.658
Uganda,1979,2.175
Uganda,1980,1.992
Uganda,1981,2.191
Uganda,1982,2.432
Uganda,1983,2.526
Uganda,1984,2.823
Uganda,1985,2.793
Uganda,1986,3.027
Uganda,1987,3.165
Uganda,1988,3.204
Uganda,1989,3.25
Uganda,1990,3.22
Uganda,1991,3.34
Uganda,1992,3.471
Uganda,1993,3.438
Uganda,1994,3.277
Uganda,1995,2.201
Uganda,1996,3.189
Uganda,1997,2.618
Uganda,1998,3.32
Uganda,1999,3.163
Uganda,2000,3.126
Uganda,2001,2.994
Uganda,2002,3.265
Uganda,2003,3.055
Uganda,2004,2.946
Uganda,2005,2.924
Uganda,2006,2.93
Uganda,2007,2.951
Uganda,2008,2.938
Uganda,2009,2.945
Uganda,2010,2.943
Uganda,2011,2.921
Uganda,2012,2.888
Uganda,2013,2.852
Uganda,2014,3.048
Uganda,2015,3.098
Uganda,2016,3.539
Uganda,2017,3.444
Uganda,2018,3.352
Uganda,2019,3.429
Uganda,2020,3.241
Uganda,2021,3.195
Uganda,2022,2.826
Uganda,2023,2.777
Uganda,2024,2.731
Uganda,2025,2.673
Uganda,2026,2.615
Uganda,2027,2.56
Uganda,2028,2.504
Uganda,2029,2.442
Uganda,2030,2.384
Uganda,2031,2.33
Uganda,2032,2.259
Uganda,2033,2.193
Uganda,2034,2.146
Uganda,2035,2.107
Uganda,2036,2.047
Uganda,2037,2.024
Uganda,2038,1.968
Uganda,2039,1.912
Uganda,2040,1.874
Uganda,2041,1.847
Uganda,2042,1.82
Uganda,2043,1.79
Uganda,2044,1.75
Uganda,2045,1.703
Uganda,2046,1.673
Uganda,2047,1.643
Uganda,2048,1.605
Uganda,2049,1.554
Uganda,2050,1.516
Uganda,2051,1.476
Uganda,2052,1.445
Uganda,2053,1.409
Uganda,2054,1.365
Uganda,2055,1.321
Uganda,2056,1.283
Uganda,2057,1.25
Uganda,2058,1.214
Uganda,2059,1.174
Uganda,2060,1.128
Uganda,2061,1.111
Uganda,2062,1.073
Uganda,2063,1.033
Uganda,2064,1.004
Uganda,2065,0.961
Uganda,2066,0.935
Uganda,2067,0.899
Uganda,2068,0.868
Uganda,2069,0.831
Uganda,2070,0.814
Uganda,2071,0.772
Uganda,2072,0.75
Uganda,2073,0.711
Uganda,2074,0.69
Uganda,2075,0.666
Uganda,2076,0.64
Uganda,2077,0.6
Uganda,2078,0.581
Uganda,2079,0.537
Uganda,2080,0.525
Uganda,2081,0.485
Uganda,2082,0.465
Uganda,2083,0.438
Uganda,2084,0.402
Uganda,2085,0.37
Uganda,2086,0.345
Uganda,2087,0.33
Uganda,2088,0.302
Uganda,2089,0.282
Uganda,2090,0.251
Uganda,2091,0.22
Uganda,2092,0.204
Uganda,2093,0.177
Uganda,2094,0.145
Uganda,2095,0.14
Uganda,2096,0.098
Uganda,2097,0.08
Uganda,2098,0.059
Uganda,2099,0.05
Uganda,2100,0.017
Ukraine,1950,1.328
Ukraine,1951,1.317
Ukraine,1952,1.305
Ukraine,1953,1.286
Ukraine,1954,1.345
Ukraine,1955,1.381
Ukraine,1956,1.407
Ukraine,1957,1.441
Ukraine,1958,1.6
Ukraine,1959,1.346
Ukraine,1960,1.38
Ukraine,1961,1.291
Ukraine,1962,1.201
Ukraine,1963,1.147
Ukraine,1964,1.041
Ukraine,1965,0.89
Ukraine,1966,0.933
Ukraine,1967,0.864
Ukraine,1968,0.852
Ukraine,1969,0.695
Ukraine,1970,0.515
Ukraine,1971,0.8
Ukraine,1972,0.765
Ukraine,1973,0.608
Ukraine,1974,0.628
Ukraine,1975,0.557
Ukraine,1976,0.487
Ukraine,1977,0.39
Ukraine,1978,0.358
Ukraine,1979,0.448
Ukraine,1980,0.49
Ukraine,1981,0.446
Ukraine,1982,0.403
Ukraine,1983,0.524
Ukraine,1984,0.463
Ukraine,1985,0.404
Ukraine,1986,0.416
Ukraine,1987,0.351
Ukraine,1988,0.459
Ukraine,1989,0.286
Ukraine,1990,0.239
Ukraine,1991,0.21
Ukraine,1992,0.374
Ukraine,1993,-0.273
Ukraine,1994,-0.778
Ukraine,1995,-0.805
Ukraine,1996,-0.904
Ukraine,1997,-0.818
Ukraine,1998,-0.792
Ukraine,1999,-0.815
Ukraine,2000,-0.872
Ukraine,2001,-0.952
Ukraine,2002,-0.804
Ukraine,2003,-0.689
Ukraine,2004,-0.706
Ukraine,2005,-0.944
Ukraine,2006,-0.348
Ukraine,2007,-0.568
Ukraine,2008,-0.469
Ukraine,2009,-0.367
Ukraine,2010,-0.354
Ukraine,2011,-0.285
Ukraine,2012,-0.138
Ukraine,2013,-0.223
Ukraine,2014,-0.448
Ukraine,2015,-0.369
Ukraine,2016,-0.366
Ukraine,2017,-0.428
Ukraine,2018,-0.574
Ukraine,2019,-0.541
Ukraine,2020,-0.698
Ukraine,2021,-1.018
Ukraine,2022,-14.762
Ukraine,2023,-1.546
Ukraine,2024,2.213
Ukraine,2025,3.598
Ukraine,2026,-0.737
Ukraine,2027,-0.739
Ukraine,2028,-0.761
Ukraine,2029,-0.773
Ukraine,2030,-0.788
Ukraine,2031,-0.8
Ukraine,2032,-0.804
Ukraine,2033,-0.816
Ukraine,2034,-0.826
Ukraine,2035,-0.838
Ukraine,2036,-0.844
Ukraine,2037,-0.862
Ukraine,2038,-0.869
Ukraine,2039,-0.885
Ukraine,2040,-0.884
Ukraine,2041,-0.901
Ukraine,2042,-0.914
Ukraine,2043,-0.928
Ukraine,2044,-0.946
Ukraine,2045,-0.967
Ukraine,2046,-0.996
Ukraine,2047,-1.015
Ukraine,2048,-1.036
Ukraine,2049,-1.071
Ukraine,2050,-1.095
Ukraine,2051,-1.125
Ukraine,2052,-1.149
Ukraine,2053,-1.176
Ukraine,2054,-1.199
Ukraine,2055,-1.228
Ukraine,2056,-1.248
Ukraine,2057,-1.273
Ukraine,2058,-1.297
Ukraine,2059,-1.312
Ukraine,2060,-1.329
Ukraine,2061,-1.349
Ukraine,2062,-1.362
Ukraine,2063,-1.379
Ukraine,2064,-1.396
Ukraine,2065,-1.41
Ukraine,2066,-1.423
Ukraine,2067,-1.438
Ukraine,2068,-1.45
Ukraine,2069,-1.466
Ukraine,2070,-1.48
Ukraine,2071,-1.491
Ukraine,2072,-1.5
Ukraine,2073,-1.521
Ukraine,2074,-1.536
Ukraine,2075,-1.547
Ukraine,2076,-1.56
Ukraine,2077,-1.569
Ukraine,2078,-1.582
Ukraine,2079,-1.592
Ukraine,2080,-1.603
Ukraine,2081,-1.61
Ukraine,2082,-1.621
Ukraine,2083,-1.625
Ukraine,2084,-1.633
Ukraine,2085,-1.628
Ukraine,2086,-1.635
Ukraine,2087,-1.637
Ukraine,2088,-1.635
Ukraine,2089,-1.636
Ukraine,2090,-1.641
Ukraine,2091,-1.637
Ukraine,2092,-1.639
Ukraine,2093,-1.641
Ukraine,2094,-1.639
Ukraine,2095,-1.636
Ukraine,2096,-1.641
Ukraine,2097,-1.645
Ukraine,2098,-1.646
Ukraine,2099,-1.649
Ukraine,2100,-1.646
United Arab Emirates,1950,6.616
United Arab Emirates,1951,6.449
United Arab Emirates,1952,6.271
United Arab Emirates,1953,6.056
United Arab Emirates,1954,5.807
United Arab Emirates,1955,5.589
United Arab Emirates,1956,5.378
United Arab Emirates,1957,5.225
United Arab Emirates,1958,5.107
United Arab Emirates,1959,5.032
United Arab Emirates,1960,4.957
United Arab Emirates,1961,4.929
United Arab Emirates,1962,4.909
United Arab Emirates,1963,4.873
United Arab Emirates,1964,4.726
United Arab Emirates,1965,4.355
United Arab Emirates,1966,3.719
United Arab Emirates,1967,2.77
United Arab Emirates,1968,17.32
United Arab Emirates,1969,19.268
United Arab Emirates,1970,16.691
United Arab Emirates,1971,14.732
United Arab Emirates,1972,13.189
United Arab Emirates,1973,11.945
United Arab Emirates,1974,10.911
United Arab Emirates,1975,9.998
United Arab Emirates,1976,14.932
United Arab Emirates,1977,13.665
United Arab Emirates,1978,12.526
United Arab Emirates,1979,11.442
United Arab Emirates,1980,10.163
United Arab Emirates,1981,5.927
United Arab Emirates,1982,5.82
United Arab Emirates,1983,5.669
United Arab Emirates,1984,5.466
United Arab Emirates,1985,5.26
United Arab Emirates,1986,7.26
United Arab Emirates,1987,6.815
United Arab Emirates,1988,6.415
United Arab Emirates,1989,6.051
United Arab Emirates,1990,5.715
United Arab Emirates,1991,5.401
United Arab Emirates,1992,5.102
United Arab Emirates,1993,4.81
United Arab Emirates,1994,4.525
United Arab Emirates,1995,4.421
United Arab Emirates,1996,8.404
United Arab Emirates,1997,7.866
United Arab Emirates,1998,7.387
United Arab Emirates,1999,6.943
United Arab Emirates,2000,6.542
United Arab Emirates,2001,6.221
United Arab Emirates,2002,5.939
United Arab Emirates,2003,5.639
United Arab Emirates,2004,5.345
United Arab Emirates,2005,5.038
United Arab Emirates,2006,9.063
United Arab Emirates,2007,13.844
United Arab Emirates,2008,9.187
United Arab Emirates,2009,3.432
United Arab Emirates,2010,3.351
United Arab Emirates,2011,4.024
United Arab Emirates,2012,4.078
United Arab Emirates,2013,4.645
United Arab Emirates,2014,5.42
United Arab Emirates,2015,4.949
United Arab Emirates,2016,3.137
United Arab Emirates,2017,1.339
United Arab Emirates,2018,1.086
United Arab Emirates,2019,-0.421
United Arab Emirates,2020,1.914
United Arab Emirates,2021,5.111
United Arab Emirates,2022,3.963
United Arab Emirates,2023,3.704
United Arab Emirates,2024,3.41
United Arab Emirates,2025,2.307
United Arab Emirates,2026,1.69
United Arab Emirates,2027,1.414
United Arab Emirates,2028,1.235
United Arab Emirates,2029,1.142
United Arab Emirates,2030,1.101
United Arab Emirates,2031,1.125
United Arab Emirates,2032,1.144
United Arab Emirates,2033,1.159
United Arab Emirates,2034,1.171
United Arab Emirates,2035,1.176
United Arab Emirates,2036,1.18
United Arab Emirates,2037,1.18
United Arab Emirates,2038,1.181
United Arab Emirates,2039,1.175
United Arab Emirates,2040,1.17
United Arab Emirates,2041,1.164
United Arab Emirates,2042,1.158
United Arab Emirates,2043,1.151
United Arab Emirates,2044,1.145
United Arab Emirates,2045,1.137
United Arab Emirates,2046,1.144
United Arab Emirates,2047,1.16
United Arab Emirates,2048,1.158
United Arab Emirates,2049,1.156
United Arab Emirates,2050,1.145
United Arab Emirates,2051,1.136
United Arab Emirates,2052,1.132
United Arab Emirates,2053,1.133
United Arab Emirates,2054,1.137
United Arab Emirates,2055,1.132
United Arab Emirates,2056,1.132
United Arab Emirates,2057,1.135
United Arab Emirates,2058,1.137
United Arab Emirates,2059,1.138
United Arab Emirates,2060,1.136
United Arab Emirates,2061,1.143
United Arab Emirates,2062,1.153
United Arab Emirates,2063,1.159
United Arab Emirates,2064,1.165
United Arab Emirates,2065,1.167
United Arab Emirates,2066,1.167
United Arab Emirates,2067,1.17
United Arab Emirates,2068,1.169
United Arab Emirates,2069,1.169
United Arab Emirates,2070,1.163
United Arab Emirates,2071,1.16
United Arab Emirates,2072,1.151
United Arab Emirates,2073,1.145
United Arab Emirates,2074,1.131
United Arab Emirates,2075,1.121
United Arab Emirates,2076,1.108
United Arab Emirates,2077,1.095
United Arab Emirates,2078,1.08
United Arab Emirates,2079,1.065
United Arab Emirates,2080,1.05
United Arab Emirates,2081,1.036
United Arab Emirates,2082,1.022
United Arab Emirates,2083,1.007
United Arab Emirates,2084,0.992
United Arab Emirates,2085,0.978
United Arab Emirates,2086,0.967
United Arab Emirates,2087,0.958
United Arab Emirates,2088,0.949
United Arab Emirates,2089,0.941
United Arab Emirates,2090,0.931
United Arab Emirates,2091,0.924
United Arab Emirates,2092,0.919
United Arab Emirates,2093,0.915
United Arab Emirates,2094,0.912
United Arab Emirates,2095,0.91
United Arab Emirates,2096,0.909
United Arab Emirates,2097,0.908
United Arab Emirates,2098,0.909
United Arab Emirates,2099,0.908
United Arab Emirates,2100,0.911
United Kingdom,1950,0.758
United Kingdom,1951,0.142
United Kingdom,1952,0.45
United Kingdom,1953,0.462
United Kingdom,1954,0.447
United Kingdom,1955,0.408
United Kingdom,1956,0.464
United Kingdom,1957,0.527
United Kingdom,1958,0.553
United Kingdom,1959,0.564
United Kingdom,1960,0.627
United Kingdom,1961,0.687
United Kingdom,1962,0.774
United Kingdom,1963,0.648
United Kingdom,1964,0.675
United Kingdom,1965,0.616
United Kingdom,1966,0.548
United Kingdom,1967,0.537
United Kingdom,1968,0.432
United Kingdom,1969,0.347
United Kingdom,1970,0.4
United Kingdom,1971,0.412
United Kingdom,1972,0.263
United Kingdom,1973,0.127
United Kingdom,1974,0
United Kingdom,1975,-0.016
United Kingdom,1976,-0.052
United Kingdom,1977,-0.038
United Kingdom,1978,0.037
United Kingdom,1979,0.117
United Kingdom,1980,0.109
United Kingdom,1981,-0.029
United Kingdom,1982,-0.013
United Kingdom,1983,0.153
United Kingdom,1984,0.27
United Kingdom,1985,0.279
United Kingdom,1986,0.235
United Kingdom,1987,0.237
United Kingdom,1988,0.256
United Kingdom,1989,0.289
United Kingdom,1990,0.36
United Kingdom,1991,0.293
United Kingdom,1992,0.277
United Kingdom,1993,0.214
United Kingdom,1994,0.277
United Kingdom,1995,0.245
United Kingdom,1996,0.25
United Kingdom,1997,0.259
United Kingdom,1998,0.355
United Kingdom,1999,0.367
United Kingdom,2000,0.375
United Kingdom,2001,0.405
United Kingdom,2002,0.446
United Kingdom,2003,0.491
United Kingdom,2004,0.674
United Kingdom,2005,0.737
United Kingdom,2006,0.759
United Kingdom,2007,0.823
United Kingdom,2008,0.768
United Kingdom,2009,0.77
United Kingdom,2010,0.824
United Kingdom,2011,0.766
United Kingdom,2012,0.65
United Kingdom,2013,0.686
United Kingdom,2014,0.788
United Kingdom,2015,0.797
United Kingdom,2016,0.761
United Kingdom,2017,0.634
United Kingdom,2018,0.562
United Kingdom,2019,0.509
United Kingdom,2020,0.208
United Kingdom,2021,0.73
United Kingdom,2022,0.773
United Kingdom,2023,0.699
United Kingdom,2024,0.622
United Kingdom,2025,0.569
United Kingdom,2026,0.521
United Kingdom,2027,0.512
United Kingdom,2028,0.48
United Kingdom,2029,0.448
United Kingdom,2030,0.44
United Kingdom,2031,0.401
United Kingdom,2032,0.383
United Kingdom,2033,0.379
United Kingdom,2034,0.349
United Kingdom,2035,0.344
United Kingdom,2036,0.32
United Kingdom,2037,0.304
United Kingdom,2038,0.303
United Kingdom,2039,0.287
United Kingdom,2040,0.282
United Kingdom,2041,0.275
United Kingdom,2042,0.268
United Kingdom,2043,0.268
United Kingdom,2044,0.248
United Kingdom,2045,0.237
United Kingdom,2046,0.223
United Kingdom,2047,0.213
United Kingdom,2048,0.194
United Kingdom,2049,0.174
United Kingdom,2050,0.156
United Kingdom,2051,0.14
United Kingdom,2052,0.121
United Kingdom,2053,0.097
United Kingdom,2054,0.089
United Kingdom,2055,0.051
United Kingdom,2056,0.043
United Kingdom,2057,0.026
United Kingdom,2058,0.024
United Kingdom,2059,-0.001
United Kingdom,2060,-0.001
United Kingdom,2061,0.003
United Kingdom,2062,0.009
United Kingdom,2063,-0.001
United Kingdom,2064,0.004
United Kingdom,2065,0.001
United Kingdom,2066,0.009
United Kingdom,2067,0.01
United Kingdom,2068,0.001
United Kingdom,2069,0.009
United Kingdom,2070,0.013
United Kingdom,2071,0.014
United Kingdom,2072,0.01
United Kingdom,2073,-0.012
United Kingdom,2074,-0.015
United Kingdom,2075,-0.016
United Kingdom,2076,-0.003
United Kingdom,2077,-0.023
United Kingdom,2078,-0.024
United Kingdom,2079,-0.038
United Kingdom,2080,-0.042
United Kingdom,2081,-0.036
United Kingdom,2082,-0.054
United Kingdom,2083,-0.065
United Kingdom,2084,-0.066
United Kingdom,2085,-0.077
United Kingdom,2086,-0.089
United Kingdom,2087,-0.094
United Kingdom,2088,-0.095
United Kingdom,2089,-0.109
United Kingdom,2090,-0.115
United Kingdom,2091,-0.119
United Kingdom,2092,-0.124
United Kingdom,2093,-0.13
United Kingdom,2094,-0.128
United Kingdom,2095,-0.147
United Kingdom,2096,-0.149
United Kingdom,2097,-0.152
United Kingdom,2098,-0.159
United Kingdom,2099,-0.175
United Kingdom,2100,-0.184
United States,1950,1.473
United States,1951,1.461
United States,1952,1.473
United States,1953,1.495
United States,1954,1.544
United States,1955,1.565
United States,1956,1.569
United States,1957,1.574
United States,1958,1.569
United States,1959,1.766
United States,1960,1.736
United States,1961,1.799
United States,1962,1.697
United States,1963,1.598
United States,1964,1.533
United States,1965,1.387
United States,1966,1.266
United States,1967,1.175
United States,1968,1.115
United States,1969,1.127
United States,1970,1.289
United States,1971,1.227
United States,1972,1.057
United States,1973,0.966
United States,1974,0.95
United States,1975,0.932
United States,1976,0.92
United States,1977,0.961
United States,1978,0.944
United States,1979,0.98
United States,1980,1.017
United States,1981,1.012
United States,1982,1.029
United States,1983,1.01
United States,1984,0.979
United States,1985,0.964
United States,1986,0.9
United States,1987,0.901
United States,1988,0.904
United States,1989,0.925
United States,1990,1.215
United States,1991,1.216
United States,1992,1.214
United States,1993,1.105
United States,1994,1.047
United States,1995,1
United States,1996,0.97
United States,1997,0.946
United States,1998,0.984
United States,1999,0.938
United States,2000,0.988
United States,2001,0.988
United States,2002,0.975
United States,2003,0.982
United States,2004,0.993
United States,2005,0.998
United States,2006,1.029
United States,2007,1.045
United States,2008,1.016
United States,2009,0.976
United States,2010,0.987
United States,2011,0.959
United States,2012,0.948
United States,2013,0.932
United States,2014,0.936
United States,2015,0.919
United States,2016,0.945
United States,2017,0.885
United States,2018,0.824
United States,2019,0.801
United States,2020,0.173
United States,2021,0.254
United States,2022,0.551
United States,2023,0.584
United States,2024,0.548
United States,2025,0.52
United States,2026,0.491
United States,2027,0.476
United States,2028,0.477
United States,2029,0.455
United States,2030,0.446
United States,2031,0.436
United States,2032,0.428
United States,2033,0.42
United States,2034,0.416
United States,2035,0.402
United States,2036,0.393
United States,2037,0.385
United States,2038,0.378
United States,2039,0.358
United States,2040,0.347
United States,2041,0.333
United States,2042,0.331
United States,2043,0.31
United States,2044,0.293
United States,2045,0.281
United States,2046,0.264
United States,2047,0.259
United States,2048,0.241
United States,2049,0.235
United States,2050,0.228
United States,2051,0.224
United States,2052,0.213
United States,2053,0.213
United States,2054,0.197
United States,2055,0.192
United States,2056,0.196
United States,2057,0.209
United States,2058,0.219
United States,2059,0.214
United States,2060,0.211
United States,2061,0.224
United States,2062,0.228
United States,2063,0.231
United States,2064,0.227
United States,2065,0.235
United States,2066,0.243
United States,2067,0.25
United States,2068,0.246
United States,2069,0.253
United States,2070,0.241
United States,2071,0.248
United States,2072,0.232
United States,2073,0.232
United States,2074,0.223
United States,2075,0.233
United States,2076,0.219
United States,2077,0.208
United States,2078,0.204
United States,2079,0.191
United States,2080,0.183
United States,2081,0.203
United States,2082,0.184
United States,2083,0.181
United States,2084,0.177
United States,2085,0.162
United States,2086,0.174
United States,2087,0.174
United States,2088,0.185
United States,2089,0.178
United States,2090,0.173
United States,2091,0.179
United States,2092,0.179
United States,2093,0.173
United States,2094,0.176
United States,2095,0.17
United States,2096,0.157
United States,2097,0.158
United States,2098,0.144
United States,2099,0.145
United States,2100,0.129
United States Virgin Islands,1950,3.124
United States Virgin Islands,1951,1.734
United States Virgin Islands,1952,1.49
United States Virgin Islands,1953,1.707
United States Virgin Islands,1954,1.811
United States Virgin Islands,1955,1.588
United States Virgin Islands,1956,1.586
United States Virgin Islands,1957,1.571
United States Virgin Islands,1958,1.773
United States Virgin Islands,1959,1.805
United States Virgin Islands,1960,6.34
United States Virgin Islands,1961,7.703
United States Virgin Islands,1962,7.928
United States Virgin Islands,1963,7.746
United States Virgin Islands,1964,8.024
United States Virgin Islands,1965,7.229
United States Virgin Islands,1966,6.309
United States Virgin Islands,1967,5.507
United States Virgin Islands,1968,4.87
United States Virgin Islands,1969,4.296
United States Virgin Islands,1970,6.327
United States Virgin Islands,1971,5.992
United States Virgin Islands,1972,5.479
United States Virgin Islands,1973,4.85
United States Virgin Islands,1974,4.403
United States Virgin Islands,1975,3.789
United States Virgin Islands,1976,3.563
United States Virgin Islands,1977,3.353
United States Virgin Islands,1978,3.083
United States Virgin Islands,1979,2.977
United States Virgin Islands,1980,1.511
United States Virgin Islands,1981,0.943
United States Virgin Islands,1982,0.857
United States Virgin Islands,1983,0.768
United States Virgin Islands,1984,0.674
United States Virgin Islands,1985,0.586
United States Virgin Islands,1986,0.465
United States Virgin Islands,1987,0.318
United States Virgin Islands,1988,0.114
United States Virgin Islands,1989,-0.151
United States Virgin Islands,1990,0.892
United States Virgin Islands,1991,1.109
United States Virgin Islands,1992,0.974
United States Virgin Islands,1993,0.856
United States Virgin Islands,1994,0.758
United States Virgin Islands,1995,0.63
United States Virgin Islands,1996,0.532
United States Virgin Islands,1997,0.383
United States Virgin Islands,1998,0.236
United States Virgin Islands,1999,0.052
United States Virgin Islands,2000,-0.051
United States Virgin Islands,2001,-0.047
United States Virgin Islands,2002,-0.152
United States Virgin Islands,2003,-0.305
United States Virgin Islands,2004,-0.316
United States Virgin Islands,2005,-0.107
United States Virgin Islands,2006,-0.184
United States Virgin Islands,2007,-0.228
United States Virgin Islands,2008,-0.275
United States Virgin Islands,2009,-0.101
United States Virgin Islands,2010,-0.741
United States Virgin Islands,2011,-0.999
United States Virgin Islands,2012,-1.085
United States Virgin Islands,2013,-1.114
United States Virgin Islands,2014,-1.144
United States Virgin Islands,2015,-2.331
United States Virgin Islands,2016,-2.643
United States Virgin Islands,2017,-2.897
United States Virgin Islands,2018,-3.117
United States Virgin Islands,2019,-3.336
United States Virgin Islands,2020,-0.4
United States Virgin Islands,2021,-0.706
United States Virgin Islands,2022,-0.943
United States Virgin Islands,2023,-0.929
United States Virgin Islands,2024,-0.938
United States Virgin Islands,2025,-0.876
United States Virgin Islands,2026,-0.886
United States Virgin Islands,2027,-0.815
United States Virgin Islands,2028,-0.774
United States Virgin Islands,2029,-0.715
United States Virgin Islands,2030,-0.712
United States Virgin Islands,2031,-0.721
United States Virgin Islands,2032,-0.669
United States Virgin Islands,2033,-0.659
United States Virgin Islands,2034,-0.687
United States Virgin Islands,2035,-0.698
United States Virgin Islands,2036,-0.661
United States Virgin Islands,2037,-0.683
United States Virgin Islands,2038,-0.637
United States Virgin Islands,2039,-0.656
United States Virgin Islands,2040,-0.663
United States Virgin Islands,2041,-0.605
United States Virgin Islands,2042,-0.635
United States Virgin Islands,2043,-0.589
United States Virgin Islands,2044,-0.633
United States Virgin Islands,2045,-0.636
United States Virgin Islands,2046,-0.582
United States Virgin Islands,2047,-0.589
United States Virgin Islands,2048,-0.547
United States Virgin Islands,2049,-0.515
United States Virgin Islands,2050,-0.51
United States Virgin Islands,2051,-0.541
United States Virgin Islands,2052,-0.498
United States Virgin Islands,2053,-0.5
United States Virgin Islands,2054,-0.512
United States Virgin Islands,2055,-0.455
United States Virgin Islands,2056,-0.473
United States Virgin Islands,2057,-0.453
United States Virgin Islands,2058,-0.431
United States Virgin Islands,2059,-0.419
United States Virgin Islands,2060,-0.352
United States Virgin Islands,2061,-0.334
United States Virgin Islands,2062,-0.327
United States Virgin Islands,2063,-0.308
United States Virgin Islands,2064,-0.312
United States Virgin Islands,2065,-0.284
United States Virgin Islands,2066,-0.273
United States Virgin Islands,2067,-0.257
United States Virgin Islands,2068,-0.225
United States Virgin Islands,2069,-0.23
United States Virgin Islands,2070,-0.198
United States Virgin Islands,2071,-0.223
United States Virgin Islands,2072,-0.21
United States Virgin Islands,2073,-0.216
United States Virgin Islands,2074,-0.211
United States Virgin Islands,2075,-0.196
United States Virgin Islands,2076,-0.175
United States Virgin Islands,2077,-0.18
United States Virgin Islands,2078,-0.171
United States Virgin Islands,2079,-0.188
United States Virgin Islands,2080,-0.154
United States Virgin Islands,2081,-0.181
United States Virgin Islands,2082,-0.175
United States Virgin Islands,2083,-0.178
United States Virgin Islands,2084,-0.176
United States Virgin Islands,2085,-0.168
United States Virgin Islands,2086,-0.19
United States Virgin Islands,2087,-0.18
United States Virgin Islands,2088,-0.204
United States Virgin Islands,2089,-0.204
United States Virgin Islands,2090,-0.209
United States Virgin Islands,2091,-0.23
United States Virgin Islands,2092,-0.231
United States Virgin Islands,2093,-0.244
United States Virgin Islands,2094,-0.243
United States Virgin Islands,2095,-0.269
United States Virgin Islands,2096,-0.282
United States Virgin Islands,2097,-0.272
United States Virgin Islands,2098,-0.284
United States Virgin Islands,2099,-0.298
United States Virgin Islands,2100,-0.316
Upper-middle-income countries,1950,1.928
Upper-middle-income countries,1951,1.927
Upper-middle-income countries,1952,2.258
Upper-middle-income countries,1953,2.129
Upper-middle-income countries,1954,2.27
Upper-middle-income countries,1955,2.278
Upper-middle-income countries,1956,2.179
Upper-middle-income countries,1957,2.404
Upper-middle-income countries,1958,2.151
Upper-middle-income countries,1959,1.432
Upper-middle-income countries,1960,1.068
Upper-middle-income countries,1961,1.276
Upper-middle-income countries,1962,2.427
Upper-middle-income countries,1963,2.859
Upper-middle-income countries,1964,2.437
Upper-middle-income countries,1965,2.419
Upper-middle-income countries,1966,2.363
Upper-middle-income countries,1967,2.304
Upper-middle-income countries,1968,2.469
Upper-middle-income countries,1969,2.376
Upper-middle-income countries,1970,2.356
Upper-middle-income countries,1971,2.233
Upper-middle-income countries,1972,2.148
Upper-middle-income countries,1973,2.076
Upper-middle-income countries,1974,1.938
Upper-middle-income countries,1975,1.782
Upper-middle-income countries,1976,1.716
Upper-middle-income countries,1977,1.637
Upper-middle-income countries,1978,1.619
Upper-middle-income countries,1979,1.631
Upper-middle-income countries,1980,1.663
Upper-middle-income countries,1981,1.679
Upper-middle-income countries,1982,1.772
Upper-middle-income countries,1983,1.632
Upper-middle-income countries,1984,1.672
Upper-middle-income countries,1985,1.681
Upper-middle-income countries,1986,1.76
Upper-middle-income countries,1987,1.788
Upper-middle-income countries,1988,1.688
Upper-middle-income countries,1989,1.663
Upper-middle-income countries,1990,1.636
Upper-middle-income countries,1991,1.323
Upper-middle-income countries,1992,1.155
Upper-middle-income countries,1993,1.188
Upper-middle-income countries,1994,1.098
Upper-middle-income countries,1995,1.081
Upper-middle-income countries,1996,1.031
Upper-middle-income countries,1997,0.984
Upper-middle-income countries,1998,0.947
Upper-middle-income countries,1999,0.905
Upper-middle-income countries,2000,0.917
Upper-middle-income countries,2001,0.84
Upper-middle-income countries,2002,0.844
Upper-middle-income countries,2003,0.775
Upper-middle-income countries,2004,0.768
Upper-middle-income countries,2005,0.794
Upper-middle-income countries,2006,0.726
Upper-middle-income countries,2007,0.749
Upper-middle-income countries,2008,0.823
Upper-middle-income countries,2009,0.841
Upper-middle-income countries,2010,0.821
Upper-middle-income countries,2011,0.798
Upper-middle-income countries,2012,0.915
Upper-middle-income countries,2013,0.855
Upper-middle-income countries,2014,0.852
Upper-middle-income countries,2015,0.791
Upper-middle-income countries,2016,0.742
Upper-middle-income countries,2017,0.776
Upper-middle-income countries,2018,0.639
Upper-middle-income countries,2019,0.545
Upper-middle-income countries,2020,0.376
Upper-middle-income countries,2021,0.233
Upper-middle-income countries,2022,0.279
Upper-middle-income countries,2023,0.189
Upper-middle-income countries,2024,0.173
Upper-middle-income countries,2025,0.154
Upper-middle-income countries,2026,0.172
Upper-middle-income countries,2027,0.153
Upper-middle-income countries,2028,0.133
Upper-middle-income countries,2029,0.114
Upper-middle-income countries,2030,0.097
Upper-middle-income countries,2031,0.078
Upper-middle-income countries,2032,0.062
Upper-middle-income countries,2033,0.045
Upper-middle-income countries,2034,0.029
Upper-middle-income countries,2035,0.013
Upper-middle-income countries,2036,-0.002
Upper-middle-income countries,2037,-0.018
Upper-middle-income countries,2038,-0.032
Upper-middle-income countries,2039,-0.049
Upper-middle-income countries,2040,-0.065
Upper-middle-income countries,2041,-0.084
Upper-middle-income countries,2042,-0.101
Upper-middle-income countries,2043,-0.12
Upper-middle-income countries,2044,-0.14
Upper-middle-income countries,2045,-0.164
Upper-middle-income countries,2046,-0.189
Upper-middle-income countries,2047,-0.214
Upper-middle-income countries,2048,-0.243
Upper-middle-income countries,2049,-0.273
Upper-middle-income countries,2050,-0.303
Upper-middle-income countries,2051,-0.334
Upper-middle-income countries,2052,-0.367
Upper-middle-income countries,2053,-0.395
Upper-middle-income countries,2054,-0.424
Upper-middle-income countries,2055,-0.452
Upper-middle-income countries,2056,-0.477
Upper-middle-income countries,2057,-0.499
Upper-middle-income countries,2058,-0.521
Upper-middle-income countries,2059,-0.539
Upper-middle-income countries,2060,-0.552
Upper-middle-income countries,2061,-0.566
Upper-middle-income countries,2062,-0.577
Upper-middle-income countries,2063,-0.584
Upper-middle-income countries,2064,-0.593
Upper-middle-income countries,2065,-0.599
Upper-middle-income countries,2066,-0.602
Upper-middle-income countries,2067,-0.609
Upper-middle-income countries,2068,-0.613
Upper-middle-income countries,2069,-0.617
Upper-middle-income countries,2070,-0.621
Upper-middle-income countries,2071,-0.627
Upper-middle-income countries,2072,-0.634
Upper-middle-income countries,2073,-0.642
Upper-middle-income countries,2074,-0.651
Upper-middle-income countries,2075,-0.662
Upper-middle-income countries,2076,-0.671
Upper-middle-income countries,2077,-0.683
Upper-middle-income countries,2078,-0.692
Upper-middle-income countries,2079,-0.704
Upper-middle-income countries,2080,-0.715
Upper-middle-income countries,2081,-0.723
Upper-middle-income countries,2082,-0.732
Upper-middle-income countries,2083,-0.74
Upper-middle-income countries,2084,-0.749
Upper-middle-income countries,2085,-0.753
Upper-middle-income countries,2086,-0.754
Upper-middle-income countries,2087,-0.758
Upper-middle-income countries,2088,-0.76
Upper-middle-income countries,2089,-0.761
Upper-middle-income countries,2090,-0.765
Upper-middle-income countries,2091,-0.762
Upper-middle-income countries,2092,-0.765
Upper-middle-income countries,2093,-0.767
Upper-middle-income countries,2094,-0.769
Upper-middle-income countries,2095,-0.772
Upper-middle-income countries,2096,-0.777
Upper-middle-income countries,2097,-0.78
Upper-middle-income countries,2098,-0.783
Upper-middle-income countries,2099,-0.785
Upper-middle-income countries,2100,-0.789
Uruguay,1950,0.92
Uruguay,1951,1.04
Uruguay,1952,1.137
Uruguay,1953,1.211
Uruguay,1954,1.27
Uruguay,1955,1.295
Uruguay,1956,1.335
Uruguay,1957,1.349
Uruguay,1958,1.356
Uruguay,1959,1.327
Uruguay,1960,1.284
Uruguay,1961,1.237
Uruguay,1962,1.189
Uruguay,1963,1.148
Uruguay,1964,1.082
Uruguay,1965,1.017
Uruguay,1966,0.949
Uruguay,1967,0.863
Uruguay,1968,0.765
Uruguay,1969,0.636
Uruguay,1970,0.574
Uruguay,1971,0.545
Uruguay,1972,0.534
Uruguay,1973,0.561
Uruguay,1974,0.621
Uruguay,1975,0.663
Uruguay,1976,0.661
Uruguay,1977,0.586
Uruguay,1978,0.529
Uruguay,1979,0.439
Uruguay,1980,0.379
Uruguay,1981,0.384
Uruguay,1982,0.44
Uruguay,1983,0.451
Uruguay,1984,0.465
Uruguay,1985,0.502
Uruguay,1986,0.543
Uruguay,1987,0.578
Uruguay,1988,0.603
Uruguay,1989,0.586
Uruguay,1990,0.586
Uruguay,1991,0.567
Uruguay,1992,0.541
Uruguay,1993,0.516
Uruguay,1994,0.526
Uruguay,1995,0.518
Uruguay,1996,0.538
Uruguay,1997,0.521
Uruguay,1998,0.465
Uruguay,1999,0.443
Uruguay,2000,0.305
Uruguay,2001,0.187
Uruguay,2002,0.095
Uruguay,2003,0.046
Uruguay,2004,0.073
Uruguay,2005,0.087
Uruguay,2006,0.141
Uruguay,2007,0.202
Uruguay,2008,0.224
Uruguay,2009,0.255
Uruguay,2010,0.257
Uruguay,2011,0.239
Uruguay,2012,0.276
Uruguay,2013,0.319
Uruguay,2014,0.337
Uruguay,2015,0.358
Uruguay,2016,0.31
Uruguay,2017,0.231
Uruguay,2018,0.129
Uruguay,2019,0.029
Uruguay,2020,0.075
Uruguay,2021,-0.209
Uruguay,2022,-0.132
Uruguay,2023,-0.036
Uruguay,2024,-0.053
Uruguay,2025,-0.06
Uruguay,2026,-0.068
Uruguay,2027,-0.068
Uruguay,2028,-0.071
Uruguay,2029,-0.075
Uruguay,2030,-0.076
Uruguay,2031,-0.079
Uruguay,2032,-0.083
Uruguay,2033,-0.088
Uruguay,2034,-0.094
Uruguay,2035,-0.103
Uruguay,2036,-0.112
Uruguay,2037,-0.123
Uruguay,2038,-0.134
Uruguay,2039,-0.15
Uruguay,2040,-0.162
Uruguay,2041,-0.178
Uruguay,2042,-0.192
Uruguay,2043,-0.211
Uruguay,2044,-0.231
Uruguay,2045,-0.249
Uruguay,2046,-0.265
Uruguay,2047,-0.285
Uruguay,2048,-0.303
Uruguay,2049,-0.324
Uruguay,2050,-0.345
Uruguay,2051,-0.368
Uruguay,2052,-0.389
Uruguay,2053,-0.413
Uruguay,2054,-0.438
Uruguay,2055,-0.461
Uruguay,2056,-0.483
Uruguay,2057,-0.5
Uruguay,2058,-0.519
Uruguay,2059,-0.538
Uruguay,2060,-0.551
Uruguay,2061,-0.562
Uruguay,2062,-0.572
Uruguay,2063,-0.58
Uruguay,2064,-0.589
Uruguay,2065,-0.6
Uruguay,2066,-0.61
Uruguay,2067,-0.621
Uruguay,2068,-0.635
Uruguay,2069,-0.65
Uruguay,2070,-0.662
Uruguay,2071,-0.673
Uruguay,2072,-0.686
Uruguay,2073,-0.698
Uruguay,2074,-0.716
Uruguay,2075,-0.73
Uruguay,2076,-0.747
Uruguay,2077,-0.764
Uruguay,2078,-0.782
Uruguay,2079,-0.8
Uruguay,2080,-0.82
Uruguay,2081,-0.837
Uruguay,2082,-0.855
Uruguay,2083,-0.873
Uruguay,2084,-0.889
Uruguay,2085,-0.908
Uruguay,2086,-0.925
Uruguay,2087,-0.94
Uruguay,2088,-0.955
Uruguay,2089,-0.97
Uruguay,2090,-0.982
Uruguay,2091,-0.995
Uruguay,2092,-1.001
Uruguay,2093,-1.008
Uruguay,2094,-1.011
Uruguay,2095,-1.017
Uruguay,2096,-1.018
Uruguay,2097,-1.021
Uruguay,2098,-1.023
Uruguay,2099,-1.021
Uruguay,2100,-1.02
Uzbekistan,1950,2.305
Uzbekistan,1951,2.293
Uzbekistan,1952,2.396
Uzbekistan,1953,2.487
Uzbekistan,1954,2.574
Uzbekistan,1955,2.717
Uzbekistan,1956,2.819
Uzbekistan,1957,2.917
Uzbekistan,1958,3.051
Uzbekistan,1959,3.252
Uzbekistan,1960,3.523
Uzbekistan,1961,3.851
Uzbekistan,1962,3.9
Uzbekistan,1963,3.809
Uzbekistan,1964,3.77
Uzbekistan,1965,3.708
Uzbekistan,1966,3.571
Uzbekistan,1967,3.494
Uzbekistan,1968,3.386
Uzbekistan,1969,3.231
Uzbekistan,1970,2.98
Uzbekistan,1971,2.867
Uzbekistan,1972,2.888
Uzbekistan,1973,2.899
Uzbekistan,1974,2.908
Uzbekistan,1975,2.905
Uzbekistan,1976,2.895
Uzbekistan,1977,2.882
Uzbekistan,1978,2.699
Uzbekistan,1979,2.62
Uzbekistan,1980,2.626
Uzbekistan,1981,2.62
Uzbekistan,1982,2.644
Uzbekistan,1983,2.697
Uzbekistan,1984,2.79
Uzbekistan,1985,2.843
Uzbekistan,1986,2.895
Uzbekistan,1987,2.834
Uzbekistan,1988,2.696
Uzbekistan,1989,2.545
Uzbekistan,1990,2.283
Uzbekistan,1991,2.523
Uzbekistan,1992,2.4
Uzbekistan,1993,2.229
Uzbekistan,1994,2.05
Uzbekistan,1995,1.955
Uzbekistan,1996,1.802
Uzbekistan,1997,1.655
Uzbekistan,1998,1.486
Uzbekistan,1999,1.322
Uzbekistan,2000,1.205
Uzbekistan,2001,1.227
Uzbekistan,2002,1.227
Uzbekistan,2003,1.21
Uzbekistan,2004,1.249
Uzbekistan,2005,1.252
Uzbekistan,2006,1.326
Uzbekistan,2007,1.477
Uzbekistan,2008,1.592
Uzbekistan,2009,1.616
Uzbekistan,2010,1.553
Uzbekistan,2011,1.507
Uzbekistan,2012,1.514
Uzbekistan,2013,1.62
Uzbekistan,2014,1.709
Uzbekistan,2015,1.744
Uzbekistan,2016,1.708
Uzbekistan,2017,1.681
Uzbekistan,2018,1.772
Uzbekistan,2019,1.847
Uzbekistan,2020,1.889
Uzbekistan,2021,1.986
Uzbekistan,2022,2.033
Uzbekistan,2023,2.009
Uzbekistan,2024,1.933
Uzbekistan,2025,1.836
Uzbekistan,2026,1.753
Uzbekistan,2027,1.674
Uzbekistan,2028,1.608
Uzbekistan,2029,1.563
Uzbekistan,2030,1.511
Uzbekistan,2031,1.459
Uzbekistan,2032,1.419
Uzbekistan,2033,1.381
Uzbekistan,2034,1.346
Uzbekistan,2035,1.321
Uzbekistan,2036,1.299
Uzbekistan,2037,1.286
Uzbekistan,2038,1.28
Uzbekistan,2039,1.271
Uzbekistan,2040,1.274
Uzbekistan,2041,1.284
Uzbekistan,2042,1.287
Uzbekistan,2043,1.286
Uzbekistan,2044,1.284
Uzbekistan,2045,1.28
Uzbekistan,2046,1.264
Uzbekistan,2047,1.244
Uzbekistan,2048,1.22
Uzbekistan,2049,1.198
Uzbekistan,2050,1.17
Uzbekistan,2051,1.15
Uzbekistan,2052,1.122
Uzbekistan,2053,1.096
Uzbekistan,2054,1.068
Uzbekistan,2055,1.039
Uzbekistan,2056,1.008
Uzbekistan,2057,0.988
Uzbekistan,2058,0.961
Uzbekistan,2059,0.937
Uzbekistan,2060,0.91
Uzbekistan,2061,0.883
Uzbekistan,2062,0.863
Uzbekistan,2063,0.842
Uzbekistan,2064,0.822
Uzbekistan,2065,0.8
Uzbekistan,2066,0.785
Uzbekistan,2067,0.768
Uzbekistan,2068,0.757
Uzbekistan,2069,0.744
Uzbekistan,2070,0.733
Uzbekistan,2071,0.726
Uzbekistan,2072,0.711
Uzbekistan,2073,0.706
Uzbekistan,2074,0.694
Uzbekistan,2075,0.687
Uzbekistan,2076,0.678
Uzbekistan,2077,0.682
Uzbekistan,2078,0.661
Uzbekistan,2079,0.646
Uzbekistan,2080,0.636
Uzbekistan,2081,0.629
Uzbekistan,2082,0.608
Uzbekistan,2083,0.607
Uzbekistan,2084,0.597
Uzbekistan,2085,0.578
Uzbekistan,2086,0.562
Uzbekistan,2087,0.552
Uzbekistan,2088,0.536
Uzbekistan,2089,0.525
Uzbekistan,2090,0.504
Uzbekistan,2091,0.486
Uzbekistan,2092,0.472
Uzbekistan,2093,0.458
Uzbekistan,2094,0.443
Uzbekistan,2095,0.421
Uzbekistan,2096,0.403
Uzbekistan,2097,0.392
Uzbekistan,2098,0.369
Uzbekistan,2099,0.351
Uzbekistan,2100,0.334
Vanuatu,1950,1.62
Vanuatu,1951,1.532
Vanuatu,1952,1.879
Vanuatu,1953,1.98
Vanuatu,1954,2.111
Vanuatu,1955,2.209
Vanuatu,1956,2.303
Vanuatu,1957,2.641
Vanuatu,1958,2.694
Vanuatu,1959,2.765
Vanuatu,1960,2.778
Vanuatu,1961,2.833
Vanuatu,1962,2.847
Vanuatu,1963,2.892
Vanuatu,1964,2.898
Vanuatu,1965,2.936
Vanuatu,1966,2.978
Vanuatu,1967,3.017
Vanuatu,1968,2.959
Vanuatu,1969,2.958
Vanuatu,1970,2.95
Vanuatu,1971,2.977
Vanuatu,1972,3.01
Vanuatu,1973,3.013
Vanuatu,1974,3.036
Vanuatu,1975,3.057
Vanuatu,1976,3.071
Vanuatu,1977,3.08
Vanuatu,1978,3.098
Vanuatu,1979,2.432
Vanuatu,1980,2.154
Vanuatu,1981,2.271
Vanuatu,1982,2.387
Vanuatu,1983,2.449
Vanuatu,1984,2.506
Vanuatu,1985,2.539
Vanuatu,1986,2.557
Vanuatu,1987,2.563
Vanuatu,1988,2.573
Vanuatu,1989,2.531
Vanuatu,1990,2.489
Vanuatu,1991,2.488
Vanuatu,1992,2.476
Vanuatu,1993,2.418
Vanuatu,1994,2.354
Vanuatu,1995,2.275
Vanuatu,1996,2.191
Vanuatu,1997,2.11
Vanuatu,1998,2.069
Vanuatu,1999,2.076
Vanuatu,2000,2.516
Vanuatu,2001,2.52
Vanuatu,2002,2.476
Vanuatu,2003,2.449
Vanuatu,2004,2.438
Vanuatu,2005,2.412
Vanuatu,2006,2.428
Vanuatu,2007,2.469
Vanuatu,2008,2.547
Vanuatu,2009,2.531
Vanuatu,2010,2.159
Vanuatu,2011,2.181
Vanuatu,2012,2.214
Vanuatu,2013,2.234
Vanuatu,2014,2.24
Vanuatu,2015,2.215
Vanuatu,2016,2.234
Vanuatu,2017,2.429
Vanuatu,2018,2.363
Vanuatu,2019,2.299
Vanuatu,2020,2.354
Vanuatu,2021,2.284
Vanuatu,2022,2.355
Vanuatu,2023,2.295
Vanuatu,2024,2.253
Vanuatu,2025,2.207
Vanuatu,2026,2.158
Vanuatu,2027,2.119
Vanuatu,2028,2.087
Vanuatu,2029,2.058
Vanuatu,2030,2.033
Vanuatu,2031,2.004
Vanuatu,2032,1.974
Vanuatu,2033,1.967
Vanuatu,2034,1.946
Vanuatu,2035,1.924
Vanuatu,2036,1.907
Vanuatu,2037,1.89
Vanuatu,2038,1.873
Vanuatu,2039,1.844
Vanuatu,2040,1.82
Vanuatu,2041,1.791
Vanuatu,2042,1.774
Vanuatu,2043,1.742
Vanuatu,2044,1.726
Vanuatu,2045,1.69
Vanuatu,2046,1.664
Vanuatu,2047,1.621
Vanuatu,2048,1.597
Vanuatu,2049,1.565
Vanuatu,2050,1.543
Vanuatu,2051,1.502
Vanuatu,2052,1.476
Vanuatu,2053,1.455
Vanuatu,2054,1.425
Vanuatu,2055,1.402
Vanuatu,2056,1.366
Vanuatu,2057,1.348
Vanuatu,2058,1.326
Vanuatu,2059,1.302
Vanuatu,2060,1.276
Vanuatu,2061,1.25
Vanuatu,2062,1.244
Vanuatu,2063,1.229
Vanuatu,2064,1.213
Vanuatu,2065,1.188
Vanuatu,2066,1.17
Vanuatu,2067,1.145
Vanuatu,2068,1.122
Vanuatu,2069,1.1
Vanuatu,2070,1.083
Vanuatu,2071,1.068
Vanuatu,2072,1.047
Vanuatu,2073,1.024
Vanuatu,2074,0.995
Vanuatu,2075,0.974
Vanuatu,2076,0.954
Vanuatu,2077,0.926
Vanuatu,2078,0.917
Vanuatu,2079,0.891
Vanuatu,2080,0.866
Vanuatu,2081,0.848
Vanuatu,2082,0.828
Vanuatu,2083,0.815
Vanuatu,2084,0.801
Vanuatu,2085,0.78
Vanuatu,2086,0.751
Vanuatu,2087,0.738
Vanuatu,2088,0.72
Vanuatu,2089,0.697
Vanuatu,2090,0.684
Vanuatu,2091,0.665
Vanuatu,2092,0.653
Vanuatu,2093,0.643
Vanuatu,2094,0.623
Vanuatu,2095,0.602
Vanuatu,2096,0.574
Vanuatu,2097,0.565
Vanuatu,2098,0.545
Vanuatu,2099,0.528
Vanuatu,2100,0.504
Vatican,1950,0.682
Vatican,1951,0.677
Vatican,1952,0.673
Vatican,1953,0.668
Vatican,1954,0.774
Vatican,1955,0.659
Vatican,1956,0.437
Vatican,1957,0.109
Vatican,1958,0.109
Vatican,1959,0
Vatican,1960,-0.436
Vatican,1961,0.109
Vatican,1962,0
Vatican,1963,0.218
Vatican,1964,0.543
Vatican,1965,-8.348
Vatican,1966,-2.261
Vatican,1967,-6.334
Vatican,1968,-2.861
Vatican,1969,-1.328
Vatican,1970,-0.94
Vatican,1971,-0.541
Vatican,1972,-0.136
Vatican,1973,-0.408
Vatican,1974,0
Vatican,1975,0
Vatican,1976,0.408
Vatican,1977,0.407
Vatican,1978,0.135
Vatican,1979,0.405
Vatican,1980,0
Vatican,1981,-0.27
Vatican,1982,-0.27
Vatican,1983,-0.543
Vatican,1984,-0.136
Vatican,1985,-0.684
Vatican,1986,0.274
Vatican,1987,-0.274
Vatican,1988,-0.275
Vatican,1989,-0.138
Vatican,1990,-0.138
Vatican,1991,0
Vatican,1992,-0.276
Vatican,1993,-1.253
Vatican,1994,-0.985
Vatican,1995,-0.71
Vatican,1996,-0.428
Vatican,1997,-0.287
Vatican,1998,0
Vatican,1999,-0.287
Vatican,2000,-1.158
Vatican,2001,-1.614
Vatican,2002,-1.34
Vatican,2003,-0.904
Vatican,2004,-0.151
Vatican,2005,-0.303
Vatican,2006,-0.763
Vatican,2007,-1.699
Vatican,2008,-1.412
Vatican,2009,-1.432
Vatican,2010,-1.128
Vatican,2011,-0.977
Vatican,2012,-3.159
Vatican,2013,-0.848
Vatican,2014,-1.718
Vatican,2015,-1.748
Vatican,2016,-1.421
Vatican,2017,-1.441
Vatican,2018,-2.202
Vatican,2019,-1.307
Vatican,2020,-1.515
Vatican,2021,-2.122
Vatican,2022,-2.567
Vatican,2023,-1.816
Vatican,2024,1.816
Vatican,2025,0.598
Vatican,2026,1.382
Vatican,2027,3.847
Vatican,2028,0.189
Vatican,2029,-0.567
Vatican,2030,-0.19
Vatican,2031,-1.337
Vatican,2032,0.957
Vatican,2033,1.512
Vatican,2034,0
Vatican,2035,1.305
Vatican,2036,-0.557
Vatican,2037,0.557
Vatican,2038,3.1
Vatican,2039,3.528
Vatican,2040,3.24
Vatican,2041,2.649
Vatican,2042,1.46
Vatican,2043,1.914
Vatican,2044,1.567
Vatican,2045,1.849
Vatican,2046,1.815
Vatican,2047,1.488
Vatican,2048,2.191
Vatican,2049,2.144
Vatican,2050,1.822
Vatican,2051,1.653
Vatican,2052,1.76
Vatican,2053,2.649
Vatican,2054,1.556
Vatican,2055,1.912
Vatican,2056,1.628
Vatican,2057,1.235
Vatican,2058,1.22
Vatican,2059,1.683
Vatican,2060,2.472
Vatican,2061,1.729
Vatican,2062,1.7
Vatican,2063,1.671
Vatican,2064,1.317
Vatican,2065,1.623
Vatican,2066,1.491
Vatican,2067,1.261
Vatican,2068,1.038
Vatican,2069,1.842
Vatican,2070,2.008
Vatican,2071,2.455
Vatican,2072,1.635
Vatican,2073,1.327
Vatican,2074,1.588
Vatican,2075,1.198
Vatican,2076,1.183
Vatican,2077,0.901
Vatican,2078,0.982
Vatican,2079,0.796
Vatican,2080,1.139
Vatican,2081,1.384
Vatican,2082,1.111
Vatican,2083,1.518
Vatican,2084,1.413
Vatican,2085,0.903
Vatican,2086,0.976
Vatican,2087,1.207
Vatican,2088,0.797
Vatican,2089,0.948
Vatican,2090,1.017
Vatican,2091,0.698
Vatican,2092,0.846
Vatican,2093,0.611
Vatican,2094,0.683
Vatican,2095,0.678
Vatican,2096,0.525
Vatican,2097,0.596
Vatican,2098,0.371
Vatican,2099,0.59
Vatican,2100,0.294
Venezuela,1950,4.392
Venezuela,1951,4.3
Venezuela,1952,4.199
Venezuela,1953,4.101
Venezuela,1954,4.011
Venezuela,1955,3.932
Venezuela,1956,3.864
Venezuela,1957,3.82
Venezuela,1958,3.776
Venezuela,1959,3.664
Venezuela,1960,3.597
Venezuela,1961,3.527
Venezuela,1962,3.469
Venezuela,1963,3.427
Venezuela,1964,3.379
Venezuela,1965,3.335
Venezuela,1966,3.3
Venezuela,1967,3.249
Venezuela,1968,3.193
Venezuela,1969,3.116
Venezuela,1970,3.083
Venezuela,1971,3.027
Venezuela,1972,2.983
Venezuela,1973,2.951
Venezuela,1974,2.928
Venezuela,1975,2.915
Venezuela,1976,2.907
Venezuela,1977,2.895
Venezuela,1978,2.873
Venezuela,1979,2.842
Venezuela,1980,2.791
Venezuela,1981,2.756
Venezuela,1982,2.71
Venezuela,1983,2.68
Venezuela,1984,2.643
Venezuela,1985,2.61
Venezuela,1986,2.614
Venezuela,1987,2.579
Venezuela,1988,2.532
Venezuela,1989,2.471
Venezuela,1990,2.411
Venezuela,1991,2.353
Venezuela,1992,2.283
Venezuela,1993,2.224
Venezuela,1994,2.157
Venezuela,1995,2.112
Venezuela,1996,2.065
Venezuela,1997,2.037
Venezuela,1998,1.983
Venezuela,1999,1.921
Venezuela,2000,1.867
Venezuela,2001,1.796
Venezuela,2002,1.82
Venezuela,2003,1.743
Venezuela,2004,1.69
Venezuela,2005,1.661
Venezuela,2006,1.59
Venezuela,2007,1.506
Venezuela,2008,1.398
Venezuela,2009,1.326
Venezuela,2010,1.293
Venezuela,2011,1.273
Venezuela,2012,1.237
Venezuela,2013,1.174
Venezuela,2014,1.1
Venezuela,2015,1.005
Venezuela,2016,0.248
Venezuela,2017,-1.561
Venezuela,2018,-3.484
Venezuela,2019,-2.421
Venezuela,2020,-1.01
Venezuela,2021,-0.443
Venezuela,2022,0.268
Venezuela,2023,0.354
Venezuela,2024,0.385
Venezuela,2025,0.398
Venezuela,2026,0.42
Venezuela,2027,0.45
Venezuela,2028,0.428
Venezuela,2029,0.465
Venezuela,2030,0.48
Venezuela,2031,0.505
Venezuela,2032,0.494
Venezuela,2033,0.485
Venezuela,2034,0.513
Venezuela,2035,0.481
Venezuela,2036,0.432
Venezuela,2037,0.408
Venezuela,2038,0.398
Venezuela,2039,0.38
Venezuela,2040,0.338
Venezuela,2041,0.283
Venezuela,2042,0.268
Venezuela,2043,0.222
Venezuela,2044,0.195
Venezuela,2045,0.179
Venezuela,2046,0.158
Venezuela,2047,0.171
Venezuela,2048,0.133
Venezuela,2049,0.114
Venezuela,2050,0.111
Venezuela,2051,0.066
Venezuela,2052,0.088
Venezuela,2053,0.053
Venezuela,2054,0.044
Venezuela,2055,0.051
Venezuela,2056,0.026
Venezuela,2057,-0.01
Venezuela,2058,-0.004
Venezuela,2059,-0.025
Venezuela,2060,-0.029
Venezuela,2061,-0.031
Venezuela,2062,-0.042
Venezuela,2063,-0.049
Venezuela,2064,-0.047
Venezuela,2065,-0.079
Venezuela,2066,-0.099
Venezuela,2067,-0.116
Venezuela,2068,-0.107
Venezuela,2069,-0.124
Venezuela,2070,-0.13
Venezuela,2071,-0.136
Venezuela,2072,-0.141
Venezuela,2073,-0.144
Venezuela,2074,-0.128
Venezuela,2075,-0.161
Venezuela,2076,-0.16
Venezuela,2077,-0.183
Venezuela,2078,-0.201
Venezuela,2079,-0.208
Venezuela,2080,-0.214
Venezuela,2081,-0.216
Venezuela,2082,-0.231
Venezuela,2083,-0.236
Venezuela,2084,-0.25
Venezuela,2085,-0.267
Venezuela,2086,-0.299
Venezuela,2087,-0.314
Venezuela,2088,-0.321
Venezuela,2089,-0.356
Venezuela,2090,-0.372
Venezuela,2091,-0.382
Venezuela,2092,-0.396
Venezuela,2093,-0.441
Venezuela,2094,-0.446
Venezuela,2095,-0.471
Venezuela,2096,-0.504
Venezuela,2097,-0.502
Venezuela,2098,-0.529
Venezuela,2099,-0.512
Venezuela,2100,-0.518
Vietnam,1950,2.144
Vietnam,1951,1.8
Vietnam,1952,2.396
Vietnam,1953,2.249
Vietnam,1954,2.692
Vietnam,1955,2.623
Vietnam,1956,2.672
Vietnam,1957,2.996
Vietnam,1958,2.99
Vietnam,1959,2.968
Vietnam,1960,2.937
Vietnam,1961,2.392
Vietnam,1962,2.8
Vietnam,1963,2.727
Vietnam,1964,2.607
Vietnam,1965,2.457
Vietnam,1966,2.309
Vietnam,1967,2.217
Vietnam,1968,2.055
Vietnam,1969,2.165
Vietnam,1970,2.189
Vietnam,1971,2.451
Vietnam,1972,2.118
Vietnam,1973,2.346
Vietnam,1974,2.126
Vietnam,1975,2.524
Vietnam,1976,2.581
Vietnam,1977,2.674
Vietnam,1978,2.548
Vietnam,1979,1.902
Vietnam,1980,2.375
Vietnam,1981,2.325
Vietnam,1982,2.358
Vietnam,1983,2.407
Vietnam,1984,2.392
Vietnam,1985,2.25
Vietnam,1986,2.061
Vietnam,1987,2
Vietnam,1988,2.046
Vietnam,1989,2.062
Vietnam,1990,2.125
Vietnam,1991,2.067
Vietnam,1992,1.985
Vietnam,1993,1.865
Vietnam,1994,1.748
Vietnam,1995,1.6
Vietnam,1996,1.45
Vietnam,1997,1.456
Vietnam,1998,1.415
Vietnam,1999,1.193
Vietnam,2000,1.066
Vietnam,2001,1.036
Vietnam,2002,1.013
Vietnam,2003,0.987
Vietnam,2004,0.952
Vietnam,2005,0.905
Vietnam,2006,1.735
Vietnam,2007,1.8
Vietnam,2008,1.854
Vietnam,2009,1.144
Vietnam,2010,1.145
Vietnam,2011,1.159
Vietnam,2012,1.183
Vietnam,2013,1.178
Vietnam,2014,1.25
Vietnam,2015,1.229
Vietnam,2016,1.29
Vietnam,2017,1.199
Vietnam,2018,1.018
Vietnam,2019,0.919
Vietnam,2020,0.936
Vietnam,2021,0.803
Vietnam,2022,0.699
Vietnam,2023,0.644
Vietnam,2024,0.619
Vietnam,2025,0.588
Vietnam,2026,0.549
Vietnam,2027,0.525
Vietnam,2028,0.501
Vietnam,2029,0.475
Vietnam,2030,0.474
Vietnam,2031,0.45
Vietnam,2032,0.438
Vietnam,2033,0.419
Vietnam,2034,0.415
Vietnam,2035,0.4
Vietnam,2036,0.378
Vietnam,2037,0.369
Vietnam,2038,0.349
Vietnam,2039,0.329
Vietnam,2040,0.299
Vietnam,2041,0.28
Vietnam,2042,0.249
Vietnam,2043,0.213
Vietnam,2044,0.177
Vietnam,2045,0.15
Vietnam,2046,0.11
Vietnam,2047,0.077
Vietnam,2048,0.039
Vietnam,2049,0.005
Vietnam,2050,-0.021
Vietnam,2051,-0.062
Vietnam,2052,-0.087
Vietnam,2053,-0.11
Vietnam,2054,-0.136
Vietnam,2055,-0.156
Vietnam,2056,-0.169
Vietnam,2057,-0.191
Vietnam,2058,-0.213
Vietnam,2059,-0.225
Vietnam,2060,-0.231
Vietnam,2061,-0.247
Vietnam,2062,-0.263
Vietnam,2063,-0.273
Vietnam,2064,-0.28
Vietnam,2065,-0.294
Vietnam,2066,-0.311
Vietnam,2067,-0.319
Vietnam,2068,-0.324
Vietnam,2069,-0.333
Vietnam,2070,-0.353
Vietnam,2071,-0.36
Vietnam,2072,-0.38
Vietnam,2073,-0.392
Vietnam,2074,-0.399
Vietnam,2075,-0.41
Vietnam,2076,-0.417
Vietnam,2077,-0.436
Vietnam,2078,-0.44
Vietnam,2079,-0.454
Vietnam,2080,-0.458
Vietnam,2081,-0.466
Vietnam,2082,-0.47
Vietnam,2083,-0.468
Vietnam,2084,-0.464
Vietnam,2085,-0.466
Vietnam,2086,-0.471
Vietnam,2087,-0.475
Vietnam,2088,-0.47
Vietnam,2089,-0.475
Vietnam,2090,-0.48
Vietnam,2091,-0.477
Vietnam,2092,-0.477
Vietnam,2093,-0.482
Vietnam,2094,-0.483
Vietnam,2095,-0.49
Vietnam,2096,-0.506
Vietnam,2097,-0.509
Vietnam,2098,-0.528
Vietnam,2099,-0.536
Vietnam,2100,-0.544
Wallis and Futuna,1950,1.968
Wallis and Futuna,1951,4.458
Wallis and Futuna,1952,3.671
Wallis and Futuna,1953,4.148
Wallis and Futuna,1954,-0.545
Wallis and Futuna,1955,-1.141
Wallis and Futuna,1956,-1.525
Wallis and Futuna,1957,-2.066
Wallis and Futuna,1958,-2.408
Wallis and Futuna,1959,-2.809
Wallis and Futuna,1960,-3.49
Wallis and Futuna,1961,-4.083
Wallis and Futuna,1962,0.429
Wallis and Futuna,1963,0.622
Wallis and Futuna,1964,0.751
Wallis and Futuna,1965,-0.097
Wallis and Futuna,1966,0.674
Wallis and Futuna,1967,1.312
Wallis and Futuna,1968,1.47
Wallis and Futuna,1969,2.034
Wallis and Futuna,1970,2.049
Wallis and Futuna,1971,1.59
Wallis and Futuna,1972,1.511
Wallis and Futuna,1973,1.274
Wallis and Futuna,1974,0.748
Wallis and Futuna,1975,-1.254
Wallis and Futuna,1976,2.817
Wallis and Futuna,1977,4.248
Wallis and Futuna,1978,4.412
Wallis and Futuna,1979,4.373
Wallis and Futuna,1980,4.472
Wallis and Futuna,1981,4.322
Wallis and Futuna,1982,4.49
Wallis and Futuna,1983,1.495
Wallis and Futuna,1984,1.042
Wallis and Futuna,1985,1.055
Wallis and Futuna,1986,1.028
Wallis and Futuna,1987,1.018
Wallis and Futuna,1988,1.045
Wallis and Futuna,1989,1.02
Wallis and Futuna,1990,1.098
Wallis and Futuna,1991,1.108
Wallis and Futuna,1992,1.067
Wallis and Futuna,1993,1.02
Wallis and Futuna,1994,1.003
Wallis and Futuna,1995,0.901
Wallis and Futuna,1996,0.692
Wallis and Futuna,1997,0.735
Wallis and Futuna,1998,0.833
Wallis and Futuna,1999,0.901
Wallis and Futuna,2000,0.846
Wallis and Futuna,2001,0.832
Wallis and Futuna,2002,0.725
Wallis and Futuna,2003,-0.345
Wallis and Futuna,2004,-1.827
Wallis and Futuna,2005,-1.985
Wallis and Futuna,2006,-2.131
Wallis and Futuna,2007,-2.307
Wallis and Futuna,2008,-2.229
Wallis and Futuna,2009,-1.835
Wallis and Futuna,2010,-1.861
Wallis and Futuna,2011,-1.881
Wallis and Futuna,2012,-1.75
Wallis and Futuna,2013,-1.627
Wallis and Futuna,2014,-1.171
Wallis and Futuna,2015,-1.135
Wallis and Futuna,2016,-0.964
Wallis and Futuna,2017,-0.957
Wallis and Futuna,2018,-1.025
Wallis and Futuna,2019,-0.924
Wallis and Futuna,2020,-0.275
Wallis and Futuna,2021,-0.562
Wallis and Futuna,2022,-0.993
Wallis and Futuna,2023,-0.888
Wallis and Futuna,2024,-0.754
Wallis and Futuna,2025,-0.733
Wallis and Futuna,2026,-0.72
Wallis and Futuna,2027,-0.589
Wallis and Futuna,2028,-0.601
Wallis and Futuna,2029,-0.596
Wallis and Futuna,2030,-0.332
Wallis and Futuna,2031,-0.397
Wallis and Futuna,2032,-0.418
Wallis and Futuna,2033,-0.298
Wallis and Futuna,2034,-0.233
Wallis and Futuna,2035,-0.328
Wallis and Futuna,2036,-0.263
Wallis and Futuna,2037,-0.292
Wallis and Futuna,2038,-0.085
Wallis and Futuna,2039,-0.217
Wallis and Futuna,2040,-0.389
Wallis and Futuna,2041,-0.238
Wallis and Futuna,2042,-0.257
Wallis and Futuna,2043,-0.306
Wallis and Futuna,2044,-0.336
Wallis and Futuna,2045,-0.443
Wallis and Futuna,2046,-0.348
Wallis and Futuna,2047,-0.534
Wallis and Futuna,2048,-0.547
Wallis and Futuna,2049,-0.392
Wallis and Futuna,2050,-0.581
Wallis and Futuna,2051,-0.654
Wallis and Futuna,2052,-0.479
Wallis and Futuna,2053,-0.863
Wallis and Futuna,2054,-0.718
Wallis and Futuna,2055,-0.652
Wallis and Futuna,2056,-0.852
Wallis and Futuna,2057,-0.724
Wallis and Futuna,2058,-0.855
Wallis and Futuna,2059,-0.947
Wallis and Futuna,2060,-0.711
Wallis and Futuna,2061,-0.866
Wallis and Futuna,2062,-0.831
Wallis and Futuna,2063,-0.783
Wallis and Futuna,2064,-0.789
Wallis and Futuna,2065,-0.751
Wallis and Futuna,2066,-0.79
Wallis and Futuna,2067,-0.74
Wallis and Futuna,2068,-0.678
Wallis and Futuna,2069,-0.728
Wallis and Futuna,2070,-0.756
Wallis and Futuna,2071,-0.635
Wallis and Futuna,2072,-0.779
Wallis and Futuna,2073,-0.608
Wallis and Futuna,2074,-0.553
Wallis and Futuna,2075,-0.663
Wallis and Futuna,2076,-0.524
Wallis and Futuna,2077,-0.599
Wallis and Futuna,2078,-0.675
Wallis and Futuna,2079,-0.534
Wallis and Futuna,2080,-0.537
Wallis and Futuna,2081,-0.576
Wallis and Futuna,2082,-0.654
Wallis and Futuna,2083,-0.658
Wallis and Futuna,2084,-0.675
Wallis and Futuna,2085,-0.617
Wallis and Futuna,2086,-0.913
Wallis and Futuna,2087,-0.729
Wallis and Futuna,2088,-0.708
Wallis and Futuna,2089,-0.922
Wallis and Futuna,2090,-0.904
Wallis and Futuna,2091,-0.872
Wallis and Futuna,2092,-1.001
Wallis and Futuna,2093,-0.929
Wallis and Futuna,2094,-1.048
Wallis and Futuna,2095,-1.059
Wallis and Futuna,2096,-1.028
Wallis and Futuna,2097,-1.081
Wallis and Futuna,2098,-1.164
Wallis and Futuna,2099,-1.25
Wallis and Futuna,2100,-1.091
Western Sahara,1950,9.096
Western Sahara,1951,9.229
Western Sahara,1952,8.696
Western Sahara,1953,8.952
Western Sahara,1954,8.709
Western Sahara,1955,8.591
Western Sahara,1956,8.436
Western Sahara,1957,8.134
Western Sahara,1958,8.053
Western Sahara,1959,7.869
Western Sahara,1960,7.667
Western Sahara,1961,7.554
Western Sahara,1962,7.333
Western Sahara,1963,7.133
Western Sahara,1964,6.946
Western Sahara,1965,6.719
Western Sahara,1966,6.567
Western Sahara,1967,10.186
Western Sahara,1968,9.954
Western Sahara,1969,9.338
Western Sahara,1970,20.165
Western Sahara,1971,-0.545
Western Sahara,1972,-0.656
Western Sahara,1973,-0.894
Western Sahara,1974,-2.148
Western Sahara,1975,-26.364
Western Sahara,1976,19.807
Western Sahara,1977,16.925
Western Sahara,1978,15.364
Western Sahara,1979,13.59
Western Sahara,1980,8.987
Western Sahara,1981,6.702
Western Sahara,1982,4.959
Western Sahara,1983,3.94
Western Sahara,1984,3.827
Western Sahara,1985,3.708
Western Sahara,1986,3.548
Western Sahara,1987,3.344
Western Sahara,1988,3.334
Western Sahara,1989,3.114
Western Sahara,1990,3.245
Western Sahara,1991,3.069
Western Sahara,1992,2.927
Western Sahara,1993,2.791
Western Sahara,1994,2.677
Western Sahara,1995,5.054
Western Sahara,1996,5.565
Western Sahara,1997,5.328
Western Sahara,1998,5.12
Western Sahara,1999,4.914
Western Sahara,2000,4.864
Western Sahara,2001,4.652
Western Sahara,2002,4.453
Western Sahara,2003,4.284
Western Sahara,2004,4.139
Western Sahara,2005,4.005
Western Sahara,2006,4.066
Western Sahara,2007,3.842
Western Sahara,2008,3.632
Western Sahara,2009,3.657
Western Sahara,2010,3.68
Western Sahara,2011,3.686
Western Sahara,2012,3.678
Western Sahara,2013,3.622
Western Sahara,2014,2.909
Western Sahara,2015,2.785
Western Sahara,2016,2.665
Western Sahara,2017,2.549
Western Sahara,2018,2.436
Western Sahara,2019,2.323
Western Sahara,2020,1.701
Western Sahara,2021,1.641
Western Sahara,2022,1.947
Western Sahara,2023,1.882
Western Sahara,2024,1.803
Western Sahara,2025,1.689
Western Sahara,2026,1.583
Western Sahara,2027,1.51
Western Sahara,2028,1.451
Western Sahara,2029,1.387
Western Sahara,2030,1.381
Western Sahara,2031,1.287
Western Sahara,2032,1.263
Western Sahara,2033,1.196
Western Sahara,2034,1.104
Western Sahara,2035,1.103
Western Sahara,2036,1.043
Western Sahara,2037,0.983
Western Sahara,2038,0.963
Western Sahara,2039,0.929
Western Sahara,2040,0.905
Western Sahara,2041,0.894
Western Sahara,2042,0.862
Western Sahara,2043,0.805
Western Sahara,2044,0.762
Western Sahara,2045,0.728
Western Sahara,2046,0.67
Western Sahara,2047,0.64
Western Sahara,2048,0.566
Western Sahara,2049,0.599
Western Sahara,2050,0.568
Western Sahara,2051,0.53
Western Sahara,2052,0.528
Western Sahara,2053,0.492
Western Sahara,2054,0.467
Western Sahara,2055,0.417
Western Sahara,2056,0.364
Western Sahara,2057,0.354
Western Sahara,2058,0.304
Western Sahara,2059,0.248
Western Sahara,2060,0.251
Western Sahara,2061,0.264
Western Sahara,2062,0.233
Western Sahara,2063,0.203
Western Sahara,2064,0.193
Western Sahara,2065,0.187
Western Sahara,2066,0.147
Western Sahara,2067,0.157
Western Sahara,2068,0.108
Western Sahara,2069,0.08
Western Sahara,2070,0.117
Western Sahara,2071,0.054
Western Sahara,2072,0.091
Western Sahara,2073,0.123
Western Sahara,2074,0.101
Western Sahara,2075,0.1
Western Sahara,2076,0.104
Western Sahara,2077,0.083
Western Sahara,2078,0.142
Western Sahara,2079,0.102
Western Sahara,2080,0.09
Western Sahara,2081,0.083
Western Sahara,2082,0.085
Western Sahara,2083,0.058
Western Sahara,2084,0.046
Western Sahara,2085,0.036
Western Sahara,2086,0.071
Western Sahara,2087,0.023
Western Sahara,2088,0.037
Western Sahara,2089,-0.008
Western Sahara,2090,-0.011
Western Sahara,2091,-0.019
Western Sahara,2092,-0.033
Western Sahara,2093,-0.06
Western Sahara,2094,-0.065
Western Sahara,2095,-0.072
Western Sahara,2096,-0.054
Western Sahara,2097,-0.072
Western Sahara,2098,-0.102
Western Sahara,2099,-0.09
Western Sahara,2100,-0.109
World,1950,1.738
World,1951,1.747
World,1952,1.935
World,1953,1.9
World,1954,1.993
World,1955,2.011
World,1956,1.978
World,1957,2.073
World,1958,1.997
World,1959,1.729
World,1960,1.584
World,1961,1.665
World,1962,2.112
World,1963,2.283
World,1964,2.159
World,1965,2.088
World,1966,2.039
World,1967,1.997
World,1968,2.093
World,1969,2.056
World,1970,2.056
World,1971,1.972
World,1972,1.971
World,1973,1.938
World,1974,1.883
World,1975,1.803
World,1976,1.776
World,1977,1.745
World,1978,1.744
World,1979,1.786
World,1980,1.801
World,1981,1.816
World,1982,1.855
World,1983,1.783
World,1984,1.797
World,1985,1.799
World,1986,1.829
World,1987,1.836
World,1988,1.785
World,1989,1.778
World,1990,1.758
World,1991,1.628
World,1992,1.568
World,1993,1.517
World,1994,1.466
World,1995,1.449
World,1996,1.419
World,1997,1.393
World,1998,1.365
World,1999,1.345
World,2000,1.353
World,2001,1.326
World,2002,1.304
World,2003,1.287
World,2004,1.283
World,2005,1.272
World,2006,1.277
World,2007,1.28
World,2008,1.282
World,2009,1.282
World,2010,1.269
World,2011,1.256
World,2012,1.267
World,2013,1.233
World,2014,1.216
World,2015,1.178
World,2016,1.166
World,2017,1.125
World,2018,1.068
World,2019,1.027
World,2020,0.902
World,2021,0.801
World,2022,0.875
World,2023,0.871
World,2024,0.858
World,2025,0.841
World,2026,0.83
World,2027,0.812
World,2028,0.795
World,2029,0.779
World,2030,0.764
World,2031,0.748
World,2032,0.732
World,2033,0.717
World,2034,0.701
World,2035,0.686
World,2036,0.671
World,2037,0.654
World,2038,0.639
World,2039,0.623
World,2040,0.607
World,2041,0.59
World,2042,0.573
World,2043,0.556
World,2044,0.538
World,2045,0.519
World,2046,0.5
World,2047,0.481
World,2048,0.461
World,2049,0.441
World,2050,0.421
World,2051,0.401
World,2052,0.382
World,2053,0.363
World,2054,0.344
World,2055,0.327
World,2056,0.311
World,2057,0.295
World,2058,0.28
World,2059,0.266
World,2060,0.253
World,2061,0.241
World,2062,0.229
World,2063,0.218
World,2064,0.208
World,2065,0.197
World,2066,0.188
World,2067,0.177
World,2068,0.167
World,2069,0.157
World,2070,0.147
World,2071,0.136
World,2072,0.125
World,2073,0.115
World,2074,0.103
World,2075,0.092
World,2076,0.081
World,2077,0.069
World,2078,0.058
World,2079,0.046
World,2080,0.035
World,2081,0.025
World,2082,0.015
World,2083,0.005
World,2084,-0.004
World,2085,-0.013
World,2086,-0.021
World,2087,-0.029
World,2088,-0.037
World,2089,-0.045
World,2090,-0.052
World,2091,-0.059
World,2092,-0.067
World,2093,-0.074
World,2094,-0.082
World,2095,-0.09
World,2096,-0.097
World,2097,-0.105
World,2098,-0.112
World,2099,-0.119
World,2100,-0.127
Yemen,1950,1.373
Yemen,1951,1.523
Yemen,1952,1.612
Yemen,1953,1.685
Yemen,1954,1.751
Yemen,1955,1.815
Yemen,1956,1.88
Yemen,1957,1.943
Yemen,1958,2.02
Yemen,1959,2.09
Yemen,1960,2.161
Yemen,1961,2.233
Yemen,1962,2.208
Yemen,1963,2.202
Yemen,1964,2.374
Yemen,1965,2.447
Yemen,1966,2.523
Yemen,1967,2.604
Yemen,1968,2.668
Yemen,1969,2.795
Yemen,1970,2.642
Yemen,1971,2.724
Yemen,1972,2.782
Yemen,1973,2.841
Yemen,1974,2.913
Yemen,1975,2.995
Yemen,1976,3.07
Yemen,1977,3.132
Yemen,1978,3.203
Yemen,1979,3.353
Yemen,1980,3.448
Yemen,1981,3.532
Yemen,1982,3.597
Yemen,1983,3.697
Yemen,1984,3.769
Yemen,1985,3.85
Yemen,1986,3.811
Yemen,1987,3.915
Yemen,1988,3.852
Yemen,1989,3.843
Yemen,1990,3.844
Yemen,1991,3.818
Yemen,1992,3.788
Yemen,1993,3.734
Yemen,1994,3.65
Yemen,1995,3.54
Yemen,1996,3.199
Yemen,1997,3.177
Yemen,1998,3.125
Yemen,1999,3.103
Yemen,2000,3.053
Yemen,2001,2.991
Yemen,2002,2.942
Yemen,2003,2.935
Yemen,2004,2.932
Yemen,2005,3.256
Yemen,2006,3.245
Yemen,2007,3.232
Yemen,2008,3.193
Yemen,2009,3.201
Yemen,2010,3.078
Yemen,2011,3.022
Yemen,2012,3.053
Yemen,2013,3.039
Yemen,2014,3.097
Yemen,2015,2.985
Yemen,2016,3.019
Yemen,2017,3.006
Yemen,2018,2.916
Yemen,2019,3.015
Yemen,2020,2.735
Yemen,2021,2.753
Yemen,2022,2.99
Yemen,2023,3.029
Yemen,2024,2.937
Yemen,2025,2.848
Yemen,2026,2.761
Yemen,2027,2.678
Yemen,2028,2.591
Yemen,2029,2.524
Yemen,2030,2.447
Yemen,2031,2.362
Yemen,2032,2.301
Yemen,2033,2.252
Yemen,2034,2.197
Yemen,2035,2.152
Yemen,2036,2.103
Yemen,2037,2.055
Yemen,2038,2.024
Yemen,2039,1.989
Yemen,2040,1.959
Yemen,2041,1.937
Yemen,2042,1.911
Yemen,2043,1.885
Yemen,2044,1.856
Yemen,2045,1.824
Yemen,2046,1.793
Yemen,2047,1.754
Yemen,2048,1.722
Yemen,2049,1.685
Yemen,2050,1.658
Yemen,2051,1.614
Yemen,2052,1.575
Yemen,2053,1.533
Yemen,2054,1.503
Yemen,2055,1.464
Yemen,2056,1.427
Yemen,2057,1.391
Yemen,2058,1.359
Yemen,2059,1.318
Yemen,2060,1.279
Yemen,2061,1.245
Yemen,2062,1.211
Yemen,2063,1.17
Yemen,2064,1.13
Yemen,2065,1.103
Yemen,2066,1.076
Yemen,2067,1.045
Yemen,2068,1.018
Yemen,2069,0.991
Yemen,2070,0.961
Yemen,2071,0.938
Yemen,2072,0.907
Yemen,2073,0.878
Yemen,2074,0.855
Yemen,2075,0.827
Yemen,2076,0.806
Yemen,2077,0.776
Yemen,2078,0.758
Yemen,2079,0.737
Yemen,2080,0.712
Yemen,2081,0.693
Yemen,2082,0.666
Yemen,2083,0.649
Yemen,2084,0.627
Yemen,2085,0.61
Yemen,2086,0.581
Yemen,2087,0.559
Yemen,2088,0.537
Yemen,2089,0.513
Yemen,2090,0.489
Yemen,2091,0.468
Yemen,2092,0.445
Yemen,2093,0.416
Yemen,2094,0.394
Yemen,2095,0.37
Yemen,2096,0.352
Yemen,2097,0.326
Yemen,2098,0.309
Yemen,2099,0.283
Yemen,2100,0.258
Zambia,1950,3.066
Zambia,1951,3.043
Zambia,1952,3.043
Zambia,1953,3.047
Zambia,1954,3.05
Zambia,1955,3.054
Zambia,1956,3.056
Zambia,1957,3.067
Zambia,1958,3.086
Zambia,1959,3.105
Zambia,1960,3.122
Zambia,1961,3.143
Zambia,1962,3.149
Zambia,1963,3.17
Zambia,1964,3.141
Zambia,1965,3.191
Zambia,1966,3.202
Zambia,1967,3.217
Zambia,1968,3.244
Zambia,1969,3.126
Zambia,1970,2.731
Zambia,1971,2.782
Zambia,1972,2.845
Zambia,1973,2.909
Zambia,1974,2.959
Zambia,1975,3.034
Zambia,1976,3.036
Zambia,1977,3.039
Zambia,1978,3.013
Zambia,1979,2.984
Zambia,1980,3.002
Zambia,1981,3.121
Zambia,1982,3.301
Zambia,1983,3.148
Zambia,1984,3.01
Zambia,1985,2.992
Zambia,1986,2.98
Zambia,1987,2.802
Zambia,1988,2.69
Zambia,1989,2.592
Zambia,1990,2.533
Zambia,1991,2.428
Zambia,1992,2.401
Zambia,1993,2.367
Zambia,1994,2.408
Zambia,1995,2.418
Zambia,1996,2.489
Zambia,1997,2.619
Zambia,1998,2.624
Zambia,1999,2.735
Zambia,2000,2.884
Zambia,2001,3.16
Zambia,2002,2.999
Zambia,2003,3.205
Zambia,2004,3.15
Zambia,2005,3.448
Zambia,2006,3.442
Zambia,2007,3.611
Zambia,2008,3.524
Zambia,2009,3.553
Zambia,2010,3.374
Zambia,2011,3.279
Zambia,2012,3.208
Zambia,2013,3.198
Zambia,2014,3.147
Zambia,2015,3.094
Zambia,2016,3.095
Zambia,2017,3.041
Zambia,2018,2.972
Zambia,2019,2.952
Zambia,2020,2.858
Zambia,2021,2.774
Zambia,2022,2.754
Zambia,2023,2.833
Zambia,2024,2.791
Zambia,2025,2.752
Zambia,2026,2.722
Zambia,2027,2.682
Zambia,2028,2.629
Zambia,2029,2.591
Zambia,2030,2.552
Zambia,2031,2.512
Zambia,2032,2.456
Zambia,2033,2.411
Zambia,2034,2.365
Zambia,2035,2.326
Zambia,2036,2.278
Zambia,2037,2.224
Zambia,2038,2.171
Zambia,2039,2.116
Zambia,2040,2.079
Zambia,2041,2.025
Zambia,2042,1.986
Zambia,2043,1.956
Zambia,2044,1.919
Zambia,2045,1.88
Zambia,2046,1.845
Zambia,2047,1.806
Zambia,2048,1.777
Zambia,2049,1.74
Zambia,2050,1.697
Zambia,2051,1.665
Zambia,2052,1.632
Zambia,2053,1.604
Zambia,2054,1.581
Zambia,2055,1.549
Zambia,2056,1.517
Zambia,2057,1.488
Zambia,2058,1.467
Zambia,2059,1.44
Zambia,2060,1.418
Zambia,2061,1.382
Zambia,2062,1.356
Zambia,2063,1.324
Zambia,2064,1.3
Zambia,2065,1.269
Zambia,2066,1.239
Zambia,2067,1.218
Zambia,2068,1.194
Zambia,2069,1.179
Zambia,2070,1.148
Zambia,2071,1.122
Zambia,2072,1.1
Zambia,2073,1.075
Zambia,2074,1.046
Zambia,2075,1.025
Zambia,2076,0.999
Zambia,2077,0.984
Zambia,2078,0.957
Zambia,2079,0.93
Zambia,2080,0.918
Zambia,2081,0.892
Zambia,2082,0.868
Zambia,2083,0.85
Zambia,2084,0.829
Zambia,2085,0.804
Zambia,2086,0.788
Zambia,2087,0.772
Zambia,2088,0.734
Zambia,2089,0.722
Zambia,2090,0.697
Zambia,2091,0.686
Zambia,2092,0.664
Zambia,2093,0.641
Zambia,2094,0.634
Zambia,2095,0.604
Zambia,2096,0.581
Zambia,2097,0.571
Zambia,2098,0.55
Zambia,2099,0.532
Zambia,2100,0.516
Zimbabwe,1950,3.19
Zimbabwe,1951,3.157
Zimbabwe,1952,3.131
Zimbabwe,1953,3.112
Zimbabwe,1954,3.097
Zimbabwe,1955,3.086
Zimbabwe,1956,3.089
Zimbabwe,1957,3.091
Zimbabwe,1958,3.094
Zimbabwe,1959,3.1
Zimbabwe,1960,3.116
Zimbabwe,1961,3.138
Zimbabwe,1962,3.151
Zimbabwe,1963,3.155
Zimbabwe,1964,3.153
Zimbabwe,1965,3.156
Zimbabwe,1966,3.147
Zimbabwe,1967,3.146
Zimbabwe,1968,3.161
Zimbabwe,1969,3.175
Zimbabwe,1970,2.97
Zimbabwe,1971,3.027
Zimbabwe,1972,3.117
Zimbabwe,1973,3.202
Zimbabwe,1974,3.262
Zimbabwe,1975,3.082
Zimbabwe,1976,3.005
Zimbabwe,1977,2.107
Zimbabwe,1978,0.798
Zimbabwe,1979,2.343
Zimbabwe,1980,8.978
Zimbabwe,1981,3.773
Zimbabwe,1982,4.013
Zimbabwe,1983,3.594
Zimbabwe,1984,3.518
Zimbabwe,1985,3.402
Zimbabwe,1986,3.296
Zimbabwe,1987,3.318
Zimbabwe,1988,3.014
Zimbabwe,1989,2.784
Zimbabwe,1990,2.667
Zimbabwe,1991,2.544
Zimbabwe,1992,3.094
Zimbabwe,1993,-0.147
Zimbabwe,1994,0.383
Zimbabwe,1995,1.469
Zimbabwe,1996,1.849
Zimbabwe,1997,1.906
Zimbabwe,1998,2.003
Zimbabwe,1999,1.24
Zimbabwe,2000,0.598
Zimbabwe,2001,0.74
Zimbabwe,2002,1.183
Zimbabwe,2003,1.197
Zimbabwe,2004,0.976
Zimbabwe,2005,0.916
Zimbabwe,2006,1.517
Zimbabwe,2007,1.121
Zimbabwe,2008,1.286
Zimbabwe,2009,1.526
Zimbabwe,2010,1.699
Zimbabwe,2011,1.845
Zimbabwe,2012,1.405
Zimbabwe,2013,1.411
Zimbabwe,2014,1.333
Zimbabwe,2015,1.347
Zimbabwe,2016,1.429
Zimbabwe,2017,1.457
Zimbabwe,2018,1.518
Zimbabwe,2019,1.609
Zimbabwe,2020,1.709
Zimbabwe,2021,1.743
Zimbabwe,2022,1.67
Zimbabwe,2023,1.684
Zimbabwe,2024,1.876
Zimbabwe,2025,1.893
Zimbabwe,2026,1.88
Zimbabwe,2027,1.871
Zimbabwe,2028,1.859
Zimbabwe,2029,1.864
Zimbabwe,2030,1.839
Zimbabwe,2031,1.843
Zimbabwe,2032,1.869
Zimbabwe,2033,1.871
Zimbabwe,2034,1.807
Zimbabwe,2035,1.832
Zimbabwe,2036,1.757
Zimbabwe,2037,1.736
Zimbabwe,2038,1.717
Zimbabwe,2039,1.678
Zimbabwe,2040,1.667
Zimbabwe,2041,1.696
Zimbabwe,2042,1.579
Zimbabwe,2043,1.615
Zimbabwe,2044,1.521
Zimbabwe,2045,1.504
Zimbabwe,2046,1.463
Zimbabwe,2047,1.411
Zimbabwe,2048,1.406
Zimbabwe,2049,1.357
Zimbabwe,2050,1.351
Zimbabwe,2051,1.345
Zimbabwe,2052,1.281
Zimbabwe,2053,1.27
Zimbabwe,2054,1.189
Zimbabwe,2055,1.193
Zimbabwe,2056,1.125
Zimbabwe,2057,1.139
Zimbabwe,2058,1.089
Zimbabwe,2059,1.056
Zimbabwe,2060,1.036
Zimbabwe,2061,1.045
Zimbabwe,2062,1.027
Zimbabwe,2063,1.002
Zimbabwe,2064,0.937
Zimbabwe,2065,0.958
Zimbabwe,2066,0.905
Zimbabwe,2067,0.907
Zimbabwe,2068,0.868
Zimbabwe,2069,0.856
Zimbabwe,2070,0.819
Zimbabwe,2071,0.799
Zimbabwe,2072,0.83
Zimbabwe,2073,0.804
Zimbabwe,2074,0.752
Zimbabwe,2075,0.724
Zimbabwe,2076,0.72
Zimbabwe,2077,0.687
Zimbabwe,2078,0.648
Zimbabwe,2079,0.635
Zimbabwe,2080,0.616
Zimbabwe,2081,0.588
Zimbabwe,2082,0.538
Zimbabwe,2083,0.532
Zimbabwe,2084,0.509
Zimbabwe,2085,0.479
Zimbabwe,2086,0.472
Zimbabwe,2087,0.454
Zimbabwe,2088,0.385
Zimbabwe,2089,0.398
Zimbabwe,2090,0.388
Zimbabwe,2091,0.331
Zimbabwe,2092,0.333
Zimbabwe,2093,0.276
Zimbabwe,2094,0.323
Zimbabwe,2095,0.299
Zimbabwe,2096,0.249
Zimbabwe,2097,0.249
Zimbabwe,2098,0.225
Zimbabwe,2099,0.189
Zimbabwe,2100,0.188