Entity,Code,Year,low_carbon_share_of_electricity__pct
ASEAN (Ember),,2000,19.347086
ASEAN (Ember),,2001,19.06632
ASEAN (Ember),,2002,17.664303
ASEAN (Ember),,2003,16.672487
ASEAN (Ember),,2004,15.700016
ASEAN (Ember),,2005,15.152674
ASEAN (Ember),,2006,15.766005
ASEAN (Ember),,2007,15.688036
ASEAN (Ember),,2008,16.497475
ASEAN (Ember),,2009,16.700829
ASEAN (Ember),,2010,16.487564
ASEAN (Ember),,2011,18.787397
ASEAN (Ember),,2012,19.624712
ASEAN (Ember),,2013,20.348326
ASEAN (Ember),,2014,19.964802
ASEAN (Ember),,2015,18.573849
ASEAN (Ember),,2016,20.176855
ASEAN (Ember),,2017,23.653614
ASEAN (Ember),,2018,23.714792
ASEAN (Ember),,2019,21.18379
ASEAN (Ember),,2020,23.56049
ASEAN (Ember),,2021,25.660398
ASEAN (Ember),,2022,27.722073
ASEAN (Ember),,2023,25.554388
Afghanistan,AFG,2000,64.583336
Afghanistan,AFG,2001,72.46377
Afghanistan,AFG,2002,78.873245
Afghanistan,AFG,2003,69.23077
Afghanistan,AFG,2004,70.88607
Afghanistan,AFG,2005,71.95122
Afghanistan,AFG,2006,71.111115
Afghanistan,AFG,2007,74.25742
Afghanistan,AFG,2008,69.230774
Afghanistan,AFG,2009,87.64045
Afghanistan,AFG,2010,85.22727
Afghanistan,AFG,2011,77.92208
Afghanistan,AFG,2012,84.09091
Afghanistan,AFG,2013,80.180176
Afghanistan,AFG,2014,86.2069
Afghanistan,AFG,2015,87.28814
Afghanistan,AFG,2016,87.603294
Afghanistan,AFG,2017,86.507935
Afghanistan,AFG,2018,82.90598
Afghanistan,AFG,2019,83.17757
Afghanistan,AFG,2020,85
Afghanistan,AFG,2021,84.33735
Afghanistan,AFG,2022,84.33735
Africa,,1985,21.249687
Africa,,1986,22.43806
Africa,,1987,19.939184
Africa,,1988,21.91446
Africa,,1989,22.172735
Africa,,1990,20.86398
Africa,,1991,21.738562
Africa,,1992,20.740524
Africa,,1993,19.1371
Africa,,1994,19.39612
Africa,,1995,19.875267
Africa,,1996,19.71732
Africa,,1997,19.427956
Africa,,1998,20.171227
Africa,,1999,20.36608
Africa,,2000,20.520088
Africa,,2001,20.465328
Africa,,2002,20.50688
Africa,,2003,19.35224
Africa,,2004,19.32462
Africa,,2005,18.767721
Africa,,2006,18.406612
Africa,,2007,18.32424
Africa,,2008,18.578392
Africa,,2009,19.118446
Africa,,2010,19.29981
Africa,,2011,19.19676
Africa,,2012,18.681698
Africa,,2013,19.139807
Africa,,2014,19.692
Africa,,2015,19.585842
Africa,,2016,19.86728
Africa,,2017,20.514156
Africa,,2018,21.117252
Africa,,2019,22.185644
Africa,,2020,23.541859
Africa,,2021,23.804333
Africa,,2022,24.45007
Africa (EI),,1985,21.249687
Africa (EI),,1986,22.438063
Africa (EI),,1987,19.939184
Africa (EI),,1988,21.914465
Africa (EI),,1989,22.172737
Africa (EI),,1990,20.863981
Africa (EI),,1991,21.738558
Africa (EI),,1992,20.740524
Africa (EI),,1993,19.1371
Africa (EI),,1994,19.39612
Africa (EI),,1995,19.875267
Africa (EI),,1996,19.71732
Africa (EI),,1997,19.427956
Africa (EI),,1998,20.171227
Africa (EI),,1999,20.36608
Africa (EI),,2000,20.610312
Africa (EI),,2001,20.55254
Africa (EI),,2002,20.464703
Africa (EI),,2003,19.336535
Africa (EI),,2004,19.301916
Africa (EI),,2005,18.556265
Africa (EI),,2006,18.218681
Africa (EI),,2007,18.137754
Africa (EI),,2008,18.388386
Africa (EI),,2009,18.675089
Africa (EI),,2010,18.957033
Africa (EI),,2011,18.973745
Africa (EI),,2012,18.21445
Africa (EI),,2013,18.818811
Africa (EI),,2014,19.500013
Africa (EI),,2015,19.313854
Africa (EI),,2016,19.741234
Africa (EI),,2017,20.26162
Africa (EI),,2018,20.829496
Africa (EI),,2019,21.897432
Africa (EI),,2020,23.448421
Africa (EI),,2021,23.917332
Africa (EI),,2022,24.027771
Africa (EI),,2023,25.170391
Africa (Ember),,2000,20.520088
Africa (Ember),,2001,20.46533
Africa (Ember),,2002,20.50688
Africa (Ember),,2003,19.35224
Africa (Ember),,2004,19.32462
Africa (Ember),,2005,18.767721
Africa (Ember),,2006,18.406612
Africa (Ember),,2007,18.32424
Africa (Ember),,2008,18.578392
Africa (Ember),,2009,19.118446
Africa (Ember),,2010,19.297228
Africa (Ember),,2011,19.194252
Africa (Ember),,2012,18.67938
Africa (Ember),,2013,19.137484
Africa (Ember),,2014,19.689692
Africa (Ember),,2015,19.583612
Africa (Ember),,2016,19.86506
Africa (Ember),,2017,20.51192
Africa (Ember),,2018,21.115017
Africa (Ember),,2019,22.183346
Africa (Ember),,2020,23.539381
Africa (Ember),,2021,23.801928
Africa (Ember),,2022,24.46053
Africa (Ember),,2023,25.290339
Albania,ALB,2000,96.19451
Albania,ALB,2001,95.39295
Albania,ALB,2002,93.80054
Albania,ALB,2003,97.89675
Albania,ALB,2004,97.47747
Albania,ALB,2005,98.7013
Albania,ALB,2006,98.21428
Albania,ALB,2007,97.526505
Albania,ALB,2008,100
Albania,ALB,2009,100
Albania,ALB,2010,100
Albania,ALB,2011,98.568016
Albania,ALB,2012,100
Albania,ALB,2013,100
Albania,ALB,2014,100
Albania,ALB,2015,100
Albania,ALB,2016,100
Albania,ALB,2017,100
Albania,ALB,2018,100
Albania,ALB,2019,100
Albania,ALB,2020,100
Albania,ALB,2021,100
Albania,ALB,2022,100
Algeria,DZA,1990,0.8383011
Algeria,DZA,1991,1.6892477
Algeria,DZA,1992,1.0882642
Algeria,DZA,1993,1.8182755
Algeria,DZA,1994,0.83488405
Algeria,DZA,1995,0.9789501
Algeria,DZA,1996,0.6536265
Algeria,DZA,1997,0.34888592
Algeria,DZA,1998,0.9242542
Algeria,DZA,1999,0.8199701
Algeria,DZA,2000,0.19685039
Algeria,DZA,2001,0.26296017
Algeria,DZA,2002,0.21699819
Algeria,DZA,2003,0.87926954
Algeria,DZA,2004,0.8
Algeria,DZA,2005,1.6219405
Algeria,DZA,2006,0.6244678
Algeria,DZA,2007,0.5915569
Algeria,DZA,2008,0.695998
Algeria,DZA,2009,0.7792208
Algeria,DZA,2010,0.37174723
Algeria,DZA,2011,0.97618115
Algeria,DZA,2012,1.0801394
Algeria,DZA,2013,0.5510102
Algeria,DZA,2014,0.388984
Algeria,DZA,2015,0.31958166
Algeria,DZA,2016,0.4786036
Algeria,DZA,2017,0.84133035
Algeria,DZA,2018,1.0168166
Algeria,DZA,2019,1.0296642
Algeria,DZA,2020,0.9214845
Algeria,DZA,2021,0.77238154
Algeria,DZA,2022,0.77114993
Algeria,DZA,2023,0.8541283
American Samoa,ASM,2000,0
American Samoa,ASM,2001,0
American Samoa,ASM,2002,0
American Samoa,ASM,2003,0
American Samoa,ASM,2004,0
American Samoa,ASM,2005,0
American Samoa,ASM,2006,0
American Samoa,ASM,2007,0
American Samoa,ASM,2008,0
American Samoa,ASM,2009,0
American Samoa,ASM,2010,0
American Samoa,ASM,2011,0
American Samoa,ASM,2012,0
American Samoa,ASM,2013,0
American Samoa,ASM,2014,0
American Samoa,ASM,2015,0
American Samoa,ASM,2016,0
American Samoa,ASM,2017,0
American Samoa,ASM,2018,0
American Samoa,ASM,2019,0
American Samoa,ASM,2020,0
American Samoa,ASM,2021,0
American Samoa,ASM,2022,5.5555553
Angola,AGO,2000,63.194443
Angola,AGO,2001,62.19512
Angola,AGO,2002,64.77273
Angola,AGO,2003,62.311558
Angola,AGO,2004,78.125
Angola,AGO,2005,84.410645
Angola,AGO,2006,85.2349
Angola,AGO,2007,76.85185
Angola,AGO,2008,77.77777
Angola,AGO,2009,66.59878
Angola,AGO,2010,67.948715
Angola,AGO,2011,71.024734
Angola,AGO,2012,70.98446
Angola,AGO,2013,58.03681
Angola,AGO,2014,52.82427
Angola,AGO,2015,54.601227
Angola,AGO,2016,58.561024
Angola,AGO,2017,71.41535
Angola,AGO,2018,79.45205
Angola,AGO,2019,73.19849
Angola,AGO,2020,75.60976
Angola,AGO,2021,75.43027
Angola,AGO,2022,75.02951
Antigua and Barbuda,ATG,2000,0
Antigua and Barbuda,ATG,2001,0
Antigua and Barbuda,ATG,2002,0
Antigua and Barbuda,ATG,2003,0
Antigua and Barbuda,ATG,2004,0
Antigua and Barbuda,ATG,2005,0
Antigua and Barbuda,ATG,2006,0
Antigua and Barbuda,ATG,2007,0
Antigua and Barbuda,ATG,2008,0
Antigua and Barbuda,ATG,2009,0
Antigua and Barbuda,ATG,2010,0
Antigua and Barbuda,ATG,2011,0
Antigua and Barbuda,ATG,2012,0
Antigua and Barbuda,ATG,2013,0
Antigua and Barbuda,ATG,2014,0
Antigua and Barbuda,ATG,2015,2.857143
Antigua and Barbuda,ATG,2016,0
Antigua and Barbuda,ATG,2017,2.857143
Antigua and Barbuda,ATG,2018,2.7777777
Antigua and Barbuda,ATG,2019,2.7777777
Antigua and Barbuda,ATG,2020,5.714286
Antigua and Barbuda,ATG,2021,5.714286
Antigua and Barbuda,ATG,2022,5.5555553
Argentina,ARG,1990,49.264286
Argentina,ARG,1991,44.11212
Argentina,ARG,1992,47.01023
Argentina,ARG,1993,51.09896
Argentina,ARG,1994,54.28159
Argentina,ARG,1995,50.15494
Argentina,ARG,1996,43.238823
Argentina,ARG,1997,49.78993
Argentina,ARG,1998,46.067356
Argentina,ARG,1999,35.667465
Argentina,ARG,2000,39.536972
Argentina,ARG,2001,48.868427
Argentina,ARG,2002,49.887695
Argentina,ARG,2003,45.975887
Argentina,ARG,2004,39.168163
Argentina,ARG,2005,39.79196
Argentina,ARG,2006,41.31182
Argentina,ARG,2007,34.88372
Argentina,ARG,2008,32.679844
Argentina,ARG,2009,35.99575
Argentina,ARG,2010,33.31746
Argentina,ARG,2011,30.125875
Argentina,ARG,2012,27.488604
Argentina,ARG,2013,29.386877
Argentina,ARG,2014,28.908619
Argentina,ARG,2015,28.517399
Argentina,ARG,2016,27.021336
Argentina,ARG,2017,27.312685
Argentina,ARG,2018,28.67557
Argentina,ARG,2019,30.975418
Argentina,ARG,2020,32.238663
Argentina,ARG,2021,30.825989
Argentina,ARG,2022,33.6803
Argentina,ARG,2023,40.533146
Armenia,ARM,2000,53.460205
Armenia,ARM,2001,51.39373
Armenia,ARM,2002,70.24482
Armenia,ARM,2003,71.320755
Armenia,ARM,2004,72.193436
Armenia,ARM,2005,69.90131
Armenia,ARM,2006,74.08056
Armenia,ARM,2007,73.72134
Armenia,ARM,2008,68.64407
Armenia,ARM,2009,78.86029
Armenia,ARM,2010,77.03349
Armenia,ARM,2011,66.8516
Armenia,ARM,2012,56.521736
Armenia,ARM,2013,57.676907
Armenia,ARM,2014,56.308094
Armenia,ARM,2015,62.913906
Armenia,ARM,2016,63.661972
Armenia,ARM,2017,61.885788
Armenia,ARM,2018,55.46772
Armenia,ARM,2019,59.27904
Armenia,ARM,2020,58.50785
Armenia,ARM,2021,56.217617
Armenia,ARM,2022,56.55644
Aruba,ABW,2000,0
Aruba,ABW,2001,0
Aruba,ABW,2002,0
Aruba,ABW,2003,0
Aruba,ABW,2004,0
Aruba,ABW,2005,0
Aruba,ABW,2006,0
Aruba,ABW,2007,0
Aruba,ABW,2008,0
Aruba,ABW,2009,3.1578948
Aruba,ABW,2010,11.702127
Aruba,ABW,2011,11.827957
Aruba,ABW,2012,15.217391
Aruba,ABW,2013,15.957448
Aruba,ABW,2014,17.021276
Aruba,ABW,2015,18.5567
Aruba,ABW,2016,14.893617
Aruba,ABW,2017,14.432989
Aruba,ABW,2018,15.625001
Aruba,ABW,2019,15.463918
Aruba,ABW,2020,15.463918
Aruba,ABW,2021,15.306123
Aruba,ABW,2022,15.306123
Asia,,1985,28.725254
Asia,,1986,27.991686
Asia,,1987,28.187866
Asia,,1988,27.908577
Asia,,1989,26.902617
Asia,,1990,26.4248
Asia,,1991,25.926441
Asia,,1992,24.910398
Asia,,1993,26.25475
Asia,,1994,25.016058
Asia,,1995,25.674911
Asia,,1996,24.955122
Asia,,1997,24.562914
Asia,,1998,25.040518
Asia,,1999,23.837545
Asia,,2000,23.153631
Asia,,2001,23.263592
Asia,,2002,22.572191
Asia,,2003,20.579655
Asia,,2004,21.877716
Asia,,2005,21.400274
Asia,,2006,21.228298
Asia,,2007,19.954023
Asia,,2008,20.807318
Asia,,2009,20.423555
Asia,,2010,21.07796
Asia,,2011,19.20918
Asia,,2012,19.176296
Asia,,2013,19.586496
Asia,,2014,20.607872
Asia,,2015,22.04206
Asia,,2016,22.902885
Asia,,2017,23.582972
Asia,,2018,24.412487
Asia,,2019,26.301432
Asia,,2020,27.46937
Asia,,2021,28.131351
Asia,,2022,29.409388
Asia (Ember),,2000,25.564508
Asia (Ember),,2001,25.86317
Asia (Ember),,2002,24.839653
Asia (Ember),,2003,22.523071
Asia (Ember),,2004,23.725657
Asia (Ember),,2005,23.268732
Asia (Ember),,2006,22.987913
Asia (Ember),,2007,21.722736
Asia (Ember),,2008,22.937233
Asia (Ember),,2009,22.50474
Asia (Ember),,2010,23.030098
Asia (Ember),,2011,20.821346
Asia (Ember),,2012,20.720661
Asia (Ember),,2013,21.070402
Asia (Ember),,2014,22.501858
Asia (Ember),,2015,23.96063
Asia (Ember),,2016,24.806648
Asia (Ember),,2017,25.679258
Asia (Ember),,2018,26.436422
Asia (Ember),,2019,28.019379
Asia (Ember),,2020,29.402834
Asia (Ember),,2021,30.201262
Asia (Ember),,2022,31.47232
Asia (Ember),,2023,31.869284
Asia Pacific (EI),,1985,31.95052
Asia Pacific (EI),,1986,31.724249
Asia Pacific (EI),,1987,31.22321
Asia Pacific (EI),,1988,29.968939
Asia Pacific (EI),,1989,29.710781
Asia Pacific (EI),,1990,28.708054
Asia Pacific (EI),,1991,28.062685
Asia Pacific (EI),,1992,26.588182
Asia Pacific (EI),,1993,27.824364
Asia Pacific (EI),,1994,26.525988
Asia Pacific (EI),,1995,27.265038
Asia Pacific (EI),,1996,26.242165
Asia Pacific (EI),,1997,25.97226
Asia Pacific (EI),,1998,26.612125
Asia Pacific (EI),,1999,25.499847
Asia Pacific (EI),,2000,24.953674
Asia Pacific (EI),,2001,25.157745
Asia Pacific (EI),,2002,24.151243
Asia Pacific (EI),,2003,21.813406
Asia Pacific (EI),,2004,23.228987
Asia Pacific (EI),,2005,22.699772
Asia Pacific (EI),,2006,22.53867
Asia Pacific (EI),,2007,21.323631
Asia Pacific (EI),,2008,22.535097
Asia Pacific (EI),,2009,22.13616
Asia Pacific (EI),,2010,22.599405
Asia Pacific (EI),,2011,20.632113
Asia Pacific (EI),,2012,20.306953
Asia Pacific (EI),,2013,20.998468
Asia Pacific (EI),,2014,22.410933
Asia Pacific (EI),,2015,23.849245
Asia Pacific (EI),,2016,24.73694
Asia Pacific (EI),,2017,25.513634
Asia Pacific (EI),,2018,26.41964
Asia Pacific (EI),,2019,28.052307
Asia Pacific (EI),,2020,29.597225
Asia Pacific (EI),,2021,30.493408
Asia Pacific (EI),,2022,31.900269
Asia Pacific (EI),,2023,32.213062
Australia,AUS,1990,9.9702215
Australia,AUS,1991,10.368504
Australia,AUS,1992,10.299597
Australia,AUS,1993,10.323703
Australia,AUS,1994,9.9148655
Australia,AUS,1995,9.407731
Australia,AUS,1996,9.408694
Australia,AUS,1997,8.989149
Australia,AUS,1998,8.488753
Australia,AUS,1999,8.457536
Australia,AUS,2000,8.089287
Australia,AUS,2001,7.696424
Australia,AUS,2002,8.031679
Australia,AUS,2003,8.258465
Australia,AUS,2004,8.454391
Australia,AUS,2005,8.979804
Australia,AUS,2006,8.882726
Australia,AUS,2007,8.343271
Australia,AUS,2008,7.7919965
Australia,AUS,2009,8.067227
Australia,AUS,2010,8.829741
Australia,AUS,2011,11.943968
Australia,AUS,2012,12.076118
Australia,AUS,2013,14.237058
Australia,AUS,2014,13.228346
Australia,AUS,2015,14.095043
Australia,AUS,2016,16.163885
Australia,AUS,2017,15.133026
Australia,AUS,2018,18.844
Australia,AUS,2019,20.78225
Australia,AUS,2020,24.236483
Australia,AUS,2021,28.891378
Australia,AUS,2022,33.215137
Australia,AUS,2023,36.07261
Austria,AUT,1990,66.24721
Austria,AUT,1991,65.09171
Austria,AUT,1992,72.479454
Austria,AUT,1993,74.15708
Austria,AUT,1994,71.02984
Austria,AUT,1995,70.6812
Austria,AUT,1996,66.95978
Austria,AUT,1997,68.03382
Austria,AUT,1998,69.92117
Austria,AUT,1999,70.91427
Austria,AUT,2000,72.83702
Austria,AUT,2001,69.268616
Austria,AUT,2002,69.107704
Austria,AUT,2003,60.790066
Austria,AUT,2004,64.058205
Austria,AUT,2005,63.507843
Austria,AUT,2006,65.35927
Austria,AUT,2007,68.70921
Austria,AUT,2008,69.16745
Austria,AUT,2009,71.25812
Austria,AUT,2010,66.337364
Austria,AUT,2011,65.771706
Austria,AUT,2012,74.77058
Austria,AUT,2013,78.233925
Austria,AUT,2014,81.55971
Austria,AUT,2015,77.0314
Austria,AUT,2016,78.742096
Austria,AUT,2017,76.09182
Austria,AUT,2018,77.40839
Austria,AUT,2019,77.29523
Austria,AUT,2020,80.27231
Austria,AUT,2021,79.10918
Austria,AUT,2022,78.054474
Austria,AUT,2023,84.48328
Azerbaijan,AZE,1990,7.1613684
Azerbaijan,AZE,1991,7.5025053
Azerbaijan,AZE,1992,8.841448
Azerbaijan,AZE,1993,12.73424
Azerbaijan,AZE,1994,10.414888
Azerbaijan,AZE,1995,9.1293125
Azerbaijan,AZE,1996,8.996196
Azerbaijan,AZE,1997,10.168686
Azerbaijan,AZE,1998,10.8419
Azerbaijan,AZE,1999,8.285651
Azerbaijan,AZE,2000,8.137045
Azerbaijan,AZE,2001,6.8037977
Azerbaijan,AZE,2002,10.706638
Azerbaijan,AZE,2003,11.476952
Azerbaijan,AZE,2004,12.569061
Azerbaijan,AZE,2005,13.047285
Azerbaijan,AZE,2006,10.159119
Azerbaijan,AZE,2007,10.724106
Azerbaijan,AZE,2008,10.222016
Azerbaijan,AZE,2009,12.1485405
Azerbaijan,AZE,2010,18.264595
Azerbaijan,AZE,2011,13.073507
Azerbaijan,AZE,2012,7.8363085
Azerbaijan,AZE,2013,6.709677
Azerbaijan,AZE,2014,5.5623226
Azerbaijan,AZE,2015,6.9597073
Azerbaijan,AZE,2016,8.410462
Azerbaijan,AZE,2017,7.7621803
Azerbaijan,AZE,2018,7.75965
Azerbaijan,AZE,2019,6.8978806
Azerbaijan,AZE,2020,5.1262136
Azerbaijan,AZE,2021,5.469593
Azerbaijan,AZE,2022,6.3579817
Azerbaijan,AZE,2023,6.8625546
Bahamas,BHS,2000,0
Bahamas,BHS,2001,0
Bahamas,BHS,2002,0
Bahamas,BHS,2003,0
Bahamas,BHS,2004,0
Bahamas,BHS,2005,0
Bahamas,BHS,2006,0
Bahamas,BHS,2007,0
Bahamas,BHS,2008,0
Bahamas,BHS,2009,0
Bahamas,BHS,2010,0
Bahamas,BHS,2011,0
Bahamas,BHS,2012,0
Bahamas,BHS,2013,0
Bahamas,BHS,2014,0
Bahamas,BHS,2015,0
Bahamas,BHS,2016,0
Bahamas,BHS,2017,0
Bahamas,BHS,2018,0
Bahamas,BHS,2019,0
Bahamas,BHS,2020,0
Bahamas,BHS,2021,0
Bahamas,BHS,2022,0
Bahrain,BHR,2000,0
Bahrain,BHR,2001,0
Bahrain,BHR,2002,0
Bahrain,BHR,2003,0
Bahrain,BHR,2004,0
Bahrain,BHR,2005,0
Bahrain,BHR,2006,0
Bahrain,BHR,2007,0
Bahrain,BHR,2008,0
Bahrain,BHR,2009,0
Bahrain,BHR,2010,0
Bahrain,BHR,2011,0
Bahrain,BHR,2012,0
Bahrain,BHR,2013,0
Bahrain,BHR,2014,0.036683787
Bahrain,BHR,2015,0.035100035
Bahrain,BHR,2016,0.035063114
Bahrain,BHR,2017,0.034211427
Bahrain,BHR,2018,0.033840947
Bahrain,BHR,2019,0.030211482
Bahrain,BHR,2020,0.029967038
Bahrain,BHR,2021,0.029515937
Bahrain,BHR,2022,0.02813731
Bangladesh,BGD,1985,16.320673
Bangladesh,BGD,1986,9.375
Bangladesh,BGD,1987,9.253625
Bangladesh,BGD,1988,10.319523
Bangladesh,BGD,1989,12.930429
Bangladesh,BGD,1990,11.433006
Bangladesh,BGD,1991,10.133011
Bangladesh,BGD,1992,8.949854
Bangladesh,BGD,1993,6.604388
Bangladesh,BGD,1994,8.65699
Bangladesh,BGD,1995,3.442532
Bangladesh,BGD,1996,6.4406486
Bangladesh,BGD,1997,6.0634174
Bangladesh,BGD,1998,6.714796
Bangladesh,BGD,1999,5.764706
Bangladesh,BGD,2000,5.8971143
Bangladesh,BGD,2001,5.638665
Bangladesh,BGD,2002,5.5408964
Bangladesh,BGD,2003,5.5804687
Bangladesh,BGD,2004,4.8149624
Bangladesh,BGD,2005,4.7477746
Bangladesh,BGD,2006,4.608753
Bangladesh,BGD,2007,2.452404
Bangladesh,BGD,2008,2.8045576
Bangladesh,BGD,2009,1.2624228
Bangladesh,BGD,2010,2.0313265
Bangladesh,BGD,2011,2.2161918
Bangladesh,BGD,2012,1.8716578
Bangladesh,BGD,2013,2.0059993
Bangladesh,BGD,2014,1.3916147
Bangladesh,BGD,2015,1.3493
Bangladesh,BGD,2016,1.7947606
Bangladesh,BGD,2017,1.7562969
Bangladesh,BGD,2018,1.737917
Bangladesh,BGD,2019,1.3086536
Bangladesh,BGD,2020,1.5112162
Bangladesh,BGD,2021,1.4217018
Bangladesh,BGD,2022,1.3040495
Bangladesh,BGD,2023,1.5081774
Barbados,BRB,2000,0
Barbados,BRB,2001,0
Barbados,BRB,2002,0
Barbados,BRB,2003,0
Barbados,BRB,2004,0
Barbados,BRB,2005,0
Barbados,BRB,2006,0
Barbados,BRB,2007,0
Barbados,BRB,2008,0
Barbados,BRB,2009,0
Barbados,BRB,2010,0
Barbados,BRB,2011,0
Barbados,BRB,2012,0
Barbados,BRB,2013,0
Barbados,BRB,2014,0.97087383
Barbados,BRB,2015,0.9615385
Barbados,BRB,2016,1.904762
Barbados,BRB,2017,2.8846154
Barbados,BRB,2018,2.8846154
Barbados,BRB,2019,3.773585
Barbados,BRB,2020,6.603774
Barbados,BRB,2021,7.54717
Barbados,BRB,2022,7.3394494
Belarus,BLR,1990,0.050599605
Belarus,BLR,1991,0.0464696
Belarus,BLR,1992,0.04521878
Belarus,BLR,1993,0.056939077
Belarus,BLR,1994,0.060515337
Belarus,BLR,1995,0.080263264
Belarus,BLR,1996,0.06743088
Belarus,BLR,1997,0.08059254
Belarus,BLR,1998,0.119189516
Belarus,BLR,1999,0.07165485
Belarus,BLR,2000,0.11494253
Belarus,BLR,2001,0.11966494
Belarus,BLR,2002,0.11337869
Belarus,BLR,2003,0.1126549
Belarus,BLR,2004,0.09615384
Belarus,BLR,2005,0.12919897
Belarus,BLR,2006,0.12574662
Belarus,BLR,2007,0.15708451
Belarus,BLR,2008,0.19971469
Belarus,BLR,2009,0.36219952
Belarus,BLR,2010,0.4011461
Belarus,BLR,2011,0.4349177
Belarus,BLR,2012,0.6815969
Belarus,BLR,2013,0.95207876
Belarus,BLR,2014,0.8347725
Belarus,BLR,2015,0.99735993
Belarus,BLR,2016,1.2809056
Belarus,BLR,2017,2.2602146
Belarus,BLR,2018,2.0774558
Belarus,BLR,2019,2.57044
Belarus,BLR,2020,4.3850546
Belarus,BLR,2021,17.231365
Belarus,BLR,2022,15.510098
Belarus,BLR,2023,30.770828
Belgium,BEL,1990,61.57348
Belgium,BEL,1991,60.963615
Belgium,BEL,1992,61.719406
Belgium,BEL,1993,60.55936
Belgium,BEL,1994,57.793667
Belgium,BEL,1995,57.16812
Belgium,BEL,1996,58.424274
Belgium,BEL,1997,61.646126
Belgium,BEL,1998,57.168964
Belgium,BEL,1999,59.817677
Belgium,BEL,2000,59.439545
Belgium,BEL,2001,60.32049
Belgium,BEL,2002,59.92093
Belgium,BEL,2003,58.13091
Belgium,BEL,2004,58.871063
Belgium,BEL,2005,58.912067
Belgium,BEL,2006,59.52724
Belgium,BEL,2007,59.578392
Belgium,BEL,2008,60.18541
Belgium,BEL,2009,58.667557
Belgium,BEL,2010,58.574345
Belgium,BEL,2011,63.364338
Belgium,BEL,2012,62.32364
Belgium,BEL,2013,66.33313
Belgium,BEL,2014,64.48034
Belgium,BEL,2015,59.257637
Belgium,BEL,2016,68.51281
Belgium,BEL,2017,67.9986
Belgium,BEL,2018,61.951817
Belgium,BEL,2019,67.946915
Belgium,BEL,2020,65.56412
Belgium,BEL,2021,73.5084
Belgium,BEL,2022,72.37093
Belgium,BEL,2023,73.6165
Belize,BLZ,2000,69.230774
Belize,BLZ,2001,69.230774
Belize,BLZ,2002,64.28571
Belize,BLZ,2003,37.5
Belize,BLZ,2004,42.857143
Belize,BLZ,2005,43.75
Belize,BLZ,2006,85.71429
Belize,BLZ,2007,81.818184
Belize,BLZ,2008,95.2381
Belize,BLZ,2009,79.16667
Belize,BLZ,2010,88.09524
Belize,BLZ,2011,93.93939
Belize,BLZ,2012,92.10526
Belize,BLZ,2013,94.5946
Belize,BLZ,2014,91.666664
Belize,BLZ,2015,91.666664
Belize,BLZ,2016,94.73685
Belize,BLZ,2017,95
Belize,BLZ,2018,92.68293
Belize,BLZ,2019,86.53847
Belize,BLZ,2020,82.14286
Belize,BLZ,2021,82.14286
Belize,BLZ,2022,80.64516
Benin,BEN,2000,0
Benin,BEN,2001,0
Benin,BEN,2002,0
Benin,BEN,2003,0
Benin,BEN,2004,0
Benin,BEN,2005,0
Benin,BEN,2006,0
Benin,BEN,2007,0
Benin,BEN,2008,0
Benin,BEN,2009,0
Benin,BEN,2010,0
Benin,BEN,2011,0
Benin,BEN,2012,0
Benin,BEN,2013,0
Benin,BEN,2014,0
Benin,BEN,2015,0
Benin,BEN,2016,0
Benin,BEN,2017,0
Benin,BEN,2018,0
Benin,BEN,2019,1.8518518
Benin,BEN,2020,1.010101
Benin,BEN,2021,1.7699115
Benin,BEN,2022,1.7699115
Bermuda,BMU,2000,1.6666666
Bermuda,BMU,2001,1.6393442
Bermuda,BMU,2002,1.5625
Bermuda,BMU,2003,1.5151515
Bermuda,BMU,2004,1.5151515
Bermuda,BMU,2005,1.4492754
Bermuda,BMU,2006,1.4084507
Bermuda,BMU,2007,1.369863
Bermuda,BMU,2008,1.3888888
Bermuda,BMU,2009,1.3513514
Bermuda,BMU,2010,1.3513514
Bermuda,BMU,2011,1.369863
Bermuda,BMU,2012,1.4285715
Bermuda,BMU,2013,1.4705882
Bermuda,BMU,2014,1.5151515
Bermuda,BMU,2015,1.4925373
Bermuda,BMU,2016,1.5151515
Bermuda,BMU,2017,1.4925373
Bermuda,BMU,2018,1.5625
Bermuda,BMU,2019,1.6393442
Bermuda,BMU,2020,1.6949153
Bermuda,BMU,2021,1.6949153
Bermuda,BMU,2022,1.5873016
Bhutan,BTN,2000,100
Bhutan,BTN,2001,100
Bhutan,BTN,2002,100
Bhutan,BTN,2003,100
Bhutan,BTN,2004,100
Bhutan,BTN,2005,100.00001
Bhutan,BTN,2006,100
Bhutan,BTN,2007,100
Bhutan,BTN,2008,100
Bhutan,BTN,2009,100
Bhutan,BTN,2010,100
Bhutan,BTN,2011,100
Bhutan,BTN,2012,100
Bhutan,BTN,2013,100
Bhutan,BTN,2014,100
Bhutan,BTN,2015,100
Bhutan,BTN,2016,100
Bhutan,BTN,2017,100
Bhutan,BTN,2018,100
Bhutan,BTN,2019,100
Bhutan,BTN,2020,100
Bhutan,BTN,2021,100
Bhutan,BTN,2022,100
Bolivia,BOL,2000,51.54639
Bolivia,BOL,2001,54.54546
Bolivia,BOL,2002,53.60577
Bolivia,BOL,2003,46.65127
Bolivia,BOL,2004,48.344368
Bolivia,BOL,2005,40.899796
Bolivia,BOL,2006,43.6
Bolivia,BOL,2007,43.198524
Bolivia,BOL,2008,39.695942
Bolivia,BOL,2009,37.842186
Bolivia,BOL,2010,33.68421
Bolivia,BOL,2011,33.99154
Bolivia,BOL,2012,32.52362
Bolivia,BOL,2013,33.80282
Bolivia,BOL,2014,28.6747
Bolivia,BOL,2015,29.444445
Bolivia,BOL,2016,20.752687
Bolivia,BOL,2017,25.130344
Bolivia,BOL,2018,30.152283
Bolivia,BOL,2019,36.873158
Bolivia,BOL,2020,35.843372
Bolivia,BOL,2021,37.523453
Bolivia,BOL,2022,35.013035
Bolivia,BOL,2023,28.806585
Bosnia and Herzegovina,BIH,2000,48.801533
Bosnia and Herzegovina,BIH,2001,48.730007
Bosnia and Herzegovina,BIH,2002,48.84152
Bosnia and Herzegovina,BIH,2003,39.929012
Bosnia and Herzegovina,BIH,2004,46.97565
Bosnia and Herzegovina,BIH,2005,47.619045
Bosnia and Herzegovina,BIH,2006,43.942814
Bosnia and Herzegovina,BIH,2007,33.870968
Bosnia and Herzegovina,BIH,2008,33.197002
Bosnia and Herzegovina,BIH,2009,40.310078
Bosnia and Herzegovina,BIH,2010,47.430595
Bosnia and Herzegovina,BIH,2011,29.130724
Bosnia and Herzegovina,BIH,2012,30.050688
Bosnia and Herzegovina,BIH,2013,41.971016
Bosnia and Herzegovina,BIH,2014,34.879623
Bosnia and Herzegovina,BIH,2015,33.77967
Bosnia and Herzegovina,BIH,2016,31.677021
Bosnia and Herzegovina,BIH,2017,23.522167
Bosnia and Herzegovina,BIH,2018,34.34714
Bosnia and Herzegovina,BIH,2019,36.681976
Bosnia and Herzegovina,BIH,2020,29.184036
Bosnia and Herzegovina,BIH,2021,39.00054
Bosnia and Herzegovina,BIH,2022,33.474323
Bosnia and Herzegovina,BIH,2023,40.71006
Botswana,BWA,2000,0
Botswana,BWA,2001,0
Botswana,BWA,2002,0
Botswana,BWA,2003,0
Botswana,BWA,2004,0
Botswana,BWA,2005,0
Botswana,BWA,2006,0
Botswana,BWA,2007,0
Botswana,BWA,2008,0
Botswana,BWA,2009,0
Botswana,BWA,2010,0
Botswana,BWA,2011,0
Botswana,BWA,2012,0
Botswana,BWA,2013,0
Botswana,BWA,2014,0
Botswana,BWA,2015,0
Botswana,BWA,2016,0
Botswana,BWA,2017,0
Botswana,BWA,2018,0.32154343
Botswana,BWA,2019,0.3984064
Botswana,BWA,2020,0.4587156
Botswana,BWA,2021,0.4016064
Botswana,BWA,2022,0.38022813
Brazil,BRA,1990,95.50487
Brazil,BRA,1991,95.24155
Brazil,BRA,1992,95.14788
Brazil,BRA,1993,95.431725
Brazil,BRA,1994,95.42675
Brazil,BRA,1995,95.07129
Brazil,BRA,1996,94.39372
Brazil,BRA,1997,94.00732
Brazil,BRA,1998,93.93806
Brazil,BRA,1999,91.2253
Brazil,BRA,2000,91.2246
Brazil,BRA,2001,88.63491
Brazil,BRA,2002,89.74314
Brazil,BRA,2003,90.831245
Brazil,BRA,2004,89.031975
Brazil,BRA,2005,89.57253
Brazil,BRA,2006,90.03218
Brazil,BRA,2007,91.000786
Brazil,BRA,2008,87.33106
Brazil,BRA,2009,91.82701
Brazil,BRA,2010,87.617294
Brazil,BRA,2011,90.138405
Brazil,BRA,2012,85.466064
Brazil,BRA,2013,79.531555
Brazil,BRA,2014,75.8835
Brazil,BRA,2015,76.74203
Brazil,BRA,2016,83.20752
Brazil,BRA,2017,81.918144
Brazil,BRA,2018,84.963165
Brazil,BRA,2019,83.93255
Brazil,BRA,2020,85.40142
Brazil,BRA,2021,79.602516
Brazil,BRA,2022,89.51962
Brazil,BRA,2023,90.716225
British Virgin Islands,VGB,2000,0
British Virgin Islands,VGB,2001,0
British Virgin Islands,VGB,2002,0
British Virgin Islands,VGB,2003,0
British Virgin Islands,VGB,2004,0
British Virgin Islands,VGB,2005,0
British Virgin Islands,VGB,2006,0
British Virgin Islands,VGB,2007,0
British Virgin Islands,VGB,2008,0
British Virgin Islands,VGB,2009,0
British Virgin Islands,VGB,2010,0
British Virgin Islands,VGB,2011,0
British Virgin Islands,VGB,2012,0
British Virgin Islands,VGB,2013,0
British Virgin Islands,VGB,2014,0
British Virgin Islands,VGB,2015,0
British Virgin Islands,VGB,2016,0
British Virgin Islands,VGB,2017,0
British Virgin Islands,VGB,2018,0
British Virgin Islands,VGB,2019,0
British Virgin Islands,VGB,2020,0
British Virgin Islands,VGB,2021,0
British Virgin Islands,VGB,2022,0
Brunei,BRN,2000,0
Brunei,BRN,2001,0
Brunei,BRN,2002,0
Brunei,BRN,2003,0
Brunei,BRN,2004,0
Brunei,BRN,2005,0
Brunei,BRN,2006,0
Brunei,BRN,2007,0
Brunei,BRN,2008,0
Brunei,BRN,2009,0
Brunei,BRN,2010,0
Brunei,BRN,2011,0
Brunei,BRN,2012,0
Brunei,BRN,2013,0
Brunei,BRN,2014,0
Brunei,BRN,2015,0
Brunei,BRN,2016,0
Brunei,BRN,2017,0
Brunei,BRN,2018,0
Brunei,BRN,2019,0
Brunei,BRN,2020,0
Brunei,BRN,2021,0
Brunei,BRN,2022,0
Bulgaria,BGR,1990,38.878284
Bulgaria,BGR,1991,37.97002
Bulgaria,BGR,1992,37.95147
Bulgaria,BGR,1993,41.649048
Bulgaria,BGR,1994,43.812534
Bulgaria,BGR,1995,46.650658
Bulgaria,BGR,1996,49.133083
Bulgaria,BGR,1997,48.074207
Bulgaria,BGR,1998,48.21342
Bulgaria,BGR,1999,48.879517
Bulgaria,BGR,2000,51.268784
Bulgaria,BGR,2001,48.802948
Bulgaria,BGR,2002,53.08935
Bulgaria,BGR,2003,47.94229
Bulgaria,BGR,2004,48.259186
Bulgaria,BGR,2005,52.289818
Bulgaria,BGR,2006,52.200706
Bulgaria,BGR,2007,40.91546
Bulgaria,BGR,2008,42.031918
Bulgaria,BGR,2009,44.764828
Bulgaria,BGR,2010,45.743523
Bulgaria,BGR,2011,40.43235
Bulgaria,BGR,2012,45.264744
Bulgaria,BGR,2013,49.000465
Bulgaria,BGR,2014,49.573746
Bulgaria,BGR,2015,49.538082
Bulgaria,BGR,2016,51.246353
Bulgaria,BGR,2017,48.34969
Bulgaria,BGR,2018,54.848423
Bulgaria,BGR,2019,55.009148
Bulgaria,BGR,2020,60.03986
Bulgaria,BGR,2021,56.75561
Bulgaria,BGR,2022,51.83194
Bulgaria,BGR,2023,66.316574
Burkina Faso,BFA,2000,25.641027
Burkina Faso,BFA,2001,13.888888
Burkina Faso,BFA,2002,16.666666
Burkina Faso,BFA,2003,22.222223
Burkina Faso,BFA,2004,21.276596
Burkina Faso,BFA,2005,19.23077
Burkina Faso,BFA,2006,14.545454
Burkina Faso,BFA,2007,18.032787
Burkina Faso,BFA,2008,21.311476
Burkina Faso,BFA,2009,18.571428
Burkina Faso,BFA,2010,22.413794
Burkina Faso,BFA,2011,16.666666
Burkina Faso,BFA,2012,17.1875
Burkina Faso,BFA,2013,16
Burkina Faso,BFA,2014,11.363636
Burkina Faso,BFA,2015,9.9009905
Burkina Faso,BFA,2016,16.161615
Burkina Faso,BFA,2017,14.285714
Burkina Faso,BFA,2018,20.90909
Burkina Faso,BFA,2019,26.25
Burkina Faso,BFA,2020,28.378378
Burkina Faso,BFA,2021,30.263159
Burkina Faso,BFA,2022,31.168833
Burundi,BDI,2000,100
Burundi,BDI,2001,100
Burundi,BDI,2002,100
Burundi,BDI,2003,100
Burundi,BDI,2004,99.99999
Burundi,BDI,2005,99.99999
Burundi,BDI,2006,99.99999
Burundi,BDI,2007,100
Burundi,BDI,2008,100
Burundi,BDI,2009,100
Burundi,BDI,2010,87.5
Burundi,BDI,2011,93.33333
Burundi,BDI,2012,100
Burundi,BDI,2013,88.2353
Burundi,BDI,2014,83.333336
Burundi,BDI,2015,83.333336
Burundi,BDI,2016,88.888885
Burundi,BDI,2017,75
Burundi,BDI,2018,62.96296
Burundi,BDI,2019,66.666664
Burundi,BDI,2020,72.72727
Burundi,BDI,2021,66.666664
Burundi,BDI,2022,66.666664
CIS (EI),,1990,24.17247
CIS (EI),,1991,24.718231
CIS (EI),,1992,26.559996
CIS (EI),,1993,28.623323
CIS (EI),,1994,29.637903
CIS (EI),,1995,29.980556
CIS (EI),,1996,29.6499
CIS (EI),,1997,30.069715
CIS (EI),,1998,29.98112
CIS (EI),,1999,31.637213
CIS (EI),,2000,31.840206
CIS (EI),,2001,32.720016
CIS (EI),,2002,32.143444
CIS (EI),,2003,31.727789
CIS (EI),,2004,32.25317
CIS (EI),,2005,31.860752
CIS (EI),,2006,31.109758
CIS (EI),,2007,31.067423
CIS (EI),,2008,29.154202
CIS (EI),,2009,31.393925
CIS (EI),,2010,30.403332
CIS (EI),,2011,29.721184
CIS (EI),,2012,29.577667
CIS (EI),,2013,30.595055
CIS (EI),,2014,30.300644
CIS (EI),,2015,30.957523
CIS (EI),,2016,31.889572
CIS (EI),,2017,32.40952
CIS (EI),,2018,32.0173
CIS (EI),,2019,32.49247
CIS (EI),,2020,34.91696
CIS (EI),,2021,33.900154
CIS (EI),,2022,32.742764
CIS (EI),,2023,32.862976
Cambodia,KHM,2000,15.151515
Cambodia,KHM,2001,10.714286
Cambodia,KHM,2002,5.263158
Cambodia,KHM,2003,7.8125
Cambodia,KHM,2004,5.263158
Cambodia,KHM,2005,5.263158
Cambodia,KHM,2006,5.1282053
Cambodia,KHM,2007,4.6979866
Cambodia,KHM,2008,4.054054
Cambodia,KHM,2009,4.7619047
Cambodia,KHM,2010,4.9504952
Cambodia,KHM,2011,6.603774
Cambodia,KHM,2012,36.9863
Cambodia,KHM,2013,56.90608
Cambodia,KHM,2014,59.807076
Cambodia,KHM,2015,44.541485
Cambodia,KHM,2016,46.422337
Cambodia,KHM,2017,40.729927
Cambodia,KHM,2018,57.97102
Cambodia,KHM,2019,48.13137
Cambodia,KHM,2020,49.554565
Cambodia,KHM,2021,51.74418
Cambodia,KHM,2022,50.737793
Cameroon,CMR,2000,98.840576
Cameroon,CMR,2001,98.0057
Cameroon,CMR,2002,96.33028
Cameroon,CMR,2003,95.61643
Cameroon,CMR,2004,95.33169
Cameroon,CMR,2005,94.19192
Cameroon,CMR,2006,88.735176
Cameroon,CMR,2007,74.66411
Cameroon,CMR,2008,75.70922
Cameroon,CMR,2009,70.5575
Cameroon,CMR,2010,73.037544
Cameroon,CMR,2011,75
Cameroon,CMR,2012,78.63721
Cameroon,CMR,2013,69.40063
Cameroon,CMR,2014,64.005806
Cameroon,CMR,2015,54.899498
Cameroon,CMR,2016,61.603374
Cameroon,CMR,2017,63.354034
Cameroon,CMR,2018,58.8993
Cameroon,CMR,2019,62.863792
Cameroon,CMR,2020,61
Cameroon,CMR,2021,63.25
Cameroon,CMR,2022,62.315273
Canada,CAN,1990,77.42499
Canada,CAN,1991,78.02858
Canada,CAN,1992,77.0733
Canada,CAN,1993,79.281525
Canada,CAN,1994,79.69081
Canada,CAN,1995,78.58922
Canada,CAN,1996,79.47751
Canada,CAN,1997,76.68002
Canada,CAN,1998,73.11891
Canada,CAN,1999,73.92155
Canada,CAN,2000,72.579575
Canada,CAN,2001,71.06642
Canada,CAN,2002,72.4837
Canada,CAN,2003,71.50458
Canada,CAN,2004,73.33501
Canada,CAN,2005,74.796135
Canada,CAN,2006,75.8674
Canada,CAN,2007,74.501335
Canada,CAN,2008,76.309616
Canada,CAN,2009,77.18898
Canada,CAN,2010,75.894104
Canada,CAN,2011,76.71204
Canada,CAN,2012,78.16791
Canada,CAN,2013,79.03125
Canada,CAN,2014,78.68356
Canada,CAN,2015,79.13414
Canada,CAN,2016,79.69318
Canada,CAN,2017,80.856026
Canada,CAN,2018,80.683586
Canada,CAN,2019,80.71735
Canada,CAN,2020,81.677795
Canada,CAN,2021,81.10456
Canada,CAN,2022,81.428024
Canada,CAN,2023,80.1386
Cape Verde,CPV,2000,6.6666665
Cape Verde,CPV,2001,5.882353
Cape Verde,CPV,2002,5.263158
Cape Verde,CPV,2003,0
Cape Verde,CPV,2004,4.5454545
Cape Verde,CPV,2005,4.166667
Cape Verde,CPV,2006,4
Cape Verde,CPV,2007,3.7037036
Cape Verde,CPV,2008,3.448276
Cape Verde,CPV,2009,3.2258065
Cape Verde,CPV,2010,0
Cape Verde,CPV,2011,8.108108
Cape Verde,CPV,2012,18.421053
Cape Verde,CPV,2013,21.95122
Cape Verde,CPV,2014,20.930233
Cape Verde,CPV,2015,20.930233
Cape Verde,CPV,2016,20
Cape Verde,CPV,2017,18.60465
Cape Verde,CPV,2018,20.930233
Cape Verde,CPV,2019,18.181818
Cape Verde,CPV,2020,16.666668
Cape Verde,CPV,2021,16.666668
Cape Verde,CPV,2022,16.27907
Cayman Islands,CYM,2000,0
Cayman Islands,CYM,2001,0
Cayman Islands,CYM,2002,0
Cayman Islands,CYM,2003,0
Cayman Islands,CYM,2004,0
Cayman Islands,CYM,2005,0
Cayman Islands,CYM,2006,0
Cayman Islands,CYM,2007,0
Cayman Islands,CYM,2008,0
Cayman Islands,CYM,2009,0
Cayman Islands,CYM,2010,0
Cayman Islands,CYM,2011,0
Cayman Islands,CYM,2012,0
Cayman Islands,CYM,2013,0
Cayman Islands,CYM,2014,0
Cayman Islands,CYM,2015,0
Cayman Islands,CYM,2016,0
Cayman Islands,CYM,2017,1.4705882
Cayman Islands,CYM,2018,1.4925373
Cayman Islands,CYM,2019,2.7777777
Cayman Islands,CYM,2020,2.8985507
Cayman Islands,CYM,2021,2.857143
Cayman Islands,CYM,2022,2.857143
Central African Republic,CAF,2000,80
Central African Republic,CAF,2001,72.72727
Central African Republic,CAF,2002,72.72727
Central African Republic,CAF,2003,72.72727
Central African Republic,CAF,2004,80
Central African Republic,CAF,2005,81.25
Central African Republic,CAF,2006,82.35294
Central African Republic,CAF,2007,87.5
Central African Republic,CAF,2008,87.5
Central African Republic,CAF,2009,87.5
Central African Republic,CAF,2010,81.25
Central African Republic,CAF,2011,83.333336
Central African Republic,CAF,2012,83.333336
Central African Republic,CAF,2013,100
Central African Republic,CAF,2014,100
Central African Republic,CAF,2015,100
Central African Republic,CAF,2016,100
Central African Republic,CAF,2017,100
Central African Republic,CAF,2018,100
Central African Republic,CAF,2019,100
Central African Republic,CAF,2020,100
Central African Republic,CAF,2021,100
Central African Republic,CAF,2022,100
Central America (EI),,1985,79.92793
Central America (EI),,1986,87.975555
Central America (EI),,1987,83.7704
Central America (EI),,1988,86.227165
Central America (EI),,1989,88.621956
Central America (EI),,1990,88.7516
Central America (EI),,1991,82.9108
Central America (EI),,1992,72.96061
Central America (EI),,1993,75.404205
Central America (EI),,1994,70.89711
Central America (EI),,1995,66.66999
Central America (EI),,1996,74.52943
Central America (EI),,1997,69.64259
Central America (EI),,1998,62.552063
Central America (EI),,1999,70.75126
Central America (EI),,2000,68.92432
Central America (EI),,2014,63.700287
Central America (EI),,2015,65.69523
Central America (EI),,2016,66.881615
Central America (EI),,2017,73.83269
Central America (EI),,2018,74.69533
Central America (EI),,2019,64.77443
Central America (EI),,2020,75.3538
Central America (EI),,2021,76.53574
Central America (EI),,2022,76.14744
Central America (EI),,2023,65.37976
Chad,TCD,2000,0
Chad,TCD,2001,0
Chad,TCD,2002,0
Chad,TCD,2003,0
Chad,TCD,2004,0
Chad,TCD,2005,0
Chad,TCD,2006,0
Chad,TCD,2007,0
Chad,TCD,2008,0
Chad,TCD,2009,0
Chad,TCD,2010,0
Chad,TCD,2011,0
Chad,TCD,2012,4.166667
Chad,TCD,2013,3.5714285
Chad,TCD,2014,3.3333333
Chad,TCD,2015,3.3333333
Chad,TCD,2016,6.451613
Chad,TCD,2017,6.25
Chad,TCD,2018,6.25
Chad,TCD,2019,6.060606
Chad,TCD,2020,5.714286
Chad,TCD,2021,5.714286
Chad,TCD,2022,5.714286
Chile,CHL,1990,53.834267
Chile,CHL,1991,70.97458
Chile,CHL,1992,82.69866
Chile,CHL,1993,78.987724
Chile,CHL,1994,74.26599
Chile,CHL,1995,72.40424
Chile,CHL,1996,60.44451
Chile,CHL,1997,62.13549
Chile,CHL,1998,48.170887
Chile,CHL,1999,39.149124
Chile,CHL,2000,47.506424
Chile,CHL,2001,51.772526
Chile,CHL,2002,53.10361
Chile,CHL,2003,48.38281
Chile,CHL,2004,42.88944
Chile,CHL,2005,50.217308
Chile,CHL,2006,52.324062
Chile,CHL,2007,39.81779
Chile,CHL,2008,42.185562
Chile,CHL,2009,43.340977
Chile,CHL,2010,36.98936
Chile,CHL,2011,33.913605
Chile,CHL,2012,31.310825
Chile,CHL,2013,29.587795
Chile,CHL,2014,36.368835
Chile,CHL,2015,38.16028
Chile,CHL,2016,33.083424
Chile,CHL,2017,39.504177
Chile,CHL,2018,42.859005
Chile,CHL,2019,41.64621
Chile,CHL,2020,43.807076
Chile,CHL,2021,42.706417
Chile,CHL,2022,52.95602
Chile,CHL,2023,60.818085
China,CHN,1985,22.495691
China,CHN,1986,21.032778
China,CHN,1987,20.114803
China,CHN,1988,20.023113
China,CHN,1989,20.247429
China,CHN,1990,20.414036
China,CHN,1991,18.413998
China,CHN,1992,17.366554
China,CHN,1993,18.948395
China,CHN,1994,19.72772
China,CHN,1995,20.560476
China,CHN,1996,18.86082
China,CHN,1997,18.786402
China,CHN,1998,18.495249
China,CHN,1999,17.311365
China,CHN,2000,17.874004
China,CHN,2001,20.1379
China,CHN,2002,19.137732
China,CHN,2003,17.304693
China,CHN,2004,18.513056
China,CHN,2005,18.296497
China,CHN,2006,17.50206
China,CHN,2007,17.151705
China,CHN,2008,20.981703
China,CHN,2009,19.7715
China,CHN,2010,20.467964
China,CHN,2011,18.662767
China,CHN,2012,22.012455
China,CHN,2013,22.182476
China,CHN,2014,24.548489
China,CHN,2015,26.915787
China,CHN,2016,28.304657
China,CHN,2017,28.998068
China,CHN,2018,29.72758
China,CHN,2019,31.495861
China,CHN,2020,32.79492
China,CHN,2021,33.46781
China,CHN,2022,34.897434
China,CHN,2023,35.275948
Colombia,COL,1990,72.60907
Colombia,COL,1991,69.772255
Colombia,COL,1992,61.782764
Colombia,COL,1993,67.74923
Colombia,COL,1994,72.18858
Colombia,COL,1995,68.374115
Colombia,COL,1996,73.97725
Colombia,COL,1997,64.037476
Colombia,COL,1998,62.274715
Colombia,COL,1999,71.49735
Colombia,COL,2000,75.35622
Colombia,COL,2001,74.153915
Colombia,COL,2002,76.336395
Colombia,COL,2003,78.614716
Colombia,COL,2004,81.51226
Colombia,COL,2005,80.01602
Colombia,COL,2006,80.4462
Colombia,COL,2007,81.38346
Colombia,COL,2008,83.886086
Colombia,COL,2009,72.687225
Colombia,COL,2010,70.51303
Colombia,COL,2011,81.750404
Colombia,COL,2012,77.894066
Colombia,COL,2013,69.21507
Colombia,COL,2014,69.088844
Colombia,COL,2015,63.344875
Colombia,COL,2016,65.61639
Colombia,COL,2017,79.10029
Colombia,COL,2018,76.332954
Colombia,COL,2019,69.48464
Colombia,COL,2020,65.11539
Colombia,COL,2021,75.01777
Colombia,COL,2022,71.93991
Colombia,COL,2023,66.48605
Comoros,COM,2000,0
Comoros,COM,2001,0
Comoros,COM,2002,0
Comoros,COM,2003,0
Comoros,COM,2004,0
Comoros,COM,2005,0
Comoros,COM,2006,0
Comoros,COM,2007,0
Comoros,COM,2008,0
Comoros,COM,2009,0
Comoros,COM,2010,0
Comoros,COM,2011,0
Comoros,COM,2012,0
Comoros,COM,2013,0
Comoros,COM,2014,0
Comoros,COM,2015,0
Comoros,COM,2016,0
Comoros,COM,2017,0
Comoros,COM,2018,0
Comoros,COM,2019,0
Comoros,COM,2020,0
Comoros,COM,2021,0
Comoros,COM,2022,0
Congo,COG,2000,100
Congo,COG,2001,99.99999
Congo,COG,2002,100
Congo,COG,2003,85
Congo,COG,2004,82.5
Congo,COG,2005,81.39535
Congo,COG,2006,82.22222
Congo,COG,2007,82.5
Congo,COG,2008,80.434784
Congo,COG,2009,61.111107
Congo,COG,2010,55.12821
Congo,COG,2011,60.9375
Congo,COG,2012,57.988163
Congo,COG,2013,56.470585
Congo,COG,2014,54.33526
Congo,COG,2015,39.492752
Congo,COG,2016,38.095238
Congo,COG,2017,40.338985
Congo,COG,2018,35.27508
Congo,COG,2019,23.224043
Congo,COG,2020,23.498695
Congo,COG,2021,22.900763
Congo,COG,2022,22.5
Cook Islands,COK,2000,0
Cook Islands,COK,2001,0
Cook Islands,COK,2002,0
Cook Islands,COK,2003,0
Cook Islands,COK,2004,0
Cook Islands,COK,2005,0
Cook Islands,COK,2006,0
Cook Islands,COK,2007,0
Cook Islands,COK,2008,0
Cook Islands,COK,2009,0
Cook Islands,COK,2010,0
Cook Islands,COK,2011,0
Cook Islands,COK,2012,0
Cook Islands,COK,2013,0
Cook Islands,COK,2014,0
Cook Islands,COK,2015,0
Cook Islands,COK,2016,0
Cook Islands,COK,2017,25
Cook Islands,COK,2018,40
Cook Islands,COK,2019,25
Cook Islands,COK,2020,25
Cook Islands,COK,2021,50
Cook Islands,COK,2022,50
Costa Rica,CRI,2000,99.12537
Costa Rica,CRI,2001,98.55072
Costa Rica,CRI,2002,98.38275
Costa Rica,CRI,2003,97.80822
Costa Rica,CRI,2004,99.12281
Costa Rica,CRI,2005,96.7033
Costa Rica,CRI,2006,93.85151
Costa Rica,CRI,2007,91.982185
Costa Rica,CRI,2008,92.76596
Costa Rica,CRI,2009,95.129875
Costa Rica,CRI,2010,93.27024
Costa Rica,CRI,2011,91.1795
Costa Rica,CRI,2012,91.790306
Costa Rica,CRI,2013,88.223755
Costa Rica,CRI,2014,89.77384
Costa Rica,CRI,2015,98.97864
Costa Rica,CRI,2016,98.250465
Costa Rica,CRI,2017,99.64539
Costa Rica,CRI,2018,98.6014
Costa Rica,CRI,2019,99.12511
Costa Rica,CRI,2020,99.8295
Costa Rica,CRI,2021,100
Costa Rica,CRI,2022,100
Costa Rica,CRI,2023,95.74646
Cote d'Ivoire,CIV,2000,36.458332
Cote d'Ivoire,CIV,2001,36.47541
Cote d'Ivoire,CIV,2002,32.32514
Cote d'Ivoire,CIV,2003,35.62992
Cote d'Ivoire,CIV,2004,33.454544
Cote d'Ivoire,CIV,2005,26.984127
Cote d'Ivoire,CIV,2006,28.368795
Cote d'Ivoire,CIV,2007,33.80783
Cote d'Ivoire,CIV,2008,34.542316
Cote d'Ivoire,CIV,2009,37.264957
Cote d'Ivoire,CIV,2010,28.067228
Cote d'Ivoire,CIV,2011,29.934212
Cote d'Ivoire,CIV,2012,26.285715
Cote d'Ivoire,CIV,2013,21.756226
Cote d'Ivoire,CIV,2014,23.700119
Cote d'Ivoire,CIV,2015,16.551725
Cote d'Ivoire,CIV,2016,16.422289
Cote d'Ivoire,CIV,2017,21.245062
Cote d'Ivoire,CIV,2018,29.880478
Cote d'Ivoire,CIV,2019,33.11445
Cote d'Ivoire,CIV,2020,30.550621
Cote d'Ivoire,CIV,2021,23.876652
Cote d'Ivoire,CIV,2022,31.02518
Croatia,HRV,1990,44.6084
Croatia,HRV,1991,64.56876
Croatia,HRV,1992,48.988766
Croatia,HRV,1993,47.90357
Croatia,HRV,1994,62.242565
Croatia,HRV,1995,61.58009
Croatia,HRV,1996,70.64632
Croatia,HRV,1997,57.29677
Croatia,HRV,1998,52.709793
Croatia,HRV,1999,56.635803
Croatia,HRV,2000,57.537914
Croatia,HRV,2001,56.313725
Croatia,HRV,2002,46.099293
Croatia,HRV,2003,41.48936
Croatia,HRV,2004,55.010815
Croatia,HRV,2005,54.099617
Croatia,HRV,2006,51.510456
Croatia,HRV,2007,37.79904
Croatia,HRV,2008,45.6964
Croatia,HRV,2009,56.02996
Croatia,HRV,2010,62.880325
Croatia,HRV,2011,47.016922
Croatia,HRV,2012,49.76348
Croatia,HRV,2013,66.57102
Croatia,HRV,2014,74.0134
Croatia,HRV,2015,66.903915
Croatia,HRV,2016,66.3492
Croatia,HRV,2017,60.492775
Croatia,HRV,2018,72.33727
Croatia,HRV,2019,66.00791
Croatia,HRV,2020,64.625854
Croatia,HRV,2021,69.68895
Croatia,HRV,2022,63.83427
Croatia,HRV,2023,68.98996
Cuba,CUB,2000,6.852961
Cuba,CUB,2001,6.535948
Cuba,CUB,2002,6.628426
Cuba,CUB,2003,5.3763437
Cuba,CUB,2004,5.6265984
Cuba,CUB,2005,3.1921823
Cuba,CUB,2006,3.0358229
Cuba,CUB,2007,3.0096533
Cuba,CUB,2008,3.959276
Cuba,CUB,2009,3.891709
Cuba,CUB,2010,3.2758622
Cuba,CUB,2011,3.2112677
Cuba,CUB,2012,3.7438958
Cuba,CUB,2013,4.8831167
Cuba,CUB,2014,4.374678
Cuba,CUB,2015,4.4139285
Cuba,CUB,2016,4.428224
Cuba,CUB,2017,3.889159
Cuba,CUB,2018,3.646833
Cuba,CUB,2019,4.391892
Cuba,CUB,2020,4.8293967
Cuba,CUB,2021,4.6446557
Cuba,CUB,2022,4.6600876
Cyprus,CYP,1990,0
Cyprus,CYP,1991,0
Cyprus,CYP,1992,0
Cyprus,CYP,1993,0
Cyprus,CYP,1994,0
Cyprus,CYP,1995,0
Cyprus,CYP,1996,0
Cyprus,CYP,1997,0
Cyprus,CYP,1998,0
Cyprus,CYP,1999,0
Cyprus,CYP,2000,0
Cyprus,CYP,2001,0
Cyprus,CYP,2002,0
Cyprus,CYP,2003,0
Cyprus,CYP,2004,0
Cyprus,CYP,2005,0
Cyprus,CYP,2006,0
Cyprus,CYP,2007,0
Cyprus,CYP,2008,0.19723865
Cyprus,CYP,2009,0.57581574
Cyprus,CYP,2010,1.500938
Cyprus,CYP,2011,3.4552846
Cyprus,CYP,2012,5.508475
Cyprus,CYP,2013,7.692308
Cyprus,CYP,2014,7.142857
Cyprus,CYP,2015,8.810573
Cyprus,CYP,2016,8.793456
Cyprus,CYP,2017,8.6
Cyprus,CYP,2018,9.486166
Cyprus,CYP,2019,10.097087
Cyprus,CYP,2020,12.371135
Cyprus,CYP,2021,15.234375
Cyprus,CYP,2022,16.730038
Cyprus,CYP,2023,20.222635
Czechia,CZE,1990,22.081259
Czechia,CZE,1991,21.923716
Czechia,CZE,1992,23.116003
Czechia,CZE,1993,24.134993
Czechia,CZE,1994,25.273972
Czechia,CZE,1995,24.166391
Czechia,CZE,1996,23.672255
Czechia,CZE,1997,22.862482
Czechia,CZE,1998,23.475702
Czechia,CZE,1999,24.497429
Czechia,CZE,2000,21.769547
Czechia,CZE,2001,23.336027
Czechia,CZE,2002,28.592106
Czechia,CZE,2003,33.506462
Czechia,CZE,2004,34.69388
Czechia,CZE,2005,34.00464
Czechia,CZE,2006,35.345444
Czechia,CZE,2007,33.713116
Czechia,CZE,2008,36.347263
Czechia,CZE,2009,39.037235
Czechia,CZE,2010,39.79113
Czechia,CZE,2011,40.99723
Czechia,CZE,2012,44.340492
Czechia,CZE,2013,46.618553
Czechia,CZE,2014,46.48152
Czechia,CZE,2015,43.94472
Czechia,CZE,2016,40.841465
Czechia,CZE,2017,44.27472
Czechia,CZE,2018,45.313217
Czechia,CZE,2019,47.0252
Czechia,CZE,2020,50.411987
Czechia,CZE,2021,49.450153
Czechia,CZE,2022,49.91641
Czechia,CZE,2023,54.778156
Democratic Republic of Congo,COD,2000,100
Democratic Republic of Congo,COD,2001,99.83108
Democratic Republic of Congo,COD,2002,99.834984
Democratic Republic of Congo,COD,2003,99.836334
Democratic Republic of Congo,COD,2004,99.85755
Democratic Republic of Congo,COD,2005,99.86358
Democratic Republic of Congo,COD,2006,99.333336
Democratic Republic of Congo,COD,2007,98.85058
Democratic Republic of Congo,COD,2008,98.66844
Democratic Republic of Congo,COD,2009,98.84763
Democratic Republic of Congo,COD,2010,98.85058
Democratic Republic of Congo,COD,2011,98.849106
Democratic Republic of Congo,COD,2012,99.86962
Democratic Republic of Congo,COD,2013,99.87982
Democratic Republic of Congo,COD,2014,99.88765
Democratic Republic of Congo,COD,2015,99.88901
Democratic Republic of Congo,COD,2016,99.89119
Democratic Republic of Congo,COD,2017,99.895615
Democratic Republic of Congo,COD,2018,99.90663
Democratic Republic of Congo,COD,2019,99.911575
Democratic Republic of Congo,COD,2020,99.91639
Democratic Republic of Congo,COD,2021,100
Democratic Republic of Congo,COD,2022,100
Denmark,DNK,1990,3.1996915
Denmark,DNK,1991,2.908093
Denmark,DNK,1992,4.444444
Denmark,DNK,1993,4.766134
Denmark,DNK,1994,4.309064
Denmark,DNK,1995,5.0847454
Denmark,DNK,1996,3.8965905
Denmark,DNK,1997,6.63797
Denmark,DNK,1998,9.604106
Denmark,DNK,1999,11.311983
Denmark,DNK,2000,15.536961
Denmark,DNK,2001,15.583377
Denmark,DNK,2002,17.36573
Denmark,DNK,2003,17.554926
Denmark,DNK,2004,23.682901
Denmark,DNK,2005,27.161861
Denmark,DNK,2006,20.224472
Denmark,DNK,2007,26.31579
Denmark,DNK,2008,27.686405
Denmark,DNK,2009,27.77931
Denmark,DNK,2010,32.07742
Denmark,DNK,2011,40.35887
Denmark,DNK,2012,48.544327
Denmark,DNK,2013,46.11384
Denmark,DNK,2014,56.148563
Denmark,DNK,2015,65.77484
Denmark,DNK,2016,60.493423
Denmark,DNK,2017,70.55016
Denmark,DNK,2018,68.68587
Denmark,DNK,2019,78.54954
Denmark,DNK,2020,82.050385
Denmark,DNK,2021,79.28311
Denmark,DNK,2022,81.427345
Denmark,DNK,2023,87.60036
Djibouti,DJI,2000,0
Djibouti,DJI,2001,0
Djibouti,DJI,2002,0
Djibouti,DJI,2003,0
Djibouti,DJI,2004,0
Djibouti,DJI,2005,0
Djibouti,DJI,2006,0
Djibouti,DJI,2007,0
Djibouti,DJI,2008,0
Djibouti,DJI,2009,0
Djibouti,DJI,2010,0
Djibouti,DJI,2011,0
Djibouti,DJI,2012,0
Djibouti,DJI,2013,0
Djibouti,DJI,2014,0
Djibouti,DJI,2015,0
Djibouti,DJI,2016,0
Djibouti,DJI,2017,0
Djibouti,DJI,2018,0
Djibouti,DJI,2019,0
Djibouti,DJI,2020,0
Djibouti,DJI,2021,0
Djibouti,DJI,2022,0
Dominica,DMA,2000,37.5
Dominica,DMA,2001,37.5
Dominica,DMA,2002,42.857143
Dominica,DMA,2003,37.5
Dominica,DMA,2004,27.272728
Dominica,DMA,2005,25
Dominica,DMA,2006,25
Dominica,DMA,2007,16.666668
Dominica,DMA,2008,15.384616
Dominica,DMA,2009,15.384616
Dominica,DMA,2010,14.285714
Dominica,DMA,2011,26.666666
Dominica,DMA,2012,20
Dominica,DMA,2013,26.666666
Dominica,DMA,2014,20
Dominica,DMA,2015,13.333333
Dominica,DMA,2016,25
Dominica,DMA,2017,23.076923
Dominica,DMA,2018,18.181818
Dominica,DMA,2019,14.285714
Dominica,DMA,2020,25
Dominica,DMA,2021,25
Dominica,DMA,2022,23.529411
Dominican Republic,DOM,2000,6.9946194
Dominican Republic,DOM,2001,6.697819
Dominican Republic,DOM,2002,7.4820147
Dominican Republic,DOM,2003,9.590973
Dominican Republic,DOM,2004,14.475873
Dominican Republic,DOM,2005,15.442279
Dominican Republic,DOM,2006,13.536499
Dominican Republic,DOM,2007,12.765958
Dominican Republic,DOM,2008,10.540726
Dominican Republic,DOM,2009,11.781818
Dominican Republic,DOM,2010,10.757781
Dominican Republic,DOM,2011,10.786802
Dominican Republic,DOM,2012,12.1301775
Dominican Republic,DOM,2013,13.036118
Dominican Republic,DOM,2014,10.127315
Dominican Republic,DOM,2015,7.888889
Dominican Republic,DOM,2016,11.075612
Dominican Republic,DOM,2017,15.833333
Dominican Republic,DOM,2018,14.818548
Dominican Republic,DOM,2019,12.202236
Dominican Republic,DOM,2020,18.392859
Dominican Republic,DOM,2021,14.50752
Dominican Republic,DOM,2022,14.206127
East Timor,TLS,2003,0
East Timor,TLS,2004,0
East Timor,TLS,2005,0
East Timor,TLS,2006,0
East Timor,TLS,2007,0
East Timor,TLS,2008,0
East Timor,TLS,2009,0
East Timor,TLS,2010,0
East Timor,TLS,2011,0
East Timor,TLS,2012,0
East Timor,TLS,2013,0
East Timor,TLS,2014,0
East Timor,TLS,2015,0
East Timor,TLS,2016,0
East Timor,TLS,2017,0
East Timor,TLS,2018,0
East Timor,TLS,2019,0
East Timor,TLS,2020,0
East Timor,TLS,2021,0
East Timor,TLS,2022,0
Eastern Africa (EI),,1985,82.648155
Eastern Africa (EI),,1986,78.87401
Eastern Africa (EI),,1987,68.49591
Eastern Africa (EI),,1988,70.52199
Eastern Africa (EI),,1989,70.379196
Eastern Africa (EI),,1990,73.64037
Eastern Africa (EI),,1991,71.61296
Eastern Africa (EI),,1992,70.84162
Eastern Africa (EI),,1993,70.18549
Eastern Africa (EI),,1994,69.28838
Eastern Africa (EI),,1995,68.15263
Eastern Africa (EI),,1996,68.84877
Eastern Africa (EI),,1997,67.97125
Eastern Africa (EI),,1998,74.79677
Eastern Africa (EI),,1999,74.38709
Eastern Africa (EI),,2000,74.04908
Eastern Africa (EI),,2012,75.13765
Eastern Africa (EI),,2013,75.56148
Eastern Africa (EI),,2014,76.22893
Eastern Africa (EI),,2015,73.62215
Eastern Africa (EI),,2016,71.42147
Eastern Africa (EI),,2017,69.92285
Eastern Africa (EI),,2018,70.96053
Eastern Africa (EI),,2019,71.3258
Eastern Africa (EI),,2020,75.41822
Eastern Africa (EI),,2021,75.13281
Eastern Africa (EI),,2022,73.80586
Eastern Africa (EI),,2023,74.416145
Ecuador,ECU,1990,78.544685
Ecuador,ECU,1991,72.77874
Ecuador,ECU,1992,69.11565
Ecuador,ECU,1993,78.39561
Ecuador,ECU,1994,80.61493
Ecuador,ECU,1995,61.226696
Ecuador,ECU,1996,65.53657
Ecuador,ECU,1997,63.06056
Ecuador,ECU,1998,59.74183
Ecuador,ECU,1999,69.62207
Ecuador,ECU,2000,71.50997
Ecuador,ECU,2001,63.75228
Ecuador,ECU,2002,63.08213
Ecuador,ECU,2003,61.9338
Ecuador,ECU,2004,57.34375
Ecuador,ECU,2005,54.03481
Ecuador,ECU,2006,50.284092
Ecuador,ECU,2007,52
Ecuador,ECU,2008,60.573284
Ecuador,ECU,2009,50.38546
Ecuador,ECU,2010,44.129765
Ecuador,ECU,2011,53.98923
Ecuador,ECU,2012,53.40959
Ecuador,ECU,2013,47.625217
Ecuador,ECU,2014,47.540306
Ecuador,ECU,2015,51.103367
Ecuador,ECU,2016,59.977913
Ecuador,ECU,2017,73.517784
Ecuador,ECU,2018,72.38292
Ecuador,ECU,2019,78.118225
Ecuador,ECU,2020,79.64206
Ecuador,ECU,2021,81.19552
Ecuador,ECU,2022,80.94946
Ecuador,ECU,2023,80.83458
Egypt,EGY,1990,23.724451
Egypt,EGY,1991,22.913393
Egypt,EGY,1992,21.784071
Egypt,EGY,1993,21.59424
Egypt,EGY,1994,22.096806
Egypt,EGY,1995,22.095871
Egypt,EGY,1996,21.437372
Egypt,EGY,1997,20.729431
Egypt,EGY,1998,19.942501
Egypt,EGY,1999,20.466146
Egypt,EGY,2000,19.44899
Egypt,EGY,2001,18.077066
Egypt,EGY,2002,16.467587
Egypt,EGY,2003,14.350797
Egypt,EGY,2004,13.5674305
Egypt,EGY,2005,12.53097
Egypt,EGY,2006,11.99176
Egypt,EGY,2007,12.414483
Egypt,EGY,2008,12.445653
Egypt,EGY,2009,11.030014
Egypt,EGY,2010,9.9633045
Egypt,EGY,2011,9.842204
Egypt,EGY,2012,9.131663
Egypt,EGY,2013,8.995639
Egypt,EGY,2014,8.619481
Egypt,EGY,2015,8.584942
Egypt,EGY,2016,8.411712
Egypt,EGY,2017,8.022359
Egypt,EGY,2018,8.2551775
Egypt,EGY,2019,10.24631
Egypt,EGY,2020,12.3766365
Egypt,EGY,2021,11.80062
Egypt,EGY,2022,11.9342785
Egypt,EGY,2023,11.787243
El Salvador,SLV,2000,61.725067
El Salvador,SLV,2001,59.033077
El Salvador,SLV,2002,56.17433
El Salvador,SLV,2003,60.997734
El Salvador,SLV,2004,58.035713
El Salvador,SLV,2005,60.91476
El Salvador,SLV,2006,59.469025
El Salvador,SLV,2007,56.551723
El Salvador,SLV,2008,62.416107
El Salvador,SLV,2009,56.22837
El Salvador,SLV,2010,64.99163
El Salvador,SLV,2011,62.82895
El Salvador,SLV,2012,60.192616
El Salvador,SLV,2013,60.509552
El Salvador,SLV,2014,60.509552
El Salvador,SLV,2015,58.388157
El Salvador,SLV,2016,58.85246
El Salvador,SLV,2017,74.91039
El Salvador,SLV,2018,77.85977
El Salvador,SLV,2019,71.10016
El Salvador,SLV,2020,84.518166
El Salvador,SLV,2021,84.40945
El Salvador,SLV,2022,91.02362
El Salvador,SLV,2023,63.434906
Equatorial Guinea,GNQ,2000,20
Equatorial Guinea,GNQ,2001,16.666668
Equatorial Guinea,GNQ,2002,14.285714
Equatorial Guinea,GNQ,2003,14.285714
Equatorial Guinea,GNQ,2004,11.111111
Equatorial Guinea,GNQ,2005,10
Equatorial Guinea,GNQ,2006,9.090909
Equatorial Guinea,GNQ,2007,7.692308
Equatorial Guinea,GNQ,2008,25
Equatorial Guinea,GNQ,2009,22.727272
Equatorial Guinea,GNQ,2010,13.636364
Equatorial Guinea,GNQ,2011,10
Equatorial Guinea,GNQ,2012,14.814815
Equatorial Guinea,GNQ,2013,29.411764
Equatorial Guinea,GNQ,2014,34.862385
Equatorial Guinea,GNQ,2015,36.153847
Equatorial Guinea,GNQ,2016,33.57143
Equatorial Guinea,GNQ,2017,32.83582
Equatorial Guinea,GNQ,2018,32.59259
Equatorial Guinea,GNQ,2019,32.142857
Equatorial Guinea,GNQ,2020,34.751774
Equatorial Guinea,GNQ,2021,32.867134
Equatorial Guinea,GNQ,2022,32.65306
Eritrea,ERI,2000,0
Eritrea,ERI,2001,0
Eritrea,ERI,2002,0
Eritrea,ERI,2003,0
Eritrea,ERI,2004,0
Eritrea,ERI,2005,0
Eritrea,ERI,2006,0
Eritrea,ERI,2007,0
Eritrea,ERI,2008,0
Eritrea,ERI,2009,0
Eritrea,ERI,2010,0
Eritrea,ERI,2011,0
Eritrea,ERI,2012,0
Eritrea,ERI,2013,0
Eritrea,ERI,2014,0
Eritrea,ERI,2015,0
Eritrea,ERI,2016,0
Eritrea,ERI,2017,2.9411764
Eritrea,ERI,2018,2.857143
Eritrea,ERI,2019,2.7777777
Eritrea,ERI,2020,2.7027028
Eritrea,ERI,2021,2.631579
Eritrea,ERI,2022,2.631579
Estonia,EST,1990,0
Estonia,EST,1991,0
Estonia,EST,1992,0
Estonia,EST,1993,0
Estonia,EST,1994,0
Estonia,EST,1995,0.115074806
Estonia,EST,1996,0
Estonia,EST,1997,0.10845987
Estonia,EST,1998,0.116959065
Estonia,EST,1999,0.120918974
Estonia,EST,2000,0.11750881
Estonia,EST,2001,0.23557127
Estonia,EST,2002,0.3516999
Estonia,EST,2003,0.492126
Estonia,EST,2004,0.58195925
Estonia,EST,2005,1.0784314
Estonia,EST,2006,1.3360741
Estonia,EST,2007,1.1494253
Estonia,EST,2008,1.8903592
Estonia,EST,2009,6.1503425
Estonia,EST,2010,8.095605
Estonia,EST,2011,9.154383
Estonia,EST,2012,12.29097
Estonia,EST,2013,9.262049
Estonia,EST,2014,11.164659
Estonia,EST,2015,15.369459
Estonia,EST,2016,13.064914
Estonia,EST,2017,14.1337385
Estonia,EST,2018,16.087309
Estonia,EST,2019,28.120895
Estonia,EST,2020,48.848686
Estonia,EST,2021,39.91655
Estonia,EST,2022,31.685394
Estonia,EST,2023,44.290123
Eswatini,SWZ,2000,98.48485
Eswatini,SWZ,2001,98.571434
Eswatini,SWZ,2002,95.83333
Eswatini,SWZ,2003,95.3125
Eswatini,SWZ,2004,94.82759
Eswatini,SWZ,2005,96.7742
Eswatini,SWZ,2006,97.10145
Eswatini,SWZ,2007,97.1831
Eswatini,SWZ,2008,97.10145
Eswatini,SWZ,2009,96.969696
Eswatini,SWZ,2010,97.297295
Eswatini,SWZ,2011,96.55173
Eswatini,SWZ,2012,92.30769
Eswatini,SWZ,2013,93.33333
Eswatini,SWZ,2014,95.833336
Eswatini,SWZ,2015,94.73685
Eswatini,SWZ,2016,91.666664
Eswatini,SWZ,2017,95.34884
Eswatini,SWZ,2018,95.918365
Eswatini,SWZ,2019,91.83673
Eswatini,SWZ,2020,92.452835
Eswatini,SWZ,2021,92.98245
Eswatini,SWZ,2022,93.103455
Ethiopia,ETH,2000,98.81657
Ethiopia,ETH,2001,99.01961
Ethiopia,ETH,2002,99.02913
Ethiopia,ETH,2003,99.14163
Ethiopia,ETH,2004,99.221794
Ethiopia,ETH,2005,99.65277
Ethiopia,ETH,2006,99.395775
Ethiopia,ETH,2007,98.83382
Ethiopia,ETH,2008,99.6997
Ethiopia,ETH,2009,98.342545
Ethiopia,ETH,2010,99.00199
Ethiopia,ETH,2011,99.21136
Ethiopia,ETH,2012,99.735794
Ethiopia,ETH,2013,99.88466
Ethiopia,ETH,2014,100
Ethiopia,ETH,2015,100
Ethiopia,ETH,2016,100
Ethiopia,ETH,2017,100
Ethiopia,ETH,2018,100
Ethiopia,ETH,2019,99.93365
Ethiopia,ETH,2020,99.93683
Ethiopia,ETH,2021,99.93565
Ethiopia,ETH,2022,99.93515
Europe,,1985,37.88406
Europe,,1986,37.893658
Europe,,1987,38.654728
Europe,,1988,40.45841
Europe,,1989,39.323494
Europe,,1990,39.25938
Europe,,1991,40.14136
Europe,,1992,41.77864
Europe,,1993,43.898605
Europe,,1994,44.250446
Europe,,1995,44.445816
Europe,,1996,44.41154
Europe,,1997,45.22383
Europe,,1998,45.03397
Europe,,1999,45.418373
Europe,,2000,45.49098
Europe,,2001,46.020477
Europe,,2002,44.85769
Europe,,2003,43.752136
Europe,,2004,44.75411
Europe,,2005,44.578003
Europe,,2006,44.114178
Europe,,2007,43.52617
Europe,,2008,44.194855
Europe,,2009,46.146397
Europe,,2010,46.46913
Europe,,2011,46.38114
Europe,,2012,48.08934
Europe,,2013,50.378185
Europe,,2014,52.267452
Europe,,2015,52.360798
Europe,,2016,52.11554
Europe,,2017,52.269363
Europe,,2018,54.06765
Europe,,2019,55.36773
Europe,,2020,58.311684
Europe,,2021,57.64959
Europe,,2022,55.760353
Europe (EI),,1985,41.942383
Europe (EI),,1986,41.983757
Europe (EI),,1987,43.042522
Europe (EI),,1988,45.5812
Europe (EI),,1989,43.708195
Europe (EI),,1990,44.109398
Europe (EI),,1991,44.93436
Europe (EI),,1992,46.269592
Europe (EI),,1993,48.39388
Europe (EI),,1994,48.12593
Europe (EI),,1995,47.952225
Europe (EI),,1996,48.048077
Europe (EI),,1997,48.66034
Europe (EI),,1998,48.30349
Europe (EI),,1999,48.152325
Europe (EI),,2000,47.795746
Europe (EI),,2001,47.920105
Europe (EI),,2002,46.973053
Europe (EI),,2003,45.617756
Europe (EI),,2004,46.79616
Europe (EI),,2005,46.32795
Europe (EI),,2006,45.974426
Europe (EI),,2007,45.010834
Europe (EI),,2008,46.191044
Europe (EI),,2009,47.89952
Europe (EI),,2010,49.119205
Europe (EI),,2011,49.097393
Europe (EI),,2012,51.1655
Europe (EI),,2013,53.595737
Europe (EI),,2014,55.454098
Europe (EI),,2015,56.006912
Europe (EI),,2016,55.52883
Europe (EI),,2017,55.118233
Europe (EI),,2018,57.534786
Europe (EI),,2019,59.88783
Europe (EI),,2020,62.19433
Europe (EI),,2021,61.39636
Europe (EI),,2022,60.264744
Europe (EI),,2023,65.83916
Europe (Ember),,2000,44.92377
Europe (Ember),,2001,45.320946
Europe (Ember),,2002,44.343376
Europe (Ember),,2003,43.211098
Europe (Ember),,2004,44.323936
Europe (Ember),,2005,43.91857
Europe (Ember),,2006,43.449303
Europe (Ember),,2007,42.601593
Europe (Ember),,2008,43.154488
Europe (Ember),,2009,45.08478
Europe (Ember),,2010,45.637173
Europe (Ember),,2011,45.429886
Europe (Ember),,2012,47.113438
Europe (Ember),,2013,49.360424
Europe (Ember),,2014,50.68944
Europe (Ember),,2015,51.30717
Europe (Ember),,2016,51.089493
Europe (Ember),,2017,50.95331
Europe (Ember),,2018,52.80077
Europe (Ember),,2019,54.689
Europe (Ember),,2020,57.328907
Europe (Ember),,2021,56.24508
Europe (Ember),,2022,54.88159
Europe (Ember),,2023,58.70631
European Union (27),,1985,43.019665
European Union (27),,1986,43.847015
European Union (27),,1987,44.86383
European Union (27),,1988,46.875416
European Union (27),,1989,44.824074
European Union (27),,1990,45.380524
European Union (27),,1991,46.015633
European Union (27),,1992,46.93803
European Union (27),,1993,48.35553
European Union (27),,1994,47.99537
European Union (27),,1995,47.59782
European Union (27),,1996,47.591007
European Union (27),,1997,48.20839
European Union (27),,1998,47.625168
European Union (27),,1999,47.79606
European Union (27),,2000,48.31266
European Union (27),,2001,49.102417
European Union (27),,2002,47.475132
European Union (27),,2003,46.59419
European Union (27),,2004,47.727486
European Union (27),,2005,47.13438
European Union (27),,2006,47.11692
European Union (27),,2007,46.42227
European Union (27),,2008,48.157608
European Union (27),,2009,49.707653
European Union (27),,2010,51.16824
European Union (27),,2011,51.012093
European Union (27),,2012,53.067272
European Union (27),,2013,55.93841
European Union (27),,2014,58.419712
European Union (27),,2015,57.226624
European Union (27),,2016,56.69377
European Union (27),,2017,55.898518
European Union (27),,2018,58.552086
European Union (27),,2019,60.676975
European Union (27),,2020,63.31924
European Union (27),,2021,62.90757
European Union (27),,2022,60.790123
Falkland Islands,FLK,2000,0
Falkland Islands,FLK,2001,0
Falkland Islands,FLK,2002,0
Falkland Islands,FLK,2003,0
Falkland Islands,FLK,2004,0
Falkland Islands,FLK,2005,0
Falkland Islands,FLK,2006,0
Falkland Islands,FLK,2007,0
Falkland Islands,FLK,2008,0
Falkland Islands,FLK,2009,0
Falkland Islands,FLK,2010,0
Falkland Islands,FLK,2011,50
Falkland Islands,FLK,2012,50
Falkland Islands,FLK,2013,50
Falkland Islands,FLK,2014,50
Falkland Islands,FLK,2015,50
Falkland Islands,FLK,2016,50
Falkland Islands,FLK,2017,50
Falkland Islands,FLK,2018,50
Falkland Islands,FLK,2019,50
Falkland Islands,FLK,2020,50
Falkland Islands,FLK,2021,50
Falkland Islands,FLK,2022,50
Faroe Islands,FRO,2000,36.363636
Faroe Islands,FRO,2001,33.333336
Faroe Islands,FRO,2002,41.666668
Faroe Islands,FRO,2003,33.333336
Faroe Islands,FRO,2004,40
Faroe Islands,FRO,2005,44
Faroe Islands,FRO,2006,44
Faroe Islands,FRO,2007,44.444443
Faroe Islands,FRO,2008,37.037037
Faroe Islands,FRO,2009,37.037037
Faroe Islands,FRO,2010,28.571428
Faroe Islands,FRO,2011,37.037037
Faroe Islands,FRO,2012,37.931034
Faroe Islands,FRO,2013,37.931034
Faroe Islands,FRO,2014,51.612904
Faroe Islands,FRO,2015,59.375
Faroe Islands,FRO,2016,48.3871
Faroe Islands,FRO,2017,51.51515
Faroe Islands,FRO,2018,48.57143
Faroe Islands,FRO,2019,39.473686
Faroe Islands,FRO,2020,39.02439
Faroe Islands,FRO,2021,38.095238
Faroe Islands,FRO,2022,38.095238
Fiji,FJI,2000,72.00001
Fiji,FJI,2001,74.68354
Fiji,FJI,2002,69.87952
Fiji,FJI,2003,54.022987
Fiji,FJI,2004,56.818184
Fiji,FJI,2005,52.80899
Fiji,FJI,2006,52.222225
Fiji,FJI,2007,68.53933
Fiji,FJI,2008,67.85715
Fiji,FJI,2009,62.650604
Fiji,FJI,2010,52.272728
Fiji,FJI,2011,57.647057
Fiji,FJI,2012,66.27907
Fiji,FJI,2013,63.636364
Fiji,FJI,2014,48.351646
Fiji,FJI,2015,48.387096
Fiji,FJI,2016,54.736843
Fiji,FJI,2017,50
Fiji,FJI,2018,56.730766
Fiji,FJI,2019,56.363636
Fiji,FJI,2020,60.784313
Fiji,FJI,2021,60.39604
Fiji,FJI,2022,59.615387
Finland,FIN,1990,64.82708
Finland,FIN,1991,65.06211
Finland,FIN,1992,68.14558
Finland,FIN,1993,64.47756
Finland,FIN,1994,57.451992
Finland,FIN,1995,60.578125
Finland,FIN,1996,53.729626
Finland,FIN,1997,59.38359
Finland,FIN,1998,65.967766
Finland,FIN,1999,63.612793
Finland,FIN,2000,65.54237
Finland,FIN,2001,59.516457
Finland,FIN,2002,56.23332
Finland,FIN,2003,49.584717
Finland,FIN,2004,56.325726
Finland,FIN,2005,66.227325
Finland,FIN,2006,55.13428
Finland,FIN,2007,58.814835
Finland,FIN,2008,65.58501
Finland,FIN,2009,62.76714
Finland,FIN,2010,58.25893
Finland,FIN,2011,64.44898
Finland,FIN,2012,73.21403
Finland,FIN,2013,69.099075
Finland,FIN,2014,73.21586
Finland,FIN,2015,78.38507
Finland,FIN,2016,77.97818
Finland,FIN,2017,79.90225
Finland,FIN,2018,78.21443
Finland,FIN,2019,81.25638
Finland,FIN,2020,85.5286
Finland,FIN,2021,85.67466
Finland,FIN,2022,88.63225
Finland,FIN,2023,94.413826
France,FRA,1990,88.621284
France,FRA,1991,86.55016
France,FRA,1992,88.993324
France,FRA,1993,92.605804
France,FRA,1994,92.879196
France,FRA,1995,92.129295
France,FRA,1996,91.463005
France,FRA,1997,92.18121
France,FRA,1998,89.22776
France,FRA,1999,90.07007
France,FRA,2000,90.69213
France,FRA,2001,91.62736
France,FRA,2002,90.60482
France,FRA,2003,89.87892
France,FRA,2004,90.17482
France,FRA,2005,88.995674
France,FRA,2006,90.09343
France,FRA,2007,89.71059
France,FRA,2008,90.26421
France,FRA,2009,90.36058
France,FRA,2010,89.83569
France,FRA,2011,89.600296
France,FRA,2012,89.97146
France,FRA,2013,90.69944
France,FRA,2014,93.68499
France,FRA,2015,92.18965
France,FRA,2016,89.871155
France,FRA,2017,88.2409
France,FRA,2018,91.408676
France,FRA,2019,90.514915
France,FRA,2020,90.82547
France,FRA,2021,91.13103
France,FRA,2022,87.10557
France,FRA,2023,91.57768
French Guiana,GUF,2000,89.13043
French Guiana,GUF,2001,70
French Guiana,GUF,2002,66.666664
French Guiana,GUF,2003,50.74627
French Guiana,GUF,2004,60.869564
French Guiana,GUF,2005,59.72222
French Guiana,GUF,2006,73.333336
French Guiana,GUF,2007,67.567566
French Guiana,GUF,2008,66.233765
French Guiana,GUF,2009,44.444443
French Guiana,GUF,2010,56.470585
French Guiana,GUF,2011,60.465115
French Guiana,GUF,2012,68.88889
French Guiana,GUF,2013,60.000008
French Guiana,GUF,2014,60.215054
French Guiana,GUF,2015,58.94737
French Guiana,GUF,2016,53.76344
French Guiana,GUF,2017,67.02128
French Guiana,GUF,2018,63.829792
French Guiana,GUF,2019,48.958336
French Guiana,GUF,2020,52.525253
French Guiana,GUF,2021,69.30693
French Polynesia,PYF,2000,29.268293
French Polynesia,PYF,2001,23.809525
French Polynesia,PYF,2002,28.26087
French Polynesia,PYF,2003,31.914896
French Polynesia,PYF,2004,33.333332
French Polynesia,PYF,2005,35.294117
French Polynesia,PYF,2006,37.73585
French Polynesia,PYF,2007,40
French Polynesia,PYF,2008,36.842106
French Polynesia,PYF,2009,36.206898
French Polynesia,PYF,2010,34.177216
French Polynesia,PYF,2011,31.081081
French Polynesia,PYF,2012,29.166666
French Polynesia,PYF,2013,25
French Polynesia,PYF,2014,29.411764
French Polynesia,PYF,2015,29.411764
French Polynesia,PYF,2016,30.882353
French Polynesia,PYF,2017,31.884058
French Polynesia,PYF,2018,29.411764
French Polynesia,PYF,2019,30.985916
French Polynesia,PYF,2020,32.35294
French Polynesia,PYF,2021,32.857143
French Polynesia,PYF,2022,32.857143
G20 (Ember),,2000,34.96046
G20 (Ember),,2001,34.7627
G20 (Ember),,2002,34.271442
G20 (Ember),,2003,32.868412
G20 (Ember),,2004,33.529503
G20 (Ember),,2005,32.91584
G20 (Ember),,2006,32.78078
G20 (Ember),,2007,31.460762
G20 (Ember),,2008,32.291504
G20 (Ember),,2009,32.954712
G20 (Ember),,2010,32.818108
G20 (Ember),,2011,32.00687
G20 (Ember),,2012,31.85646
G20 (Ember),,2013,32.48412
G20 (Ember),,2014,33.221992
G20 (Ember),,2015,34.270638
G20 (Ember),,2016,35.079758
G20 (Ember),,2017,35.57923
G20 (Ember),,2018,36.115955
G20 (Ember),,2019,37.648067
G20 (Ember),,2020,39.283386
G20 (Ember),,2021,39.002914
G20 (Ember),,2022,39.73943
G20 (Ember),,2023,40.619843
G7 (Ember),,2000,38.55847
G7 (Ember),,2001,38.25975
G7 (Ember),,2002,38.385242
G7 (Ember),,2003,36.99942
G7 (Ember),,2004,37.883553
G7 (Ember),,2005,37.41453
G7 (Ember),,2006,38.13241
G7 (Ember),,2007,36.573116
G7 (Ember),,2008,37.16928
G7 (Ember),,2009,39.3772
G7 (Ember),,2010,38.996445
G7 (Ember),,2011,39.03391
G7 (Ember),,2012,37.29628
G7 (Ember),,2013,38.83649
G7 (Ember),,2014,39.81157
G7 (Ember),,2015,40.845585
G7 (Ember),,2016,41.63763
G7 (Ember),,2017,43.52089
G7 (Ember),,2018,44.13837
G7 (Ember),,2019,45.480446
G7 (Ember),,2020,47.17135
G7 (Ember),,2021,46.8056
G7 (Ember),,2022,46.22103
G7 (Ember),,2023,48.200516
Gabon,GAB,2000,61.832066
Gabon,GAB,2001,62.857143
Gabon,GAB,2002,62.585033
Gabon,GAB,2003,58.823532
Gabon,GAB,2004,58.169937
Gabon,GAB,2005,51.592354
Gabon,GAB,2006,57.228916
Gabon,GAB,2007,46.242775
Gabon,GAB,2008,49.171272
Gabon,GAB,2009,51.912567
Gabon,GAB,2010,47.15026
Gabon,GAB,2011,41.37931
Gabon,GAB,2012,42.129627
Gabon,GAB,2013,44.976078
Gabon,GAB,2014,40.201004
Gabon,GAB,2015,43.39623
Gabon,GAB,2016,37.899544
Gabon,GAB,2017,41.964287
Gabon,GAB,2018,44.052864
Gabon,GAB,2019,43.66812
Gabon,GAB,2020,42.016804
Gabon,GAB,2021,42.735043
Gabon,GAB,2022,42.016804
Gambia,GMB,2000,0
Gambia,GMB,2001,0
Gambia,GMB,2002,0
Gambia,GMB,2003,0
Gambia,GMB,2004,0
Gambia,GMB,2005,0
Gambia,GMB,2006,0
Gambia,GMB,2007,0
Gambia,GMB,2008,0
Gambia,GMB,2009,0
Gambia,GMB,2010,0
Gambia,GMB,2011,0
Gambia,GMB,2012,0
Gambia,GMB,2013,0
Gambia,GMB,2014,0
Gambia,GMB,2015,0
Gambia,GMB,2016,0
Gambia,GMB,2017,0
Gambia,GMB,2018,0
Gambia,GMB,2019,0
Gambia,GMB,2020,0
Gambia,GMB,2021,0
Gambia,GMB,2022,0
Georgia,GEO,2000,78.804344
Georgia,GEO,2001,79.79651
Georgia,GEO,2002,93.184975
Georgia,GEO,2003,90.985916
Georgia,GEO,2004,87.31778
Georgia,GEO,2005,85.69445
Georgia,GEO,2006,70.41499
Georgia,GEO,2007,79.411766
Georgia,GEO,2008,84.6062
Georgia,GEO,2009,88.11525
Georgia,GEO,2010,93.16584
Georgia,GEO,2011,77.94411
Georgia,GEO,2012,74.324326
Georgia,GEO,2013,82.064125
Georgia,GEO,2014,80.17493
Georgia,GEO,2015,77.860466
Georgia,GEO,2016,80.50479
Georgia,GEO,2017,80.506996
Georgia,GEO,2018,82.47508
Georgia,GEO,2019,76.05397
Georgia,GEO,2020,74.731186
Georgia,GEO,2021,81.17088
Georgia,GEO,2022,76.210526
Georgia,GEO,2023,76.07789
Germany,DEU,1990,31.639803
Germany,DEU,1991,30.63505
Germany,DEU,1992,33.446987
Germany,DEU,1993,33.376865
Germany,DEU,1994,33.41906
Germany,DEU,1995,33.729652
Germany,DEU,1996,34.031338
Germany,DEU,1997,35.393597
Germany,DEU,1998,33.958416
Germany,DEU,1999,36.177105
Germany,DEU,2000,36.0348
Germany,DEU,2001,36.13155
Germany,DEU,2002,35.858913
Germany,DEU,2003,35.169342
Germany,DEU,2004,36.91601
Germany,DEU,2005,36.925682
Germany,DEU,2006,38.05617
Germany,DEU,2007,36.439552
Germany,DEU,2008,38.40959
Germany,DEU,2009,39.290085
Germany,DEU,2010,39.405006
Germany,DEU,2011,38.413223
Germany,DEU,2012,39.182976
Germany,DEU,2013,39.581383
Germany,DEU,2014,41.868282
Germany,DEU,2015,43.79586
Germany,DEU,2016,42.67365
Germany,DEU,2017,45.30925
Germany,DEU,2018,47.278103
Germany,DEU,2019,52.69876
Germany,DEU,2020,55.73357
Germany,DEU,2021,52.1517
Germany,DEU,2022,50.423817
Germany,DEU,2023,54.143307
Ghana,GHA,2000,91.35286
Ghana,GHA,2001,83.86684
Ghana,GHA,2002,68.77579
Ghana,GHA,2003,65.646255
Ghana,GHA,2004,87.333336
Ghana,GHA,2005,82.78932
Ghana,GHA,2006,66.38856
Ghana,GHA,2007,53.16092
Ghana,GHA,2008,73.918274
Ghana,GHA,2009,76.39822
Ghana,GHA,2010,68.67589
Ghana,GHA,2011,66.40141
Ghana,GHA,2012,65.92593
Ghana,GHA,2013,62.894535
Ghana,GHA,2014,63.608562
Ghana,GHA,2015,49.91409
Ghana,GHA,2016,42.21716
Ghana,GHA,2017,42.631577
Ghana,GHA,2018,40.710934
Ghana,GHA,2019,42.31214
Ghana,GHA,2020,37.354282
Ghana,GHA,2021,34.782608
Ghana,GHA,2022,34
Gibraltar,GIB,2000,0
Gibraltar,GIB,2001,0
Gibraltar,GIB,2002,0
Gibraltar,GIB,2003,0
Gibraltar,GIB,2004,0
Gibraltar,GIB,2005,0
Gibraltar,GIB,2006,0
Gibraltar,GIB,2007,0
Gibraltar,GIB,2008,0
Gibraltar,GIB,2009,0
Gibraltar,GIB,2010,0
Gibraltar,GIB,2011,0
Gibraltar,GIB,2012,0
Gibraltar,GIB,2013,0
Gibraltar,GIB,2014,0
Gibraltar,GIB,2015,0
Gibraltar,GIB,2016,0
Gibraltar,GIB,2017,0
Gibraltar,GIB,2018,0
Gibraltar,GIB,2019,0
Gibraltar,GIB,2020,0
Gibraltar,GIB,2021,0
Gibraltar,GIB,2022,0
Greece,GRC,1990,5.1754384
Greece,GRC,1991,8.809321
Greece,GRC,1992,6.01197
Greece,GRC,1993,6.1754575
Greece,GRC,1994,6.5967016
Greece,GRC,1995,8.695652
Greece,GRC,1996,10.410245
Greece,GRC,1997,9.156739
Greece,GRC,1998,8.293217
Greece,GRC,1999,9.715689
Greece,GRC,2000,7.820174
Greece,GRC,2001,5.5957365
Greece,GRC,2002,6.7091455
Greece,GRC,2003,10.282822
Greece,GRC,2004,10.151151
Greece,GRC,2005,10.914354
Greece,GRC,2006,12.910284
Greece,GRC,2007,7.355769
Greece,GRC,2008,9.247346
Greece,GRC,2009,13.523368
Greece,GRC,2010,18.600954
Greece,GRC,2011,13.943541
Greece,GRC,2012,16.908697
Greece,GRC,2013,25.474545
Greece,GRC,2014,24.546555
Greece,GRC,2015,29.089128
Greece,GRC,2016,27.656017
Greece,GRC,2017,25.182482
Greece,GRC,2018,30.678577
Greece,GRC,2019,33.57664
Greece,GRC,2020,36.93959
Greece,GRC,2021,40.800148
Greece,GRC,2022,43.479946
Greece,GRC,2023,50.101254
Greenland,GRL,2000,58.620693
Greenland,GRL,2001,57.142857
Greenland,GRL,2002,58.064514
Greenland,GRL,2003,58.064514
Greenland,GRL,2004,57.575756
Greenland,GRL,2005,58.82353
Greenland,GRL,2006,57.142857
Greenland,GRL,2007,55.555553
Greenland,GRL,2008,54.054054
Greenland,GRL,2009,63.414635
Greenland,GRL,2010,70.731705
Greenland,GRL,2011,75.55556
Greenland,GRL,2012,75.55556
Greenland,GRL,2013,80.434784
Greenland,GRL,2014,81.25
Greenland,GRL,2015,82.35294
Greenland,GRL,2016,83.333336
Greenland,GRL,2017,76
Greenland,GRL,2018,75.92593
Greenland,GRL,2019,75.4717
Greenland,GRL,2020,79.36508
Greenland,GRL,2021,79.36508
Greenland,GRL,2022,76.78571
Grenada,GRD,2000,0
Grenada,GRD,2001,0
Grenada,GRD,2002,0
Grenada,GRD,2003,0
Grenada,GRD,2004,0
Grenada,GRD,2005,0
Grenada,GRD,2006,0
Grenada,GRD,2007,0
Grenada,GRD,2008,0
Grenada,GRD,2009,0
Grenada,GRD,2010,0
Grenada,GRD,2011,0
Grenada,GRD,2012,0
Grenada,GRD,2013,0
Grenada,GRD,2014,0
Grenada,GRD,2015,0
Grenada,GRD,2016,0
Grenada,GRD,2017,0
Grenada,GRD,2018,0
Grenada,GRD,2019,0
Grenada,GRD,2020,0
Grenada,GRD,2021,0
Grenada,GRD,2022,4
Guadeloupe,GLP,2000,9.836065
Guadeloupe,GLP,2001,8.527132
Guadeloupe,GLP,2002,10.526316
Guadeloupe,GLP,2003,9.42029
Guadeloupe,GLP,2004,11.888112
Guadeloupe,GLP,2005,14
Guadeloupe,GLP,2006,13.071896
Guadeloupe,GLP,2007,13.75
Guadeloupe,GLP,2008,13.664597
Guadeloupe,GLP,2009,11.656442
Guadeloupe,GLP,2010,8.670521
Guadeloupe,GLP,2011,11.904762
Guadeloupe,GLP,2012,15.116279
Guadeloupe,GLP,2013,17.816092
Guadeloupe,GLP,2014,18.390804
Guadeloupe,GLP,2015,17.613636
Guadeloupe,GLP,2016,16.949154
Guadeloupe,GLP,2017,20.454546
Guadeloupe,GLP,2018,21.637426
Guadeloupe,GLP,2019,21.511627
Guadeloupe,GLP,2020,24.117647
Guadeloupe,GLP,2021,33.73494
Guam,GUM,2000,0
Guam,GUM,2001,0
Guam,GUM,2002,0
Guam,GUM,2003,0
Guam,GUM,2004,0
Guam,GUM,2005,0
Guam,GUM,2006,0
Guam,GUM,2007,0
Guam,GUM,2008,0
Guam,GUM,2009,0
Guam,GUM,2010,0
Guam,GUM,2011,0
Guam,GUM,2012,0
Guam,GUM,2013,0
Guam,GUM,2014,0
Guam,GUM,2015,1.754386
Guam,GUM,2016,4.0229883
Guam,GUM,2017,3.3898306
Guam,GUM,2018,4.0462427
Guam,GUM,2019,4.0229883
Guam,GUM,2020,4.117647
Guam,GUM,2021,4.597701
Guam,GUM,2022,5.142857
Guatemala,GTM,2000,50.154797
Guatemala,GTM,2001,43.684994
Guatemala,GTM,2002,39.63964
Guatemala,GTM,2003,48.7699
Guatemala,GTM,2004,50.934578
Guatemala,GTM,2005,56.11511
Guatemala,GTM,2006,53.49428
Guatemala,GTM,2007,50.91743
Guatemala,GTM,2008,54.953915
Guatemala,GTM,2009,45.79125
Guatemala,GTM,2010,63.687782
Guatemala,GTM,2011,62.67123
Guatemala,GTM,2012,66.66667
Guatemala,GTM,2013,67.588936
Guatemala,GTM,2014,68.42105
Guatemala,GTM,2015,61.145927
Guatemala,GTM,2016,61.804386
Guatemala,GTM,2017,68.63857
Guatemala,GTM,2018,67.22628
Guatemala,GTM,2019,65.69507
Guatemala,GTM,2020,76.243095
Guatemala,GTM,2021,67.99375
Guatemala,GTM,2022,67.4772
Guinea,GIN,2000,50.617283
Guinea,GIN,2001,57.291668
Guinea,GIN,2002,58.41584
Guinea,GIN,2003,46.511627
Guinea,GIN,2004,61.111115
Guinea,GIN,2005,62.025314
Guinea,GIN,2006,63.0137
Guinea,GIN,2007,67.948715
Guinea,GIN,2008,64.19753
Guinea,GIN,2009,65
Guinea,GIN,2010,76.190475
Guinea,GIN,2011,74.545456
Guinea,GIN,2012,67.12328
Guinea,GIN,2013,73.84615
Guinea,GIN,2014,59.15493
Guinea,GIN,2015,78.94737
Guinea,GIN,2016,68.32298
Guinea,GIN,2017,69.49152
Guinea,GIN,2018,51.00671
Guinea,GIN,2019,63.90244
Guinea,GIN,2020,71.96532
Guinea,GIN,2021,67.333336
Guinea,GIN,2022,66.44737
Guinea-Bissau,GNB,2000,0
Guinea-Bissau,GNB,2001,0
Guinea-Bissau,GNB,2002,0
Guinea-Bissau,GNB,2003,0
Guinea-Bissau,GNB,2004,0
Guinea-Bissau,GNB,2005,0
Guinea-Bissau,GNB,2006,0
Guinea-Bissau,GNB,2007,0
Guinea-Bissau,GNB,2008,0
Guinea-Bissau,GNB,2009,0
Guinea-Bissau,GNB,2010,0
Guinea-Bissau,GNB,2011,0
Guinea-Bissau,GNB,2012,0
Guinea-Bissau,GNB,2013,0
Guinea-Bissau,GNB,2014,0
Guinea-Bissau,GNB,2015,0
Guinea-Bissau,GNB,2016,0
Guinea-Bissau,GNB,2017,0
Guinea-Bissau,GNB,2018,0
Guinea-Bissau,GNB,2019,0
Guinea-Bissau,GNB,2020,0
Guinea-Bissau,GNB,2021,0
Guinea-Bissau,GNB,2022,0
Guyana,GUY,2000,1.1111112
Guyana,GUY,2001,1.0869565
Guyana,GUY,2002,1.0869565
Guyana,GUY,2003,1.2195122
Guyana,GUY,2004,1.1627907
Guyana,GUY,2005,1.5384616
Guyana,GUY,2006,1.5151515
Guyana,GUY,2007,1.4285715
Guyana,GUY,2008,1.4084507
Guyana,GUY,2009,1.2048193
Guyana,GUY,2010,1.1494253
Guyana,GUY,2011,1.098901
Guyana,GUY,2012,2.1276596
Guyana,GUY,2013,2.0833335
Guyana,GUY,2014,2.0408163
Guyana,GUY,2015,3
Guyana,GUY,2016,1.8518518
Guyana,GUY,2017,1.8181818
Guyana,GUY,2018,1.7699115
Guyana,GUY,2019,2.631579
Guyana,GUY,2020,1.7699115
Guyana,GUY,2021,1.754386
Guyana,GUY,2022,1.754386
Haiti,HTI,2000,51.85185
Haiti,HTI,2001,47.45763
Haiti,HTI,2002,47.272728
Haiti,HTI,2003,47.169815
Haiti,HTI,2004,47.272728
Haiti,HTI,2005,47.272728
Haiti,HTI,2006,47.368423
Haiti,HTI,2007,32.608696
Haiti,HTI,2008,36.73469
Haiti,HTI,2009,28.169016
Haiti,HTI,2010,25
Haiti,HTI,2011,12.121212
Haiti,HTI,2012,20
Haiti,HTI,2013,13.333334
Haiti,HTI,2014,8.7378645
Haiti,HTI,2015,7.7669907
Haiti,HTI,2016,6.481481
Haiti,HTI,2017,12.264152
Haiti,HTI,2018,18.269232
Haiti,HTI,2019,16.037737
Haiti,HTI,2020,13.207548
Haiti,HTI,2021,12.62136
Haiti,HTI,2022,13.461539
High-income countries,,1985,38.07783
High-income countries,,1986,39.122192
High-income countries,,1987,39.100445
High-income countries,,1988,39.224403
High-income countries,,1989,37.91502
High-income countries,,1990,38.30746
High-income countries,,1991,39.008766
High-income countries,,1992,38.739243
High-income countries,,1993,39.460552
High-income countries,,1994,38.753586
High-income countries,,1995,39.424175
High-income countries,,1996,39.32165
High-income countries,,1997,38.86469
High-income countries,,1998,38.1417
High-income countries,,1999,38.26123
High-income countries,,2000,38.06558
High-income countries,,2001,37.699825
High-income countries,,2002,37.448463
High-income countries,,2003,36.137012
High-income countries,,2004,36.8178
High-income countries,,2005,36.500134
High-income countries,,2006,36.748173
High-income countries,,2007,35.51546
High-income countries,,2008,36.19453
High-income countries,,2009,37.715317
High-income countries,,2010,37.43608
High-income countries,,2011,37.33145
High-income countries,,2012,36.40628
High-income countries,,2013,37.697098
High-income countries,,2014,38.614853
High-income countries,,2015,39.027763
High-income countries,,2016,39.61495
High-income countries,,2017,40.339203
High-income countries,,2018,41.026955
High-income countries,,2019,42.372875
High-income countries,,2020,44.262074
High-income countries,,2021,44.209705
High-income countries,,2022,44.220562
Honduras,HND,2000,61.813187
Honduras,HND,2001,49.616367
Honduras,HND,2002,40.72289
Honduras,HND,2003,41.025642
Honduras,HND,2004,34.10853
Honduras,HND,2005,33.092224
Honduras,HND,2006,36.744965
Honduras,HND,2007,37.51987
Honduras,HND,2008,38.117283
Honduras,HND,2009,47.37609
Honduras,HND,2010,48.61111
Honduras,HND,2011,46.050873
Honduras,HND,2012,46.42857
Honduras,HND,2013,44.09257
Honduras,HND,2014,40.60241
Honduras,HND,2015,46.211315
Honduras,HND,2016,49.896263
Honduras,HND,2017,59.05834
Honduras,HND,2018,64.15095
Honduras,HND,2019,55.225224
Honduras,HND,2020,57.196613
Honduras,HND,2021,62.760414
Honduras,HND,2022,63.030807
Hong Kong,HKG,1990,0
Hong Kong,HKG,1991,0
Hong Kong,HKG,1992,0
Hong Kong,HKG,1993,0
Hong Kong,HKG,1994,0
Hong Kong,HKG,1995,0
Hong Kong,HKG,1996,0
Hong Kong,HKG,1997,0
Hong Kong,HKG,1998,0
Hong Kong,HKG,1999,0
Hong Kong,HKG,2000,0
Hong Kong,HKG,2001,0
Hong Kong,HKG,2002,0
Hong Kong,HKG,2003,0
Hong Kong,HKG,2004,0
Hong Kong,HKG,2005,0
Hong Kong,HKG,2006,0
Hong Kong,HKG,2007,0
Hong Kong,HKG,2008,0
Hong Kong,HKG,2009,0
Hong Kong,HKG,2010,0.104629874
Hong Kong,HKG,2011,0.10264306
Hong Kong,HKG,2012,0.10381521
Hong Kong,HKG,2013,0.10253782
Hong Kong,HKG,2014,0.10065425
Hong Kong,HKG,2015,0.1848917
Hong Kong,HKG,2016,0.3672613
Hong Kong,HKG,2017,0.4060639
Hong Kong,HKG,2018,0.4101723
Hong Kong,HKG,2019,0.43313482
Hong Kong,HKG,2020,0.53824365
Hong Kong,HKG,2021,0.61794734
Hong Kong,HKG,2022,0.6399555
Hong Kong,HKG,2023,0.9582091
Hungary,HUN,1990,48.98031
Hungary,HUN,1991,46.528706
Hungary,HUN,1992,44.728535
Hungary,HUN,1993,42.57065
Hungary,HUN,1994,42.541767
Hungary,HUN,1995,41.887123
Hungary,HUN,1996,41.151325
Hungary,HUN,1997,40.225986
Hungary,HUN,1998,38.091396
Hungary,HUN,1999,37.90642
Hungary,HUN,2000,40.97755
Hungary,HUN,2001,39.51126
Hungary,HUN,2002,39.22545
Hungary,HUN,2003,33.2259
Hungary,HUN,2004,38.119255
Hungary,HUN,2005,43.916084
Hungary,HUN,2006,41.701534
Hungary,HUN,2007,41.44144
Hungary,HUN,2008,42.90355
Hungary,HUN,2009,51.01643
Hungary,HUN,2010,50.26767
Hungary,HUN,2011,51.08273
Hungary,HUN,2012,53.235126
Hungary,HUN,2013,59.960358
Hungary,HUN,2014,64.001366
Hungary,HUN,2015,62.809097
Hungary,HUN,2016,60.53952
Hungary,HUN,2017,59.477524
Hungary,HUN,2018,60.842434
Hungary,HUN,2019,61.23104
Hungary,HUN,2020,61.7984
Hungary,HUN,2021,63.434906
Hungary,HUN,2022,65.631996
Hungary,HUN,2023,70.1676
Iceland,ISL,1990,99.761284
Iceland,ISL,1991,99.89846
Iceland,ISL,1992,99.89308
Iceland,ISL,1993,99.87287
Iceland,ISL,1994,99.89313
Iceland,ISL,1995,99.78913
Iceland,ISL,1996,99.87893
Iceland,ISL,1997,99.90772
Iceland,ISL,1998,99.90164
Iceland,ISL,1999,99.90988
Iceland,ISL,2000,100
Iceland,ISL,2001,100
Iceland,ISL,2002,99.88023
Iceland,ISL,2003,99.88152
Iceland,ISL,2004,100
Iceland,ISL,2005,100
Iceland,ISL,2006,100
Iceland,ISL,2007,100
Iceland,ISL,2008,100
Iceland,ISL,2009,100
Iceland,ISL,2010,100
Iceland,ISL,2011,100
Iceland,ISL,2012,100
Iceland,ISL,2013,100
Iceland,ISL,2014,100
Iceland,ISL,2015,100
Iceland,ISL,2016,100
Iceland,ISL,2017,100
Iceland,ISL,2018,100
Iceland,ISL,2019,100
Iceland,ISL,2020,100
Iceland,ISL,2021,100
Iceland,ISL,2022,100
Iceland,ISL,2023,99.96667
India,IND,1985,30.217337
India,IND,1986,28.41425
India,IND,1987,24.26951
India,IND,1988,25.151453
India,IND,1989,24.735664
India,IND,1990,25.319403
India,IND,1991,24.820951
India,IND,1992,22.741083
India,IND,1993,21.344927
India,IND,1994,22.09698
India,IND,1995,19.804989
India,IND,1996,17.847122
India,IND,1997,17.533398
India,IND,1998,19.280458
India,IND,1999,17.925135
India,IND,2000,16.808134
India,IND,2001,16.222763
India,IND,2002,15.112197
India,IND,2003,14.53779
India,IND,2004,18.68198
India,IND,2005,17.770964
India,IND,2006,19.503513
India,IND,2007,20.041193
India,IND,2008,18.60673
India,IND,2009,17.181797
India,IND,2010,17.674166
India,IND,2011,19.907156
India,IND,2012,18.170246
India,IND,2013,19.300434
India,IND,2014,18.75505
India,IND,2015,18.267908
India,IND,2016,17.557465
India,IND,2017,18.507746
India,IND,2018,19.165642
India,IND,2019,21.473398
India,IND,2020,22.774569
India,IND,2021,22.009495
India,IND,2022,22.985178
India,IND,2023,21.962498
Indonesia,IDN,1985,16.90112
Indonesia,IDN,1986,24.190905
Indonesia,IDN,1987,22.11833
Indonesia,IDN,1988,20.291437
Indonesia,IDN,1989,22.045029
Indonesia,IDN,1990,23.010492
Indonesia,IDN,1991,22.204845
Indonesia,IDN,1992,26.638683
Indonesia,IDN,1993,25.141514
Indonesia,IDN,1994,20.873459
Indonesia,IDN,1995,19.411617
Indonesia,IDN,1996,18.970043
Indonesia,IDN,1997,12.157131
Indonesia,IDN,1998,17.798302
Indonesia,IDN,1999,17.054121
Indonesia,IDN,2000,19.99184
Indonesia,IDN,2001,20.90241
Indonesia,IDN,2002,18.577494
Indonesia,IDN,2003,16.883892
Indonesia,IDN,2004,16.805578
Indonesia,IDN,2005,17.051697
Indonesia,IDN,2006,15.347826
Indonesia,IDN,2007,16.367926
Indonesia,IDN,2008,16.895447
Indonesia,IDN,2009,16.448702
Indonesia,IDN,2010,19.503267
Indonesia,IDN,2011,15.874504
Indonesia,IDN,2012,14.888017
Indonesia,IDN,2013,15.765166
Indonesia,IDN,2014,14.485982
Indonesia,IDN,2015,13.794806
Indonesia,IDN,2016,15.367891
Indonesia,IDN,2017,16.240925
Indonesia,IDN,2018,17.047817
Indonesia,IDN,2019,16.260492
Indonesia,IDN,2020,18.124186
Indonesia,IDN,2021,18.166538
Indonesia,IDN,2022,19.610842
Indonesia,IDN,2023,18.594606
Iran,IRN,1990,12.8020115
Iran,IRN,1991,8.926354
Iran,IRN,1992,13.700914
Iran,IRN,1993,14.103046
Iran,IRN,1994,8.51316
Iran,IRN,1995,9.866869
Iran,IRN,1996,9.821708
Iran,IRN,1997,6.1258154
Iran,IRN,1998,7.313571
Iran,IRN,1999,4.70351
Iran,IRN,2000,3.2006702
Iran,IRN,2001,3.2526062
Iran,IRN,2002,5.8163934
Iran,IRN,2003,6.3435545
Iran,IRN,2004,7.360531
Iran,IRN,2005,8.200147
Iran,IRN,2006,9.636561
Iran,IRN,2007,8.910989
Iran,IRN,2008,3.629626
Iran,IRN,2009,3.1333122
Iran,IRN,2010,4.4254923
Iran,IRN,2011,4.677618
Iran,IRN,2012,5.7288733
Iran,IRN,2013,7.386233
Iran,IRN,2014,6.827994
Iran,IRN,2015,6.034114
Iran,IRN,2016,7.7130075
Iran,IRN,2017,8.067634
Iran,IRN,2018,5.6731224
Iran,IRN,2019,13.020164
Iran,IRN,2020,9.270462
Iran,IRN,2021,5.846582
Iran,IRN,2022,4.6017294
Iran,IRN,2023,6.203344
Iraq,IRQ,1990,16.389647
Iraq,IRQ,1991,16.057545
Iraq,IRQ,1992,23.818045
Iraq,IRQ,1993,22.745764
Iraq,IRQ,1994,23.432074
Iraq,IRQ,1995,26.86892
Iraq,IRQ,1996,24.977062
Iraq,IRQ,1997,24.755814
Iraq,IRQ,1998,23.174026
Iraq,IRQ,1999,14.396939
Iraq,IRQ,2000,1.9122257
Iraq,IRQ,2001,1.9224806
Iraq,IRQ,2002,1.5357354
Iraq,IRQ,2003,1.5178256
Iraq,IRQ,2004,1.5174977
Iraq,IRQ,2005,19.736843
Iraq,IRQ,2006,18.031332
Iraq,IRQ,2007,17.26835
Iraq,IRQ,2008,9.436008
Iraq,IRQ,2009,8.533686
Iraq,IRQ,2010,9.752606
Iraq,IRQ,2011,8.333333
Iraq,IRQ,2012,9.541405
Iraq,IRQ,2013,8.225035
Iraq,IRQ,2014,4.4080787
Iraq,IRQ,2015,3.7963636
Iraq,IRQ,2016,4.2832165
Iraq,IRQ,2017,2.61774
Iraq,IRQ,2018,2.2873828
Iraq,IRQ,2019,5.707789
Iraq,IRQ,2020,4.9397163
Iraq,IRQ,2021,3.9572937
Iraq,IRQ,2022,2.3444936
Iraq,IRQ,2023,2.7341218
Ireland,IRL,1990,4.9261084
Ireland,IRL,1991,5.030181
Ireland,IRL,1992,5.2063494
Ireland,IRL,1993,4.7796397
Ireland,IRL,1994,5.5985703
Ireland,IRL,1995,4.1548095
Ireland,IRL,1996,4.027557
Ireland,IRL,1997,4.1221375
Ireland,IRL,1998,5.659472
Ireland,IRL,1999,5.2025785
Ireland,IRL,2000,4.9957657
Ireland,IRL,2001,4.1903987
Ireland,IRL,2002,5.564516
Ireland,IRL,2003,4.59307
Ireland,IRL,2004,5.520254
Ireland,IRL,2005,7.3103986
Ireland,IRL,2006,9.124492
Ireland,IRL,2007,9.918814
Ireland,IRL,2008,12.044162
Ireland,IRL,2009,14.745884
Ireland,IRL,2010,13.233725
Ireland,IRL,2011,20.014744
Ireland,IRL,2012,19.379845
Ireland,IRL,2013,22.043852
Ireland,IRL,2014,24.786655
Ireland,IRL,2015,28.031384
Ireland,IRL,2016,24.86755
Ireland,IRL,2017,28.962818
Ireland,IRL,2018,33.00971
Ireland,IRL,2019,38.391403
Ireland,IRL,2020,42.083855
Ireland,IRL,2021,36.71207
Ireland,IRL,2022,38.832638
Ireland,IRL,2023,43.684376
Israel,ISR,1990,0.014355716
Israel,ISR,1991,0.02788869
Israel,ISR,1992,0.11747454
Israel,ISR,1993,0.10000116
Israel,ISR,1994,0.08122702
Israel,ISR,1995,0.08213687
Israel,ISR,1996,0.0736888
Israel,ISR,1997,0.071202755
Israel,ISR,1998,0.06583036
Israel,ISR,1999,0.084124655
Israel,ISR,2000,0.07032349
Israel,ISR,2001,0.045506258
Israel,ISR,2002,0.06593407
Israel,ISR,2003,0.08503401
Israel,ISR,2004,0.08460237
Israel,ISR,2005,0.082287595
Israel,ISR,2006,0.03955696
Israel,ISR,2007,0.03718163
Israel,ISR,2008,0.070434935
Israel,ISR,2009,0.16444363
Israel,ISR,2010,0.29035014
Israel,ISR,2011,0.50335574
Israel,ISR,2012,0.77765435
Israel,ISR,2013,0.92954993
Israel,ISR,2014,1.5773907
Israel,ISR,2015,1.8994238
Israel,ISR,2016,2.5369346
Israel,ISR,2017,2.5059311
Israel,ISR,2018,2.546195
Israel,ISR,2019,4.5769763
Israel,ISR,2020,6.0765815
Israel,ISR,2021,7.5397363
Israel,ISR,2022,9.945989
Israel,ISR,2023,10.4693365
Italy,ITA,1985,27.431892
Italy,ITA,1986,27.493893
Italy,ITA,1987,21.314783
Italy,ITA,1988,21.62251
Italy,ITA,1989,17.742832
Italy,ITA,1990,16.373447
Italy,ITA,1991,20.844208
Italy,ITA,1992,20.55416
Italy,ITA,1993,20.578865
Italy,ITA,1994,21.092896
Italy,ITA,1995,17.466404
Italy,ITA,1996,19.307405
Italy,ITA,1997,18.738337
Italy,ITA,1998,18.32374
Italy,ITA,1999,19.795565
Italy,ITA,2000,18.844929
Italy,ITA,2001,19.988968
Italy,ITA,2002,17.407127
Italy,ITA,2003,16.369164
Italy,ITA,2004,18.34122
Italy,ITA,2005,16.437565
Italy,ITA,2006,16.570139
Italy,ITA,2007,15.586112
Italy,ITA,2008,18.666752
Italy,ITA,2009,24.18634
Italy,ITA,2010,25.94815
Italy,ITA,2011,27.801052
Italy,ITA,2012,31.234547
Italy,ITA,2013,39.158104
Italy,ITA,2014,43.640835
Italy,ITA,2015,38.930996
Italy,ITA,2016,37.772335
Italy,ITA,2017,35.567806
Italy,ITA,2018,39.995106
Italy,ITA,2019,39.942757
Italy,ITA,2020,42.231133
Italy,ITA,2021,40.74749
Italy,ITA,2022,35.80869
Italy,ITA,2023,43.720013
Jamaica,JAM,2000,4.5790253
Jamaica,JAM,2001,3.3873343
Jamaica,JAM,2002,2.1551726
Jamaica,JAM,2003,2.5069637
Jamaica,JAM,2004,3.1724138
Jamaica,JAM,2005,3.614458
Jamaica,JAM,2006,3.7333333
Jamaica,JAM,2007,4.9504952
Jamaica,JAM,2008,6.146572
Jamaica,JAM,2009,7.5
Jamaica,JAM,2010,7.6388884
Jamaica,JAM,2011,8.715596
Jamaica,JAM,2012,10.208817
Jamaica,JAM,2013,9.324009
Jamaica,JAM,2014,9.859155
Jamaica,JAM,2015,10.280374
Jamaica,JAM,2016,12.249444
Jamaica,JAM,2017,11.643835
Jamaica,JAM,2018,14.646464
Jamaica,JAM,2019,12.715517
Jamaica,JAM,2020,13.785046
Jamaica,JAM,2021,13.333334
Jamaica,JAM,2022,13.507625
Japan,JPN,1985,37.971626
Japan,JPN,1986,38.439285
Japan,JPN,1987,38.68589
Japan,JPN,1988,37.17183
Japan,JPN,1989,36.835907
Japan,JPN,1990,33.21695
Japan,JPN,1991,34.539707
Japan,JPN,1992,33.69831
Japan,JPN,1993,37.99391
Japan,JPN,1994,34.15082
Japan,JPN,1995,37.592678
Japan,JPN,1996,37.770123
Japan,JPN,1997,40.207253
Japan,JPN,1998,40.70877
Japan,JPN,1999,38.71299
Japan,JPN,2000,38.206917
Japan,JPN,2001,38.670902
Japan,JPN,2002,37.431896
Japan,JPN,2003,31.32099
Japan,JPN,2004,35.524757
Japan,JPN,2005,34.32836
Japan,JPN,2006,35.96513
Japan,JPN,2007,32.265636
Japan,JPN,2008,29.882572
Japan,JPN,2009,33.386295
Japan,JPN,2010,35.5178
Japan,JPN,2011,25.034414
Japan,JPN,2012,11.6832905
Japan,JPN,2013,12.424615
Japan,JPN,2014,12.599744
Japan,JPN,2015,15.390439
Japan,JPN,2016,16.3704
Japan,JPN,2017,18.791445
Japan,JPN,2018,21.734175
Japan,JPN,2019,23.9759
Japan,JPN,2020,23.889624
Japan,JPN,2021,27.185179
Japan,JPN,2022,26.965315
Japan,JPN,2023,31.470829
Jordan,JOR,2000,0.5427408
Jordan,JOR,2001,0.530504
Jordan,JOR,2002,0.61576355
Jordan,JOR,2003,0.62266505
Jordan,JOR,2004,0.66964287
Jordan,JOR,2005,0.6217617
Jordan,JOR,2006,0.53956836
Jordan,JOR,2007,0.54559624
Jordan,JOR,2008,0.49469966
Jordan,JOR,2009,0.49019608
Jordan,JOR,2010,0.473613
Jordan,JOR,2011,0.40983605
Jordan,JOR,2012,0.42194092
Jordan,JOR,2013,0.34762457
Jordan,JOR,2014,0.38314176
Jordan,JOR,2015,1.2067157
Jordan,JOR,2016,4.3721404
Jordan,JOR,2017,6.737247
Jordan,JOR,2018,10.603829
Jordan,JOR,2019,14.417925
Jordan,JOR,2020,18.937197
Jordan,JOR,2021,22.98689
Jordan,JOR,2022,22.862368
Kazakhstan,KAZ,1990,8.429944
Kazakhstan,KAZ,1991,9.000078
Kazakhstan,KAZ,1992,8.813743
Kazakhstan,KAZ,1993,10.367779
Kazakhstan,KAZ,1994,14.314912
Kazakhstan,KAZ,1995,12.602151
Kazakhstan,KAZ,1996,12.62939
Kazakhstan,KAZ,1997,13.075998
Kazakhstan,KAZ,1998,12.508811
Kazakhstan,KAZ,1999,12.96406
Kazakhstan,KAZ,2000,14.581719
Kazakhstan,KAZ,2001,14.590104
Kazakhstan,KAZ,2002,15.240871
Kazakhstan,KAZ,2003,13.498278
Kazakhstan,KAZ,2004,12.0388365
Kazakhstan,KAZ,2005,11.572438
Kazakhstan,KAZ,2006,10.842869
Kazakhstan,KAZ,2007,10.663012
Kazakhstan,KAZ,2008,9.284381
Kazakhstan,KAZ,2009,8.738727
Kazakhstan,KAZ,2010,9.703569
Kazakhstan,KAZ,2011,9.101409
Kazakhstan,KAZ,2012,8.43081
Kazakhstan,KAZ,2013,8.34683
Kazakhstan,KAZ,2014,8.738378
Kazakhstan,KAZ,2015,10.310966
Kazakhstan,KAZ,2016,12.659833
Kazakhstan,KAZ,2017,11.28782
Kazakhstan,KAZ,2018,10.170598
Kazakhstan,KAZ,2019,10.415101
Kazakhstan,KAZ,2020,10.991439
Kazakhstan,KAZ,2021,10.940215
Kazakhstan,KAZ,2022,11.791542
Kazakhstan,KAZ,2023,12.759045
Kenya,KEN,2000,40.37123
Kenya,KEN,2001,59.45946
Kenya,KEN,2002,76.69903
Kenya,KEN,2003,81.9343
Kenya,KEN,2004,70.454544
Kenya,KEN,2005,66.716415
Kenya,KEN,2006,62.84953
Kenya,KEN,2007,74.062965
Kenya,KEN,2008,72.68292
Kenya,KEN,2009,60.610683
Kenya,KEN,2010,74.441345
Kenya,KEN,2011,69.22095
Kenya,KEN,2012,77.47858
Kenya,KEN,2013,78.34158
Kenya,KEN,2014,76.41305
Kenya,KEN,2015,89.80632
Kenya,KEN,2016,89.2562
Kenya,KEN,2017,80.88643
Kenya,KEN,2018,89.1748
Kenya,KEN,2019,90.61962
Kenya,KEN,2020,94.22414
Kenya,KEN,2021,92.12925
Kenya,KEN,2022,91.990295
Kenya,KEN,2023,94.016396
Kiribati,KIR,2000,0
Kiribati,KIR,2001,0
Kiribati,KIR,2002,0
Kiribati,KIR,2003,0
Kiribati,KIR,2004,0
Kiribati,KIR,2005,0
Kiribati,KIR,2006,0
Kiribati,KIR,2007,0
Kiribati,KIR,2008,0
Kiribati,KIR,2009,0
Kiribati,KIR,2010,0
Kiribati,KIR,2011,0
Kiribati,KIR,2012,0
Kiribati,KIR,2013,0
Kiribati,KIR,2014,0
Kiribati,KIR,2015,0
Kiribati,KIR,2016,0
Kiribati,KIR,2017,0
Kiribati,KIR,2018,0
Kiribati,KIR,2019,0
Kiribati,KIR,2020,0
Kiribati,KIR,2021,0
Kiribati,KIR,2022,0
Kosovo,OWID_KOS,2000,1.6891892
Kosovo,OWID_KOS,2001,1.3404826
Kosovo,OWID_KOS,2002,1.347709
Kosovo,OWID_KOS,2003,1.3774104
Kosovo,OWID_KOS,2004,2.6960785
Kosovo,OWID_KOS,2005,2.4663677
Kosovo,OWID_KOS,2006,2.2573364
Kosovo,OWID_KOS,2007,1.8633541
Kosovo,OWID_KOS,2008,1.5503876
Kosovo,OWID_KOS,2009,2.4144871
Kosovo,OWID_KOS,2010,3.0947776
Kosovo,OWID_KOS,2011,1.7241379
Kosovo,OWID_KOS,2012,1.6835017
Kosovo,OWID_KOS,2013,2.1472392
Kosovo,OWID_KOS,2014,2.7624311
Kosovo,OWID_KOS,2015,2.2913256
Kosovo,OWID_KOS,2016,4.180602
Kosovo,OWID_KOS,2017,3.0405405
Kosovo,OWID_KOS,2018,5.076143
Kosovo,OWID_KOS,2019,4.88189
Kosovo,OWID_KOS,2020,5.3731346
Kosovo,OWID_KOS,2021,6.512301
Kosovo,OWID_KOS,2022,6.512301
Kosovo,OWID_KOS,2023,11.477987
Kuwait,KWT,1990,0
Kuwait,KWT,1991,0
Kuwait,KWT,1992,0
Kuwait,KWT,1993,0
Kuwait,KWT,1994,0
Kuwait,KWT,1995,0
Kuwait,KWT,1996,0
Kuwait,KWT,1997,0
Kuwait,KWT,1998,0
Kuwait,KWT,1999,0
Kuwait,KWT,2000,0
Kuwait,KWT,2001,0
Kuwait,KWT,2002,0
Kuwait,KWT,2003,0
Kuwait,KWT,2004,0
Kuwait,KWT,2005,0
Kuwait,KWT,2006,0
Kuwait,KWT,2007,0
Kuwait,KWT,2008,0
Kuwait,KWT,2009,0
Kuwait,KWT,2010,0
Kuwait,KWT,2011,0
Kuwait,KWT,2012,0
Kuwait,KWT,2013,0.01639613
Kuwait,KWT,2014,0.0153491935
Kuwait,KWT,2015,0.014641288
Kuwait,KWT,2016,0.02853067
Kuwait,KWT,2017,0.05492242
Kuwait,KWT,2018,0.080906145
Kuwait,KWT,2019,0.17317171
Kuwait,KWT,2020,0.28093645
Kuwait,KWT,2021,0.23520674
Kuwait,KWT,2022,0.23140113
Kuwait,KWT,2023,0.22016734
Kyrgyzstan,KGZ,2000,85.48896
Kyrgyzstan,KGZ,2001,83.119514
Kyrgyzstan,KGZ,2002,82.28043
Kyrgyzstan,KGZ,2003,86.658035
Kyrgyzstan,KGZ,2004,86.32426
Kyrgyzstan,KGZ,2005,85.48278
Kyrgyzstan,KGZ,2006,84.87972
Kyrgyzstan,KGZ,2007,85.78231
Kyrgyzstan,KGZ,2008,85.714294
Kyrgyzstan,KGZ,2009,92.0765
Kyrgyzstan,KGZ,2010,91.74312
Kyrgyzstan,KGZ,2011,93.27115
Kyrgyzstan,KGZ,2012,93.41318
Kyrgyzstan,KGZ,2013,93.3908
Kyrgyzstan,KGZ,2014,91.19889
Kyrgyzstan,KGZ,2015,85.06192
Kyrgyzstan,KGZ,2016,86.539925
Kyrgyzstan,KGZ,2017,91.476906
Kyrgyzstan,KGZ,2018,90.949936
Kyrgyzstan,KGZ,2019,91.58317
Kyrgyzstan,KGZ,2020,90.77922
Kyrgyzstan,KGZ,2021,85.60105
Kyrgyzstan,KGZ,2022,85.92058
Laos,LAO,2000,89.863014
Laos,LAO,2001,89.91825
Laos,LAO,2002,89.91597
Laos,LAO,2003,89.84127
Laos,LAO,2004,100
Laos,LAO,2005,100
Laos,LAO,2006,100
Laos,LAO,2007,100
Laos,LAO,2008,100
Laos,LAO,2009,100
Laos,LAO,2010,100
Laos,LAO,2011,100
Laos,LAO,2012,100
Laos,LAO,2013,100
Laos,LAO,2014,100
Laos,LAO,2015,86.014854
Laos,LAO,2016,68.77207
Laos,LAO,2017,64.82137
Laos,LAO,2018,65.078445
Laos,LAO,2019,63.476315
Laos,LAO,2020,71.596596
Laos,LAO,2021,73.552986
Laos,LAO,2022,72.99238
Latin America and Caribbean (Ember),,2000,62.03673
Latin America and Caribbean (Ember),,2001,59.60883
Latin America and Caribbean (Ember),,2002,59.95337
Latin America and Caribbean (Ember),,2003,59.49678
Latin America and Caribbean (Ember),,2004,58.88251
Latin America and Caribbean (Ember),,2005,59.581093
Latin America and Caribbean (Ember),,2006,59.958355
Latin America and Caribbean (Ember),,2007,59.179634
Latin America and Caribbean (Ember),,2008,58.840614
Latin America and Caribbean (Ember),,2009,59.29612
Latin America and Caribbean (Ember),,2010,58.02833
Latin America and Caribbean (Ember),,2011,59.12719
Latin America and Caribbean (Ember),,2012,56.203014
Latin America and Caribbean (Ember),,2013,53.96254
Latin America and Caribbean (Ember),,2014,52.90674
Latin America and Caribbean (Ember),,2015,52.714806
Latin America and Caribbean (Ember),,2016,54.38815
Latin America and Caribbean (Ember),,2017,56.14088
Latin America and Caribbean (Ember),,2018,57.337482
Latin America and Caribbean (Ember),,2019,57.147896
Latin America and Caribbean (Ember),,2020,60.44137
Latin America and Caribbean (Ember),,2021,59.220673
Latin America and Caribbean (Ember),,2022,63.50468
Latin America and Caribbean (Ember),,2023,64.02793
Latvia,LVA,1990,67.669174
Latvia,LVA,1991,58.053097
Latvia,LVA,1992,65.625
Latvia,LVA,1993,73.28244
Latvia,LVA,1994,74.549545
Latvia,LVA,1995,73.68421
Latvia,LVA,1996,59.615387
Latvia,LVA,1997,65.410194
Latvia,LVA,1998,74.482765
Latvia,LVA,1999,67.15328
Latvia,LVA,2000,68.115944
Latvia,LVA,2001,66.276344
Latvia,LVA,2002,62.468513
Latvia,LVA,2003,58.942062
Latvia,LVA,2004,68.23028
Latvia,LVA,2005,69.51219
Latvia,LVA,2006,57.055218
Latvia,LVA,2007,59.243694
Latvia,LVA,2008,60.910816
Latvia,LVA,2009,63.913822
Latvia,LVA,2010,54.90196
Latvia,LVA,2011,50.57471
Latvia,LVA,2012,66.61264
Latvia,LVA,2013,56.935486
Latvia,LVA,2014,54.47471
Latvia,LVA,2015,50.180508
Latvia,LVA,2016,54.20561
Latvia,LVA,2017,72.50996
Latvia,LVA,2018,51.934525
Latvia,LVA,2019,49.53416
Latvia,LVA,2020,63.636368
Latvia,LVA,2021,63.589745
Latvia,LVA,2022,75.7515
Latvia,LVA,2023,76.64
Lebanon,LBN,2000,4.4221106
Lebanon,LBN,2001,3.316583
Lebanon,LBN,2002,5.8008657
Lebanon,LBN,2003,10.440835
Lebanon,LBN,2004,9.702798
Lebanon,LBN,2005,8.866156
Lebanon,LBN,2006,6.0900264
Lebanon,LBN,2007,5.4872284
Lebanon,LBN,2008,2.9718876
Lebanon,LBN,2009,4.7765794
Lebanon,LBN,2010,5.283259
Lebanon,LBN,2011,4.9079757
Lebanon,LBN,2012,6.0753345
Lebanon,LBN,2013,6.702128
Lebanon,LBN,2014,1.1686144
Lebanon,LBN,2015,2.6824036
Lebanon,LBN,2016,2.215353
Lebanon,LBN,2017,2.2588236
Lebanon,LBN,2018,2.116651
Lebanon,LBN,2019,5.2314816
Lebanon,LBN,2020,6.6885967
Lebanon,LBN,2021,9.284332
Lebanon,LBN,2022,9.452736
Lesotho,LSO,2000,100
Lesotho,LSO,2001,100
Lesotho,LSO,2002,100
Lesotho,LSO,2003,100
Lesotho,LSO,2004,100
Lesotho,LSO,2005,100
Lesotho,LSO,2006,100
Lesotho,LSO,2007,100
Lesotho,LSO,2008,100
Lesotho,LSO,2009,100
Lesotho,LSO,2010,100
Lesotho,LSO,2011,100
Lesotho,LSO,2012,100
Lesotho,LSO,2013,100
Lesotho,LSO,2014,100
Lesotho,LSO,2015,100
Lesotho,LSO,2016,100
Lesotho,LSO,2017,100
Lesotho,LSO,2018,100
Lesotho,LSO,2019,100
Lesotho,LSO,2020,100
Lesotho,LSO,2021,100
Lesotho,LSO,2022,100
Liberia,LBR,2000,0
Liberia,LBR,2001,0
Liberia,LBR,2002,0
Liberia,LBR,2003,0
Liberia,LBR,2004,0
Liberia,LBR,2005,0
Liberia,LBR,2006,0
Liberia,LBR,2007,0
Liberia,LBR,2008,0
Liberia,LBR,2009,0
Liberia,LBR,2010,0
Liberia,LBR,2011,0
Liberia,LBR,2012,0
Liberia,LBR,2013,0
Liberia,LBR,2014,0
Liberia,LBR,2015,0
Liberia,LBR,2016,0
Liberia,LBR,2017,0
Liberia,LBR,2018,0
Liberia,LBR,2019,0
Liberia,LBR,2020,62.352936
Liberia,LBR,2021,67.948715
Liberia,LBR,2022,67.0886
Libya,LBY,2000,0
Libya,LBY,2001,0
Libya,LBY,2002,0
Libya,LBY,2003,0
Libya,LBY,2004,0
Libya,LBY,2005,0
Libya,LBY,2006,0
Libya,LBY,2007,0
Libya,LBY,2008,0
Libya,LBY,2009,0
Libya,LBY,2010,0.03071253
Libya,LBY,2011,0.03844675
Libya,LBY,2012,0.02916302
Libya,LBY,2013,0.026364354
Libya,LBY,2014,0.026504109
Libya,LBY,2015,0.02665956
Libya,LBY,2016,0.03182686
Libya,LBY,2017,0.030048078
Libya,LBY,2018,0.029256875
Libya,LBY,2019,0.028876696
Libya,LBY,2020,0.033898305
Libya,LBY,2021,0.032237265
Libya,LBY,2022,0.033025097
Lithuania,LTU,1990,61.40845
Lithuania,LTU,1991,59.039833
Lithuania,LTU,1992,80.592995
Lithuania,LTU,1993,90.811195
Lithuania,LTU,1994,83.60655
Lithuania,LTU,1995,90.16272
Lithuania,LTU,1996,87.86946
Lithuania,LTU,1997,85.615005
Lithuania,LTU,1998,81.457726
Lithuania,LTU,1999,78.51682
Lithuania,LTU,2000,78.7062
Lithuania,LTU,2001,81.406685
Lithuania,LTU,2002,83.805664
Lithuania,LTU,2003,84.00638
Lithuania,LTU,2004,82.82667
Lithuania,LTU,2005,74.89598
Lithuania,LTU,2006,75.22784
Lithuania,LTU,2007,77.34027
Lithuania,LTU,2008,78.69467
Lithuania,LTU,2009,78.75683
Lithuania,LTU,2010,18.2
Lithuania,LTU,2011,26.117647
Lithuania,LTU,2012,26.222221
Lithuania,LTU,2013,36.515514
Lithuania,LTU,2014,40.92141
Lithuania,LTU,2015,39.716312
Lithuania,LTU,2016,57.851234
Lithuania,LTU,2017,71.06741
Lithuania,LTU,2018,75.34246
Lithuania,LTU,2019,73.952095
Lithuania,LTU,2020,54.680855
Lithuania,LTU,2021,60.93023
Lithuania,LTU,2022,75.24272
Lithuania,LTU,2023,76.43885
Low-income countries,,2000,48.107685
Low-income countries,,2001,48.89994
Low-income countries,,2002,47.82347
Low-income countries,,2003,46.073906
Low-income countries,,2004,47.965275
Low-income countries,,2005,47.385197
Low-income countries,,2006,46.086956
Low-income countries,,2007,46.771076
Low-income countries,,2008,44.288754
Low-income countries,,2009,43.4089
Low-income countries,,2010,45.807465
Low-income countries,,2011,49.676563
Low-income countries,,2012,53.61393
Low-income countries,,2013,58.296204
Low-income countries,,2014,60.922005
Low-income countries,,2015,59.188503
Low-income countries,,2016,58.148457
Low-income countries,,2017,57.72999
Low-income countries,,2018,59.07809
Low-income countries,,2019,59.563416
Low-income countries,,2020,63.074123
Low-income countries,,2021,63.847652
Low-income countries,,2022,62.87297
Lower-middle-income countries,,2000,25.64978
Lower-middle-income countries,,2001,25.134167
Lower-middle-income countries,,2002,24.521456
Lower-middle-income countries,,2003,24.585564
Lower-middle-income countries,,2004,25.892979
Lower-middle-income countries,,2005,25.469904
Lower-middle-income countries,,2006,25.93249
Lower-middle-income countries,,2007,25.481636
Lower-middle-income countries,,2008,24.098211
Lower-middle-income countries,,2009,23.15922
Lower-middle-income countries,,2010,23.495459
Lower-middle-income countries,,2011,24.48385
Lower-middle-income countries,,2012,23.836193
Lower-middle-income countries,,2013,24.406551
Lower-middle-income countries,,2014,23.671112
Lower-middle-income countries,,2015,22.746393
Lower-middle-income countries,,2016,22.063486
Lower-middle-income countries,,2017,23.43387
Lower-middle-income countries,,2018,23.484516
Lower-middle-income countries,,2019,24.762976
Lower-middle-income countries,,2020,25.580622
Lower-middle-income countries,,2021,25.835999
Lower-middle-income countries,,2022,26.200878
Luxembourg,LUX,1990,12.903226
Luxembourg,LUX,1991,12.857143
Luxembourg,LUX,1992,12.121212
Luxembourg,LUX,1993,11.940298
Luxembourg,LUX,1994,18.644068
Luxembourg,LUX,1995,22.448978
Luxembourg,LUX,1996,17.777779
Luxembourg,LUX,1997,24.390244
Luxembourg,LUX,1998,40.540543
Luxembourg,LUX,1999,36.11111
Luxembourg,LUX,2000,40
Luxembourg,LUX,2001,19.54023
Luxembourg,LUX,2002,5.3571434
Luxembourg,LUX,2003,5.0179214
Luxembourg,LUX,2004,5.6379824
Luxembourg,LUX,2005,6.2686567
Luxembourg,LUX,2006,7.062147
Luxembourg,LUX,2007,8.15047
Luxembourg,LUX,2008,10.294118
Luxembourg,LUX,2009,8.571429
Luxembourg,LUX,2010,8.333334
Luxembourg,LUX,2011,9.090909
Luxembourg,LUX,2012,11.231884
Luxembourg,LUX,2013,19.565218
Luxembourg,LUX,2014,20.94241
Luxembourg,LUX,2015,32.08955
Luxembourg,LUX,2016,58.227848
Luxembourg,LUX,2017,66.66667
Luxembourg,LUX,2018,70.833336
Luxembourg,LUX,2019,74.76635
Luxembourg,LUX,2020,79.508194
Luxembourg,LUX,2021,80.4878
Luxembourg,LUX,2022,85.59322
Luxembourg,LUX,2023,92.105255
Macao,MAC,2000,0
Macao,MAC,2001,3.821656
Macao,MAC,2002,4.117647
Macao,MAC,2003,8.333334
Macao,MAC,2004,7.6142135
Macao,MAC,2005,7.8817735
Macao,MAC,2006,10.179641
Macao,MAC,2007,11.184211
Macao,MAC,2008,14.876033
Macao,MAC,2009,12.328767
Macao,MAC,2010,18.518518
Macao,MAC,2011,23.595507
Macao,MAC,2012,41.07143
Macao,MAC,2013,58.536587
Macao,MAC,2014,40.625
Macao,MAC,2015,21.052631
Macao,MAC,2016,20.20202
Macao,MAC,2017,14.285714
Macao,MAC,2018,27.692308
Macao,MAC,2019,26.190477
Macao,MAC,2020,33.92857
Macao,MAC,2021,42
Macao,MAC,2022,40.816326
Madagascar,MDG,2000,63.953487
Madagascar,MDG,2001,61.36364
Madagascar,MDG,2002,63.953487
Madagascar,MDG,2003,63.541668
Madagascar,MDG,2004,60.952385
Madagascar,MDG,2005,61.32076
Madagascar,MDG,2006,59.81308
Madagascar,MDG,2007,64.28571
Madagascar,MDG,2008,59.322037
Madagascar,MDG,2009,62.18487
Madagascar,MDG,2010,54.615387
Madagascar,MDG,2011,47.619045
Madagascar,MDG,2012,49.358974
Madagascar,MDG,2013,50.303032
Madagascar,MDG,2014,52.906975
Madagascar,MDG,2015,54.189945
Madagascar,MDG,2016,48.421055
Madagascar,MDG,2017,41.919193
Madagascar,MDG,2018,48.80383
Madagascar,MDG,2019,44.036697
Madagascar,MDG,2020,41.2037
Madagascar,MDG,2021,37.554585
Madagascar,MDG,2022,36.864407
Malawi,MWI,2000,90.08264
Malawi,MWI,2001,90.983604
Malawi,MWI,2002,90.625
Malawi,MWI,2003,92.36642
Malawi,MWI,2004,90.47619
Malawi,MWI,2005,89.54249
Malawi,MWI,2006,89.171974
Malawi,MWI,2007,90.506325
Malawi,MWI,2008,92.94118
Malawi,MWI,2009,92.81438
Malawi,MWI,2010,93.75
Malawi,MWI,2011,93.90863
Malawi,MWI,2012,93.65854
Malawi,MWI,2013,93.65854
Malawi,MWI,2014,94.47004
Malawi,MWI,2015,94.00922
Malawi,MWI,2016,93.95348
Malawi,MWI,2017,100
Malawi,MWI,2018,81.56425
Malawi,MWI,2019,95.59748
Malawi,MWI,2020,99.346405
Malawi,MWI,2021,93.84616
Malawi,MWI,2022,94.07407
Malaysia,MYS,1985,25.216927
Malaysia,MYS,1986,25.54464
Malaysia,MYS,1987,28.505014
Malaysia,MYS,1988,29.603834
Malaysia,MYS,1989,24.608728
Malaysia,MYS,1990,17.495173
Malaysia,MYS,1991,16.756989
Malaysia,MYS,1992,13.657898
Malaysia,MYS,1993,13.914475
Malaysia,MYS,1994,16.307709
Malaysia,MYS,1995,13.350653
Malaysia,MYS,1996,9.7061615
Malaysia,MYS,1997,6.962513
Malaysia,MYS,1998,6.9487243
Malaysia,MYS,1999,11.078236
Malaysia,MYS,2000,10.815451
Malaysia,MYS,2001,8.762206
Malaysia,MYS,2002,7.1843696
Malaysia,MYS,2003,6.613852
Malaysia,MYS,2004,6.402249
Malaysia,MYS,2005,6.683544
Malaysia,MYS,2006,6.673719
Malaysia,MYS,2007,6.1906953
Malaysia,MYS,2008,7.5639105
Malaysia,MYS,2009,7.131169
Malaysia,MYS,2010,6.09405
Malaysia,MYS,2011,7.5548916
Malaysia,MYS,2012,8.02506
Malaysia,MYS,2013,9.250195
Malaysia,MYS,2014,9.703669
Malaysia,MYS,2015,9.952702
Malaysia,MYS,2016,13.463135
Malaysia,MYS,2017,17.39293
Malaysia,MYS,2018,16.59632
Malaysia,MYS,2019,16.10084
Malaysia,MYS,2020,18.18289
Malaysia,MYS,2021,19.739931
Malaysia,MYS,2022,19.101
Malaysia,MYS,2023,19.158428
Maldives,MDV,2000,0
Maldives,MDV,2001,0
Maldives,MDV,2002,0
Maldives,MDV,2003,0
Maldives,MDV,2004,0
Maldives,MDV,2005,0
Maldives,MDV,2006,0
Maldives,MDV,2007,0
Maldives,MDV,2008,0
Maldives,MDV,2009,0
Maldives,MDV,2010,0
Maldives,MDV,2011,0
Maldives,MDV,2012,0
Maldives,MDV,2013,0
Maldives,MDV,2014,1.8518518
Maldives,MDV,2015,1.6129032
Maldives,MDV,2016,1.4925373
Maldives,MDV,2017,2.739726
Maldives,MDV,2018,3.7974682
Maldives,MDV,2019,3.7037036
Maldives,MDV,2020,4.878049
Maldives,MDV,2021,5.952381
Maldives,MDV,2022,7.058823
Mali,MLI,2000,26.415096
Mali,MLI,2001,26.168222
Mali,MLI,2002,26.126125
Mali,MLI,2003,25.225225
Mali,MLI,2004,23.809526
Mali,MLI,2005,33.557045
Mali,MLI,2006,33.757957
Mali,MLI,2007,32.911392
Mali,MLI,2008,34.254147
Mali,MLI,2009,46.153847
Mali,MLI,2010,49.152546
Mali,MLI,2011,56.48148
Mali,MLI,2012,57.14286
Mali,MLI,2013,54.09091
Mali,MLI,2014,58.16733
Mali,MLI,2015,48.207172
Mali,MLI,2016,51.986755
Mali,MLI,2017,45.639534
Mali,MLI,2018,42.899406
Mali,MLI,2019,33.333336
Mali,MLI,2020,32.80757
Mali,MLI,2021,33.333332
Mali,MLI,2022,39.733334
Malta,MLT,1990,0
Malta,MLT,1991,0
Malta,MLT,1992,0
Malta,MLT,1993,0
Malta,MLT,1994,0
Malta,MLT,1995,0
Malta,MLT,1996,0
Malta,MLT,1997,0
Malta,MLT,1998,0
Malta,MLT,1999,0
Malta,MLT,2000,0
Malta,MLT,2001,0
Malta,MLT,2002,0
Malta,MLT,2003,0
Malta,MLT,2004,0
Malta,MLT,2005,0
Malta,MLT,2006,0
Malta,MLT,2007,0
Malta,MLT,2008,0
Malta,MLT,2009,0
Malta,MLT,2010,0
Malta,MLT,2011,0
Malta,MLT,2012,1.3043479
Malta,MLT,2013,1.7699115
Malta,MLT,2014,3.5555556
Malta,MLT,2015,7.692308
Malta,MLT,2016,16.27907
Malta,MLT,2017,10.30303
Malta,MLT,2018,10.152284
Malta,MLT,2019,10.144928
Malta,MLT,2020,11.627907
Malta,MLT,2021,12.162163
Malta,MLT,2022,13.043479
Malta,MLT,2023,21.011675
Martinique,MTQ,2000,0
Martinique,MTQ,2001,0
Martinique,MTQ,2002,0.7407407
Martinique,MTQ,2003,0.71428573
Martinique,MTQ,2004,0.6896551
Martinique,MTQ,2005,0.6896551
Martinique,MTQ,2006,2
Martinique,MTQ,2007,2.0134227
Martinique,MTQ,2008,2.5974026
Martinique,MTQ,2009,2.5641026
Martinique,MTQ,2010,2.4691358
Martinique,MTQ,2011,3.164557
Martinique,MTQ,2012,6.25
Martinique,MTQ,2013,6.25
Martinique,MTQ,2014,6.410257
Martinique,MTQ,2015,6.962025
Martinique,MTQ,2016,6.875
Martinique,MTQ,2017,5.769231
Martinique,MTQ,2018,11.688312
Martinique,MTQ,2019,25.161291
Martinique,MTQ,2020,22.666666
Martinique,MTQ,2021,25.827814
Mauritania,MRT,2000,7.1428576
Mauritania,MRT,2001,6.382979
Mauritania,MRT,2002,5.6603775
Mauritania,MRT,2003,8
Mauritania,MRT,2004,7.4074073
Mauritania,MRT,2005,9.433963
Mauritania,MRT,2006,8.064516
Mauritania,MRT,2007,7.8125
Mauritania,MRT,2008,8.333333
Mauritania,MRT,2009,14.285715
Mauritania,MRT,2010,14.117646
Mauritania,MRT,2011,14.942529
Mauritania,MRT,2012,14.583334
Mauritania,MRT,2013,21.428572
Mauritania,MRT,2014,21.359224
Mauritania,MRT,2015,27.586208
Mauritania,MRT,2016,25
Mauritania,MRT,2017,24.444445
Mauritania,MRT,2018,29.655172
Mauritania,MRT,2019,29.48718
Mauritania,MRT,2020,29.268293
Mauritania,MRT,2021,30.674847
Mauritania,MRT,2022,30
Mauritius,MUS,2000,29.37853
Mauritius,MUS,2001,28.645834
Mauritius,MUS,2002,27.551022
Mauritius,MUS,2003,27.272728
Mauritius,MUS,2004,27.314812
Mauritius,MUS,2005,24.77876
Mauritius,MUS,2006,22.457626
Mauritius,MUS,2007,22.357723
Mauritius,MUS,2008,23.437502
Mauritius,MUS,2009,23.735409
Mauritius,MUS,2010,24.163568
Mauritius,MUS,2011,19.780222
Mauritius,MUS,2012,20.430107
Mauritius,MUS,2013,20.27972
Mauritius,MUS,2014,20.408165
Mauritius,MUS,2015,22.742476
Mauritius,MUS,2016,21.967213
Mauritius,MUS,2017,19.935692
Mauritius,MUS,2018,20.512821
Mauritius,MUS,2019,21.671827
Mauritius,MUS,2020,24.13793
Mauritius,MUS,2021,21.404682
Mauritius,MUS,2022,19.373219
Mexico,MEX,1985,31.253574
Mexico,MEX,1986,24.793179
Mexico,MEX,1987,22.326666
Mexico,MEX,1988,23.58453
Mexico,MEX,1989,25.324377
Mexico,MEX,1990,27.67541
Mexico,MEX,1991,25.435543
Mexico,MEX,1992,28.049162
Mexico,MEX,1993,28.29024
Mexico,MEX,1994,21.035624
Mexico,MEX,1995,28.244987
Mexico,MEX,1996,28.999657
Mexico,MEX,1997,25.619038
Mexico,MEX,1998,22.102468
Mexico,MEX,1999,25.68622
Mexico,MEX,2000,23.416168
Mexico,MEX,2001,20.668823
Mexico,MEX,2002,18.870811
Mexico,MEX,2003,16.59849
Mexico,MEX,2004,17.698288
Mexico,MEX,2005,18.824858
Mexico,MEX,2006,19.07122
Mexico,MEX,2007,17.57578
Mexico,MEX,2008,21.237328
Mexico,MEX,2009,16.955482
Mexico,MEX,2010,18.782206
Mexico,MEX,2011,18.970356
Mexico,MEX,2012,17.273954
Mexico,MEX,2013,17.309505
Mexico,MEX,2014,20.559145
Mexico,MEX,2015,19.026905
Mexico,MEX,2016,18.629477
Mexico,MEX,2017,19.040384
Mexico,MEX,2018,19.770971
Mexico,MEX,2019,19.937891
Mexico,MEX,2020,24.74059
Mexico,MEX,2021,28.5
Mexico,MEX,2022,27.232967
Mexico,MEX,2023,23.088243
Middle Africa (EI),,1985,93.90082
Middle Africa (EI),,1986,93.910446
Middle Africa (EI),,1987,93.7153
Middle Africa (EI),,1988,93.80739
Middle Africa (EI),,1989,95.84659
Middle Africa (EI),,1990,94.516045
Middle Africa (EI),,1991,94.06001
Middle Africa (EI),,1992,94.97874
Middle Africa (EI),,1993,95.05255
Middle Africa (EI),,1994,94.49943
Middle Africa (EI),,1995,94.75525
Middle Africa (EI),,1996,93.61225
Middle Africa (EI),,1997,91.73523
Middle Africa (EI),,1998,90.76122
Middle Africa (EI),,1999,89.7456
Middle Africa (EI),,2000,89.7218
Middle East (EI),,1985,5.6877437
Middle East (EI),,1986,5.6142855
Middle East (EI),,1987,6.4858704
Middle East (EI),,1988,6.245862
Middle East (EI),,1989,5.1937556
Middle East (EI),,1990,5.916399
Middle East (EI),,1991,4.4339557
Middle East (EI),,1992,6.2344046
Middle East (EI),,1993,6.267956
Middle East (EI),,1994,4.8721848
Middle East (EI),,1995,5.263788
Middle East (EI),,1996,5.0264316
Middle East (EI),,1997,4.0112405
Middle East (EI),,1998,4.0260396
Middle East (EI),,1999,2.6437502
Middle East (EI),,2000,2.25078
Middle East (EI),,2011,2.0810547
Middle East (EI),,2012,2.433767
Middle East (EI),,2013,2.8587384
Middle East (EI),,2014,2.3812912
Middle East (EI),,2015,1.9906453
Middle East (EI),,2016,2.600917
Middle East (EI),,2017,2.6115499
Middle East (EI),,2018,2.1834977
Middle East (EI),,2019,4.626206
Middle East (EI),,2020,4.168278
Middle East (EI),,2021,4.0388803
Middle East (EI),,2022,5.2894626
Middle East (EI),,2023,7.367731
Middle East (Ember),,2000,1.6977929
Middle East (Ember),,2001,1.6876975
Middle East (Ember),,2002,2.167638
Middle East (Ember),,2003,2.4745698
Middle East (Ember),,2004,2.9442744
Middle East (Ember),,2005,3.936674
Middle East (Ember),,2006,4.203922
Middle East (Ember),,2007,3.7562335
Middle East (Ember),,2008,1.8692794
Middle East (Ember),,2009,1.5817806
Middle East (Ember),,2010,2.1015315
Middle East (Ember),,2011,2.0523436
Middle East (Ember),,2012,2.4114256
Middle East (Ember),,2013,2.902588
Middle East (Ember),,2014,2.4114096
Middle East (Ember),,2015,2.0046246
Middle East (Ember),,2016,2.6053627
Middle East (Ember),,2017,2.626302
Middle East (Ember),,2018,2.1902092
Middle East (Ember),,2019,4.732466
Middle East (Ember),,2020,4.2623496
Middle East (Ember),,2021,4.19551
Middle East (Ember),,2022,4.559513
Middle East (Ember),,2023,4.957238
Moldova,MDA,2000,7.1559634
Moldova,MDA,2001,6.1538463
Moldova,MDA,2002,6.2056737
Moldova,MDA,2003,6.239168
Moldova,MDA,2004,6.0344825
Moldova,MDA,2005,6.030151
Moldova,MDA,2006,6.0855265
Moldova,MDA,2007,5.9625216
Moldova,MDA,2008,6.322795
Moldova,MDA,2009,5.654281
Moldova,MDA,2010,6.5466447
Moldova,MDA,2011,6.055363
Moldova,MDA,2012,4.6471605
Moldova,MDA,2013,6.873614
Moldova,MDA,2014,6.1452518
Moldova,MDA,2015,4.470199
Moldova,MDA,2016,4.1025643
Moldova,MDA,2017,6.25
Moldova,MDA,2018,5.947955
Moldova,MDA,2019,6.502636
Moldova,MDA,2020,5.825243
Moldova,MDA,2021,6.606607
Moldova,MDA,2022,9.210526
Moldova,MDA,2023,9.67742
Mongolia,MNG,2000,0
Mongolia,MNG,2001,0
Mongolia,MNG,2002,0
Mongolia,MNG,2003,0
Mongolia,MNG,2004,0
Mongolia,MNG,2005,0
Mongolia,MNG,2006,0
Mongolia,MNG,2007,0
Mongolia,MNG,2008,0.25
Mongolia,MNG,2009,0.7425743
Mongolia,MNG,2010,1.1574074
Mongolia,MNG,2011,1.3215859
Mongolia,MNG,2012,1.2474012
Mongolia,MNG,2013,2.3904383
Mongolia,MNG,2014,3.9033456
Mongolia,MNG,2015,3.9927404
Mongolia,MNG,2016,4.409171
Mongolia,MNG,2017,4.145937
Mongolia,MNG,2018,6.697108
Mongolia,MNG,2019,9.942363
Mongolia,MNG,2020,10.240964
Mongolia,MNG,2021,11.155914
Mongolia,MNG,2022,11.0256405
Mongolia,MNG,2023,10.74074
Montenegro,MNE,2005,65.1568
Montenegro,MNE,2006,59.322033
Montenegro,MNE,2007,59.81308
Montenegro,MNE,2008,54.41696
Montenegro,MNE,2009,75
Montenegro,MNE,2010,68.40796
Montenegro,MNE,2011,45.28302
Montenegro,MNE,2012,51.929825
Montenegro,MNE,2013,63.451775
Montenegro,MNE,2014,55.205048
Montenegro,MNE,2015,49.666668
Montenegro,MNE,2016,58.598724
Montenegro,MNE,2017,45.16129
Montenegro,MNE,2018,59.210526
Montenegro,MNE,2019,56.26822
Montenegro,MNE,2020,52.212387
Montenegro,MNE,2021,61.803715
Montenegro,MNE,2022,53.172207
Montenegro,MNE,2023,60.243904
Montserrat,MSR,2000,0
Montserrat,MSR,2001,0
Montserrat,MSR,2002,0
Montserrat,MSR,2003,0
Montserrat,MSR,2004,0
Montserrat,MSR,2005,0
Montserrat,MSR,2006,0
Montserrat,MSR,2007,0
Montserrat,MSR,2008,0
Montserrat,MSR,2009,0
Montserrat,MSR,2010,0
Montserrat,MSR,2011,0
Montserrat,MSR,2012,0
Montserrat,MSR,2013,0
Montserrat,MSR,2014,0
Montserrat,MSR,2015,0
Montserrat,MSR,2016,0
Montserrat,MSR,2017,0
Montserrat,MSR,2018,0
Montserrat,MSR,2019,0
Montserrat,MSR,2020,0
Montserrat,MSR,2021,0
Montserrat,MSR,2022,0
Morocco,MAR,1985,6.616746
Morocco,MAR,1986,8.281814
Morocco,MAR,1987,10.311211
Morocco,MAR,1988,10.418522
Morocco,MAR,1989,12.821364
Morocco,MAR,1990,12.671375
Morocco,MAR,1991,13.318849
Morocco,MAR,1992,9.918716
Morocco,MAR,1993,4.470232
Morocco,MAR,1994,7.3234525
Morocco,MAR,1995,5.0529275
Morocco,MAR,1996,15.60855
Morocco,MAR,1997,15.324062
Morocco,MAR,1998,13.70296
Morocco,MAR,1999,6.3978286
Morocco,MAR,2000,5.620438
Morocco,MAR,2001,6.8589745
Morocco,MAR,2002,6.821192
Morocco,MAR,2003,10.036719
Morocco,MAR,2004,10.246137
Morocco,MAR,2005,8.515057
Morocco,MAR,2006,8.958228
Morocco,MAR,2007,8.17674
Morocco,MAR,2008,8.206388
Morocco,MAR,2009,15.957954
Morocco,MAR,2010,18.774616
Morocco,MAR,2011,11.617405
Morocco,MAR,2012,9.619012
Morocco,MAR,2013,16.146994
Morocco,MAR,2014,14.102564
Morocco,MAR,2015,16.081577
Morocco,MAR,2016,16.4885
Morocco,MAR,2017,15.842204
Morocco,MAR,2018,19.8206
Morocco,MAR,2019,19.787024
Morocco,MAR,2020,19.175259
Morocco,MAR,2021,19.806295
Morocco,MAR,2022,18.184013
Morocco,MAR,2023,21.024067
Mozambique,MOZ,2000,99.895515
Mozambique,MOZ,2001,99.65986
Mozambique,MOZ,2002,99.76153
Mozambique,MOZ,2003,99.72196
Mozambique,MOZ,2004,99.56896
Mozambique,MOZ,2005,99.84791
Mozambique,MOZ,2006,99.862915
Mozambique,MOZ,2007,99.93715
Mozambique,MOZ,2008,99.9332
Mozambique,MOZ,2009,99.940445
Mozambique,MOZ,2010,99.88002
Mozambique,MOZ,2011,99.33695
Mozambique,MOZ,2012,99.2652
Mozambique,MOZ,2013,98.58776
Mozambique,MOZ,2014,98.65854
Mozambique,MOZ,2015,92.98151
Mozambique,MOZ,2016,82.71474
Mozambique,MOZ,2017,80.49887
Mozambique,MOZ,2018,81.79697
Mozambique,MOZ,2019,79.35756
Mozambique,MOZ,2020,83.49106
Mozambique,MOZ,2021,82.97985
Mozambique,MOZ,2022,82.38696
Myanmar,MMR,2000,36.666668
Myanmar,MMR,2001,38.543896
Myanmar,MMR,2002,41.61735
Myanmar,MMR,2003,38.376385
Myanmar,MMR,2004,42.959003
Myanmar,MMR,2005,49.83389
Myanmar,MMR,2006,53.883495
Myanmar,MMR,2007,56.5625
Myanmar,MMR,2008,61.48037
Myanmar,MMR,2009,75.466286
Myanmar,MMR,2010,71.809746
Myanmar,MMR,2011,72.09971
Myanmar,MMR,2012,71.326164
Myanmar,MMR,2013,72.55217
Myanmar,MMR,2014,62.960392
Myanmar,MMR,2015,59.506172
Myanmar,MMR,2016,55.187634
Myanmar,MMR,2017,53.326992
Myanmar,MMR,2018,58.1793
Myanmar,MMR,2019,56.26294
Myanmar,MMR,2020,48.668797
Myanmar,MMR,2021,49.374687
Myanmar,MMR,2022,49.386955
Myanmar,MMR,2023,58.512398
Namibia,NAM,2000,97.22222
Namibia,NAM,2001,100
Namibia,NAM,2002,99.300705
Namibia,NAM,2003,99.300705
Namibia,NAM,2004,99.27536
Namibia,NAM,2005,98.224846
Namibia,NAM,2006,93.78882
Namibia,NAM,2007,98.08917
Namibia,NAM,2008,88.53503
Namibia,NAM,2009,94.666664
Namibia,NAM,2010,96.18321
Namibia,NAM,2011,97.24138
Namibia,NAM,2012,97.00599
Namibia,NAM,2013,95.55556
Namibia,NAM,2014,99.346405
Namibia,NAM,2015,97.46835
Namibia,NAM,2016,95.945946
Namibia,NAM,2017,96.0452
Namibia,NAM,2018,98.581566
Namibia,NAM,2019,96.37681
Namibia,NAM,2020,96.5
Namibia,NAM,2021,97.35099
Namibia,NAM,2022,96.296295
Nauru,NRU,2000,0
Nauru,NRU,2001,0
Nauru,NRU,2002,0
Nauru,NRU,2003,0
Nauru,NRU,2004,0
Nauru,NRU,2005,0
Nauru,NRU,2006,0
Nauru,NRU,2007,0
Nauru,NRU,2008,0
Nauru,NRU,2009,0
Nauru,NRU,2010,0
Nauru,NRU,2011,0
Nauru,NRU,2012,0
Nauru,NRU,2013,0
Nauru,NRU,2014,0
Nauru,NRU,2015,0
Nauru,NRU,2016,0
Nauru,NRU,2017,0
Nauru,NRU,2018,0
Nauru,NRU,2019,0
Nauru,NRU,2020,0
Nauru,NRU,2021,0
Nauru,NRU,2022,0
Nepal,NPL,2000,98.181816
Nepal,NPL,2001,98.918915
Nepal,NPL,2002,100
Nepal,NPL,2003,100
Nepal,NPL,2004,99.58159
Nepal,NPL,2005,99.203186
Nepal,NPL,2006,99.632355
Nepal,NPL,2007,99.63899
Nepal,NPL,2008,99.64158
Nepal,NPL,2009,99.67532
Nepal,NPL,2010,100
Nepal,NPL,2011,100
Nepal,NPL,2012,99.433426
Nepal,NPL,2013,99.71429
Nepal,NPL,2014,100
Nepal,NPL,2015,100
Nepal,NPL,2016,100
Nepal,NPL,2017,100
Nepal,NPL,2018,100
Nepal,NPL,2019,100
Nepal,NPL,2020,100
Nepal,NPL,2021,100
Nepal,NPL,2022,100
Netherlands,NLD,1985,6.8963876
Netherlands,NLD,1986,7.105851
Netherlands,NLD,1987,6.225164
Netherlands,NLD,1988,6.5007033
Netherlands,NLD,1989,6.8129888
Netherlands,NLD,1990,6.110326
Netherlands,NLD,1991,5.818083
Netherlands,NLD,1992,6.3291144
Netherlands,NLD,1993,6.655246
Netherlands,NLD,1994,6.682852
Netherlands,NLD,1995,6.806217
Netherlands,NLD,1996,7.11312
Netherlands,NLD,1997,5.1938896
Netherlands,NLD,1998,6.85759
Netherlands,NLD,1999,7.4448094
Netherlands,NLD,2000,7.835567
Netherlands,NLD,2001,7.9118733
Netherlands,NLD,2002,8.336856
Netherlands,NLD,2003,8.358646
Netherlands,NLD,2004,9.136446
Netherlands,NLD,2005,11.630976
Netherlands,NLD,2006,11.823216
Netherlands,NLD,2007,11.371528
Netherlands,NLD,2008,12.898973
Netherlands,NLD,2009,13.422341
Netherlands,NLD,2010,12.836579
Netherlands,NLD,2011,14.612926
Netherlands,NLD,2012,16.016426
Netherlands,NLD,2013,14.906524
Netherlands,NLD,2014,15.416259
Netherlands,NLD,2015,16.304249
Netherlands,NLD,2016,16.444366
Netherlands,NLD,2017,17.950706
Netherlands,NLD,2018,19.79664
Netherlands,NLD,2019,22.249062
Netherlands,NLD,2020,30.190226
Netherlands,NLD,2021,36.551838
Netherlands,NLD,2022,43.706352
Netherlands,NLD,2023,51.10929
New Caledonia,NCL,2000,27.439024
New Caledonia,NCL,2001,21.511627
New Caledonia,NCL,2002,18.857143
New Caledonia,NCL,2003,18.285715
New Caledonia,NCL,2004,19.760479
New Caledonia,NCL,2005,19.148935
New Caledonia,NCL,2006,16.57754
New Caledonia,NCL,2007,22.279793
New Caledonia,NCL,2008,25.806452
New Caledonia,NCL,2009,22.164948
New Caledonia,NCL,2010,14.6226425
New Caledonia,NCL,2011,18.58407
New Caledonia,NCL,2012,20.087337
New Caledonia,NCL,2013,20.318726
New Caledonia,NCL,2014,11.627907
New Caledonia,NCL,2015,14.137931
New Caledonia,NCL,2016,9.235668
New Caledonia,NCL,2017,13.622291
New Caledonia,NCL,2018,12
New Caledonia,NCL,2019,15.835778
New Caledonia,NCL,2020,13.333333
New Caledonia,NCL,2021,16.911764
New Caledonia,NCL,2022,16.78832
New Zealand,NZL,1985,76.29749
New Zealand,NZL,1986,82.40133
New Zealand,NZL,1987,80.68693
New Zealand,NZL,1988,80.5822
New Zealand,NZL,1989,80.16134
New Zealand,NZL,1990,80.14338
New Zealand,NZL,1991,77.339325
New Zealand,NZL,1992,72.75511
New Zealand,NZL,1993,77.167366
New Zealand,NZL,1994,82.148926
New Zealand,NZL,1995,83.93446
New Zealand,NZL,1996,79.182655
New Zealand,NZL,1997,70.287834
New Zealand,NZL,1998,75.8403
New Zealand,NZL,1999,69.84938
New Zealand,NZL,2000,71.75533
New Zealand,NZL,2001,63.645622
New Zealand,NZL,2002,69.63442
New Zealand,NZL,2003,66.088684
New Zealand,NZL,2004,72.39177
New Zealand,NZL,2005,64.406784
New Zealand,NZL,2006,64.77695
New Zealand,NZL,2007,65.491005
New Zealand,NZL,2008,64.23139
New Zealand,NZL,2009,71.68801
New Zealand,NZL,2010,73.12119
New Zealand,NZL,2011,75.9918
New Zealand,NZL,2012,71.725716
New Zealand,NZL,2013,74.19204
New Zealand,NZL,2014,79.100655
New Zealand,NZL,2015,80.07803
New Zealand,NZL,2016,84.33372
New Zealand,NZL,2017,81.218506
New Zealand,NZL,2018,83.398125
New Zealand,NZL,2019,82.42286
New Zealand,NZL,2020,80.92273
New Zealand,NZL,2021,82.10432
New Zealand,NZL,2022,86.78434
New Zealand,NZL,2023,87.331535
Nicaragua,NIC,2000,21.491228
Nicaragua,NIC,2001,19.838057
Nicaragua,NIC,2002,25.09804
Nicaragua,NIC,2003,27.407408
Nicaragua,NIC,2004,28.11388
Nicaragua,NIC,2005,35.664337
Nicaragua,NIC,2006,30.031948
Nicaragua,NIC,2007,28.75
Nicaragua,NIC,2008,35.41667
Nicaragua,NIC,2009,30.724634
Nicaragua,NIC,2010,36.712326
Nicaragua,NIC,2011,33.85827
Nicaragua,NIC,2012,42.679897
Nicaragua,NIC,2013,52.278175
Nicaragua,NIC,2014,53.81166
Nicaragua,NIC,2015,50.108932
Nicaragua,NIC,2016,52.287582
Nicaragua,NIC,2017,55.97345
Nicaragua,NIC,2018,58.709675
Nicaragua,NIC,2019,56.9869
Nicaragua,NIC,2020,69.920845
Nicaragua,NIC,2021,69.12114
Nicaragua,NIC,2022,68.604645
Niger,NER,2000,0
Niger,NER,2001,0
Niger,NER,2002,0
Niger,NER,2003,0
Niger,NER,2004,0
Niger,NER,2005,0
Niger,NER,2006,0
Niger,NER,2007,0
Niger,NER,2008,0
Niger,NER,2009,0
Niger,NER,2010,0
Niger,NER,2011,0
Niger,NER,2012,0
Niger,NER,2013,0
Niger,NER,2014,2.2222223
Niger,NER,2015,1.8518518
Niger,NER,2016,1.4285715
Niger,NER,2017,1.7857143
Niger,NER,2018,8.77193
Niger,NER,2019,7.8125
Niger,NER,2020,7.5757575
Niger,NER,2021,6.6666665
Niger,NER,2022,6.329114
Nigeria,NGA,2000,38.26323
Nigeria,NGA,2001,38.267612
Nigeria,NGA,2002,38.23666
Nigeria,NGA,2003,36.93069
Nigeria,NGA,2004,33.429394
Nigeria,NGA,2005,33.036095
Nigeria,NGA,2006,27.119375
Nigeria,NGA,2007,27.142237
Nigeria,NGA,2008,27.13068
Nigeria,NGA,2009,22.940878
Nigeria,NGA,2010,24.41638
Nigeria,NGA,2011,21.782543
Nigeria,NGA,2012,19.798191
Nigeria,NGA,2013,18.562046
Nigeria,NGA,2014,16.697647
Nigeria,NGA,2015,19.505579
Nigeria,NGA,2016,22.468527
Nigeria,NGA,2017,24.193546
Nigeria,NGA,2018,23.196648
Nigeria,NGA,2019,25.634058
Nigeria,NGA,2020,22.09866
Nigeria,NGA,2021,22.212978
Nigeria,NGA,2022,21.660357
Nigeria,NGA,2023,20.541206
Non-OECD (EI),,1985,30.079472
Non-OECD (EI),,1986,29.138615
Non-OECD (EI),,1987,29.115883
Non-OECD (EI),,1988,29.955246
Non-OECD (EI),,1989,29.138119
Non-OECD (EI),,1990,29.138182
Non-OECD (EI),,1991,29.420958
Non-OECD (EI),,1992,29.300385
Non-OECD (EI),,1993,30.098682
Non-OECD (EI),,1994,30.493338
Non-OECD (EI),,1995,30.384975
Non-OECD (EI),,1996,29.859827
Non-OECD (EI),,1997,29.439884
Non-OECD (EI),,1998,29.54896
Non-OECD (EI),,1999,28.954582
Non-OECD (EI),,2000,28.624245
Non-OECD (EI),,2001,28.351118
Non-OECD (EI),,2002,27.572634
Non-OECD (EI),,2003,26.446941
Non-OECD (EI),,2004,26.92472
Non-OECD (EI),,2005,26.405611
Non-OECD (EI),,2006,25.825811
Non-OECD (EI),,2007,25.177315
Non-OECD (EI),,2008,25.87817
Non-OECD (EI),,2009,25.567804
Non-OECD (EI),,2010,25.47451
Non-OECD (EI),,2011,24.67547
Non-OECD (EI),,2012,25.322763
Non-OECD (EI),,2013,25.658802
Non-OECD (EI),,2014,26.1842
Non-OECD (EI),,2015,26.856676
Non-OECD (EI),,2016,27.764156
Non-OECD (EI),,2017,28.302095
Non-OECD (EI),,2018,28.958296
Non-OECD (EI),,2019,30.113672
Non-OECD (EI),,2020,31.429228
Non-OECD (EI),,2021,31.675589
Non-OECD (EI),,2022,32.940292
Non-OECD (EI),,2023,33.17166
North America,,1985,34.63481
North America,,1986,36.0104
North America,,1987,35.109676
North America,,1988,34.901417
North America,,1989,33.766296
North America,,1990,35.268097
North America,,1991,36.10912
North America,,1992,35.40207
North America,,1993,35.28646
North America,,1994,35.08958
North America,,1995,36.25078
North America,,1996,36.6026
North America,,1997,34.782257
North America,,1998,33.313274
North America,,1999,34.232147
North America,,2000,34.238914
North America,,2001,33.061066
North America,,2002,33.84362
North America,,2003,33.23637
North America,,2004,33.464622
North America,,2005,33.303173
North America,,2006,33.890137
North America,,2007,32.925644
North America,,2008,34.16832
North America,,2009,35.648033
North America,,2010,34.66898
North America,,2011,36.46285
North America,,2012,36.152363
North America,,2013,37.24648
North America,,2014,37.720333
North America,,2015,38.02227
North America,,2016,39.56897
North America,,2017,41.681023
North America,,2018,40.946335
North America,,2019,41.74251
North America,,2020,44.117958
North America,,2021,43.860023
North America,,2022,44.439064
North America (EI),,1985,34.97068
North America (EI),,1986,36.37114
North America (EI),,1987,35.46332
North America (EI),,1988,35.23529
North America (EI),,1989,34.100857
North America (EI),,1990,35.62533
North America (EI),,1991,36.465435
North America (EI),,1992,35.77206
North America (EI),,1993,35.644352
North America (EI),,1994,35.483486
North America (EI),,1995,36.672016
North America (EI),,1996,37.028553
North America (EI),,1997,35.21446
North America (EI),,1998,33.73419
North America (EI),,1999,34.66555
North America (EI),,2000,33.438618
North America (EI),,2001,32.512306
North America (EI),,2002,33.235195
North America (EI),,2003,32.620995
North America (EI),,2004,32.77202
North America (EI),,2005,32.5873
North America (EI),,2006,33.20916
North America (EI),,2007,32.282463
North America (EI),,2008,33.48078
North America (EI),,2009,35.01368
North America (EI),,2010,33.986954
North America (EI),,2011,35.804935
North America (EI),,2012,35.50243
North America (EI),,2013,36.596844
North America (EI),,2014,37.00937
North America (EI),,2015,37.290695
North America (EI),,2016,38.807762
North America (EI),,2017,40.82846
North America (EI),,2018,40.056732
North America (EI),,2019,40.987904
North America (EI),,2020,43.22181
North America (EI),,2021,42.997173
North America (EI),,2022,43.59265
North America (EI),,2023,43.573135
North America (Ember),,2000,35.024204
North America (Ember),,2001,33.987083
North America (Ember),,2002,34.905823
North America (Ember),,2003,34.407696
North America (Ember),,2004,34.56045
North America (Ember),,2005,34.35134
North America (Ember),,2006,35.01456
North America (Ember),,2007,34.058384
North America (Ember),,2008,35.171127
North America (Ember),,2009,37.0767
North America (Ember),,2010,35.8463
North America (Ember),,2011,37.860943
North America (Ember),,2012,37.61624
North America (Ember),,2013,38.79591
North America (Ember),,2014,39.123817
North America (Ember),,2015,39.55744
North America (Ember),,2016,41.282413
North America (Ember),,2017,43.493378
North America (Ember),,2018,42.651325
North America (Ember),,2019,43.616333
North America (Ember),,2020,45.67495
North America (Ember),,2021,45.121452
North America (Ember),,2022,45.829895
North America (Ember),,2023,46.02208
North Korea,PRK,2000,52.33161
North Korea,PRK,2001,52.21503
North Korea,PRK,2002,53.4588
North Korea,PRK,2003,55.555557
North Korea,PRK,2004,56.633118
North Korea,PRK,2005,57.092663
North Korea,PRK,2006,55.983864
North Korea,PRK,2007,61.47733
North Korea,PRK,2008,60.407635
North Korea,PRK,2009,52.95124
North Korea,PRK,2010,56.30038
North Korea,PRK,2011,62.625774
North Korea,PRK,2012,62.546814
North Korea,PRK,2013,62.67638
North Korea,PRK,2014,59.962757
North Korea,PRK,2015,52.456417
North Korea,PRK,2016,53.38093
North Korea,PRK,2017,50.49082
North Korea,PRK,2018,51.248993
North Korea,PRK,2019,46.331238
North Korea,PRK,2020,53.430355
North Korea,PRK,2021,63.23817
North Korea,PRK,2022,57.854576
North Macedonia,MKD,1990,8.521739
North Macedonia,MKD,1991,14.731369
North Macedonia,MKD,1992,14.003295
North Macedonia,MKD,1993,10.03861
North Macedonia,MKD,1994,11.616161
North Macedonia,MKD,1995,13.0505705
North Macedonia,MKD,1996,12.801205
North Macedonia,MKD,1997,13.372957
North Macedonia,MKD,1998,15.31915
North Macedonia,MKD,1999,20.26239
North Macedonia,MKD,2000,17.180616
North Macedonia,MKD,2001,9.89011
North Macedonia,MKD,2002,12.479474
North Macedonia,MKD,2003,20.356611
North Macedonia,MKD,2004,22.222223
North Macedonia,MKD,2005,21.46974
North Macedonia,MKD,2006,23.537802
North Macedonia,MKD,2007,15.538462
North Macedonia,MKD,2008,13.312203
North Macedonia,MKD,2009,18.6217
North Macedonia,MKD,2010,33.471073
North Macedonia,MKD,2011,21.153845
North Macedonia,MKD,2012,16.613419
North Macedonia,MKD,2013,26.108374
North Macedonia,MKD,2014,23.977695
North Macedonia,MKD,2015,35.929203
North Macedonia,MKD,2016,36.76732
North Macedonia,MKD,2017,23.035715
North Macedonia,MKD,2018,34.93761
North Macedonia,MKD,2019,22.82794
North Macedonia,MKD,2020,27.715355
North Macedonia,MKD,2021,29.582577
North Macedonia,MKD,2022,26.923079
North Macedonia,MKD,2023,32.45228
Norway,NOR,1985,99.12481
Norway,NOR,1986,98.9135
Norway,NOR,1987,99.05163
Norway,NOR,1988,98.96837
Norway,NOR,1989,99.35569
Norway,NOR,1990,99.79441
Norway,NOR,1991,99.80102
Norway,NOR,1992,99.82068
Norway,NOR,1993,99.79953
Norway,NOR,1994,99.643875
Norway,NOR,1995,99.65644
Norway,NOR,1996,99.503296
Norway,NOR,1997,99.57466
Norway,NOR,1998,99.62206
Norway,NOR,1999,99.558426
Norway,NOR,2000,99.71232
Norway,NOR,2001,99.52193
Norway,NOR,2002,99.58537
Norway,NOR,2003,99.40002
Norway,NOR,2004,99.35513
Norway,NOR,2005,99.468124
Norway,NOR,2006,99.32354
Norway,NOR,2007,99.1404
Norway,NOR,2008,99.40506
Norway,NOR,2009,96.57173
Norway,NOR,2010,95.7934
Norway,NOR,2011,96.80775
Norway,NOR,2012,98.22822
Norway,NOR,2013,97.95704
Norway,NOR,2014,97.91312
Norway,NOR,2015,97.95106
Norway,NOR,2016,98.05444
Norway,NOR,2017,98.11829
Norway,NOR,2018,98.01973
Norway,NOR,2019,97.93769
Norway,NOR,2020,98.51607
Norway,NOR,2021,99.31903
Norway,NOR,2022,98.65547
Norway,NOR,2023,98.54158
OECD (EI),,1985,38.812798
OECD (EI),,1986,39.93002
OECD (EI),,1987,39.94367
OECD (EI),,1988,40.277603
OECD (EI),,1989,38.908524
OECD (EI),,1990,39.312233
OECD (EI),,1991,39.880512
OECD (EI),,1992,39.760487
OECD (EI),,1993,40.73273
OECD (EI),,1994,39.8292
OECD (EI),,1995,40.651676
OECD (EI),,1996,40.614094
OECD (EI),,1997,40.017128
OECD (EI),,1998,39.2487
OECD (EI),,1999,39.39851
OECD (EI),,2000,38.604073
OECD (EI),,2001,38.284943
OECD (EI),,2002,38.15215
OECD (EI),,2003,36.871006
OECD (EI),,2004,37.64919
OECD (EI),,2005,37.280823
OECD (EI),,2006,37.702423
OECD (EI),,2007,36.39901
OECD (EI),,2008,37.163944
OECD (EI),,2009,38.688236
OECD (EI),,2010,38.643665
OECD (EI),,2011,38.758198
OECD (EI),,2012,37.95565
OECD (EI),,2013,39.233025
OECD (EI),,2014,40.170723
OECD (EI),,2015,40.993744
OECD (EI),,2016,41.581207
OECD (EI),,2017,42.557613
OECD (EI),,2018,43.11915
OECD (EI),,2019,44.84959
OECD (EI),,2020,47.009567
OECD (EI),,2021,46.923473
OECD (EI),,2022,46.99241
OECD (EI),,2023,49.269516
OECD (Ember),,2000,39.367943
OECD (Ember),,2001,38.96593
OECD (Ember),,2002,38.819046
OECD (Ember),,2003,37.559013
OECD (Ember),,2004,38.386517
OECD (Ember),,2005,38.03946
OECD (Ember),,2006,38.428642
OECD (Ember),,2007,37.066223
OECD (Ember),,2008,37.807896
OECD (Ember),,2009,39.356544
OECD (Ember),,2010,39.308018
OECD (Ember),,2011,39.37503
OECD (Ember),,2012,38.51277
OECD (Ember),,2013,39.82397
OECD (Ember),,2014,40.823227
OECD (Ember),,2015,41.641235
OECD (Ember),,2016,42.31333
OECD (Ember),,2017,43.341946
OECD (Ember),,2018,43.931816
OECD (Ember),,2019,45.645336
OECD (Ember),,2020,47.79069
OECD (Ember),,2021,47.733482
OECD (Ember),,2022,47.814693
OECD (Ember),,2023,49.964275
Oceania,,1985,23.738043
Oceania,,1986,24.338156
Oceania,,1987,23.005861
Oceania,,1988,22.994003
Oceania,,1989,21.992691
Oceania,,1990,22.126585
Oceania,,1991,22.126387
Oceania,,1992,20.957798
Oceania,,1993,21.892986
Oceania,,1994,22.295982
Oceania,,1995,22.22938
Oceania,,1996,21.246489
Oceania,,1997,19.126081
Oceania,,1998,19.212864
Oceania,,1999,17.974947
Oceania,,2000,18.064003
Oceania,,2001,16.30707
Oceania,,2002,17.64576
Oceania,,2003,17.20438
Oceania,,2004,18.529873
Oceania,,2005,17.807976
Oceania,,2006,17.644218
Oceania,,2007,17.332792
Oceania,,2008,16.633657
Oceania,,2009,17.684847
Oceania,,2010,18.656347
Oceania,,2011,21.447697
Oceania,,2012,21.129076
Oceania,,2013,23.097511
Oceania,,2014,22.92447
Oceania,,2015,23.713942
Oceania,,2016,25.758059
Oceania,,2017,24.546667
Oceania,,2018,27.795567
Oceania,,2019,29.249184
Oceania,,2020,31.871876
Oceania,,2021,36.01843
Oceania,,2022,40.03581
Oceania (Ember),,2000,18.064001
Oceania (Ember),,2001,16.30707
Oceania (Ember),,2002,17.64576
Oceania (Ember),,2003,17.20438
Oceania (Ember),,2004,18.529873
Oceania (Ember),,2005,17.807976
Oceania (Ember),,2006,17.64422
Oceania (Ember),,2007,17.332792
Oceania (Ember),,2008,16.633656
Oceania (Ember),,2009,17.684845
Oceania (Ember),,2010,18.65635
Oceania (Ember),,2011,21.447695
Oceania (Ember),,2012,21.129076
Oceania (Ember),,2013,23.097511
Oceania (Ember),,2014,22.924469
Oceania (Ember),,2015,23.713942
Oceania (Ember),,2016,25.758059
Oceania (Ember),,2017,24.54667
Oceania (Ember),,2018,27.795567
Oceania (Ember),,2019,29.249184
Oceania (Ember),,2020,31.871876
Oceania (Ember),,2021,36.01843
Oceania (Ember),,2022,40.035805
Oceania (Ember),,2023,42.519707
Oman,OMN,1985,0
Oman,OMN,1986,0
Oman,OMN,1987,0
Oman,OMN,1988,0
Oman,OMN,1989,0
Oman,OMN,1990,0
Oman,OMN,1991,0
Oman,OMN,1992,0
Oman,OMN,1993,0
Oman,OMN,1994,0
Oman,OMN,1995,0
Oman,OMN,1996,0
Oman,OMN,1997,0
Oman,OMN,1998,0
Oman,OMN,1999,0
Oman,OMN,2000,0
Oman,OMN,2001,0
Oman,OMN,2002,0
Oman,OMN,2003,0
Oman,OMN,2004,0
Oman,OMN,2005,0
Oman,OMN,2006,0
Oman,OMN,2007,0
Oman,OMN,2008,0
Oman,OMN,2009,0
Oman,OMN,2010,0
Oman,OMN,2011,0
Oman,OMN,2012,0
Oman,OMN,2013,0
Oman,OMN,2014,0
Oman,OMN,2015,0
Oman,OMN,2016,0
Oman,OMN,2017,0.05532503
Oman,OMN,2018,0.053008217
Oman,OMN,2019,0.051480055
Oman,OMN,2020,0.54488844
Oman,OMN,2021,0.62984496
Oman,OMN,2022,0.6271778
Oman,OMN,2023,0.6028132
Pakistan,PAK,1985,46.5321
Pakistan,PAK,1986,40.125443
Pakistan,PAK,1987,45.887737
Pakistan,PAK,1988,42.682507
Pakistan,PAK,1989,41.028587
Pakistan,PAK,1990,38.067287
Pakistan,PAK,1991,37.24194
Pakistan,PAK,1992,38.258846
Pakistan,PAK,1993,39.184853
Pakistan,PAK,1994,38.17944
Pakistan,PAK,1995,36.499046
Pakistan,PAK,1996,37.18536
Pakistan,PAK,1997,30.24496
Pakistan,PAK,1998,36.901546
Pakistan,PAK,1999,33.053123
Pakistan,PAK,2000,26.425028
Pakistan,PAK,2001,29.011232
Pakistan,PAK,2002,31.872774
Pakistan,PAK,2003,36.488792
Pakistan,PAK,2004,33.503956
Pakistan,PAK,2005,36.24154
Pakistan,PAK,2006,35.727924
Pakistan,PAK,2007,33.56214
Pakistan,PAK,2008,33.11472
Pakistan,PAK,2009,33.02466
Pakistan,PAK,2010,37.423313
Pakistan,PAK,2011,35.34746
Pakistan,PAK,2012,37.08461
Pakistan,PAK,2013,36.38444
Pakistan,PAK,2014,37.07719
Pakistan,PAK,2015,37.48559
Pakistan,PAK,2016,33.59642
Pakistan,PAK,2017,31.259588
Pakistan,PAK,2018,32.878624
Pakistan,PAK,2019,36.139248
Pakistan,PAK,2020,34.15333
Pakistan,PAK,2021,35.219128
Pakistan,PAK,2022,37.536343
Pakistan,PAK,2023,41.266685
Palestine,PSE,2000,0
Palestine,PSE,2001,0
Palestine,PSE,2002,0
Palestine,PSE,2003,0
Palestine,PSE,2004,0
Palestine,PSE,2005,0
Palestine,PSE,2006,0
Palestine,PSE,2007,0
Palestine,PSE,2008,0
Palestine,PSE,2009,0
Palestine,PSE,2010,0
Palestine,PSE,2011,0
Palestine,PSE,2012,0
Palestine,PSE,2013,0
Palestine,PSE,2014,0
Palestine,PSE,2015,1.923077
Palestine,PSE,2016,7.54717
Palestine,PSE,2017,9.090909
Palestine,PSE,2018,14.285715
Palestine,PSE,2019,14.814815
Palestine,PSE,2020,21.428572
Palestine,PSE,2021,22.47191
Palestine,PSE,2022,22.580645
Panama,PAN,2000,70.34765
Panama,PAN,2001,49.21875
Panama,PAN,2002,64.65028
Panama,PAN,2003,50.98743
Panama,PAN,2004,65.97222
Panama,PAN,2005,64.26117
Panama,PAN,2006,60.20067
Panama,PAN,2007,57.739937
Panama,PAN,2008,62.05288
Panama,PAN,2009,56.729378
Panama,PAN,2010,57.04607
Panama,PAN,2011,52.68542
Panama,PAN,2012,62.95006
Panama,PAN,2013,57.877098
Panama,PAN,2014,55.80645
Panama,PAN,2015,65.339806
Panama,PAN,2016,66.63603
Panama,PAN,2017,71.82971
Panama,PAN,2018,77.76786
Panama,PAN,2019,52.749138
Panama,PAN,2020,75.68556
Panama,PAN,2021,78.36499
Panama,PAN,2022,78.21857
Papua New Guinea,PNG,2000,42.396313
Papua New Guinea,PNG,2001,34.328358
Papua New Guinea,PNG,2002,32.05575
Papua New Guinea,PNG,2003,30.124224
Papua New Guinea,PNG,2004,26.780626
Papua New Guinea,PNG,2005,32.596684
Papua New Guinea,PNG,2006,33.82353
Papua New Guinea,PNG,2007,37.313435
Papua New Guinea,PNG,2008,36.65689
Papua New Guinea,PNG,2009,37.091988
Papua New Guinea,PNG,2010,35.612537
Papua New Guinea,PNG,2011,37.465565
Papua New Guinea,PNG,2012,36.72922
Papua New Guinea,PNG,2013,35.162094
Papua New Guinea,PNG,2014,33.411213
Papua New Guinea,PNG,2015,31.346577
Papua New Guinea,PNG,2016,29.769392
Papua New Guinea,PNG,2017,27.816093
Papua New Guinea,PNG,2018,26.315792
Papua New Guinea,PNG,2019,27.917622
Papua New Guinea,PNG,2020,28.87828
Papua New Guinea,PNG,2021,26.190477
Papua New Guinea,PNG,2022,25.05176
Paraguay,PRY,2000,100
Paraguay,PRY,2001,100
Paraguay,PRY,2002,100
Paraguay,PRY,2003,100
Paraguay,PRY,2004,100
Paraguay,PRY,2005,100
Paraguay,PRY,2006,100
Paraguay,PRY,2007,100
Paraguay,PRY,2008,100
Paraguay,PRY,2009,100
Paraguay,PRY,2010,100
Paraguay,PRY,2011,100
Paraguay,PRY,2012,100
Paraguay,PRY,2013,100
Paraguay,PRY,2014,99.98196
Paraguay,PRY,2015,100
Paraguay,PRY,2016,100
Paraguay,PRY,2017,100
Paraguay,PRY,2018,100
Paraguay,PRY,2019,100
Paraguay,PRY,2020,100
Paraguay,PRY,2021,100
Paraguay,PRY,2022,100
Paraguay,PRY,2023,100
Peru,PER,1985,78.86219
Peru,PER,1986,78.88477
Peru,PER,1987,78.63773
Peru,PER,1988,77.9147
Peru,PER,1989,77.5989
Peru,PER,1990,76.80331
Peru,PER,1991,80.27206
Peru,PER,1992,74.8514
Peru,PER,1993,80.416
Peru,PER,1994,81.09164
Peru,PER,2000,81.97791
Peru,PER,2001,85.55609
Peru,PER,2002,82.90132
Peru,PER,2003,81.68338
Peru,PER,2004,72.86598
Peru,PER,2005,72.27451
Peru,PER,2006,73.28216
Peru,PER,2007,66.72235
Peru,PER,2008,60.12951
Peru,PER,2009,60.601463
Peru,PER,2010,57.704098
Peru,PER,2011,56.76778
Peru,PER,2012,55.255257
Peru,PER,2013,53.941624
Peru,PER,2014,52.372623
Peru,PER,2015,52.72426
Peru,PER,2016,50.397057
Peru,PER,2017,58.60368
Peru,PER,2018,60.76433
Peru,PER,2019,60.38232
Peru,PER,2020,63.74834
Peru,PER,2021,61.810814
Peru,PER,2022,61.363636
Peru,PER,2023,58.86868
Philippines,PHL,1985,50.492752
Philippines,PHL,1986,55.260315
Philippines,PHL,1987,44.797146
Philippines,PHL,1988,46.810833
Philippines,PHL,1989,47.654404
Philippines,PHL,1990,45.42014
Philippines,PHL,1991,42.50848
Philippines,PHL,1992,39.195976
Philippines,PHL,1993,40.24606
Philippines,PHL,1994,39.99475
Philippines,PHL,1995,36.857006
Philippines,PHL,1996,36.95208
Philippines,PHL,1997,33.43468
Philippines,PHL,1998,33.62355
Philippines,PHL,1999,44.49218
Philippines,PHL,2000,42.891834
Philippines,PHL,2001,37.27949
Philippines,PHL,2002,35.637638
Philippines,PHL,2003,33.415188
Philippines,PHL,2004,33.732574
Philippines,PHL,2005,32.366978
Philippines,PHL,2006,36.033813
Philippines,PHL,2007,31.600134
Philippines,PHL,2008,33.90332
Philippines,PHL,2009,32.57429
Philippines,PHL,2010,26.295584
Philippines,PHL,2011,28.662327
Philippines,PHL,2012,28.453835
Philippines,PHL,2013,26.412336
Philippines,PHL,2014,25.611809
Philippines,PHL,2015,25.41262
Philippines,PHL,2016,24.209715
Philippines,PHL,2017,24.554895
Philippines,PHL,2018,23.370764
Philippines,PHL,2019,20.78657
Philippines,PHL,2020,21.2285
Philippines,PHL,2021,22.39917
Philippines,PHL,2022,21.829926
Philippines,PHL,2023,21.655674
Poland,POL,1985,1.6330947
Poland,POL,1986,1.3664162
Poland,POL,1987,1.2713172
Poland,POL,1988,1.3073299
Poland,POL,1989,1.1769234
Poland,POL,1990,1.1083837
Poland,POL,1991,1.130199
Poland,POL,1992,1.2396694
Poland,POL,1993,1.1762028
Poland,POL,1994,1.3354341
Poland,POL,1995,1.430135
Poland,POL,1996,1.4590268
Poland,POL,1997,1.5112815
Poland,POL,1998,1.7972579
Poland,POL,1999,1.6715478
Poland,POL,2000,1.6273223
Poland,POL,2001,1.9343168
Poland,POL,2002,1.943996
Poland,POL,2003,1.4999001
Poland,POL,2004,2.0978105
Poland,POL,2005,2.4792325
Poland,POL,2006,2.6695707
Poland,POL,2007,3.425435
Poland,POL,2008,4.278317
Poland,POL,2009,5.7603073
Poland,POL,2010,6.940103
Poland,POL,2011,8.061645
Poland,POL,2012,10.453306
Poland,POL,2013,10.416412
Poland,POL,2014,12.535522
Poland,POL,2015,13.810103
Poland,POL,2016,13.740964
Poland,POL,2017,14.201636
Poland,POL,2018,12.760432
Poland,POL,2019,15.598578
Poland,POL,2020,17.96373
Poland,POL,2021,17.09268
Poland,POL,2022,21.080929
Poland,POL,2023,27.146667
Portugal,PRT,1985,59.47619
Portugal,PRT,1986,44.804718
Portugal,PRT,1987,48.507572
Portugal,PRT,1988,57.29912
Portugal,PRT,1989,25.116282
Portugal,PRT,1990,34.6982
Portugal,PRT,1991,33.109016
Portugal,PRT,1992,18.622795
Portugal,PRT,1993,30.577173
Portugal,PRT,1994,37.371464
Portugal,PRT,1995,28.501976
Portugal,PRT,1996,46.14035
Portugal,PRT,1997,41.98879
Portugal,PRT,1998,36.51613
Portugal,PRT,1999,20.168459
Portugal,PRT,2000,29.784773
Portugal,PRT,2001,34.172817
Portugal,PRT,2002,21.361141
Portugal,PRT,2003,38.154778
Portugal,PRT,2004,27.551477
Portugal,PRT,2005,17.930885
Portugal,PRT,2006,32.47934
Portugal,PRT,2007,34.703487
Portugal,PRT,2008,32.289368
Portugal,PRT,2009,37.039288
Portugal,PRT,2010,53.01047
Portugal,PRT,2011,46.56238
Portugal,PRT,2012,42.627644
Portugal,PRT,2013,58.53029
Portugal,PRT,2014,60.945946
Portugal,PRT,2015,47.633945
Portugal,PRT,2016,54.69941
Portugal,PRT,2017,39.208195
Portugal,PRT,2018,50.402744
Portugal,PRT,2019,53.120155
Portugal,PRT,2020,58.591167
Portugal,PRT,2021,64.07964
Portugal,PRT,2022,59.62036
Portugal,PRT,2023,72.8164
Puerto Rico,PRI,2000,0.6864989
Puerto Rico,PRI,2001,0.58269835
Puerto Rico,PRI,2002,0.4749568
Puerto Rico,PRI,2003,0.4180602
Puerto Rico,PRI,2004,0.5797101
Puerto Rico,PRI,2005,0.56089747
Puerto Rico,PRI,2006,0.5606728
Puerto Rico,PRI,2007,0.6482982
Puerto Rico,PRI,2008,0.68817204
Puerto Rico,PRI,2009,0.7378472
Puerto Rico,PRI,2010,0.68817204
Puerto Rico,PRI,2011,0.6738545
Puerto Rico,PRI,2012,0.53811663
Puerto Rico,PRI,2013,1.3500931
Puerto Rico,PRI,2014,1.6619184
Puerto Rico,PRI,2015,1.8181819
Puerto Rico,PRI,2016,1.889535
Puerto Rico,PRI,2017,2.2588525
Puerto Rico,PRI,2018,1.3745705
Puerto Rico,PRI,2019,2.488089
Puerto Rico,PRI,2020,2.450719
Puerto Rico,PRI,2021,2.5857518
Puerto Rico,PRI,2022,2.586653
Qatar,QAT,1985,0
Qatar,QAT,1986,0
Qatar,QAT,1987,0
Qatar,QAT,1988,0
Qatar,QAT,1989,0
Qatar,QAT,1990,0
Qatar,QAT,1991,0
Qatar,QAT,1992,0
Qatar,QAT,1993,0
Qatar,QAT,1994,0
Qatar,QAT,1995,0
Qatar,QAT,1996,0
Qatar,QAT,1997,0
Qatar,QAT,1998,0
Qatar,QAT,1999,0
Qatar,QAT,2000,0
Qatar,QAT,2001,0
Qatar,QAT,2002,0
Qatar,QAT,2003,0
Qatar,QAT,2004,0
Qatar,QAT,2005,0
Qatar,QAT,2006,0
Qatar,QAT,2007,0
Qatar,QAT,2008,0
Qatar,QAT,2009,0
Qatar,QAT,2010,0
Qatar,QAT,2011,0
Qatar,QAT,2012,0.028735632
Qatar,QAT,2013,0.23021583
Qatar,QAT,2014,0.28350517
Qatar,QAT,2015,0.31227478
Qatar,QAT,2016,0.3063148
Qatar,QAT,2017,0.30634573
Qatar,QAT,2018,0.3121099
Qatar,QAT,2019,0.26
Qatar,QAT,2020,0.2834008
Qatar,QAT,2021,0.28963122
Qatar,QAT,2022,0.27752084
Qatar,QAT,2023,0.275786
Reunion,REU,2000,46.590908
Reunion,REU,2001,40.54054
Reunion,REU,2002,43.005184
Reunion,REU,2003,41.346157
Reunion,REU,2004,39.726025
Reunion,REU,2005,33.920704
Reunion,REU,2006,36.016953
Reunion,REU,2007,36.99187
Reunion,REU,2008,35.82677
Reunion,REU,2009,32.44275
Reunion,REU,2010,34.074074
Reunion,REU,2011,30.181818
Reunion,REU,2012,34.751774
Reunion,REU,2013,37.943268
Reunion,REU,2014,33.216785
Reunion,REU,2015,36.206894
Reunion,REU,2016,34.013603
Reunion,REU,2017,32.214764
Reunion,REU,2018,36.271187
Reunion,REU,2019,31.147541
Reunion,REU,2020,24.53826
Reunion,REU,2021,28.15534
Romania,ROU,1985,17.70169
Romania,ROU,1986,14.322055
Romania,ROU,1987,15.131142
Romania,ROU,1988,19.617111
Romania,ROU,1989,18.032722
Romania,ROU,1990,17.744946
Romania,ROU,1991,25.68662
Romania,ROU,1992,21.662655
Romania,ROU,1993,23.067196
Romania,ROU,1994,23.71003
Romania,ROU,1995,28.264183
Romania,ROU,1996,28.100935
Romania,ROU,1997,40.409027
Romania,ROU,1998,45.66899
Romania,ROU,1999,46.5425
Romania,ROU,2000,39.255234
Romania,ROU,2001,38.03922
Romania,ROU,2002,39.61779
Romania,ROU,2003,33.13275
Romania,ROU,2004,39.06499
Romania,ROU,2005,43.435024
Romania,ROU,2006,38.347187
Romania,ROU,2007,38.531513
Romania,ROU,2008,43.863705
Romania,ROU,2009,47.404064
Romania,ROU,2010,52.83019
Romania,ROU,2011,45.42071
Romania,ROU,2012,45.09737
Romania,ROU,2013,54.59701
Romania,ROU,2014,59.76587
Romania,ROU,2015,57.614986
Romania,ROU,2016,59.57645
Romania,ROU,2017,56.34246
Romania,ROU,2018,58.63899
Romania,ROU,2019,61.113003
Romania,ROU,2020,65.35049
Romania,ROU,2021,64.2418
Romania,ROU,2022,63.38878
Romania,ROU,2023,70.25587
Russia,RUS,1990,26.357018
Russia,RUS,1991,26.975536
Russia,RUS,1992,28.983389
Russia,RUS,1993,30.685658
Russia,RUS,1994,31.259577
Russia,RUS,1995,32.07413
Russia,RUS,1996,31.090336
Russia,RUS,1997,31.88816
Russia,RUS,1998,31.707846
Russia,RUS,1999,33.374577
Russia,RUS,2000,33.593464
Russia,RUS,2001,34.887295
Russia,RUS,2002,34.106007
Russia,RUS,2003,33.438107
Russia,RUS,2004,34.42929
Russia,RUS,2005,33.80323
Russia,RUS,2006,33.287304
Russia,RUS,2007,33.139294
Russia,RUS,2008,31.573076
Russia,RUS,2009,34.063034
Russia,RUS,2010,32.50708
Russia,RUS,2011,31.905657
Russia,RUS,2012,31.93674
Russia,RUS,2013,33.4394
Russia,RUS,2014,33.355576
Russia,RUS,2015,34.137043
Russia,RUS,2016,35.041294
Russia,RUS,2017,35.69563
Russia,RUS,2018,35.75402
Russia,RUS,2019,36.239
Russia,RUS,2020,39.815002
Russia,RUS,2021,38.254387
Russia,RUS,2022,36.746536
Russia,RUS,2023,36.03574
Rwanda,RWA,2000,62.5
Rwanda,RWA,2001,59.999996
Rwanda,RWA,2002,58.82353
Rwanda,RWA,2003,66.666664
Rwanda,RWA,2004,57.142857
Rwanda,RWA,2005,52.63158
Rwanda,RWA,2006,48.148148
Rwanda,RWA,2007,48
Rwanda,RWA,2008,55.172417
Rwanda,RWA,2009,51.612904
Rwanda,RWA,2010,39.285713
Rwanda,RWA,2011,42.857147
Rwanda,RWA,2012,46.153847
Rwanda,RWA,2013,40.540543
Rwanda,RWA,2014,48.780487
Rwanda,RWA,2015,56.862747
Rwanda,RWA,2016,50
Rwanda,RWA,2017,46.15385
Rwanda,RWA,2018,40.74074
Rwanda,RWA,2019,48.837208
Rwanda,RWA,2020,62.5
Rwanda,RWA,2021,58.163265
Rwanda,RWA,2022,54.081627
Saint Helena,SHN,2000,0
Saint Helena,SHN,2001,0
Saint Helena,SHN,2002,0
Saint Helena,SHN,2003,0
Saint Helena,SHN,2004,0
Saint Helena,SHN,2005,0
Saint Helena,SHN,2006,0
Saint Helena,SHN,2007,0
Saint Helena,SHN,2008,0
Saint Helena,SHN,2009,0
Saint Helena,SHN,2010,0
Saint Helena,SHN,2011,0
Saint Helena,SHN,2012,0
Saint Helena,SHN,2013,0
Saint Helena,SHN,2014,0
Saint Helena,SHN,2015,0
Saint Helena,SHN,2016,0
Saint Helena,SHN,2017,0
Saint Helena,SHN,2018,0
Saint Helena,SHN,2019,0
Saint Helena,SHN,2020,0
Saint Helena,SHN,2021,0
Saint Helena,SHN,2022,0
Saint Kitts and Nevis,KNA,2000,0
Saint Kitts and Nevis,KNA,2001,0
Saint Kitts and Nevis,KNA,2002,0
Saint Kitts and Nevis,KNA,2003,0
Saint Kitts and Nevis,KNA,2004,0
Saint Kitts and Nevis,KNA,2005,0
Saint Kitts and Nevis,KNA,2006,0
Saint Kitts and Nevis,KNA,2007,0
Saint Kitts and Nevis,KNA,2008,0
Saint Kitts and Nevis,KNA,2009,0
Saint Kitts and Nevis,KNA,2010,0
Saint Kitts and Nevis,KNA,2011,0
Saint Kitts and Nevis,KNA,2012,4.5454545
Saint Kitts and Nevis,KNA,2013,4.5454545
Saint Kitts and Nevis,KNA,2014,4.5454545
Saint Kitts and Nevis,KNA,2015,4.5454545
Saint Kitts and Nevis,KNA,2016,4.347826
Saint Kitts and Nevis,KNA,2017,0
Saint Kitts and Nevis,KNA,2018,4.347826
Saint Kitts and Nevis,KNA,2019,4.347826
Saint Kitts and Nevis,KNA,2020,4.5454545
Saint Kitts and Nevis,KNA,2021,4.5454545
Saint Kitts and Nevis,KNA,2022,4.5454545
Saint Lucia,LCA,2000,0
Saint Lucia,LCA,2001,0
Saint Lucia,LCA,2002,0
Saint Lucia,LCA,2003,0
Saint Lucia,LCA,2004,0
Saint Lucia,LCA,2005,0
Saint Lucia,LCA,2006,0
Saint Lucia,LCA,2007,0
Saint Lucia,LCA,2008,0
Saint Lucia,LCA,2009,0
Saint Lucia,LCA,2010,0
Saint Lucia,LCA,2011,0
Saint Lucia,LCA,2012,0
Saint Lucia,LCA,2013,0
Saint Lucia,LCA,2014,0
Saint Lucia,LCA,2015,0
Saint Lucia,LCA,2016,0
Saint Lucia,LCA,2017,0
Saint Lucia,LCA,2018,0
Saint Lucia,LCA,2019,0
Saint Lucia,LCA,2020,0
Saint Lucia,LCA,2021,0
Saint Lucia,LCA,2022,0
Saint Pierre and Miquelon,SPM,2000,0
Saint Pierre and Miquelon,SPM,2001,0
Saint Pierre and Miquelon,SPM,2002,0
Saint Pierre and Miquelon,SPM,2003,0
Saint Pierre and Miquelon,SPM,2004,0
Saint Pierre and Miquelon,SPM,2005,0
Saint Pierre and Miquelon,SPM,2006,0
Saint Pierre and Miquelon,SPM,2007,0
Saint Pierre and Miquelon,SPM,2008,0
Saint Pierre and Miquelon,SPM,2009,0
Saint Pierre and Miquelon,SPM,2010,0
Saint Pierre and Miquelon,SPM,2011,0
Saint Pierre and Miquelon,SPM,2012,0
Saint Pierre and Miquelon,SPM,2013,0
Saint Pierre and Miquelon,SPM,2014,0
Saint Pierre and Miquelon,SPM,2015,0
Saint Pierre and Miquelon,SPM,2016,0
Saint Pierre and Miquelon,SPM,2017,0
Saint Pierre and Miquelon,SPM,2018,0
Saint Pierre and Miquelon,SPM,2019,0
Saint Pierre and Miquelon,SPM,2020,0
Saint Pierre and Miquelon,SPM,2021,0
Saint Pierre and Miquelon,SPM,2022,0
Saint Vincent and the Grenadines,VCT,2000,30
Saint Vincent and the Grenadines,VCT,2001,20
Saint Vincent and the Grenadines,VCT,2002,20
Saint Vincent and the Grenadines,VCT,2003,18.181818
Saint Vincent and the Grenadines,VCT,2004,25
Saint Vincent and the Grenadines,VCT,2005,21.428572
Saint Vincent and the Grenadines,VCT,2006,15.384616
Saint Vincent and the Grenadines,VCT,2007,14.285714
Saint Vincent and the Grenadines,VCT,2008,14.285714
Saint Vincent and the Grenadines,VCT,2009,14.285714
Saint Vincent and the Grenadines,VCT,2010,20
Saint Vincent and the Grenadines,VCT,2011,21.428572
Saint Vincent and the Grenadines,VCT,2012,20
Saint Vincent and the Grenadines,VCT,2013,14.285714
Saint Vincent and the Grenadines,VCT,2014,7.142857
Saint Vincent and the Grenadines,VCT,2015,13.333333
Saint Vincent and the Grenadines,VCT,2016,12.5
Saint Vincent and the Grenadines,VCT,2017,13.333333
Saint Vincent and the Grenadines,VCT,2018,13.333333
Saint Vincent and the Grenadines,VCT,2019,13.333333
Saint Vincent and the Grenadines,VCT,2020,23.529411
Saint Vincent and the Grenadines,VCT,2021,23.529411
Saint Vincent and the Grenadines,VCT,2022,23.529411
Samoa,WSM,2000,50
Samoa,WSM,2001,50
Samoa,WSM,2002,54.545456
Samoa,WSM,2003,50
Samoa,WSM,2004,45.454544
Samoa,WSM,2005,45.454544
Samoa,WSM,2006,41.666668
Samoa,WSM,2007,41.666668
Samoa,WSM,2008,45.454544
Samoa,WSM,2009,38.46154
Samoa,WSM,2010,41.666668
Samoa,WSM,2011,38.46154
Samoa,WSM,2012,36.363636
Samoa,WSM,2013,25
Samoa,WSM,2014,23.076923
Samoa,WSM,2015,30.769232
Samoa,WSM,2016,33.333332
Samoa,WSM,2017,31.25
Samoa,WSM,2018,40
Samoa,WSM,2019,37.5
Samoa,WSM,2020,35.294117
Samoa,WSM,2021,40
Samoa,WSM,2022,31.578947
Sao Tome and Principe,STP,2000,33.333336
Sao Tome and Principe,STP,2001,0
Sao Tome and Principe,STP,2002,25
Sao Tome and Principe,STP,2003,25
Sao Tome and Principe,STP,2004,25
Sao Tome and Principe,STP,2005,0
Sao Tome and Principe,STP,2006,20
Sao Tome and Principe,STP,2007,20
Sao Tome and Principe,STP,2008,20
Sao Tome and Principe,STP,2009,16.666668
Sao Tome and Principe,STP,2010,0
Sao Tome and Principe,STP,2011,14.285714
Sao Tome and Principe,STP,2012,12.5
Sao Tome and Principe,STP,2013,14.285714
Sao Tome and Principe,STP,2014,12.5
Sao Tome and Principe,STP,2015,10
Sao Tome and Principe,STP,2016,9.090909
Sao Tome and Principe,STP,2017,0
Sao Tome and Principe,STP,2018,0
Sao Tome and Principe,STP,2019,9.090909
Sao Tome and Principe,STP,2020,9.090909
Sao Tome and Principe,STP,2021,9.090909
Sao Tome and Principe,STP,2022,7.142857
Saudi Arabia,SAU,1985,0
Saudi Arabia,SAU,1986,0
Saudi Arabia,SAU,1987,0
Saudi Arabia,SAU,1988,0
Saudi Arabia,SAU,1989,0
Saudi Arabia,SAU,1990,0
Saudi Arabia,SAU,1991,0
Saudi Arabia,SAU,1992,0
Saudi Arabia,SAU,1993,0
Saudi Arabia,SAU,1994,0
Saudi Arabia,SAU,1995,0
Saudi Arabia,SAU,1996,0
Saudi Arabia,SAU,1997,0
Saudi Arabia,SAU,1998,0
Saudi Arabia,SAU,1999,0
Saudi Arabia,SAU,2000,0
Saudi Arabia,SAU,2001,0
Saudi Arabia,SAU,2002,0
Saudi Arabia,SAU,2003,0
Saudi Arabia,SAU,2004,0
Saudi Arabia,SAU,2005,0
Saudi Arabia,SAU,2006,0
Saudi Arabia,SAU,2007,0
Saudi Arabia,SAU,2008,0
Saudi Arabia,SAU,2009,0
Saudi Arabia,SAU,2010,0
Saudi Arabia,SAU,2011,0.003858769
Saudi Arabia,SAU,2012,0.010652274
Saudi Arabia,SAU,2013,0.013572204
Saudi Arabia,SAU,2014,0.015234613
Saudi Arabia,SAU,2015,0.014259639
Saudi Arabia,SAU,2016,0.013979757
Saudi Arabia,SAU,2017,0.017721968
Saudi Arabia,SAU,2018,0.04269285
Saudi Arabia,SAU,2019,0.0581165
Saudi Arabia,SAU,2020,0.057757944
Saudi Arabia,SAU,2021,0.21377309
Saudi Arabia,SAU,2022,0.20916855
Saudi Arabia,SAU,2023,1.3643216
Senegal,SEN,2000,3.3557048
Senegal,SEN,2001,3.3519554
Senegal,SEN,2002,12.5
Senegal,SEN,2003,16.309013
Senegal,SEN,2004,13.80753
Senegal,SEN,2005,11.6981125
Senegal,SEN,2006,10.60606
Senegal,SEN,2007,7.857143
Senegal,SEN,2008,9.121622
Senegal,SEN,2009,9.508197
Senegal,SEN,2010,9.907121
Senegal,SEN,2011,10.0303955
Senegal,SEN,2012,9.392265
Senegal,SEN,2013,9.711287
Senegal,SEN,2014,9.090909
Senegal,SEN,2015,9.009009
Senegal,SEN,2016,8.995815
Senegal,SEN,2017,11.228813
Senegal,SEN,2018,14.17004
Senegal,SEN,2019,13.402061
Senegal,SEN,2020,16.831684
Senegal,SEN,2021,20.270271
Senegal,SEN,2022,25.773195
Serbia,SRB,1990,20.824951
Serbia,SRB,1991,26.708399
Serbia,SRB,1992,28.13036
Serbia,SRB,1993,28.75732
Serbia,SRB,1994,30.36566
Serbia,SRB,1995,32.36187
Serbia,SRB,1996,36.993343
Serbia,SRB,1997,31.206465
Serbia,SRB,1998,30.86317
Serbia,SRB,1999,37.729282
Serbia,SRB,2000,31.844778
Serbia,SRB,2001,31.891893
Serbia,SRB,2002,30.953793
Serbia,SRB,2003,26.327946
Serbia,SRB,2004,29.503849
Serbia,SRB,2005,32.976974
Serbia,SRB,2006,30.06303
Serbia,SRB,2007,27.469221
Serbia,SRB,2008,27.053785
Serbia,SRB,2009,29.07857
Serbia,SRB,2010,32.992126
Serbia,SRB,2011,23.944027
Serbia,SRB,2012,26.949198
Serbia,SRB,2013,27.25677
Serbia,SRB,2014,34.204346
Serbia,SRB,2015,28.231915
Serbia,SRB,2016,29.461107
Serbia,SRB,2017,26.700865
Serbia,SRB,2018,31.133085
Serbia,SRB,2019,29.920214
Serbia,SRB,2020,28.801054
Serbia,SRB,2021,34.841747
Serbia,SRB,2022,29.318497
Serbia,SRB,2023,35.909206
Seychelles,SYC,2000,0
Seychelles,SYC,2001,0
Seychelles,SYC,2002,0
Seychelles,SYC,2003,0
Seychelles,SYC,2004,0
Seychelles,SYC,2005,0
Seychelles,SYC,2006,0
Seychelles,SYC,2007,0
Seychelles,SYC,2008,0
Seychelles,SYC,2009,0
Seychelles,SYC,2010,0
Seychelles,SYC,2011,0
Seychelles,SYC,2012,0
Seychelles,SYC,2013,2.2727273
Seychelles,SYC,2014,2.2222223
Seychelles,SYC,2015,2.173913
Seychelles,SYC,2016,2
Seychelles,SYC,2017,1.9607843
Seychelles,SYC,2018,1.923077
Seychelles,SYC,2019,7.017544
Seychelles,SYC,2020,11.864408
Seychelles,SYC,2021,13.333333
Seychelles,SYC,2022,14.516129
Sierra Leone,SLE,2000,11.111111
Sierra Leone,SLE,2001,7.692308
Sierra Leone,SLE,2002,12.5
Sierra Leone,SLE,2003,13.333333
Sierra Leone,SLE,2004,16.666668
Sierra Leone,SLE,2005,25
Sierra Leone,SLE,2006,0
Sierra Leone,SLE,2007,33.333336
Sierra Leone,SLE,2008,33.333336
Sierra Leone,SLE,2009,33.333336
Sierra Leone,SLE,2010,85.71429
Sierra Leone,SLE,2011,88.2353
Sierra Leone,SLE,2012,66.666664
Sierra Leone,SLE,2013,62.5
Sierra Leone,SLE,2014,80
Sierra Leone,SLE,2015,75
Sierra Leone,SLE,2016,61.904762
Sierra Leone,SLE,2017,60.869564
Sierra Leone,SLE,2018,66.666664
Sierra Leone,SLE,2019,95
Sierra Leone,SLE,2020,95
Sierra Leone,SLE,2021,95
Sierra Leone,SLE,2022,95
Singapore,SGP,1985,0
Singapore,SGP,1986,0.8036685
Singapore,SGP,1987,0.71949756
Singapore,SGP,1988,0.65296715
Singapore,SGP,1989,0.6054605
Singapore,SGP,1990,0.54425776
Singapore,SGP,1991,1.4762061
Singapore,SGP,1992,1.3965604
Singapore,SGP,1993,1.2920306
Singapore,SGP,1994,1.1849831
Singapore,SGP,1995,1.1107384
Singapore,SGP,1996,1.0247016
Singapore,SGP,1997,0.9172801
Singapore,SGP,1998,0.86344224
Singapore,SGP,1999,0.8299458
Singapore,SGP,2000,1.5472056
Singapore,SGP,2001,2.0871143
Singapore,SGP,2002,2.221581
Singapore,SGP,2003,2.8029444
Singapore,SGP,2004,2.6072786
Singapore,SGP,2005,2.5117738
Singapore,SGP,2006,2.4056723
Singapore,SGP,2007,2.4070022
Singapore,SGP,2008,2.4958005
Singapore,SGP,2009,2.5119617
Singapore,SGP,2010,2.6014106
Singapore,SGP,2011,2.6086957
Singapore,SGP,2012,2.7055817
Singapore,SGP,2013,3.523035
Singapore,SGP,2014,2.7991886
Singapore,SGP,2015,2.9037392
Singapore,SGP,2016,2.9075403
Singapore,SGP,2017,2.888294
Singapore,SGP,2018,2.812913
Singapore,SGP,2019,2.7890654
Singapore,SGP,2020,2.8076127
Singapore,SGP,2021,2.9037461
Singapore,SGP,2022,4.093465
Singapore,SGP,2023,4.535147
Slovakia,SVK,1985,51.09304
Slovakia,SVK,1986,55.407978
Slovakia,SVK,1987,56.90042
Slovakia,SVK,1988,57.42003
Slovakia,SVK,1989,58.658077
Slovakia,SVK,1990,54.60965
Slovakia,SVK,1991,53.998352
Slovakia,SVK,1992,55.895008
Slovakia,SVK,1993,62.203743
Slovakia,SVK,1994,66.58814
Slovakia,SVK,1995,61.748013
Slovakia,SVK,1996,60.801258
Slovakia,SVK,1997,60.42332
Slovakia,SVK,1998,60.86281
Slovakia,SVK,1999,62.575596
Slovakia,SVK,2000,68.551
Slovakia,SVK,2001,69.70459
Slovakia,SVK,2002,72.62275
Slovakia,SVK,2003,69.20594
Slovakia,SVK,2004,69.468155
Slovakia,SVK,2005,71.506065
Slovakia,SVK,2006,73.024
Slovakia,SVK,2007,72.74686
Slovakia,SVK,2008,74.111496
Slovakia,SVK,2009,73.2742
Slovakia,SVK,2010,74.726875
Slovakia,SVK,2011,72.17114
Slovakia,SVK,2012,74.06361
Slovakia,SVK,2013,77.47369
Slovakia,SVK,2014,80.1327
Slovakia,SVK,2015,79.639366
Slovakia,SVK,2016,79.850746
Slovakia,SVK,2017,78.84756
Slovakia,SVK,2018,77.45686
Slovakia,SVK,2019,77.738396
Slovakia,SVK,2020,78.18309
Slovakia,SVK,2021,75.757576
Slovakia,SVK,2022,81.914085
Slovakia,SVK,2023,84.81269
Slovenia,SVN,1990,60.852093
Slovenia,SVN,1991,67.18996
Slovenia,SVN,1992,59.886547
Slovenia,SVN,1993,58.577408
Slovenia,SVN,1994,62.141193
Slovenia,SVN,1995,62.248062
Slovenia,SVN,1996,63.754787
Slovenia,SVN,1997,61.53262
Slovenia,SVN,1998,61.880466
Slovenia,SVN,1999,63.87632
Slovenia,SVN,2000,63.629684
Slovenia,SVN,2001,63.052486
Slovenia,SVN,2002,61.232872
Slovenia,SVN,2003,59.942154
Slovenia,SVN,2004,63.326782
Slovenia,SVN,2005,62.541367
Slovenia,SVN,2006,61.21774
Slovenia,SVN,2007,60.37234
Slovenia,SVN,2008,64.472885
Slovenia,SVN,2009,64.91763
Slovenia,SVN,2010,64.02214
Slovenia,SVN,2011,63.442215
Slovenia,SVN,2012,63.408356
Slovenia,SVN,2013,65.88608
Slovenia,SVN,2014,75.62682
Slovenia,SVN,2015,67.567566
Slovenia,SVN,2016,66.42021
Slovenia,SVN,2017,66.853584
Slovenia,SVN,2018,68.23821
Slovenia,SVN,2019,68.34487
Slovenia,SVN,2020,70.633514
Slovenia,SVN,2021,71.5202
Slovenia,SVN,2022,72.45509
Slovenia,SVN,2023,75.82129
Solomon Islands,SLB,2000,0
Solomon Islands,SLB,2001,0
Solomon Islands,SLB,2002,0
Solomon Islands,SLB,2003,0
Solomon Islands,SLB,2004,0
Solomon Islands,SLB,2005,0
Solomon Islands,SLB,2006,0
Solomon Islands,SLB,2007,0
Solomon Islands,SLB,2008,0
Solomon Islands,SLB,2009,0
Solomon Islands,SLB,2010,0
Solomon Islands,SLB,2011,0
Solomon Islands,SLB,2012,0
Solomon Islands,SLB,2013,0
Solomon Islands,SLB,2014,0
Solomon Islands,SLB,2015,0
Solomon Islands,SLB,2016,0
Solomon Islands,SLB,2017,0
Solomon Islands,SLB,2018,0
Solomon Islands,SLB,2019,0
Solomon Islands,SLB,2020,0
Solomon Islands,SLB,2021,0
Solomon Islands,SLB,2022,0
Somalia,SOM,2000,0
Somalia,SOM,2001,0
Somalia,SOM,2002,0
Somalia,SOM,2003,0
Somalia,SOM,2004,0
Somalia,SOM,2005,0
Somalia,SOM,2006,0
Somalia,SOM,2007,0
Somalia,SOM,2008,0
Somalia,SOM,2009,0
Somalia,SOM,2010,0
Somalia,SOM,2011,0
Somalia,SOM,2012,0
Somalia,SOM,2013,0
Somalia,SOM,2014,0
Somalia,SOM,2015,0
Somalia,SOM,2016,2.7777777
Somalia,SOM,2017,5.4054055
Somalia,SOM,2018,5.4054055
Somalia,SOM,2019,5.4054055
Somalia,SOM,2020,8.108108
Somalia,SOM,2021,10.526316
Somalia,SOM,2022,10.526316
South Africa,ZAF,1985,4.1389356
South Africa,ZAF,1986,7.0331426
South Africa,ZAF,1987,5.108516
South Africa,ZAF,1988,8.634699
South Africa,ZAF,1989,8.483156
South Africa,ZAF,1990,5.656418
South Africa,ZAF,1991,6.608998
South Africa,ZAF,1992,5.972991
South Africa,ZAF,1993,4.23626
South Africa,ZAF,1994,5.9282293
South Africa,ZAF,1995,6.3378963
South Africa,ZAF,1996,6.5739756
South Africa,ZAF,1997,7.0758977
South Africa,ZAF,1998,7.5116615
South Africa,ZAF,1999,6.7779245
South Africa,ZAF,2000,6.93027
South Africa,ZAF,2001,6.125654
South Africa,ZAF,2002,6.5920115
South Africa,ZAF,2003,5.942877
South Africa,ZAF,2004,6.0218306
South Africa,ZAF,2005,5.3403015
South Africa,ZAF,2006,5.26772
South Africa,ZAF,2007,5.5599837
South Africa,ZAF,2008,5.7145066
South Africa,ZAF,2009,5.9144096
South Africa,ZAF,2010,5.828197
South Africa,ZAF,2011,6.2809477
South Africa,ZAF,2012,5.6371884
South Africa,ZAF,2013,6.2348714
South Africa,ZAF,2014,7.100801
South Africa,ZAF,2015,7.631789
South Africa,ZAF,2016,9.270163
South Africa,ZAF,2017,10.421234
South Africa,ZAF,2018,9.398042
South Africa,ZAF,2019,10.274379
South Africa,ZAF,2020,9.984966
South Africa,ZAF,2021,12.373624
South Africa,ZAF,2022,14.017008
South Africa,ZAF,2023,16.527262
South America,,1985,80.11737
South America,,1986,78.80333
South America,,1987,80.56727
South America,,1988,79.067184
South America,,1989,79.04059
South America,,1990,81.17488
South America,,1991,81.92251
South America,,1992,81.82802
South America,,1993,82.63204
South America,,1994,83.64195
South America,,1995,82.14122
South America,,1996,81.12938
South America,,1997,81.362076
South America,,1998,79.884056
South America,,1999,77.74506
South America,,2000,78.944824
South America,,2001,77.52441
South America,,2002,78.4798
South America,,2003,78.38035
South America,,2004,76.33884
South America,,2005,77.11658
South America,,2006,77.4328
South America,,2007,76.37645
South America,,2008,74.09897
South America,,2009,75.869835
South America,,2010,72.82827
South America,,2011,74.55475
South America,,2012,70.31767
South America,,2013,66.68923
South America,,2014,64.607834
South America,,2015,64.66168
South America,,2016,67.25516
South America,,2017,69.321045
South America,,2018,71.218765
South America,,2019,71.134735
South America,,2020,73.160286
South America,,2021,70.14538
South America,,2022,76.513054
South Korea,KOR,1985,31.803408
South Korea,KOR,1986,45.093037
South Korea,KOR,1987,53.930016
South Korea,KOR,1988,45.202908
South Korea,KOR,1989,48.569187
South Korea,KOR,1990,48.599632
South Korea,KOR,1991,45.433475
South Korea,KOR,1992,40.71972
South Korea,KOR,1993,38.52278
South Korea,KOR,1994,33.266888
South Korea,KOR,1995,34.410114
South Korea,KOR,1996,33.985455
South Korea,KOR,1997,32.435402
South Korea,KOR,1998,39.643097
South Korea,KOR,1999,40.93823
South Korea,KOR,2000,38.93269
South Korea,KOR,2001,36.972374
South Korea,KOR,2002,36.905514
South Korea,KOR,2003,38.7555
South Korea,KOR,2004,36.78333
South Korea,KOR,2005,38.732124
South Korea,KOR,2006,37.899204
South Korea,KOR,2007,34.648926
South Korea,KOR,2008,35.109917
South Korea,KOR,2009,33.67886
South Korea,KOR,2010,31.167807
South Korea,KOR,2011,31.220089
South Korea,KOR,2012,29.676205
South Korea,KOR,2013,27.542492
South Korea,KOR,2014,31.065176
South Korea,KOR,2015,32.561153
South Korea,KOR,2016,31.815752
South Korea,KOR,2017,29.284712
South Korea,KOR,2018,26.825771
South Korea,KOR,2019,30.017042
South Korea,KOR,2020,34.06224
South Korea,KOR,2021,33.369328
South Korea,KOR,2022,36.637703
South Korea,KOR,2023,38.331787
South Sudan,SSD,2012,0
South Sudan,SSD,2013,0
South Sudan,SSD,2014,0
South Sudan,SSD,2015,0
South Sudan,SSD,2016,0
South Sudan,SSD,2017,0
South Sudan,SSD,2018,1.8181818
South Sudan,SSD,2019,1.7857143
South Sudan,SSD,2020,1.7857143
South Sudan,SSD,2021,3.448276
South Sudan,SSD,2022,3.2258065
South and Central America (EI),,1985,73.09068
South and Central America (EI),,1986,72.318474
South and Central America (EI),,1987,73.72799
South and Central America (EI),,1988,72.72072
South and Central America (EI),,1989,72.63149
South and Central America (EI),,1990,74.45697
South and Central America (EI),,1991,75.40036
South and Central America (EI),,1992,74.768074
South and Central America (EI),,1993,75.90028
South and Central America (EI),,1994,76.386086
South and Central America (EI),,1995,74.94173
South and Central America (EI),,1996,74.33755
South and Central America (EI),,1997,74.292625
South and Central America (EI),,1998,72.617195
South and Central America (EI),,1999,70.91979
South and Central America (EI),,2000,71.38568
South and Central America (EI),,2001,69.56394
South and Central America (EI),,2002,70.599976
South and Central America (EI),,2003,70.45044
South and Central America (EI),,2004,69.31869
South and Central America (EI),,2005,69.830635
South and Central America (EI),,2006,70.11508
South and Central America (EI),,2007,69.52251
South and Central America (EI),,2008,68.11276
South and Central America (EI),,2009,69.371475
South and Central America (EI),,2010,67.15629
South and Central America (EI),,2011,68.629616
South and Central America (EI),,2012,65.574
South and Central America (EI),,2013,62.50436
South and Central America (EI),,2014,61.08039
South and Central America (EI),,2015,60.912666
South and Central America (EI),,2016,63.38234
South and Central America (EI),,2017,66.15519
South and Central America (EI),,2018,68.37888
South and Central America (EI),,2019,68.28679
South and Central America (EI),,2020,69.49244
South and Central America (EI),,2021,66.72996
South and Central America (EI),,2022,72.681076
South and Central America (EI),,2023,73.27536
Spain,ESP,1985,47.36179
Spain,ESP,1986,50.172466
Spain,ESP,1987,52.174095
Spain,ESP,1988,62.255394
Spain,ESP,1989,51.730515
Spain,ESP,1990,53.12252
Spain,ESP,1991,53.900845
Spain,ESP,1992,48.12001
Spain,ESP,1993,52.340126
Spain,ESP,1994,52.668705
Spain,ESP,1995,48.367355
Spain,ESP,1996,56.33624
Spain,ESP,1997,48.78655
Spain,ESP,1998,49.57857
Spain,ESP,1999,41.851868
Spain,ESP,2000,43.7715
Spain,ESP,2001,48.487576
Spain,ESP,2002,40.0942
Spain,ESP,2003,45.717064
Spain,ESP,2004,41.119267
Spain,ESP,2005,34.48145
Spain,ESP,2006,37.985046
Spain,ESP,2007,37.567085
Spain,ESP,2008,39.09745
Spain,ESP,2009,43.62961
Spain,ESP,2010,53.64674
Spain,ESP,2011,49.821636
Spain,ESP,2012,50.498383
Spain,ESP,2013,59.738506
Spain,ESP,2014,61.058884
Spain,ESP,2015,55.662586
Spain,ESP,2016,60.3103
Spain,ESP,2017,53.590572
Spain,ESP,2018,58.82093
Spain,ESP,2019,58.90138
Spain,ESP,2020,66.32366
Spain,ESP,2021,67.33518
Spain,ESP,2022,63.094284
Spain,ESP,2023,71.13253
Sri Lanka,LKA,1985,97.18459
Sri Lanka,LKA,1986,99.75111
Sri Lanka,LKA,1987,80.41519
Sri Lanka,LKA,1988,92.792305
Sri Lanka,LKA,1989,98.01603
Sri Lanka,LKA,1990,99.841255
Sri Lanka,LKA,1991,92.286285
Sri Lanka,LKA,1992,81.92502
Sri Lanka,LKA,1993,95.40805
Sri Lanka,LKA,1994,93.21542
Sri Lanka,LKA,1995,94.03553
Sri Lanka,LKA,1996,71.818214
Sri Lanka,LKA,1997,67.016136
Sri Lanka,LKA,1998,68.98116
Sri Lanka,LKA,1999,66.56838
Sri Lanka,LKA,2000,47.34513
Sri Lanka,LKA,2001,46.77661
Sri Lanka,LKA,2002,38.9049
Sri Lanka,LKA,2003,43.51245
Sri Lanka,LKA,2004,36.71199
Sri Lanka,LKA,2005,39.342403
Sri Lanka,LKA,2006,49.258476
Sri Lanka,LKA,2007,40.182186
Sri Lanka,LKA,2008,41.935482
Sri Lanka,LKA,2009,39.635994
Sri Lanka,LKA,2010,53.40803
Sri Lanka,LKA,2011,41.16118
Sri Lanka,LKA,2012,29.466553
Sri Lanka,LKA,2013,60.285477
Sri Lanka,LKA,2014,53.11237
Sri Lanka,LKA,2015,48.74142
Sri Lanka,LKA,2016,32.93371
Sri Lanka,LKA,2017,30.84239
Sri Lanka,LKA,2018,45.401554
Sri Lanka,LKA,2019,34.85607
Sri Lanka,LKA,2020,36.778694
Sri Lanka,LKA,2021,51.191895
Sri Lanka,LKA,2022,37.05409
Sri Lanka,LKA,2023,50.388237
Sudan,SDN,2000,50
Sudan,SDN,2001,50.74627
Sudan,SDN,2002,46.333332
Sudan,SDN,2003,36.887608
Sudan,SDN,2004,34.444447
Sudan,SDN,2005,35.10101
Sudan,SDN,2006,32.258064
Sudan,SDN,2007,30.813955
Sudan,SDN,2008,28.368795
Sudan,SDN,2009,50.680786
Sudan,SDN,2010,82.8496
Sudan,SDN,2011,76.615746
Sudan,SDN,2012,70.31579
Sudan,SDN,2013,80.96618
Sudan,SDN,2014,78.439964
Sudan,SDN,2015,64.629486
Sudan,SDN,2016,56.21139
Sudan,SDN,2017,60.509556
Sudan,SDN,2018,59.7561
Sudan,SDN,2019,63.748463
Sudan,SDN,2020,64.82558
Sudan,SDN,2021,62.655365
Sudan,SDN,2022,62.430008
Suriname,SUR,2000,73.958336
Suriname,SUR,2001,70.19231
Suriname,SUR,2002,60.1626
Suriname,SUR,2003,57.69231
Suriname,SUR,2004,53.146854
Suriname,SUR,2005,48.52071
Suriname,SUR,2006,54.77707
Suriname,SUR,2007,57.333332
Suriname,SUR,2008,56.953644
Suriname,SUR,2009,56.209152
Suriname,SUR,2010,61.22449
Suriname,SUR,2011,67.32026
Suriname,SUR,2012,49.1018
Suriname,SUR,2013,47.159092
Suriname,SUR,2014,30.21978
Suriname,SUR,2015,26.344086
Suriname,SUR,2016,43.956043
Suriname,SUR,2017,51.933704
Suriname,SUR,2018,56.424583
Suriname,SUR,2019,51.87166
Suriname,SUR,2020,48.768475
Suriname,SUR,2021,48.32536
Suriname,SUR,2022,48.32536
Sweden,SWE,1985,95.783134
Sweden,SWE,1986,95.830536
Sweden,SWE,1987,96.33829
Sweden,SWE,1988,96.66485
Sweden,SWE,1989,97.52325
Sweden,SWE,1990,97.70517
Sweden,SWE,1991,96.5299
Sweden,SWE,1992,95.87474
Sweden,SWE,1993,95.18794
Sweden,SWE,1994,94.29573
Sweden,SWE,1995,94.739685
Sweden,SWE,1996,91.22395
Sweden,SWE,1997,95.141075
Sweden,SWE,1998,95.522385
Sweden,SWE,1999,95.54379
Sweden,SWE,2000,96.71556
Sweden,SWE,2001,96.18192
Sweden,SWE,2002,94.92842
Sweden,SWE,2003,93.17527
Sweden,SWE,2004,96.113754
Sweden,SWE,2005,96.994194
Sweden,SWE,2006,96.34282
Sweden,SWE,2007,97.02996
Sweden,SWE,2008,96.93129
Sweden,SWE,2009,96.61786
Sweden,SWE,2010,94.25396
Sweden,SWE,2011,96.19377
Sweden,SWE,2012,97.54266
Sweden,SWE,2013,97.46455
Sweden,SWE,2014,98.09195
Sweden,SWE,2015,98.055565
Sweden,SWE,2016,97.65219
Sweden,SWE,2017,97.88711
Sweden,SWE,2018,97.75955
Sweden,SWE,2019,98.010925
Sweden,SWE,2020,98.5102
Sweden,SWE,2021,98.21865
Sweden,SWE,2022,98.319176
Sweden,SWE,2023,98.25078
Switzerland,CHE,1985,97.30201
Switzerland,CHE,1986,97.17299
Switzerland,CHE,1987,97.145676
Switzerland,CHE,1988,97.36685
Switzerland,CHE,1989,97.01524
Switzerland,CHE,1990,95.88149
Switzerland,CHE,1991,95.263664
Switzerland,CHE,1992,94.89061
Switzerland,CHE,1993,96.60307
Switzerland,CHE,1994,96.50257
Switzerland,CHE,1995,96.19965
Switzerland,CHE,1996,94.782684
Switzerland,CHE,1997,95.30064
Switzerland,CHE,1998,94.52976
Switzerland,CHE,1999,95.502594
Switzerland,CHE,2000,96.99031
Switzerland,CHE,2001,97.12878
Switzerland,CHE,2002,96.82005
Switzerland,CHE,2003,96.740135
Switzerland,CHE,2004,96.63379
Switzerland,CHE,2005,96.245674
Switzerland,CHE,2006,96.49123
Switzerland,CHE,2007,96.94415
Switzerland,CHE,2008,97.001785
Switzerland,CHE,2009,97.07515
Switzerland,CHE,2010,96.60863
Switzerland,CHE,2011,96.58079
Switzerland,CHE,2012,96.8296
Switzerland,CHE,2013,97.0447
Switzerland,CHE,2014,97.36016
Switzerland,CHE,2015,97.18481
Switzerland,CHE,2016,96.49755
Switzerland,CHE,2017,96.65835
Switzerland,CHE,2018,97.133804
Switzerland,CHE,2019,97.30764
Switzerland,CHE,2020,97.269684
Switzerland,CHE,2021,97.27417
Switzerland,CHE,2022,97.23783
Switzerland,CHE,2023,97.57371
Syria,SYR,2000,12.910892
Syria,SYR,2001,12.864622
Syria,SYR,2002,8.835055
Syria,SYR,2003,9.177631
Syria,SYR,2004,13.086727
Syria,SYR,2005,12.0565405
Syria,SYR,2006,10.592316
Syria,SYR,2007,9.076804
Syria,SYR,2008,7.0628347
Syria,SYR,2009,4.3839407
Syria,SYR,2010,5.6416883
Syria,SYR,2011,7.2418737
Syria,SYR,2012,9.265572
Syria,SYR,2013,12.03814
Syria,SYR,2014,11.152941
Syria,SYR,2015,2.443087
Syria,SYR,2016,5.2834344
Syria,SYR,2017,4.2299347
Syria,SYR,2018,4.28807
Syria,SYR,2019,4.4142613
Syria,SYR,2020,4.7589993
Syria,SYR,2021,4.6044865
Syria,SYR,2022,4.626334
Taiwan,TWN,1985,62.514137
Taiwan,TWN,1986,53.061462
Taiwan,TWN,1987,55.855206
Taiwan,TWN,1988,46.32528
Taiwan,TWN,1989,39.65728
Taiwan,TWN,1990,43.748993
Taiwan,TWN,1991,39.713585
Taiwan,TWN,1992,38.531425
Taiwan,TWN,1993,33.58827
Taiwan,TWN,1994,32.245415
Taiwan,TWN,1995,30.453674
Taiwan,TWN,1996,30.290134
Taiwan,TWN,1997,27.93644
Taiwan,TWN,1998,26.757072
Taiwan,TWN,1999,25.917269
Taiwan,TWN,2000,23.86259
Taiwan,TWN,2001,22.231062
Taiwan,TWN,2002,22.10431
Taiwan,TWN,2003,20.906872
Taiwan,TWN,2004,20.411154
Taiwan,TWN,2005,20.210989
Taiwan,TWN,2006,19.567802
Taiwan,TWN,2007,19.447987
Taiwan,TWN,2008,19.953003
Taiwan,TWN,2009,20.80852
Taiwan,TWN,2010,19.712608
Taiwan,TWN,2011,19.630394
Taiwan,TWN,2012,19.767534
Taiwan,TWN,2013,20.160109
Taiwan,TWN,2014,19.483017
Taiwan,TWN,2015,17.533121
Taiwan,TWN,2016,16.164331
Taiwan,TWN,2017,12.265966
Taiwan,TWN,2018,13.990708
Taiwan,TWN,2019,16.689157
Taiwan,TWN,2020,16.011286
Taiwan,TWN,2021,14.932811
Taiwan,TWN,2022,15.8945
Taiwan,TWN,2023,15.681955
Tajikistan,TJK,2000,98.455055
Tajikistan,TJK,2001,98.74913
Tajikistan,TJK,2002,99.08497
Tajikistan,TJK,2003,98.97032
Tajikistan,TJK,2004,99.09036
Tajikistan,TJK,2005,99.29783
Tajikistan,TJK,2006,98.64147
Tajikistan,TJK,2007,97.82733
Tajikistan,TJK,2008,97.83282
Tajikistan,TJK,2009,98.63523
Tajikistan,TJK,2010,99.75669
Tajikistan,TJK,2011,99.7537
Tajikistan,TJK,2012,99.58751
Tajikistan,TJK,2013,99.76621
Tajikistan,TJK,2014,99.0099
Tajikistan,TJK,2015,99.0676
Tajikistan,TJK,2016,96.46171
Tajikistan,TJK,2017,94.588615
Tajikistan,TJK,2018,93.161095
Tajikistan,TJK,2019,91.45993
Tajikistan,TJK,2020,90.0995
Tajikistan,TJK,2021,90.057915
Tajikistan,TJK,2022,89.36782
Tanzania,TZA,2000,86.40001
Tanzania,TZA,2001,94.699646
Tanzania,TZA,2002,95.501724
Tanzania,TZA,2003,95.940956
Tanzania,TZA,2004,78.92721
Tanzania,TZA,2005,50
Tanzania,TZA,2006,42.735043
Tanzania,TZA,2007,60.84906
Tanzania,TZA,2008,60.89888
Tanzania,TZA,2009,56.249996
Tanzania,TZA,2010,52.1576
Tanzania,TZA,2011,40.038685
Tanzania,TZA,2012,32.4515
Tanzania,TZA,2013,30.050085
Tanzania,TZA,2014,42.651756
Tanzania,TZA,2015,33.537518
Tanzania,TZA,2016,36.217007
Tanzania,TZA,2017,34.794907
Tanzania,TZA,2018,31.9236
Tanzania,TZA,2019,33.29049
Tanzania,TZA,2020,41.528664
Tanzania,TZA,2021,37.02422
Tanzania,TZA,2022,32.594234
Thailand,THA,1985,16.026957
Thailand,THA,1986,22.422956
Thailand,THA,1987,14.21294
Thailand,THA,1988,11.564287
Thailand,THA,1989,14.814671
Thailand,THA,1990,11.164903
Thailand,THA,1991,9.048247
Thailand,THA,1992,7.329365
Thailand,THA,1993,5.750053
Thailand,THA,1994,6.2647166
Thailand,THA,1995,8.447449
Thailand,THA,1996,8.531997
Thailand,THA,1997,7.938052
Thailand,THA,1998,6.0294333
Thailand,THA,1999,4.2754407
Thailand,THA,2000,6.7211056
Thailand,THA,2001,6.7234383
Thailand,THA,2002,7.488012
Thailand,THA,2003,7.279627
Thailand,THA,2004,6.2353983
Thailand,THA,2005,5.773212
Thailand,THA,2006,7.296388
Thailand,THA,2007,7.3107414
Thailand,THA,2008,6.2775025
Thailand,THA,2009,6.346813
Thailand,THA,2010,5.5657806
Thailand,THA,2011,7.8277884
Thailand,THA,2012,8.078835
Thailand,THA,2013,7.501186
Thailand,THA,2014,8.177947
Thailand,THA,2015,7.765844
Thailand,THA,2016,8.936714
Thailand,THA,2017,11.107339
Thailand,THA,2018,14.356436
Thailand,THA,2019,14.862474
Thailand,THA,2020,14.211243
Thailand,THA,2021,15.009072
Thailand,THA,2022,15.780426
Thailand,THA,2023,15.617618
Togo,TGO,2000,55.555553
Togo,TGO,2001,38.46154
Togo,TGO,2002,56.25
Togo,TGO,2003,66.666664
Togo,TGO,2004,42.105263
Togo,TGO,2005,36.842106
Togo,TGO,2006,40.909092
Togo,TGO,2007,52.63158
Togo,TGO,2008,69.230774
Togo,TGO,2009,73.33333
Togo,TGO,2010,40.909092
Togo,TGO,2011,47.61905
Togo,TGO,2012,28.125
Togo,TGO,2013,12.5
Togo,TGO,2014,34.285713
Togo,TGO,2015,13.636364
Togo,TGO,2016,21.276596
Togo,TGO,2017,25.925926
Togo,TGO,2018,33.898308
Togo,TGO,2019,34.246574
Togo,TGO,2020,21.739132
Togo,TGO,2021,25.882353
Togo,TGO,2022,25
Tonga,TON,2000,0
Tonga,TON,2001,0
Tonga,TON,2002,0
Tonga,TON,2003,0
Tonga,TON,2004,0
Tonga,TON,2005,0
Tonga,TON,2006,0
Tonga,TON,2007,0
Tonga,TON,2008,0
Tonga,TON,2009,0
Tonga,TON,2010,0
Tonga,TON,2011,0
Tonga,TON,2012,0
Tonga,TON,2013,0
Tonga,TON,2014,0
Tonga,TON,2015,0
Tonga,TON,2016,0
Tonga,TON,2017,14.285714
Tonga,TON,2018,14.285714
Tonga,TON,2019,14.285714
Tonga,TON,2020,14.285714
Tonga,TON,2021,14.285714
Tonga,TON,2022,12.5
Trinidad and Tobago,TTO,2000,0.36630037
Trinidad and Tobago,TTO,2001,0.5319149
Trinidad and Tobago,TTO,2002,0.5319149
Trinidad and Tobago,TTO,2003,0.1552795
Trinidad and Tobago,TTO,2004,0.311042
Trinidad and Tobago,TTO,2005,0.28368795
Trinidad and Tobago,TTO,2006,0.41841003
Trinidad and Tobago,TTO,2007,0.2604167
Trinidad and Tobago,TTO,2008,0.2587322
Trinidad and Tobago,TTO,2009,0.25510204
Trinidad and Tobago,TTO,2010,0
Trinidad and Tobago,TTO,2011,0
Trinidad and Tobago,TTO,2012,0
Trinidad and Tobago,TTO,2013,0
Trinidad and Tobago,TTO,2014,0
Trinidad and Tobago,TTO,2015,0.10449321
Trinidad and Tobago,TTO,2016,0.10615711
Trinidad and Tobago,TTO,2017,0.10729614
Trinidad and Tobago,TTO,2018,0.108342364
Trinidad and Tobago,TTO,2019,0.108695656
Trinidad and Tobago,TTO,2020,0.108342364
Trinidad and Tobago,TTO,2021,0.10787486
Trinidad and Tobago,TTO,2022,0.10615711
Trinidad and Tobago,TTO,2023,0.06438073
Tunisia,TUN,2000,0.7554296
Tunisia,TUN,2001,0.6151142
Tunisia,TUN,2002,0.7601351
Tunisia,TUN,2003,1.6843972
Tunisia,TUN,2004,1.5926236
Tunisia,TUN,2005,1.421801
Tunisia,TUN,2006,0.9946442
Tunisia,TUN,2007,0.65502185
Tunisia,TUN,2008,0.48712596
Tunisia,TUN,2009,1.1795543
Tunisia,TUN,2010,1.1957206
Tunisia,TUN,2011,0.98159516
Tunisia,TUN,2012,1.7376682
Tunisia,TUN,2013,2.3704522
Tunisia,TUN,2014,3.110174
Tunisia,TUN,2015,2.9774127
Tunisia,TUN,2016,3.2093735
Tunisia,TUN,2017,2.9484031
Tunisia,TUN,2018,3.0873132
Tunisia,TUN,2019,3.7511435
Tunisia,TUN,2020,3.9775383
Tunisia,TUN,2021,4.240766
Tunisia,TUN,2022,3.0660377
Tunisia,TUN,2023,3.1859248
Turkey,TUR,1985,35.217087
Turkey,TUR,1986,30.019548
Turkey,TUR,1987,42.10705
Turkey,TUR,1988,60.392765
Turkey,TUR,1989,34.590878
Turkey,TUR,1990,40.371914
Turkey,TUR,1991,37.848606
Turkey,TUR,1992,39.628807
Turkey,TUR,1993,46.186153
Turkey,TUR,1994,39.21869
Turkey,TUR,1995,41.570034
Turkey,TUR,1996,42.941486
Turkey,TUR,1997,38.906094
Turkey,TUR,1998,38.335438
Turkey,TUR,1999,29.981106
Turkey,TUR,2000,25.06032
Turkey,TUR,2001,19.918167
Turkey,TUR,2002,26.444479
Turkey,TUR,2003,25.489216
Turkey,TUR,2004,30.929007
Turkey,TUR,2005,24.599195
Turkey,TUR,2006,25.272478
Turkey,TUR,2007,19.047121
Turkey,TUR,2008,17.356663
Turkey,TUR,2009,19.590223
Turkey,TUR,2010,26.398825
Turkey,TUR,2011,25.335835
Turkey,TUR,2012,27.241205
Turkey,TUR,2013,28.857298
Turkey,TUR,2014,20.912487
Turkey,TUR,2015,32.01546
Turkey,TUR,2016,32.97161
Turkey,TUR,2017,29.429226
Turkey,TUR,2018,32.257206
Turkey,TUR,2019,43.797054
Turkey,TUR,2020,42.16225
Turkey,TUR,2021,35.400146
Turkey,TUR,2022,41.911034
Turkey,TUR,2023,42.008816
Turkmenistan,TKM,1990,0.020533882
Turkmenistan,TKM,1991,0.020062193
Turkmenistan,TKM,1992,0.031859696
Turkmenistan,TKM,1993,0.03956698
Turkmenistan,TKM,1994,0.038022812
Turkmenistan,TKM,1995,0.040383648
Turkmenistan,TKM,1996,0.04935834
Turkmenistan,TKM,1997,0.052642662
Turkmenistan,TKM,1998,0.06372133
Turkmenistan,TKM,1999,0.05643341
Turkmenistan,TKM,2000,0
Turkmenistan,TKM,2001,0
Turkmenistan,TKM,2002,0
Turkmenistan,TKM,2003,0
Turkmenistan,TKM,2004,0
Turkmenistan,TKM,2005,0
Turkmenistan,TKM,2006,0
Turkmenistan,TKM,2007,0
Turkmenistan,TKM,2008,0
Turkmenistan,TKM,2009,0
Turkmenistan,TKM,2010,0
Turkmenistan,TKM,2011,0
Turkmenistan,TKM,2012,0
Turkmenistan,TKM,2013,0
Turkmenistan,TKM,2014,0
Turkmenistan,TKM,2015,0
Turkmenistan,TKM,2016,0
Turkmenistan,TKM,2017,0
Turkmenistan,TKM,2018,0
Turkmenistan,TKM,2019,0
Turkmenistan,TKM,2020,0
Turkmenistan,TKM,2021,0.04436557
Turkmenistan,TKM,2022,0.043346338
Turkmenistan,TKM,2023,0.030196952
Turks and Caicos Islands,TCA,2000,0
Turks and Caicos Islands,TCA,2001,0
Turks and Caicos Islands,TCA,2002,0
Turks and Caicos Islands,TCA,2003,0
Turks and Caicos Islands,TCA,2004,0
Turks and Caicos Islands,TCA,2005,0
Turks and Caicos Islands,TCA,2006,0
Turks and Caicos Islands,TCA,2007,0
Turks and Caicos Islands,TCA,2008,0
Turks and Caicos Islands,TCA,2009,0
Turks and Caicos Islands,TCA,2010,0
Turks and Caicos Islands,TCA,2011,0
Turks and Caicos Islands,TCA,2012,0
Turks and Caicos Islands,TCA,2013,0
Turks and Caicos Islands,TCA,2014,0
Turks and Caicos Islands,TCA,2015,0
Turks and Caicos Islands,TCA,2016,0
Turks and Caicos Islands,TCA,2017,0
Turks and Caicos Islands,TCA,2018,0
Turks and Caicos Islands,TCA,2019,0
Turks and Caicos Islands,TCA,2020,0
Turks and Caicos Islands,TCA,2021,0
Turks and Caicos Islands,TCA,2022,0
Uganda,UGA,2000,99.37107
Uganda,UGA,2001,99.37107
Uganda,UGA,2002,99.4186
Uganda,UGA,2003,99.44445
Uganda,UGA,2004,100
Uganda,UGA,2005,96.428566
Uganda,UGA,2006,76.25
Uganda,UGA,2007,73
Uganda,UGA,2008,74.24893
Uganda,UGA,2009,63.63636
Uganda,UGA,2010,59.48905
Uganda,UGA,2011,61.278194
Uganda,UGA,2012,90
Uganda,UGA,2013,100
Uganda,UGA,2014,97.21362
Uganda,UGA,2015,97.74648
Uganda,UGA,2016,98.143234
Uganda,UGA,2017,98.14815
Uganda,UGA,2018,93.661964
Uganda,UGA,2019,98.00884
Uganda,UGA,2020,98.67257
Uganda,UGA,2021,99.036606
Uganda,UGA,2022,98.88683
Ukraine,UKR,1990,28.82748
Ukraine,UKR,1991,31.014286
Ukraine,UKR,1992,32.145386
Ukraine,UKR,1993,37.29253
Ukraine,UKR,1994,39.65619
Ukraine,UKR,1995,41.169548
Ukraine,UKR,1996,47.882965
Ukraine,UKR,1997,49.843697
Ukraine,UKR,1998,52.48947
Ukraine,UKR,1999,50.057945
Ukraine,UKR,2000,51.57123
Ukraine,UKR,2001,50.90594
Ukraine,UKR,2002,50.359135
Ukraine,UKR,2003,50.21597
Ukraine,UKR,2004,54.15479
Ukraine,UKR,2005,54.273296
Ukraine,UKR,2006,53.277206
Ukraine,UKR,2007,52.48917
Ukraine,UKR,2008,52.788452
Ukraine,UKR,2009,54.74339
Ukraine,UKR,2010,54.305687
Ukraine,UKR,2011,52.033855
Ukraine,UKR,2012,50.970432
Ukraine,UKR,2013,50.58394
Ukraine,UKR,2014,53.91095
Ukraine,UKR,2015,57.875126
Ukraine,UKR,2016,54.81225
Ukraine,UKR,2017,61.80467
Ukraine,UKR,2018,60.94708
Ukraine,UKR,2019,61.547943
Ukraine,UKR,2020,63.028625
Ukraine,UKR,2021,69.23522
Ukraine,UKR,2022,71.16494
Ukraine,UKR,2023,70.42995
United Arab Emirates,ARE,1985,0
United Arab Emirates,ARE,1986,0
United Arab Emirates,ARE,1987,0
United Arab Emirates,ARE,1988,0
United Arab Emirates,ARE,1989,0
United Arab Emirates,ARE,1990,0
United Arab Emirates,ARE,1991,0
United Arab Emirates,ARE,1992,0
United Arab Emirates,ARE,1993,0
United Arab Emirates,ARE,1994,0
United Arab Emirates,ARE,1995,0
United Arab Emirates,ARE,1996,0
United Arab Emirates,ARE,1997,0
United Arab Emirates,ARE,1998,0
United Arab Emirates,ARE,1999,0
United Arab Emirates,ARE,2000,0
United Arab Emirates,ARE,2001,0
United Arab Emirates,ARE,2002,0
United Arab Emirates,ARE,2003,0
United Arab Emirates,ARE,2004,0
United Arab Emirates,ARE,2005,0
United Arab Emirates,ARE,2006,0
United Arab Emirates,ARE,2007,0
United Arab Emirates,ARE,2008,0
United Arab Emirates,ARE,2009,0.011668612
United Arab Emirates,ARE,2010,0.02128792
United Arab Emirates,ARE,2011,0.020175528
United Arab Emirates,ARE,2012,0.018830618
United Arab Emirates,ARE,2013,0.08182562
United Arab Emirates,ARE,2014,0.26600307
United Arab Emirates,ARE,2015,0.2355158
United Arab Emirates,ARE,2016,0.24689452
United Arab Emirates,ARE,2017,0.5573307
United Arab Emirates,ARE,2018,0.88228816
United Arab Emirates,ARE,2019,2.6435537
United Arab Emirates,ARE,2020,4.9599414
United Arab Emirates,ARE,2021,11.273653
United Arab Emirates,ARE,2022,17.49386
United Kingdom,GBR,1985,21.822412
United Kingdom,GBR,1986,21.20706
United Kingdom,GBR,1987,19.66979
United Kingdom,GBR,1988,22.129559
United Kingdom,GBR,1989,24.321344
United Kingdom,GBR,1990,22.354967
United Kingdom,GBR,1991,23.47002
United Kingdom,GBR,1992,25.890854
United Kingdom,GBR,1993,29.423418
United Kingdom,GBR,1994,29.17075
United Kingdom,GBR,1995,28.344496
United Kingdom,GBR,1996,28.603188
United Kingdom,GBR,1997,30.036785
United Kingdom,GBR,1998,29.814453
United Kingdom,GBR,1999,28.453077
United Kingdom,GBR,2000,25.186974
United Kingdom,GBR,2001,25.89339
United Kingdom,GBR,2002,25.557795
United Kingdom,GBR,2003,24.956682
United Kingdom,GBR,2004,23.898252
United Kingdom,GBR,2005,24.73955
United Kingdom,GBR,2006,23.548218
United Kingdom,GBR,2007,20.843729
United Kingdom,GBR,2008,19.135645
United Kingdom,GBR,2009,25.039812
United Kingdom,GBR,2010,23.116789
United Kingdom,GBR,2011,28.31209
United Kingdom,GBR,2012,30.684036
United Kingdom,GBR,2013,34.559563
United Kingdom,GBR,2014,37.937763
United Kingdom,GBR,2015,45.35663
United Kingdom,GBR,2016,45.6218
United Kingdom,GBR,2017,50.03548
United Kingdom,GBR,2018,52.616234
United Kingdom,GBR,2019,54.27151
United Kingdom,GBR,2020,59.220566
United Kingdom,GBR,2021,54.456505
United Kingdom,GBR,2022,56.018276
United Kingdom,GBR,2023,60.08382
United States,USA,1985,27.378084
United States,USA,1986,28.830046
United States,USA,1987,28.039835
United States,USA,1988,28.324331
United States,USA,1989,27.989052
United States,USA,1990,29.700468
United States,USA,1991,30.456318
United States,USA,1992,29.56135
United States,USA,1993,29.139286
United States,USA,1994,29.02471
United States,USA,1995,30.472076
United States,USA,1996,30.748165
United States,USA,1997,29.259083
United States,USA,1998,28.539993
United States,USA,1999,29.336617
United States,USA,2000,29.05815
United States,USA,2001,28.138706
United States,USA,2002,29.040926
United States,USA,2003,28.765244
United States,USA,2004,28.686348
United States,USA,2005,28.129686
United States,USA,2006,28.870703
United States,USA,2007,27.865068
United States,USA,2008,28.808554
United States,USA,2009,30.823996
United States,USA,2010,29.93359
United States,USA,2011,31.792154
United States,USA,2012,31.223783
United States,USA,2013,32.28614
United States,USA,2014,32.81242
United States,USA,2015,33.14577
United States,USA,2016,34.998875
United States,USA,2017,37.315506
United States,USA,2018,36.659092
United States,USA,2019,37.75918
United States,USA,2020,39.8518
United States,USA,2021,39.513245
United States,USA,2022,40.348175
United States,USA,2023,40.920444
United States Virgin Islands,VIR,2000,0
United States Virgin Islands,VIR,2001,0
United States Virgin Islands,VIR,2002,0
United States Virgin Islands,VIR,2003,0
United States Virgin Islands,VIR,2004,0
United States Virgin Islands,VIR,2005,0
United States Virgin Islands,VIR,2006,0
United States Virgin Islands,VIR,2007,0
United States Virgin Islands,VIR,2008,0
United States Virgin Islands,VIR,2009,0
United States Virgin Islands,VIR,2010,0
United States Virgin Islands,VIR,2011,0
United States Virgin Islands,VIR,2012,0
United States Virgin Islands,VIR,2013,0
United States Virgin Islands,VIR,2014,1.2820513
United States Virgin Islands,VIR,2015,1.2820513
United States Virgin Islands,VIR,2016,1.2987013
United States Virgin Islands,VIR,2017,1.6666666
United States Virgin Islands,VIR,2018,1.6129032
United States Virgin Islands,VIR,2019,1.5151515
United States Virgin Islands,VIR,2020,1.5625
United States Virgin Islands,VIR,2021,3.030303
United States Virgin Islands,VIR,2022,2.9411764
Upper-middle-income countries,,1985,31.123384
Upper-middle-income countries,,1986,30.382715
Upper-middle-income countries,,1987,30.488916
Upper-middle-income countries,,1988,31.177782
Upper-middle-income countries,,1989,30.587774
Upper-middle-income countries,,1990,30.326132
Upper-middle-income countries,,1991,30.17511
Upper-middle-income countries,,1992,30.567839
Upper-middle-income countries,,1993,32.00022
Upper-middle-income countries,,1994,32.06949
Upper-middle-income countries,,1995,32.723877
Upper-middle-income countries,,1996,31.811018
Upper-middle-income countries,,1997,31.512188
Upper-middle-income countries,,1998,31.295237
Upper-middle-income countries,,1999,30.774431
Upper-middle-income countries,,2000,31.621859
Upper-middle-income countries,,2001,31.243895
Upper-middle-income countries,,2002,30.574879
Upper-middle-income countries,,2003,29.03049
Upper-middle-income countries,,2004,29.267221
Upper-middle-income countries,,2005,28.739862
Upper-middle-income countries,,2006,27.855568
Upper-middle-income countries,,2007,26.788387
Upper-middle-income countries,,2008,28.20508
Upper-middle-income countries,,2009,27.915173
Upper-middle-income countries,,2010,27.836414
Upper-middle-income countries,,2011,26.525446
Upper-middle-income countries,,2012,27.837965
Upper-middle-income countries,,2013,27.6579
Upper-middle-income countries,,2014,28.331215
Upper-middle-income countries,,2015,30.109116
Upper-middle-income countries,,2016,31.443474
Upper-middle-income countries,,2017,31.893942
Upper-middle-income countries,,2018,32.57228
Upper-middle-income countries,,2019,33.90825
Upper-middle-income countries,,2020,35.46165
Upper-middle-income countries,,2021,35.527237
Upper-middle-income countries,,2022,36.925232
Uruguay,URY,2000,93.412384
Uruguay,URY,2001,99.783775
Uruguay,URY,2002,99.68749
Uruguay,URY,2003,99.88345
Uruguay,URY,2004,81.694916
Uruguay,URY,2005,87.5
Uruguay,URY,2006,64.63196
Uruguay,URY,2007,86.9936
Uruguay,URY,2008,61.23147
Uruguay,URY,2009,68.16609
Uruguay,URY,2010,89.19926
Uruguay,URY,2011,74.66151
Uruguay,URY,2012,64.62264
Uruguay,URY,2013,84.1338
Uruguay,URY,2014,94.76118
Uruguay,URY,2015,93.15866
Uruguay,URY,2016,96.82769
Uruguay,URY,2017,98.466896
Uruguay,URY,2018,97.535934
Uruguay,URY,2019,98.25762
Uruguay,URY,2020,94.03095
Uruguay,URY,2021,84.61539
Uruguay,URY,2022,90.97497
Uruguay,URY,2023,89.77273
Uzbekistan,UZB,1990,11.802929
Uzbekistan,UZB,1991,11.134497
Uzbekistan,UZB,1992,12.337216
Uzbekistan,UZB,1993,14.970803
Uzbekistan,UZB,1994,14.970713
Uzbekistan,UZB,1995,13.040273
Uzbekistan,UZB,1996,14.366235
Uzbekistan,UZB,1997,12.54397
Uzbekistan,UZB,1998,12.5446615
Uzbekistan,UZB,1999,12.545182
Uzbekistan,UZB,2000,7.5330772
Uzbekistan,UZB,2001,9.090909
Uzbekistan,UZB,2002,12.186234
Uzbekistan,UZB,2003,16.762413
Uzbekistan,UZB,2004,12.273642
Uzbekistan,UZB,2005,18.732956
Uzbekistan,UZB,2006,9.428224
Uzbekistan,UZB,2007,9.526724
Uzbekistan,UZB,2008,8.94066
Uzbekistan,UZB,2009,12.934133
Uzbekistan,UZB,2010,15.75909
Uzbekistan,UZB,2011,10.795455
Uzbekistan,UZB,2012,12.54717
Uzbekistan,UZB,2013,10.437649
Uzbekistan,UZB,2014,10.887893
Uzbekistan,UZB,2015,11.879463
Uzbekistan,UZB,2016,11.684551
Uzbekistan,UZB,2017,13.050625
Uzbekistan,UZB,2018,9.394373
Uzbekistan,UZB,2019,10.184165
Uzbekistan,UZB,2020,7.532702
Uzbekistan,UZB,2021,6.9777217
Uzbekistan,UZB,2022,6.661316
Uzbekistan,UZB,2023,9.379771
Vanuatu,VUT,2000,0
Vanuatu,VUT,2001,0
Vanuatu,VUT,2002,0
Vanuatu,VUT,2003,0
Vanuatu,VUT,2004,0
Vanuatu,VUT,2005,0
Vanuatu,VUT,2006,0
Vanuatu,VUT,2007,0
Vanuatu,VUT,2008,0
Vanuatu,VUT,2009,0
Vanuatu,VUT,2010,0
Vanuatu,VUT,2011,0
Vanuatu,VUT,2012,0
Vanuatu,VUT,2013,14.285714
Vanuatu,VUT,2014,14.285714
Vanuatu,VUT,2015,16.666668
Vanuatu,VUT,2016,14.285714
Vanuatu,VUT,2017,0
Vanuatu,VUT,2018,14.285714
Vanuatu,VUT,2019,14.285714
Vanuatu,VUT,2020,14.285714
Vanuatu,VUT,2021,14.285714
Vanuatu,VUT,2022,14.285714
Venezuela,VEN,1985,47.89173
Venezuela,VEN,1986,50.205544
Venezuela,VEN,1987,56.97739
Venezuela,VEN,1988,58.722633
Venezuela,VEN,1989,60.16314
Venezuela,VEN,1990,62.343864
Venezuela,VEN,1991,70.3254
Venezuela,VEN,1992,70.093414
Venezuela,VEN,1993,68.429855
Venezuela,VEN,1994,72.00685
Venezuela,VEN,1995,70.05147
Venezuela,VEN,1996,71.2375
Venezuela,VEN,1997,73.358444
Venezuela,VEN,1998,71.59473
Venezuela,VEN,1999,75.2001
Venezuela,VEN,2000,73.75396
Venezuela,VEN,2001,67.07358
Venezuela,VEN,2002,64.812195
Venezuela,VEN,2003,65.829254
Venezuela,VEN,2004,71.10096
Venezuela,VEN,2005,73.280205
Venezuela,VEN,2006,73.89966
Venezuela,VEN,2007,72.725685
Venezuela,VEN,2008,72.79128
Venezuela,VEN,2009,71.890945
Venezuela,VEN,2010,67.492966
Venezuela,VEN,2011,70.930824
Venezuela,VEN,2012,63.954487
Venezuela,VEN,2013,61.88855
Venezuela,VEN,2014,55.87086
Venezuela,VEN,2015,58.814304
Venezuela,VEN,2016,53.925087
Venezuela,VEN,2017,58.391136
Venezuela,VEN,2018,58.390137
Venezuela,VEN,2019,58.39399
Venezuela,VEN,2020,78.38007
Venezuela,VEN,2021,79.66574
Venezuela,VEN,2022,77.69903
Venezuela,VEN,2023,76.50122
Vietnam,VNM,1985,29.137897
Vietnam,VNM,1986,25.456848
Vietnam,VNM,1987,22.872252
Vietnam,VNM,1988,26.396463
Vietnam,VNM,1989,49.30627
Vietnam,VNM,1990,61.847717
Vietnam,VNM,1991,68.58849
Vietnam,VNM,1992,74.47707
Vietnam,VNM,1993,74.70456
Vietnam,VNM,1994,75.21973
Vietnam,VNM,1995,72.24194
Vietnam,VNM,1996,70.868744
Vietnam,VNM,1997,60.92933
Vietnam,VNM,1998,51.157322
Vietnam,VNM,1999,58.46598
Vietnam,VNM,2000,54.781628
Vietnam,VNM,2001,59.490356
Vietnam,VNM,2002,50.837994
Vietnam,VNM,2003,46.396286
Vietnam,VNM,2004,38.571426
Vietnam,VNM,2005,31.835636
Vietnam,VNM,2006,34.145077
Vietnam,VNM,2007,35.09975
Vietnam,VNM,2008,36.68781
Vietnam,VNM,2009,37.264385
Vietnam,VNM,2010,31.203663
Vietnam,VNM,2011,40.577282
Vietnam,VNM,2012,46.387634
Vietnam,VNM,2013,46.56918
Vietnam,VNM,2014,44.106194
Vietnam,VNM,2015,36.359608
Vietnam,VNM,2016,36.671406
Vietnam,VNM,2017,45.949894
Vietnam,VNM,2018,40.733303
Vietnam,VNM,2019,31.940903
Vietnam,VNM,2020,36.29567
Vietnam,VNM,2021,42.577694
Vietnam,VNM,2022,50.284634
Vietnam,VNM,2023,42.37875
Western Africa (EI),,1985,45.302334
Western Africa (EI),,1986,49.433372
Western Africa (EI),,1987,45.75823
Western Africa (EI),,1988,48.953583
Western Africa (EI),,1989,49.557045
Western Africa (EI),,1990,49.32873
Western Africa (EI),,1991,55.03233
Western Africa (EI),,1992,53.995888
Western Africa (EI),,1993,51.93433
Western Africa (EI),,1994,49.339912
Western Africa (EI),,1995,49.845524
Western Africa (EI),,1996,49.24992
Western Africa (EI),,1997,48.719086
Western Africa (EI),,1998,41.3814
Western Africa (EI),,1999,44.087997
Western Africa (EI),,2000,47.243614
Western Africa (EI),,2014,28.480108
Western Africa (EI),,2015,25.645206
Western Sahara,ESH,2000,0
Western Sahara,ESH,2001,0
Western Sahara,ESH,2002,0
Western Sahara,ESH,2003,0
Western Sahara,ESH,2004,0
Western Sahara,ESH,2005,0
Western Sahara,ESH,2006,0
Western Sahara,ESH,2007,0
Western Sahara,ESH,2008,0
Western Sahara,ESH,2009,0
World,OWID_WRL,1985,35.87822
World,OWID_WRL,1986,36.20943
World,OWID_WRL,1987,36.17076
World,OWID_WRL,1988,36.659527
World,OWID_WRL,1989,35.513783
World,OWID_WRL,1990,35.78578
World,OWID_WRL,1991,36.258736
World,OWID_WRL,1992,36.128204
World,OWID_WRL,1993,37.048233
World,OWID_WRL,1994,36.60222
World,OWID_WRL,1995,37.07626
World,OWID_WRL,1996,36.848705
World,OWID_WRL,1997,36.27842
World,OWID_WRL,1998,35.814926
World,OWID_WRL,1999,35.66182
World,OWID_WRL,2000,35.339886
World,OWID_WRL,2001,34.89903
World,OWID_WRL,2002,34.44474
World,OWID_WRL,2003,33.08133
World,OWID_WRL,2004,33.58774
World,OWID_WRL,2005,33.124943
World,OWID_WRL,2006,32.880424
World,OWID_WRL,2007,31.675692
World,OWID_WRL,2008,32.302914
World,OWID_WRL,2009,32.77603
World,OWID_WRL,2010,32.532814
World,OWID_WRL,2011,31.900736
World,OWID_WRL,2012,31.770433
World,OWID_WRL,2013,32.278965
World,OWID_WRL,2014,32.77676
World,OWID_WRL,2015,33.542534
World,OWID_WRL,2016,34.17944
World,OWID_WRL,2017,34.754314
World,OWID_WRL,2018,35.249584
World,OWID_WRL,2019,36.47464
World,OWID_WRL,2020,38.012524
World,OWID_WRL,2021,37.946095
World,OWID_WRL,2022,38.56782
World,OWID_WRL,2023,39.34876
Yemen,YEM,2000,0
Yemen,YEM,2001,0
Yemen,YEM,2002,0
Yemen,YEM,2003,0
Yemen,YEM,2004,0
Yemen,YEM,2005,0
Yemen,YEM,2006,0
Yemen,YEM,2007,0
Yemen,YEM,2008,0
Yemen,YEM,2009,0
Yemen,YEM,2010,0
Yemen,YEM,2011,0
Yemen,YEM,2012,0
Yemen,YEM,2013,0
Yemen,YEM,2014,0.1305483
Yemen,YEM,2015,2.0833333
Yemen,YEM,2016,3.3264034
Yemen,YEM,2017,4.6913576
Yemen,YEM,2018,13.753582
Yemen,YEM,2019,14.634147
Yemen,YEM,2020,16.666666
Yemen,YEM,2021,19.867552
Yemen,YEM,2022,20.338984
Zambia,ZMB,2000,99.48119
Zambia,ZMB,2001,99.37028
Zambia,ZMB,2002,99.26472
Zambia,ZMB,2003,99.27885
Zambia,ZMB,2004,99.41245
Zambia,ZMB,2005,99.328865
Zambia,ZMB,2006,99.89669
Zambia,ZMB,2007,99.89626
Zambia,ZMB,2008,99.89508
Zambia,ZMB,2009,99.89889
Zambia,ZMB,2010,99.904305
Zambia,ZMB,2011,99.91297
Zambia,ZMB,2012,99.83832
Zambia,ZMB,2013,99.849625
Zambia,ZMB,2014,97.17631
Zambia,ZMB,2015,97.03923
Zambia,ZMB,2016,94.307556
Zambia,ZMB,2017,86.33241
Zambia,ZMB,2018,84.65316
Zambia,ZMB,2019,84.66216
Zambia,ZMB,2020,85.48917
Zambia,ZMB,2021,91.98645
Zambia,ZMB,2022,88.90601
Zimbabwe,ZWE,2000,45.636623
Zimbabwe,ZWE,2001,37.468353
Zimbabwe,ZWE,2002,44.405594
Zimbabwe,ZWE,2003,60.750854
Zimbabwe,ZWE,2004,56.584362
Zimbabwe,ZWE,2005,52.457268
Zimbabwe,ZWE,2006,67.79449
Zimbabwe,ZWE,2007,71.57895
Zimbabwe,ZWE,2008,75.88467
Zimbabwe,ZWE,2009,75.72016
Zimbabwe,ZWE,2010,67.93981
Zimbabwe,ZWE,2011,57.688114
Zimbabwe,ZWE,2012,60.218582
Zimbabwe,ZWE,2013,53.773586
Zimbabwe,ZWE,2014,55.172417
Zimbabwe,ZWE,2015,52.554745
Zimbabwe,ZWE,2016,44.909344
Zimbabwe,ZWE,2017,54.701984
Zimbabwe,ZWE,2018,55.72034
Zimbabwe,ZWE,2019,51.707893
Zimbabwe,ZWE,2020,58.569298
Zimbabwe,ZWE,2021,70.33097
Zimbabwe,ZWE,2022,67.30123